order_id,supplier_id,supplier_name,supplier_tier,delivery_mode,product_category,warehouse,order_date,planned_delivery,actual_delivery,order_year,order_month,order_quarter,month_name,lead_time_days,delay_days,on_time_flag,qty_ordered,qty_received,qty_damaged,defect_rate_pct,unit_cost,order_value,complete_flag
PO-00001,S004,Global Parts Ltd,Tier 1,Air,Spare Parts,WH-South,2022-01-01,2022-01-04,2022-01-04,2022,1,Q1,Jan,3,0,1,1476,1476,0,0.0,8.87,13092.12,1
PO-00002,S008,Northern Logistics,Tier 3,Rail,Raw Materials,WH-South,2022-01-01,2022-01-07,2022-01-07,2022,1,Q1,Jan,6,0,1,1282,1282,0,0.0,90.79,116392.78,1
PO-00003,S007,Swift Carriers,Tier 2,Road,Raw Materials,WH-East,2022-01-01,2022-01-09,2022-01-23,2022,1,Q1,Jan,8,14,0,1814,1814,0,0.0,171.94,311899.16,1
PO-00004,S004,Global Parts Ltd,Tier 1,Air,Textiles,WH-South,2022-01-01,2022-01-11,2022-01-11,2022,1,Q1,Jan,10,0,1,80,80,0,0.0,493.94,39515.2,1
PO-00005,S009,Eastside Components,Tier 2,Sea,Textiles,WH-Central,2022-01-01,2022-01-04,2022-01-04,2022,1,Q1,Jan,3,0,1,1494,1494,0,0.0,192.12,287027.28,1
PO-00006,S009,Eastside Components,Tier 2,Sea,Packaging,WH-West,2022-01-01,2022-01-08,2022-01-08,2022,1,Q1,Jan,7,0,1,333,333,0,0.0,67.5,22477.5,1
PO-00007,S001,FastTrack Logistics,Tier 1,Road,Raw Materials,WH-North,2022-01-02,2022-01-22,2022-01-22,2022,1,Q1,Jan,20,0,1,838,838,0,0.0,146.48,122750.24,1
PO-00008,S007,Swift Carriers,Tier 2,Road,Spare Parts,WH-Central,2022-01-02,2022-01-05,2022-01-05,2022,1,Q1,Jan,3,0,1,1495,1495,0,0.0,182.55,272912.25,1
PO-00009,S010,Reliable Goods Co.,Tier 3,Road,Chemicals,WH-South,2022-01-02,2022-01-16,2022-01-23,2022,1,Q1,Jan,14,7,0,1113,1113,0,0.0,378.87,421682.31,1
PO-00010,S007,Swift Carriers,Tier 2,Road,Textiles,WH-North,2022-01-02,2022-01-14,2022-01-14,2022,1,Q1,Jan,12,0,1,1687,1687,0,0.0,115.55,194932.85,1
PO-00011,S006,PrimeParts Inc.,Tier 1,Sea,Electronics,WH-North,2022-01-02,2022-01-15,2022-01-15,2022,1,Q1,Jan,13,0,1,1103,1103,0,0.0,227.66,251108.98,1
PO-00012,S005,Metro Distributors,Tier 2,Road,Packaging,WH-Central,2022-01-02,2022-01-06,2022-01-06,2022,1,Q1,Jan,4,0,1,339,339,0,0.0,20.67,7007.13,1
PO-00013,S004,Global Parts Ltd,Tier 1,Air,Components,WH-North,2022-01-02,2022-01-18,2022-01-18,2022,1,Q1,Jan,16,0,1,1911,1911,0,0.0,72.44,138432.84,1
PO-00014,S009,Eastside Components,Tier 2,Sea,Raw Materials,WH-West,2022-01-02,2022-01-14,2022-01-14,2022,1,Q1,Jan,12,0,1,1317,1317,0,0.0,144.68,190543.56,1
PO-00015,S009,Eastside Components,Tier 2,Sea,Textiles,WH-South,2022-01-03,2022-01-14,2022-01-14,2022,1,Q1,Jan,11,0,1,137,137,0,0.0,434.92,59584.04,1
PO-00016,S007,Swift Carriers,Tier 2,Road,Raw Materials,WH-West,2022-01-03,2022-01-22,2022-01-22,2022,1,Q1,Jan,19,0,1,1230,1230,0,0.0,346.64,426367.2,1
PO-00017,S004,Global Parts Ltd,Tier 1,Air,Electronics,WH-East,2022-01-03,2022-01-17,2022-01-17,2022,1,Q1,Jan,14,0,1,1855,1855,0,0.0,203.18,376898.9,1
PO-00018,S007,Swift Carriers,Tier 2,Road,Chemicals,WH-Central,2022-01-03,2022-01-16,2022-01-16,2022,1,Q1,Jan,13,0,1,375,375,0,0.0,159.05,59643.75,1
PO-00019,S003,Apex Supply Co.,Tier 2,Road,Finished Goods,WH-West,2022-01-03,2022-01-16,2022-01-16,2022,1,Q1,Jan,13,0,1,1113,1113,0,0.0,369.0,410697.0,1
PO-00020,S004,Global Parts Ltd,Tier 1,Air,Electronics,WH-East,2022-01-04,2022-01-11,2022-01-13,2022,1,Q1,Jan,7,2,0,1751,1751,0,0.0,369.72,647379.72,1
PO-00021,S005,Metro Distributors,Tier 2,Road,Components,WH-East,2022-01-04,2022-01-21,2022-01-21,2022,1,Q1,Jan,17,0,1,1029,1029,0,0.0,322.87,332233.23,1
PO-00022,S003,Apex Supply Co.,Tier 2,Road,Finished Goods,WH-South,2022-01-04,2022-01-17,2022-01-17,2022,1,Q1,Jan,13,0,1,1124,1124,0,0.0,28.52,32056.48,1
PO-00023,S002,BlueStar Freight,Tier 1,Rail,Components,WH-East,2022-01-04,2022-01-25,2022-01-25,2022,1,Q1,Jan,21,0,1,1472,1472,0,0.0,207.56,305528.32,1
PO-00024,S004,Global Parts Ltd,Tier 1,Air,Chemicals,WH-West,2022-01-04,2022-01-20,2022-01-20,2022,1,Q1,Jan,16,0,1,684,684,0,0.0,266.25,182115.0,1
PO-00025,S002,BlueStar Freight,Tier 1,Rail,Chemicals,WH-North,2022-01-04,2022-01-09,2022-01-09,2022,1,Q1,Jan,5,0,1,1655,1655,0,0.0,77.73,128643.15,1
PO-00026,S006,PrimeParts Inc.,Tier 1,Sea,Chemicals,WH-West,2022-01-05,2022-01-22,2022-01-22,2022,1,Q1,Jan,17,0,1,297,297,0,0.0,115.21,34217.37,1
PO-00027,S004,Global Parts Ltd,Tier 1,Air,Finished Goods,WH-West,2022-01-05,2022-01-17,2022-01-17,2022,1,Q1,Jan,12,0,1,719,719,0,0.0,497.34,357587.46,1
PO-00028,S006,PrimeParts Inc.,Tier 1,Sea,Textiles,WH-Central,2022-01-05,2022-01-14,2022-01-14,2022,1,Q1,Jan,9,0,1,683,683,0,0.0,47.24,32264.92,1
PO-00029,S009,Eastside Components,Tier 2,Sea,Raw Materials,WH-West,2022-01-05,2022-01-08,2022-01-08,2022,1,Q1,Jan,3,0,1,1664,1664,0,0.0,219.76,365680.64,1
PO-00030,S001,FastTrack Logistics,Tier 1,Road,Textiles,WH-Central,2022-01-05,2022-01-17,2022-01-17,2022,1,Q1,Jan,12,0,1,1759,1759,0,0.0,270.4,475633.6,1
PO-00031,S001,FastTrack Logistics,Tier 1,Road,Textiles,WH-South,2022-01-05,2022-01-18,2022-01-24,2022,1,Q1,Jan,13,6,0,663,663,0,0.0,495.85,328748.55,1
PO-00032,S009,Eastside Components,Tier 2,Sea,Spare Parts,WH-East,2022-01-05,2022-01-08,2022-01-08,2022,1,Q1,Jan,3,0,1,949,949,0,0.0,188.54,178924.46,1
PO-00033,S009,Eastside Components,Tier 2,Sea,Raw Materials,WH-South,2022-01-06,2022-01-17,2022-01-22,2022,1,Q1,Jan,11,5,0,1355,1355,0,0.0,235.68,319346.4,1
PO-00034,S003,Apex Supply Co.,Tier 2,Road,Raw Materials,WH-North,2022-01-06,2022-01-25,2022-01-25,2022,1,Q1,Jan,19,0,1,1616,1616,0,0.0,453.89,733486.24,1
PO-00035,S003,Apex Supply Co.,Tier 2,Road,Textiles,WH-South,2022-01-06,2022-01-17,2022-01-17,2022,1,Q1,Jan,11,0,1,498,498,0,0.0,251.67,125331.66,1
PO-00036,S004,Global Parts Ltd,Tier 1,Air,Electronics,WH-West,2022-01-06,2022-01-17,2022-01-17,2022,1,Q1,Jan,11,0,1,773,773,0,0.0,131.84,101912.32,1
PO-00037,S002,BlueStar Freight,Tier 1,Rail,Raw Materials,WH-East,2022-01-06,2022-01-20,2022-01-20,2022,1,Q1,Jan,14,0,1,1967,1967,0,0.0,243.26,478492.42,1
PO-00038,S009,Eastside Components,Tier 2,Sea,Packaging,WH-Central,2022-01-06,2022-01-16,2022-01-20,2022,1,Q1,Jan,10,4,0,965,965,0,0.0,245.56,236965.4,1
PO-00039,S010,Reliable Goods Co.,Tier 3,Road,Textiles,WH-South,2022-01-06,2022-01-24,2022-01-26,2022,1,Q1,Jan,18,2,0,83,83,0,0.0,238.33,19781.39,1
PO-00040,S003,Apex Supply Co.,Tier 2,Road,Chemicals,WH-South,2022-01-06,2022-01-16,2022-01-20,2022,1,Q1,Jan,10,4,0,1741,1741,0,0.0,265.26,461817.66,1
PO-00041,S003,Apex Supply Co.,Tier 2,Road,Raw Materials,WH-West,2022-01-07,2022-01-21,2022-01-21,2022,1,Q1,Jan,14,0,1,1739,1739,0,0.0,313.06,544411.34,1
PO-00042,S004,Global Parts Ltd,Tier 1,Air,Chemicals,WH-West,2022-01-07,2022-01-25,2022-01-25,2022,1,Q1,Jan,18,0,1,702,702,0,0.0,307.14,215612.28,1
PO-00043,S007,Swift Carriers,Tier 2,Road,Textiles,WH-South,2022-01-07,2022-01-10,2022-01-17,2022,1,Q1,Jan,3,7,0,390,390,0,0.0,134.89,52607.1,1
PO-00044,S001,FastTrack Logistics,Tier 1,Road,Textiles,WH-South,2022-01-07,2022-01-18,2022-01-18,2022,1,Q1,Jan,11,0,1,1943,1943,0,0.0,365.17,709525.31,1
PO-00045,S005,Metro Distributors,Tier 2,Road,Electronics,WH-East,2022-01-07,2022-01-28,2022-02-04,2022,1,Q1,Jan,21,7,0,382,382,0,0.0,223.23,85273.86,1
PO-00046,S007,Swift Carriers,Tier 2,Road,Chemicals,WH-East,2022-01-07,2022-01-15,2022-01-15,2022,1,Q1,Jan,8,0,1,1316,1278,38,2.89,151.78,199742.48,0
PO-00047,S009,Eastside Components,Tier 2,Sea,Components,WH-West,2022-01-07,2022-01-11,2022-01-11,2022,1,Q1,Jan,4,0,1,422,422,0,0.0,329.64,139108.08,1
PO-00048,S004,Global Parts Ltd,Tier 1,Air,Electronics,WH-East,2022-01-07,2022-01-21,2022-01-21,2022,1,Q1,Jan,14,0,1,106,106,0,0.0,116.46,12344.76,1
PO-00049,S010,Reliable Goods Co.,Tier 3,Road,Components,WH-South,2022-01-08,2022-01-27,2022-01-30,2022,1,Q1,Jan,19,3,0,540,463,77,14.26,60.55,32697.0,0
PO-00050,S006,PrimeParts Inc.,Tier 1,Sea,Spare Parts,WH-South,2022-01-08,2022-01-18,2022-01-25,2022,1,Q1,Jan,10,7,0,340,340,0,0.0,35.48,12063.2,1
PO-00051,S004,Global Parts Ltd,Tier 1,Air,Packaging,WH-West,2022-01-08,2022-01-29,2022-01-29,2022,1,Q1,Jan,21,0,1,1711,1711,0,0.0,304.09,520297.99,1
PO-00052,S009,Eastside Components,Tier 2,Sea,Raw Materials,WH-West,2022-01-09,2022-01-12,2022-01-12,2022,1,Q1,Jan,3,0,1,1115,1050,65,5.83,86.89,96882.35,0
PO-00053,S002,BlueStar Freight,Tier 1,Rail,Textiles,WH-North,2022-01-09,2022-01-20,2022-01-20,2022,1,Q1,Jan,11,0,1,1673,1673,0,0.0,234.36,392084.28,1
PO-00054,S004,Global Parts Ltd,Tier 1,Air,Packaging,WH-North,2022-01-09,2022-01-21,2022-01-21,2022,1,Q1,Jan,12,0,1,379,379,0,0.0,167.6,63520.4,1
PO-00055,S006,PrimeParts Inc.,Tier 1,Sea,Spare Parts,WH-Central,2022-01-09,2022-01-14,2022-01-14,2022,1,Q1,Jan,5,0,1,214,214,0,0.0,491.42,105163.88,1
PO-00056,S007,Swift Carriers,Tier 2,Road,Raw Materials,WH-North,2022-01-09,2022-01-21,2022-01-21,2022,1,Q1,Jan,12,0,1,910,847,63,6.92,358.03,325807.3,0
PO-00057,S006,PrimeParts Inc.,Tier 1,Sea,Finished Goods,WH-North,2022-01-10,2022-01-29,2022-01-29,2022,1,Q1,Jan,19,0,1,1143,1143,0,0.0,36.15,41319.45,1
PO-00058,S009,Eastside Components,Tier 2,Sea,Spare Parts,WH-Central,2022-01-10,2022-01-23,2022-01-23,2022,1,Q1,Jan,13,0,1,53,53,0,0.0,112.08,5940.24,1
PO-00059,S009,Eastside Components,Tier 2,Sea,Spare Parts,WH-Central,2022-01-10,2022-01-16,2022-01-27,2022,1,Q1,Jan,6,11,0,373,373,0,0.0,114.93,42868.89,1
PO-00060,S004,Global Parts Ltd,Tier 1,Air,Spare Parts,WH-East,2022-01-10,2022-01-27,2022-01-27,2022,1,Q1,Jan,17,0,1,1376,1376,0,0.0,426.68,587111.68,1
PO-00061,S002,BlueStar Freight,Tier 1,Rail,Textiles,WH-West,2022-01-10,2022-01-28,2022-01-28,2022,1,Q1,Jan,18,0,1,609,609,0,0.0,78.94,48074.46,1
PO-00062,S008,Northern Logistics,Tier 3,Rail,Spare Parts,WH-East,2022-01-10,2022-01-23,2022-01-23,2022,1,Q1,Jan,13,0,1,218,218,0,0.0,424.62,92567.16,1
PO-00063,S001,FastTrack Logistics,Tier 1,Road,Finished Goods,WH-South,2022-01-11,2022-01-28,2022-01-28,2022,1,Q1,Jan,17,0,1,1740,1740,0,0.0,480.48,836035.2,1
PO-00064,S009,Eastside Components,Tier 2,Sea,Raw Materials,WH-Central,2022-01-11,2022-01-23,2022-01-23,2022,1,Q1,Jan,12,0,1,1175,1175,0,0.0,132.12,155241.0,1
PO-00065,S010,Reliable Goods Co.,Tier 3,Road,Electronics,WH-West,2022-01-11,2022-01-17,2022-01-17,2022,1,Q1,Jan,6,0,1,496,496,0,0.0,188.04,93267.84,1
PO-00066,S010,Reliable Goods Co.,Tier 3,Road,Spare Parts,WH-Central,2022-01-11,2022-01-27,2022-02-02,2022,1,Q1,Jan,16,6,0,979,979,0,0.0,280.47,274580.13,1
PO-00067,S005,Metro Distributors,Tier 2,Road,Packaging,WH-Central,2022-01-11,2022-01-27,2022-01-27,2022,1,Q1,Jan,16,0,1,1508,1508,0,0.0,190.77,287681.16,1
PO-00068,S008,Northern Logistics,Tier 3,Rail,Textiles,WH-North,2022-01-11,2022-01-29,2022-01-29,2022,1,Q1,Jan,18,0,1,1305,1305,0,0.0,407.19,531382.95,1
PO-00069,S003,Apex Supply Co.,Tier 2,Road,Spare Parts,WH-East,2022-01-11,2022-01-15,2022-01-15,2022,1,Q1,Jan,4,0,1,1764,1764,0,0.0,263.2,464284.8,1
PO-00070,S001,FastTrack Logistics,Tier 1,Road,Components,WH-East,2022-01-11,2022-01-21,2022-01-30,2022,1,Q1,Jan,10,9,0,1878,1878,0,0.0,493.04,925929.12,1
PO-00071,S005,Metro Distributors,Tier 2,Road,Electronics,WH-East,2022-01-12,2022-01-31,2022-01-31,2022,1,Q1,Jan,19,0,1,335,335,0,0.0,432.53,144897.55,1
PO-00072,S010,Reliable Goods Co.,Tier 3,Road,Electronics,WH-Central,2022-01-12,2022-01-16,2022-01-21,2022,1,Q1,Jan,4,5,0,1697,1697,0,0.0,286.2,485681.4,1
PO-00073,S010,Reliable Goods Co.,Tier 3,Road,Spare Parts,WH-West,2022-01-12,2022-01-23,2022-01-28,2022,1,Q1,Jan,11,5,0,831,831,0,0.0,24.31,20201.61,1
PO-00074,S002,BlueStar Freight,Tier 1,Rail,Packaging,WH-East,2022-01-12,2022-01-31,2022-01-31,2022,1,Q1,Jan,19,0,1,1579,1579,0,0.0,285.35,450567.65,1
PO-00075,S001,FastTrack Logistics,Tier 1,Road,Components,WH-East,2022-01-12,2022-01-28,2022-01-28,2022,1,Q1,Jan,16,0,1,1804,1804,0,0.0,297.24,536220.96,1
PO-00076,S006,PrimeParts Inc.,Tier 1,Sea,Raw Materials,WH-South,2022-01-13,2022-01-31,2022-02-09,2022,1,Q1,Jan,18,9,0,834,834,0,0.0,238.01,198500.34,1
PO-00077,S007,Swift Carriers,Tier 2,Road,Spare Parts,WH-East,2022-01-13,2022-01-16,2022-01-16,2022,1,Q1,Jan,3,0,1,1481,1481,0,0.0,428.13,634060.53,1
PO-00078,S008,Northern Logistics,Tier 3,Rail,Electronics,WH-Central,2022-01-13,2022-01-17,2022-01-17,2022,1,Q1,Jan,4,0,1,1237,1237,0,0.0,475.06,587649.22,1
PO-00079,S004,Global Parts Ltd,Tier 1,Air,Textiles,WH-East,2022-01-13,2022-02-01,2022-02-01,2022,1,Q1,Jan,19,0,1,836,836,0,0.0,185.49,155069.64,1
PO-00080,S007,Swift Carriers,Tier 2,Road,Raw Materials,WH-West,2022-01-13,2022-01-23,2022-01-23,2022,1,Q1,Jan,10,0,1,750,750,0,0.0,136.34,102255.0,1
PO-00081,S009,Eastside Components,Tier 2,Sea,Finished Goods,WH-East,2022-01-14,2022-01-22,2022-01-22,2022,1,Q1,Jan,8,0,1,723,723,0,0.0,380.96,275434.08,1
PO-00082,S007,Swift Carriers,Tier 2,Road,Components,WH-Central,2022-01-14,2022-01-21,2022-01-21,2022,1,Q1,Jan,7,0,1,1568,1568,0,0.0,122.26,191703.68,1
PO-00083,S008,Northern Logistics,Tier 3,Rail,Components,WH-South,2022-01-14,2022-01-26,2022-01-26,2022,1,Q1,Jan,12,0,1,1720,1720,0,0.0,77.87,133936.4,1
PO-00084,S010,Reliable Goods Co.,Tier 3,Road,Raw Materials,WH-West,2022-01-14,2022-01-21,2022-01-28,2022,1,Q1,Jan,7,7,0,132,132,0,0.0,396.87,52386.84,1
PO-00085,S003,Apex Supply Co.,Tier 2,Road,Spare Parts,WH-North,2022-01-14,2022-01-27,2022-02-09,2022,1,Q1,Jan,13,13,0,991,991,0,0.0,333.86,330855.26,1
PO-00086,S007,Swift Carriers,Tier 2,Road,Chemicals,WH-North,2022-01-14,2022-01-29,2022-01-29,2022,1,Q1,Jan,15,0,1,1014,935,79,7.79,409.87,415608.18,0
PO-00087,S008,Northern Logistics,Tier 3,Rail,Textiles,WH-North,2022-01-15,2022-01-20,2022-01-20,2022,1,Q1,Jan,5,0,1,231,231,0,0.0,388.11,89653.41,1
PO-00088,S002,BlueStar Freight,Tier 1,Rail,Spare Parts,WH-North,2022-01-15,2022-01-30,2022-01-30,2022,1,Q1,Jan,15,0,1,804,804,0,0.0,458.73,368818.92,1
PO-00089,S001,FastTrack Logistics,Tier 1,Road,Textiles,WH-East,2022-01-15,2022-02-02,2022-02-02,2022,1,Q1,Jan,18,0,1,462,462,0,0.0,85.8,39639.6,1
PO-00090,S008,Northern Logistics,Tier 3,Rail,Spare Parts,WH-East,2022-01-15,2022-01-23,2022-02-02,2022,1,Q1,Jan,8,10,0,1162,1162,0,0.0,484.05,562466.1,1
PO-00091,S002,BlueStar Freight,Tier 1,Rail,Textiles,WH-East,2022-01-15,2022-01-31,2022-02-09,2022,1,Q1,Jan,16,9,0,217,217,0,0.0,16.52,3584.84,1
PO-00092,S001,FastTrack Logistics,Tier 1,Road,Packaging,WH-North,2022-01-16,2022-01-22,2022-01-22,2022,1,Q1,Jan,6,0,1,1453,1453,0,0.0,370.08,537726.24,1
PO-00093,S010,Reliable Goods Co.,Tier 3,Road,Spare Parts,WH-Central,2022-01-16,2022-01-26,2022-02-08,2022,1,Q1,Jan,10,13,0,1990,1990,0,0.0,181.01,360209.9,1
PO-00094,S007,Swift Carriers,Tier 2,Road,Textiles,WH-North,2022-01-16,2022-01-25,2022-01-25,2022,1,Q1,Jan,9,0,1,1803,1718,85,4.71,335.54,604978.62,0
PO-00095,S010,Reliable Goods Co.,Tier 3,Road,Components,WH-South,2022-01-17,2022-02-02,2022-02-08,2022,1,Q1,Jan,16,6,0,1992,1992,0,0.0,360.34,717797.28,1
PO-00096,S008,Northern Logistics,Tier 3,Rail,Packaging,WH-Central,2022-01-17,2022-02-02,2022-02-09,2022,1,Q1,Jan,16,7,0,1187,1187,0,0.0,53.31,63278.97,1
PO-00097,S007,Swift Carriers,Tier 2,Road,Spare Parts,WH-South,2022-01-17,2022-01-25,2022-01-25,2022,1,Q1,Jan,8,0,1,408,408,0,0.0,81.64,33309.12,1
PO-00098,S009,Eastside Components,Tier 2,Sea,Electronics,WH-North,2022-01-18,2022-02-08,2022-02-08,2022,1,Q1,Jan,21,0,1,292,292,0,0.0,409.88,119684.96,1
PO-00099,S010,Reliable Goods Co.,Tier 3,Road,Packaging,WH-South,2022-01-18,2022-01-31,2022-02-10,2022,1,Q1,Jan,13,10,0,1486,1486,0,0.0,287.23,426823.78,1
PO-00100,S009,Eastside Components,Tier 2,Sea,Electronics,WH-South,2022-01-18,2022-02-03,2022-02-08,2022,1,Q1,Jan,16,5,0,1003,1003,0,0.0,457.07,458441.21,1
PO-00101,S009,Eastside Components,Tier 2,Sea,Finished Goods,WH-Central,2022-01-18,2022-01-24,2022-01-24,2022,1,Q1,Jan,6,0,1,990,990,0,0.0,466.53,461864.7,1
PO-00102,S010,Reliable Goods Co.,Tier 3,Road,Components,WH-West,2022-01-18,2022-01-28,2022-01-29,2022,1,Q1,Jan,10,1,0,200,200,0,0.0,215.55,43110.0,1
PO-00103,S003,Apex Supply Co.,Tier 2,Road,Packaging,WH-East,2022-01-18,2022-02-07,2022-02-15,2022,1,Q1,Jan,20,8,0,868,868,0,0.0,323.81,281067.08,1
PO-00104,S010,Reliable Goods Co.,Tier 3,Road,Components,WH-West,2022-01-18,2022-01-30,2022-01-30,2022,1,Q1,Jan,12,0,1,1426,1426,0,0.0,266.44,379943.44,1
PO-00105,S009,Eastside Components,Tier 2,Sea,Components,WH-North,2022-01-19,2022-02-01,2022-02-04,2022,1,Q1,Jan,13,3,0,1702,1619,83,4.88,445.93,758972.86,0
PO-00106,S006,PrimeParts Inc.,Tier 1,Sea,Electronics,WH-West,2022-01-19,2022-02-01,2022-02-05,2022,1,Q1,Jan,13,4,0,1306,1306,0,0.0,496.76,648768.56,1
PO-00107,S003,Apex Supply Co.,Tier 2,Road,Textiles,WH-South,2022-01-19,2022-02-03,2022-02-03,2022,1,Q1,Jan,15,0,1,739,739,0,0.0,316.46,233863.94,1
PO-00108,S006,PrimeParts Inc.,Tier 1,Sea,Raw Materials,WH-South,2022-01-19,2022-02-09,2022-02-16,2022,1,Q1,Jan,21,7,0,1800,1800,0,0.0,371.11,667998.0,1
PO-00109,S003,Apex Supply Co.,Tier 2,Road,Textiles,WH-West,2022-01-19,2022-02-05,2022-02-05,2022,1,Q1,Jan,17,0,1,50,50,0,0.0,430.19,21509.5,1
PO-00110,S006,PrimeParts Inc.,Tier 1,Sea,Raw Materials,WH-South,2022-01-19,2022-02-01,2022-02-01,2022,1,Q1,Jan,13,0,1,1871,1871,0,0.0,51.67,96674.57,1
PO-00111,S003,Apex Supply Co.,Tier 2,Road,Textiles,WH-Central,2022-01-19,2022-01-30,2022-02-10,2022,1,Q1,Jan,11,11,0,147,147,0,0.0,353.39,51948.33,1
PO-00112,S009,Eastside Components,Tier 2,Sea,Chemicals,WH-South,2022-01-19,2022-02-05,2022-02-05,2022,1,Q1,Jan,17,0,1,1454,1454,0,0.0,470.42,683990.68,1
PO-00113,S008,Northern Logistics,Tier 3,Rail,Chemicals,WH-West,2022-01-20,2022-02-03,2022-02-03,2022,1,Q1,Jan,14,0,1,764,764,0,0.0,36.3,27733.2,1
PO-00114,S007,Swift Carriers,Tier 2,Road,Raw Materials,WH-Central,2022-01-20,2022-01-24,2022-01-24,2022,1,Q1,Jan,4,0,1,747,747,0,0.0,380.94,284562.18,1
PO-00115,S002,BlueStar Freight,Tier 1,Rail,Electronics,WH-West,2022-01-20,2022-01-30,2022-01-30,2022,1,Q1,Jan,10,0,1,1977,1977,0,0.0,316.94,626590.38,1
PO-00116,S009,Eastside Components,Tier 2,Sea,Finished Goods,WH-North,2022-01-20,2022-01-24,2022-01-24,2022,1,Q1,Jan,4,0,1,1013,1013,0,0.0,93.17,94381.21,1
PO-00117,S004,Global Parts Ltd,Tier 1,Air,Chemicals,WH-Central,2022-01-21,2022-02-02,2022-02-02,2022,1,Q1,Jan,12,0,1,1716,1716,0,0.0,352.17,604323.72,1
PO-00118,S005,Metro Distributors,Tier 2,Road,Raw Materials,WH-West,2022-01-21,2022-02-06,2022-02-08,2022,1,Q1,Jan,16,2,0,233,233,0,0.0,45.41,10580.53,1
PO-00119,S010,Reliable Goods Co.,Tier 3,Road,Textiles,WH-East,2022-01-21,2022-02-07,2022-02-09,2022,1,Q1,Jan,17,2,0,1481,1481,0,0.0,193.1,285981.1,1
PO-00120,S002,BlueStar Freight,Tier 1,Rail,Electronics,WH-North,2022-01-21,2022-01-29,2022-01-29,2022,1,Q1,Jan,8,0,1,1962,1962,0,0.0,99.07,194375.34,1
PO-00121,S003,Apex Supply Co.,Tier 2,Road,Packaging,WH-Central,2022-01-21,2022-01-27,2022-01-27,2022,1,Q1,Jan,6,0,1,1045,1045,0,0.0,24.2,25289.0,1
PO-00122,S007,Swift Carriers,Tier 2,Road,Electronics,WH-South,2022-01-21,2022-02-05,2022-02-05,2022,1,Q1,Jan,15,0,1,1692,1692,0,0.0,392.84,664685.28,1
PO-00123,S009,Eastside Components,Tier 2,Sea,Packaging,WH-West,2022-01-21,2022-01-27,2022-01-27,2022,1,Q1,Jan,6,0,1,1047,1047,0,0.0,248.86,260556.42,1
PO-00124,S005,Metro Distributors,Tier 2,Road,Chemicals,WH-West,2022-01-21,2022-02-03,2022-02-08,2022,1,Q1,Jan,13,5,0,411,411,0,0.0,474.88,195175.68,1
PO-00125,S010,Reliable Goods Co.,Tier 3,Road,Spare Parts,WH-South,2022-01-22,2022-02-06,2022-02-11,2022,1,Q1,Jan,15,5,0,1202,1202,0,0.0,372.08,447240.16,1
PO-00126,S007,Swift Carriers,Tier 2,Road,Packaging,WH-East,2022-01-22,2022-02-09,2022-02-10,2022,1,Q1,Jan,18,1,0,1181,1181,0,0.0,413.76,488650.56,1
PO-00127,S005,Metro Distributors,Tier 2,Road,Textiles,WH-East,2022-01-22,2022-02-04,2022-02-11,2022,1,Q1,Jan,13,7,0,1637,1637,0,0.0,226.0,369962.0,1
PO-00128,S007,Swift Carriers,Tier 2,Road,Textiles,WH-Central,2022-01-22,2022-02-03,2022-02-03,2022,1,Q1,Jan,12,0,1,1580,1580,0,0.0,353.1,557898.0,1
PO-00129,S007,Swift Carriers,Tier 2,Road,Packaging,WH-West,2022-01-23,2022-01-30,2022-01-30,2022,1,Q1,Jan,7,0,1,382,382,0,0.0,449.5,171709.0,1
PO-00130,S004,Global Parts Ltd,Tier 1,Air,Textiles,WH-Central,2022-01-23,2022-01-27,2022-01-27,2022,1,Q1,Jan,4,0,1,349,349,0,0.0,27.53,9607.97,1
PO-00131,S006,PrimeParts Inc.,Tier 1,Sea,Electronics,WH-North,2022-01-23,2022-02-04,2022-02-04,2022,1,Q1,Jan,12,0,1,1391,1391,0,0.0,363.7,505906.7,1
PO-00132,S004,Global Parts Ltd,Tier 1,Air,Components,WH-South,2022-01-23,2022-02-01,2022-02-01,2022,1,Q1,Jan,9,0,1,136,136,0,0.0,238.17,32391.12,1
PO-00133,S007,Swift Carriers,Tier 2,Road,Raw Materials,WH-North,2022-01-23,2022-01-31,2022-01-31,2022,1,Q1,Jan,8,0,1,1632,1632,0,0.0,168.49,274975.68,1
PO-00134,S006,PrimeParts Inc.,Tier 1,Sea,Packaging,WH-Central,2022-01-24,2022-02-04,2022-02-04,2022,1,Q1,Jan,11,0,1,574,574,0,0.0,126.36,72530.64,1
PO-00135,S010,Reliable Goods Co.,Tier 3,Road,Finished Goods,WH-North,2022-01-24,2022-02-14,2022-02-14,2022,1,Q1,Jan,21,0,1,963,963,0,0.0,226.99,218591.37,1
PO-00136,S003,Apex Supply Co.,Tier 2,Road,Chemicals,WH-Central,2022-01-24,2022-02-12,2022-02-12,2022,1,Q1,Jan,19,0,1,1090,1090,0,0.0,448.03,488352.7,1
PO-00137,S002,BlueStar Freight,Tier 1,Rail,Finished Goods,WH-South,2022-01-24,2022-02-04,2022-02-04,2022,1,Q1,Jan,11,0,1,1913,1913,0,0.0,334.68,640242.84,1
PO-00138,S010,Reliable Goods Co.,Tier 3,Road,Components,WH-East,2022-01-24,2022-01-27,2022-01-27,2022,1,Q1,Jan,3,0,1,1978,1978,0,0.0,169.9,336062.2,1
PO-00139,S003,Apex Supply Co.,Tier 2,Road,Spare Parts,WH-North,2022-01-24,2022-02-07,2022-02-07,2022,1,Q1,Jan,14,0,1,1406,1406,0,0.0,409.25,575405.5,1
PO-00140,S003,Apex Supply Co.,Tier 2,Road,Chemicals,WH-South,2022-01-24,2022-01-30,2022-01-30,2022,1,Q1,Jan,6,0,1,1513,1513,0,0.0,367.73,556375.49,1
PO-00141,S008,Northern Logistics,Tier 3,Rail,Finished Goods,WH-West,2022-01-24,2022-01-29,2022-02-07,2022,1,Q1,Jan,5,9,0,693,693,0,0.0,17.42,12072.06,1
PO-00142,S002,BlueStar Freight,Tier 1,Rail,Packaging,WH-South,2022-01-25,2022-02-06,2022-02-06,2022,1,Q1,Jan,12,0,1,820,820,0,0.0,327.99,268951.8,1
PO-00143,S001,FastTrack Logistics,Tier 1,Road,Finished Goods,WH-Central,2022-01-25,2022-02-13,2022-02-13,2022,1,Q1,Jan,19,0,1,1193,1193,0,0.0,31.24,37269.32,1
PO-00144,S010,Reliable Goods Co.,Tier 3,Road,Electronics,WH-South,2022-01-25,2022-02-08,2022-02-20,2022,1,Q1,Jan,14,12,0,287,287,0,0.0,271.54,77931.98,1
PO-00145,S004,Global Parts Ltd,Tier 1,Air,Finished Goods,WH-East,2022-01-25,2022-02-13,2022-02-13,2022,1,Q1,Jan,19,0,1,743,743,0,0.0,357.4,265548.2,1
PO-00146,S007,Swift Carriers,Tier 2,Road,Packaging,WH-East,2022-01-25,2022-02-09,2022-02-09,2022,1,Q1,Jan,15,0,1,692,692,0,0.0,467.57,323558.44,1
PO-00147,S009,Eastside Components,Tier 2,Sea,Components,WH-Central,2022-01-26,2022-02-05,2022-02-05,2022,1,Q1,Jan,10,0,1,773,773,0,0.0,262.77,203121.21,1
PO-00148,S002,BlueStar Freight,Tier 1,Rail,Finished Goods,WH-East,2022-01-26,2022-02-14,2022-02-14,2022,1,Q1,Jan,19,0,1,362,362,0,0.0,95.22,34469.64,1
PO-00149,S005,Metro Distributors,Tier 2,Road,Spare Parts,WH-South,2022-01-26,2022-02-02,2022-02-02,2022,1,Q1,Jan,7,0,1,421,421,0,0.0,190.06,80015.26,1
PO-00150,S003,Apex Supply Co.,Tier 2,Road,Electronics,WH-South,2022-01-26,2022-01-29,2022-01-29,2022,1,Q1,Jan,3,0,1,311,311,0,0.0,411.73,128048.03,1
PO-00151,S008,Northern Logistics,Tier 3,Rail,Electronics,WH-East,2022-01-27,2022-02-02,2022-02-02,2022,1,Q1,Jan,6,0,1,1421,1421,0,0.0,50.37,71575.77,1
PO-00152,S008,Northern Logistics,Tier 3,Rail,Components,WH-East,2022-01-27,2022-02-06,2022-02-06,2022,1,Q1,Jan,10,0,1,1897,1648,249,13.13,312.25,592338.25,0
PO-00153,S007,Swift Carriers,Tier 2,Road,Electronics,WH-Central,2022-01-27,2022-01-30,2022-01-30,2022,1,Q1,Jan,3,0,1,706,706,0,0.0,57.09,40305.54,1
PO-00154,S009,Eastside Components,Tier 2,Sea,Chemicals,WH-North,2022-01-27,2022-02-15,2022-02-15,2022,1,Q1,Jan,19,0,1,1619,1619,0,0.0,264.39,428047.41,1
PO-00155,S008,Northern Logistics,Tier 3,Rail,Finished Goods,WH-North,2022-01-27,2022-02-10,2022-02-24,2022,1,Q1,Jan,14,14,0,597,597,0,0.0,48.62,29026.14,1
PO-00156,S007,Swift Carriers,Tier 2,Road,Textiles,WH-East,2022-01-27,2022-02-04,2022-02-14,2022,1,Q1,Jan,8,10,0,1555,1555,0,0.0,472.58,734861.9,1
PO-00157,S009,Eastside Components,Tier 2,Sea,Spare Parts,WH-South,2022-01-28,2022-02-13,2022-02-13,2022,1,Q1,Jan,16,0,1,1158,1158,0,0.0,374.73,433937.34,1
PO-00158,S004,Global Parts Ltd,Tier 1,Air,Chemicals,WH-North,2022-01-28,2022-02-11,2022-02-11,2022,1,Q1,Jan,14,0,1,1502,1502,0,0.0,125.95,189176.9,1
PO-00159,S006,PrimeParts Inc.,Tier 1,Sea,Components,WH-Central,2022-01-28,2022-02-18,2022-02-18,2022,1,Q1,Jan,21,0,1,1004,1004,0,0.0,157.77,158401.08,1
PO-00160,S005,Metro Distributors,Tier 2,Road,Chemicals,WH-East,2022-01-28,2022-02-16,2022-02-16,2022,1,Q1,Jan,19,0,1,1860,1860,0,0.0,321.41,597822.6,1
PO-00161,S008,Northern Logistics,Tier 3,Rail,Textiles,WH-Central,2022-01-28,2022-02-01,2022-02-01,2022,1,Q1,Jan,4,0,1,1934,1934,0,0.0,433.48,838350.32,1
PO-00162,S005,Metro Distributors,Tier 2,Road,Raw Materials,WH-Central,2022-01-29,2022-02-12,2022-02-26,2022,1,Q1,Jan,14,14,0,572,572,0,0.0,221.72,126823.84,1
PO-00163,S001,FastTrack Logistics,Tier 1,Road,Finished Goods,WH-North,2022-01-29,2022-02-03,2022-02-03,2022,1,Q1,Jan,5,0,1,969,969,0,0.0,449.9,435953.1,1
PO-00164,S001,FastTrack Logistics,Tier 1,Road,Spare Parts,WH-West,2022-01-29,2022-02-11,2022-02-11,2022,1,Q1,Jan,13,0,1,433,433,0,0.0,249.96,108232.68,1
PO-00165,S008,Northern Logistics,Tier 3,Rail,Chemicals,WH-North,2022-01-29,2022-02-11,2022-02-11,2022,1,Q1,Jan,13,0,1,1941,1941,0,0.0,232.32,450933.12,1
PO-00166,S007,Swift Carriers,Tier 2,Road,Raw Materials,WH-Central,2022-01-29,2022-02-10,2022-02-15,2022,1,Q1,Jan,12,5,0,418,418,0,0.0,69.28,28959.04,1
PO-00167,S003,Apex Supply Co.,Tier 2,Road,Raw Materials,WH-North,2022-01-30,2022-02-04,2022-02-04,2022,1,Q1,Jan,5,0,1,545,545,0,0.0,225.93,123131.85,1
PO-00168,S009,Eastside Components,Tier 2,Sea,Electronics,WH-North,2022-01-30,2022-02-10,2022-02-10,2022,1,Q1,Jan,11,0,1,540,540,0,0.0,114.22,61678.8,1
PO-00169,S010,Reliable Goods Co.,Tier 3,Road,Chemicals,WH-North,2022-01-30,2022-02-13,2022-02-24,2022,1,Q1,Jan,14,11,0,743,743,0,0.0,448.71,333391.53,1
PO-00170,S004,Global Parts Ltd,Tier 1,Air,Components,WH-Central,2022-01-31,2022-02-16,2022-02-16,2022,1,Q1,Jan,16,0,1,601,601,0,0.0,397.28,238765.28,1
PO-00171,S007,Swift Carriers,Tier 2,Road,Chemicals,WH-South,2022-01-31,2022-02-15,2022-02-21,2022,1,Q1,Jan,15,6,0,1691,1691,0,0.0,129.76,219424.16,1
PO-00172,S010,Reliable Goods Co.,Tier 3,Road,Finished Goods,WH-Central,2022-01-31,2022-02-03,2022-02-05,2022,1,Q1,Jan,3,2,0,306,306,0,0.0,450.87,137966.22,1
PO-00173,S008,Northern Logistics,Tier 3,Rail,Textiles,WH-Central,2022-01-31,2022-02-13,2022-02-21,2022,1,Q1,Jan,13,8,0,1860,1860,0,0.0,475.11,883704.6,1
PO-00174,S005,Metro Distributors,Tier 2,Road,Raw Materials,WH-East,2022-01-31,2022-02-21,2022-03-03,2022,1,Q1,Jan,21,10,0,245,245,0,0.0,123.9,30355.5,1
PO-00175,S001,FastTrack Logistics,Tier 1,Road,Raw Materials,WH-Central,2022-02-01,2022-02-12,2022-02-12,2022,2,Q1,Feb,11,0,1,1155,1155,0,0.0,25.86,29868.3,1
PO-00176,S008,Northern Logistics,Tier 3,Rail,Components,WH-East,2022-02-01,2022-02-19,2022-02-19,2022,2,Q1,Feb,18,0,1,1595,1595,0,0.0,497.66,793767.7,1
PO-00177,S003,Apex Supply Co.,Tier 2,Road,Raw Materials,WH-Central,2022-02-01,2022-02-12,2022-02-12,2022,2,Q1,Feb,11,0,1,680,680,0,0.0,443.17,301355.6,1
PO-00178,S006,PrimeParts Inc.,Tier 1,Sea,Electronics,WH-West,2022-02-01,2022-02-04,2022-02-04,2022,2,Q1,Feb,3,0,1,995,995,0,0.0,359.38,357583.1,1
PO-00179,S002,BlueStar Freight,Tier 1,Rail,Components,WH-South,2022-02-01,2022-02-13,2022-02-13,2022,2,Q1,Feb,12,0,1,1228,1228,0,0.0,161.56,198395.68,1
PO-00180,S010,Reliable Goods Co.,Tier 3,Road,Chemicals,WH-North,2022-02-01,2022-02-18,2022-02-18,2022,2,Q1,Feb,17,0,1,759,759,0,0.0,26.44,20067.96,1
PO-00181,S008,Northern Logistics,Tier 3,Rail,Components,WH-North,2022-02-01,2022-02-22,2022-02-24,2022,2,Q1,Feb,21,2,0,1454,1454,0,0.0,142.47,207151.38,1
PO-00182,S004,Global Parts Ltd,Tier 1,Air,Electronics,WH-West,2022-02-02,2022-02-11,2022-02-11,2022,2,Q1,Feb,9,0,1,524,524,0,0.0,152.42,79868.08,1
PO-00183,S002,BlueStar Freight,Tier 1,Rail,Textiles,WH-Central,2022-02-02,2022-02-14,2022-02-14,2022,2,Q1,Feb,12,0,1,380,380,0,0.0,425.05,161519.0,1
PO-00184,S003,Apex Supply Co.,Tier 2,Road,Chemicals,WH-Central,2022-02-02,2022-02-23,2022-02-28,2022,2,Q1,Feb,21,5,0,592,592,0,0.0,451.46,267264.32,1
PO-00185,S003,Apex Supply Co.,Tier 2,Road,Raw Materials,WH-East,2022-02-02,2022-02-10,2022-02-18,2022,2,Q1,Feb,8,8,0,1287,1287,0,0.0,464.98,598429.26,1
PO-00186,S010,Reliable Goods Co.,Tier 3,Road,Textiles,WH-Central,2022-02-02,2022-02-19,2022-02-24,2022,2,Q1,Feb,17,5,0,175,175,0,0.0,168.58,29501.5,1
PO-00187,S003,Apex Supply Co.,Tier 2,Road,Packaging,WH-West,2022-02-02,2022-02-09,2022-02-09,2022,2,Q1,Feb,7,0,1,1924,1924,0,0.0,23.05,44348.2,1
PO-00188,S006,PrimeParts Inc.,Tier 1,Sea,Electronics,WH-Central,2022-02-02,2022-02-15,2022-02-27,2022,2,Q1,Feb,13,12,0,1997,1997,0,0.0,10.51,20988.47,1
PO-00189,S001,FastTrack Logistics,Tier 1,Road,Spare Parts,WH-South,2022-02-03,2022-02-23,2022-03-05,2022,2,Q1,Feb,20,10,0,508,508,0,0.0,440.83,223941.64,1
PO-00190,S001,FastTrack Logistics,Tier 1,Road,Textiles,WH-East,2022-02-03,2022-02-15,2022-02-15,2022,2,Q1,Feb,12,0,1,82,82,0,0.0,235.92,19345.44,1
PO-00191,S007,Swift Carriers,Tier 2,Road,Spare Parts,WH-North,2022-02-03,2022-02-21,2022-02-21,2022,2,Q1,Feb,18,0,1,440,440,0,0.0,35.74,15725.6,1
PO-00192,S007,Swift Carriers,Tier 2,Road,Finished Goods,WH-East,2022-02-03,2022-02-16,2022-03-01,2022,2,Q1,Feb,13,13,0,871,871,0,0.0,154.98,134987.58,1
PO-00193,S001,FastTrack Logistics,Tier 1,Road,Components,WH-Central,2022-02-03,2022-02-10,2022-02-10,2022,2,Q1,Feb,7,0,1,1243,1243,0,0.0,157.86,196219.98,1
PO-00194,S006,PrimeParts Inc.,Tier 1,Sea,Components,WH-South,2022-02-03,2022-02-19,2022-02-19,2022,2,Q1,Feb,16,0,1,1137,1137,0,0.0,317.51,361008.87,1
PO-00195,S002,BlueStar Freight,Tier 1,Rail,Packaging,WH-West,2022-02-04,2022-02-25,2022-02-25,2022,2,Q1,Feb,21,0,1,1266,1266,0,0.0,102.52,129790.32,1
PO-00196,S010,Reliable Goods Co.,Tier 3,Road,Spare Parts,WH-Central,2022-02-04,2022-02-17,2022-02-17,2022,2,Q1,Feb,13,0,1,1126,1126,0,0.0,456.31,513805.06,1
PO-00197,S004,Global Parts Ltd,Tier 1,Air,Textiles,WH-South,2022-02-04,2022-02-13,2022-02-13,2022,2,Q1,Feb,9,0,1,692,692,0,0.0,213.05,147430.6,1
PO-00198,S007,Swift Carriers,Tier 2,Road,Finished Goods,WH-North,2022-02-04,2022-02-11,2022-02-21,2022,2,Q1,Feb,7,10,0,1216,1216,0,0.0,431.2,524339.2,1
PO-00199,S006,PrimeParts Inc.,Tier 1,Sea,Components,WH-South,2022-02-04,2022-02-20,2022-02-20,2022,2,Q1,Feb,16,0,1,610,610,0,0.0,168.74,102931.4,1
PO-00200,S005,Metro Distributors,Tier 2,Road,Electronics,WH-South,2022-02-04,2022-02-19,2022-02-21,2022,2,Q1,Feb,15,2,0,1253,1253,0,0.0,396.77,497152.81,1
PO-00201,S002,BlueStar Freight,Tier 1,Rail,Electronics,WH-South,2022-02-05,2022-02-16,2022-02-16,2022,2,Q1,Feb,11,0,1,1139,1139,0,0.0,229.28,261149.92,1
PO-00202,S009,Eastside Components,Tier 2,Sea,Components,WH-East,2022-02-05,2022-02-24,2022-02-24,2022,2,Q1,Feb,19,0,1,1004,1004,0,0.0,227.49,228399.96,1
PO-00203,S009,Eastside Components,Tier 2,Sea,Chemicals,WH-East,2022-02-05,2022-02-10,2022-02-10,2022,2,Q1,Feb,5,0,1,706,706,0,0.0,370.8,261784.8,1
PO-00204,S002,BlueStar Freight,Tier 1,Rail,Spare Parts,WH-Central,2022-02-05,2022-02-18,2022-02-18,2022,2,Q1,Feb,13,0,1,307,307,0,0.0,241.9,74263.3,1
PO-00205,S005,Metro Distributors,Tier 2,Road,Textiles,WH-Central,2022-02-05,2022-02-15,2022-02-15,2022,2,Q1,Feb,10,0,1,384,384,0,0.0,401.15,154041.6,1
PO-00206,S006,PrimeParts Inc.,Tier 1,Sea,Finished Goods,WH-Central,2022-02-05,2022-02-14,2022-02-14,2022,2,Q1,Feb,9,0,1,74,74,0,0.0,32.78,2425.72,1
PO-00207,S008,Northern Logistics,Tier 3,Rail,Raw Materials,WH-East,2022-02-06,2022-02-25,2022-02-25,2022,2,Q1,Feb,19,0,1,370,370,0,0.0,237.63,87923.1,1
PO-00208,S007,Swift Carriers,Tier 2,Road,Raw Materials,WH-East,2022-02-06,2022-02-21,2022-02-21,2022,2,Q1,Feb,15,0,1,1904,1904,0,0.0,239.97,456902.88,1
PO-00209,S010,Reliable Goods Co.,Tier 3,Road,Electronics,WH-North,2022-02-06,2022-02-13,2022-02-14,2022,2,Q1,Feb,7,1,0,777,777,0,0.0,399.13,310124.01,1
PO-00210,S006,PrimeParts Inc.,Tier 1,Sea,Components,WH-Central,2022-02-06,2022-02-20,2022-02-20,2022,2,Q1,Feb,14,0,1,327,327,0,0.0,257.72,84274.44,1
PO-00211,S001,FastTrack Logistics,Tier 1,Road,Spare Parts,WH-Central,2022-02-06,2022-02-13,2022-02-13,2022,2,Q1,Feb,7,0,1,1528,1528,0,0.0,317.21,484696.88,1
PO-00212,S001,FastTrack Logistics,Tier 1,Road,Electronics,WH-Central,2022-02-06,2022-02-23,2022-02-23,2022,2,Q1,Feb,17,0,1,1236,1236,0,0.0,264.32,326699.52,1
PO-00213,S010,Reliable Goods Co.,Tier 3,Road,Chemicals,WH-South,2022-02-06,2022-02-10,2022-02-10,2022,2,Q1,Feb,4,0,1,98,98,0,0.0,402.8,39474.4,1
PO-00214,S006,PrimeParts Inc.,Tier 1,Sea,Chemicals,WH-West,2022-02-07,2022-02-22,2022-02-22,2022,2,Q1,Feb,15,0,1,876,762,114,13.01,411.37,360360.12,0
PO-00215,S001,FastTrack Logistics,Tier 1,Road,Components,WH-West,2022-02-07,2022-02-26,2022-02-26,2022,2,Q1,Feb,19,0,1,706,706,0,0.0,183.69,129685.14,1
PO-00216,S008,Northern Logistics,Tier 3,Rail,Electronics,WH-West,2022-02-07,2022-02-23,2022-02-23,2022,2,Q1,Feb,16,0,1,1748,1748,0,0.0,277.5,485070.0,1
PO-00217,S002,BlueStar Freight,Tier 1,Rail,Packaging,WH-North,2022-02-07,2022-02-22,2022-02-22,2022,2,Q1,Feb,15,0,1,1724,1724,0,0.0,487.52,840484.48,1
PO-00218,S007,Swift Carriers,Tier 2,Road,Components,WH-Central,2022-02-07,2022-02-19,2022-02-24,2022,2,Q1,Feb,12,5,0,863,863,0,0.0,253.16,218477.08,1
PO-00219,S008,Northern Logistics,Tier 3,Rail,Components,WH-West,2022-02-07,2022-02-14,2022-02-26,2022,2,Q1,Feb,7,12,0,1343,1343,0,0.0,396.27,532190.61,1
PO-00220,S001,FastTrack Logistics,Tier 1,Road,Packaging,WH-Central,2022-02-07,2022-02-24,2022-02-24,2022,2,Q1,Feb,17,0,1,1157,1157,0,0.0,386.0,446602.0,1
PO-00221,S008,Northern Logistics,Tier 3,Rail,Finished Goods,WH-East,2022-02-08,2022-02-25,2022-02-25,2022,2,Q1,Feb,17,0,1,1556,1556,0,0.0,126.46,196771.76,1
PO-00222,S003,Apex Supply Co.,Tier 2,Road,Packaging,WH-North,2022-02-08,2022-02-14,2022-02-14,2022,2,Q1,Feb,6,0,1,1782,1782,0,0.0,70.17,125042.94,1
PO-00223,S006,PrimeParts Inc.,Tier 1,Sea,Electronics,WH-Central,2022-02-08,2022-02-27,2022-02-27,2022,2,Q1,Feb,19,0,1,1743,1743,0,0.0,148.9,259532.7,1
PO-00224,S009,Eastside Components,Tier 2,Sea,Finished Goods,WH-Central,2022-02-08,2022-02-12,2022-02-12,2022,2,Q1,Feb,4,0,1,1493,1493,0,0.0,51.01,76157.93,1
PO-00225,S004,Global Parts Ltd,Tier 1,Air,Packaging,WH-South,2022-02-08,2022-02-13,2022-02-13,2022,2,Q1,Feb,5,0,1,1172,1172,0,0.0,145.32,170315.04,1
PO-00226,S004,Global Parts Ltd,Tier 1,Air,Spare Parts,WH-South,2022-02-08,2022-02-16,2022-02-16,2022,2,Q1,Feb,8,0,1,1402,1402,0,0.0,456.15,639522.3,1
PO-00227,S001,FastTrack Logistics,Tier 1,Road,Chemicals,WH-South,2022-02-08,2022-02-28,2022-02-28,2022,2,Q1,Feb,20,0,1,1652,1652,0,0.0,405.47,669836.44,1
PO-00228,S002,BlueStar Freight,Tier 1,Rail,Spare Parts,WH-Central,2022-02-08,2022-02-13,2022-02-13,2022,2,Q1,Feb,5,0,1,1790,1790,0,0.0,195.33,349640.7,1
PO-00229,S010,Reliable Goods Co.,Tier 3,Road,Chemicals,WH-North,2022-02-09,2022-02-25,2022-02-25,2022,2,Q1,Feb,16,0,1,59,59,0,0.0,449.02,26492.18,1
PO-00230,S003,Apex Supply Co.,Tier 2,Road,Finished Goods,WH-South,2022-02-09,2022-02-19,2022-02-19,2022,2,Q1,Feb,10,0,1,1622,1622,0,0.0,177.09,287239.98,1
PO-00231,S005,Metro Distributors,Tier 2,Road,Spare Parts,WH-Central,2022-02-09,2022-02-18,2022-02-18,2022,2,Q1,Feb,9,0,1,483,483,0,0.0,174.65,84355.95,1
PO-00232,S005,Metro Distributors,Tier 2,Road,Spare Parts,WH-West,2022-02-09,2022-02-18,2022-02-18,2022,2,Q1,Feb,9,0,1,629,629,0,0.0,467.76,294221.04,1
PO-00233,S007,Swift Carriers,Tier 2,Road,Packaging,WH-North,2022-02-10,2022-02-14,2022-02-14,2022,2,Q1,Feb,4,0,1,732,732,0,0.0,124.81,91360.92,1
PO-00234,S001,FastTrack Logistics,Tier 1,Road,Raw Materials,WH-Central,2022-02-10,2022-02-13,2022-02-13,2022,2,Q1,Feb,3,0,1,1082,1082,0,0.0,14.85,16067.7,1
PO-00235,S002,BlueStar Freight,Tier 1,Rail,Textiles,WH-East,2022-02-10,2022-02-13,2022-02-13,2022,2,Q1,Feb,3,0,1,212,212,0,0.0,18.76,3977.12,1
PO-00236,S003,Apex Supply Co.,Tier 2,Road,Raw Materials,WH-South,2022-02-10,2022-02-25,2022-02-25,2022,2,Q1,Feb,15,0,1,1624,1558,66,4.06,21.82,35435.68,0
PO-00237,S010,Reliable Goods Co.,Tier 3,Road,Textiles,WH-East,2022-02-10,2022-02-25,2022-02-25,2022,2,Q1,Feb,15,0,1,1143,1143,0,0.0,341.53,390368.79,1
PO-00238,S003,Apex Supply Co.,Tier 2,Road,Finished Goods,WH-West,2022-02-11,2022-02-23,2022-02-23,2022,2,Q1,Feb,12,0,1,549,470,79,14.39,127.96,70250.04,0
PO-00239,S004,Global Parts Ltd,Tier 1,Air,Spare Parts,WH-North,2022-02-11,2022-02-24,2022-02-24,2022,2,Q1,Feb,13,0,1,178,178,0,0.0,383.28,68223.84,1
PO-00240,S002,BlueStar Freight,Tier 1,Rail,Finished Goods,WH-Central,2022-02-11,2022-03-02,2022-03-02,2022,2,Q1,Feb,19,0,1,1075,1075,0,0.0,357.56,384377.0,1
PO-00241,S002,BlueStar Freight,Tier 1,Rail,Electronics,WH-Central,2022-02-11,2022-03-01,2022-03-01,2022,2,Q1,Feb,18,0,1,1120,1120,0,0.0,201.88,226105.6,1
PO-00242,S004,Global Parts Ltd,Tier 1,Air,Spare Parts,WH-North,2022-02-11,2022-02-17,2022-02-27,2022,2,Q1,Feb,6,10,0,1365,1365,0,0.0,6.81,9295.65,1
PO-00243,S001,FastTrack Logistics,Tier 1,Road,Textiles,WH-Central,2022-02-11,2022-02-19,2022-02-19,2022,2,Q1,Feb,8,0,1,1310,1310,0,0.0,310.39,406610.9,1
PO-00244,S010,Reliable Goods Co.,Tier 3,Road,Components,WH-North,2022-02-12,2022-02-16,2022-02-16,2022,2,Q1,Feb,4,0,1,1996,1996,0,0.0,328.5,655686.0,1
PO-00245,S005,Metro Distributors,Tier 2,Road,Electronics,WH-West,2022-02-12,2022-02-18,2022-02-18,2022,2,Q1,Feb,6,0,1,201,201,0,0.0,463.87,93237.87,1
PO-00246,S001,FastTrack Logistics,Tier 1,Road,Finished Goods,WH-North,2022-02-12,2022-02-24,2022-02-24,2022,2,Q1,Feb,12,0,1,1904,1904,0,0.0,372.21,708687.84,1
PO-00247,S010,Reliable Goods Co.,Tier 3,Road,Components,WH-East,2022-02-13,2022-02-16,2022-03-02,2022,2,Q1,Feb,3,14,0,1302,1302,0,0.0,214.54,279331.08,1
PO-00248,S009,Eastside Components,Tier 2,Sea,Finished Goods,WH-East,2022-02-13,2022-02-27,2022-03-10,2022,2,Q1,Feb,14,11,0,732,732,0,0.0,206.73,151326.36,1
PO-00249,S006,PrimeParts Inc.,Tier 1,Sea,Finished Goods,WH-South,2022-02-13,2022-02-26,2022-02-27,2022,2,Q1,Feb,13,1,0,993,993,0,0.0,259.21,257395.53,1
PO-00250,S005,Metro Distributors,Tier 2,Road,Packaging,WH-East,2022-02-13,2022-02-21,2022-02-21,2022,2,Q1,Feb,8,0,1,81,81,0,0.0,136.69,11071.89,1
PO-00251,S003,Apex Supply Co.,Tier 2,Road,Finished Goods,WH-East,2022-02-13,2022-02-24,2022-02-27,2022,2,Q1,Feb,11,3,0,1301,1301,0,0.0,258.37,336139.37,1
PO-00252,S001,FastTrack Logistics,Tier 1,Road,Packaging,WH-North,2022-02-13,2022-02-26,2022-03-05,2022,2,Q1,Feb,13,7,0,1152,1152,0,0.0,73.11,84222.72,1
PO-00253,S002,BlueStar Freight,Tier 1,Rail,Chemicals,WH-South,2022-02-13,2022-03-05,2022-03-05,2022,2,Q1,Feb,20,0,1,1458,1458,0,0.0,60.61,88369.38,1
PO-00254,S006,PrimeParts Inc.,Tier 1,Sea,Electronics,WH-South,2022-02-14,2022-02-26,2022-02-26,2022,2,Q1,Feb,12,0,1,291,291,0,0.0,221.09,64337.19,1
PO-00255,S009,Eastside Components,Tier 2,Sea,Electronics,WH-North,2022-02-14,2022-02-28,2022-03-03,2022,2,Q1,Feb,14,3,0,114,114,0,0.0,236.59,26971.26,1
PO-00256,S007,Swift Carriers,Tier 2,Road,Packaging,WH-North,2022-02-14,2022-02-22,2022-02-22,2022,2,Q1,Feb,8,0,1,1272,1272,0,0.0,356.3,453213.6,1
PO-00257,S010,Reliable Goods Co.,Tier 3,Road,Finished Goods,WH-East,2022-02-15,2022-02-24,2022-02-24,2022,2,Q1,Feb,9,0,1,1965,1965,0,0.0,28.77,56533.05,1
PO-00258,S004,Global Parts Ltd,Tier 1,Air,Components,WH-West,2022-02-15,2022-02-21,2022-02-21,2022,2,Q1,Feb,6,0,1,201,201,0,0.0,231.83,46597.83,1
PO-00259,S006,PrimeParts Inc.,Tier 1,Sea,Chemicals,WH-North,2022-02-15,2022-02-20,2022-02-20,2022,2,Q1,Feb,5,0,1,799,799,0,0.0,357.0,285243.0,1
PO-00260,S009,Eastside Components,Tier 2,Sea,Spare Parts,WH-North,2022-02-15,2022-02-24,2022-02-28,2022,2,Q1,Feb,9,4,0,1499,1499,0,0.0,346.63,519598.37,1
PO-00261,S001,FastTrack Logistics,Tier 1,Road,Packaging,WH-North,2022-02-15,2022-03-01,2022-03-03,2022,2,Q1,Feb,14,2,0,1947,1947,0,0.0,220.81,429917.07,1
PO-00262,S006,PrimeParts Inc.,Tier 1,Sea,Finished Goods,WH-Central,2022-02-15,2022-02-20,2022-02-20,2022,2,Q1,Feb,5,0,1,760,760,0,0.0,466.04,354190.4,1
PO-00263,S005,Metro Distributors,Tier 2,Road,Finished Goods,WH-Central,2022-02-15,2022-03-05,2022-03-07,2022,2,Q1,Feb,18,2,0,1030,1030,0,0.0,98.95,101918.5,1
PO-00264,S008,Northern Logistics,Tier 3,Rail,Electronics,WH-West,2022-02-15,2022-03-04,2022-03-16,2022,2,Q1,Feb,17,12,0,922,922,0,0.0,27.83,25659.26,1
PO-00265,S008,Northern Logistics,Tier 3,Rail,Finished Goods,WH-East,2022-02-16,2022-02-25,2022-03-02,2022,2,Q1,Feb,9,5,0,725,725,0,0.0,261.8,189805.0,1
PO-00266,S001,FastTrack Logistics,Tier 1,Road,Spare Parts,WH-South,2022-02-16,2022-03-04,2022-03-04,2022,2,Q1,Feb,16,0,1,861,861,0,0.0,43.92,37815.12,1
PO-00267,S001,FastTrack Logistics,Tier 1,Road,Electronics,WH-West,2022-02-16,2022-02-24,2022-02-24,2022,2,Q1,Feb,8,0,1,601,601,0,0.0,273.36,164289.36,1
PO-00268,S006,PrimeParts Inc.,Tier 1,Sea,Finished Goods,WH-Central,2022-02-16,2022-02-20,2022-02-20,2022,2,Q1,Feb,4,0,1,1844,1844,0,0.0,139.26,256795.44,1
PO-00269,S008,Northern Logistics,Tier 3,Rail,Packaging,WH-Central,2022-02-16,2022-02-20,2022-03-05,2022,2,Q1,Feb,4,13,0,1370,1370,0,0.0,32.73,44840.1,1
PO-00270,S001,FastTrack Logistics,Tier 1,Road,Packaging,WH-West,2022-02-16,2022-02-19,2022-02-19,2022,2,Q1,Feb,3,0,1,1755,1755,0,0.0,78.96,138574.8,1
PO-00271,S007,Swift Carriers,Tier 2,Road,Raw Materials,WH-South,2022-02-17,2022-03-03,2022-03-03,2022,2,Q1,Feb,14,0,1,1752,1752,0,0.0,402.65,705442.8,1
PO-00272,S004,Global Parts Ltd,Tier 1,Air,Electronics,WH-South,2022-02-17,2022-02-21,2022-02-21,2022,2,Q1,Feb,4,0,1,451,451,0,0.0,282.98,127623.98,1
PO-00273,S007,Swift Carriers,Tier 2,Road,Packaging,WH-Central,2022-02-17,2022-02-23,2022-03-02,2022,2,Q1,Feb,6,7,0,1292,1292,0,0.0,61.94,80026.48,1
PO-00274,S007,Swift Carriers,Tier 2,Road,Chemicals,WH-North,2022-02-17,2022-03-09,2022-03-09,2022,2,Q1,Feb,20,0,1,154,154,0,0.0,31.55,4858.7,1
PO-00275,S004,Global Parts Ltd,Tier 1,Air,Components,WH-South,2022-02-17,2022-02-26,2022-02-26,2022,2,Q1,Feb,9,0,1,1754,1754,0,0.0,145.68,255522.72,1
PO-00276,S002,BlueStar Freight,Tier 1,Rail,Components,WH-Central,2022-02-17,2022-03-10,2022-03-10,2022,2,Q1,Feb,21,0,1,968,968,0,0.0,175.18,169574.24,1
PO-00277,S009,Eastside Components,Tier 2,Sea,Electronics,WH-South,2022-02-18,2022-02-23,2022-02-23,2022,2,Q1,Feb,5,0,1,1327,1327,0,0.0,499.21,662451.67,1
PO-00278,S004,Global Parts Ltd,Tier 1,Air,Electronics,WH-East,2022-02-18,2022-03-04,2022-03-04,2022,2,Q1,Feb,14,0,1,1883,1883,0,0.0,26.85,50558.55,1
PO-00279,S003,Apex Supply Co.,Tier 2,Road,Electronics,WH-East,2022-02-18,2022-03-09,2022-03-20,2022,2,Q1,Feb,19,11,0,690,690,0,0.0,485.1,334719.0,1
PO-00280,S002,BlueStar Freight,Tier 1,Rail,Raw Materials,WH-North,2022-02-18,2022-02-22,2022-02-22,2022,2,Q1,Feb,4,0,1,1260,1260,0,0.0,115.9,146034.0,1
PO-00281,S007,Swift Carriers,Tier 2,Road,Packaging,WH-West,2022-02-18,2022-03-09,2022-03-18,2022,2,Q1,Feb,19,9,0,215,215,0,0.0,399.04,85793.6,1
PO-00282,S010,Reliable Goods Co.,Tier 3,Road,Textiles,WH-West,2022-02-18,2022-02-25,2022-03-04,2022,2,Q1,Feb,7,7,0,1825,1825,0,0.0,246.25,449406.25,1
PO-00283,S003,Apex Supply Co.,Tier 2,Road,Spare Parts,WH-West,2022-02-19,2022-02-22,2022-03-04,2022,2,Q1,Feb,3,10,0,1336,1336,0,0.0,474.05,633330.8,1
PO-00284,S010,Reliable Goods Co.,Tier 3,Road,Finished Goods,WH-Central,2022-02-19,2022-03-03,2022-03-03,2022,2,Q1,Feb,12,0,1,1106,1106,0,0.0,83.81,92693.86,1
PO-00285,S001,FastTrack Logistics,Tier 1,Road,Raw Materials,WH-North,2022-02-19,2022-02-22,2022-02-22,2022,2,Q1,Feb,3,0,1,1731,1731,0,0.0,96.42,166903.02,1
PO-00286,S008,Northern Logistics,Tier 3,Rail,Electronics,WH-East,2022-02-20,2022-03-10,2022-03-10,2022,2,Q1,Feb,18,0,1,833,833,0,0.0,305.95,254856.35,1
PO-00287,S009,Eastside Components,Tier 2,Sea,Textiles,WH-South,2022-02-20,2022-03-07,2022-03-07,2022,2,Q1,Feb,15,0,1,1107,1107,0,0.0,495.82,548872.74,1
PO-00288,S009,Eastside Components,Tier 2,Sea,Finished Goods,WH-South,2022-02-20,2022-03-12,2022-03-12,2022,2,Q1,Feb,20,0,1,990,990,0,0.0,227.2,224928.0,1
PO-00289,S008,Northern Logistics,Tier 3,Rail,Components,WH-East,2022-02-21,2022-02-26,2022-03-08,2022,2,Q1,Feb,5,10,0,1196,1196,0,0.0,189.6,226761.6,1
PO-00290,S010,Reliable Goods Co.,Tier 3,Road,Packaging,WH-East,2022-02-21,2022-03-10,2022-03-10,2022,2,Q1,Feb,17,0,1,1760,1760,0,0.0,209.19,368174.4,1
PO-00291,S004,Global Parts Ltd,Tier 1,Air,Packaging,WH-West,2022-02-21,2022-03-12,2022-03-12,2022,2,Q1,Feb,19,0,1,845,845,0,0.0,27.06,22865.7,1
PO-00292,S007,Swift Carriers,Tier 2,Road,Packaging,WH-East,2022-02-21,2022-03-03,2022-03-03,2022,2,Q1,Feb,10,0,1,1850,1850,0,0.0,47.1,87135.0,1
PO-00293,S006,PrimeParts Inc.,Tier 1,Sea,Spare Parts,WH-East,2022-02-22,2022-03-05,2022-03-05,2022,2,Q1,Feb,11,0,1,1776,1776,0,0.0,232.8,413452.8,1
PO-00294,S009,Eastside Components,Tier 2,Sea,Textiles,WH-South,2022-02-22,2022-03-06,2022-03-06,2022,2,Q1,Feb,12,0,1,622,622,0,0.0,19.51,12135.22,1
PO-00295,S005,Metro Distributors,Tier 2,Road,Electronics,WH-North,2022-02-22,2022-03-08,2022-03-08,2022,2,Q1,Feb,14,0,1,380,380,0,0.0,175.97,66868.6,1
PO-00296,S001,FastTrack Logistics,Tier 1,Road,Spare Parts,WH-East,2022-02-22,2022-03-06,2022-03-06,2022,2,Q1,Feb,12,0,1,196,196,0,0.0,240.34,47106.64,1
PO-00297,S004,Global Parts Ltd,Tier 1,Air,Spare Parts,WH-East,2022-02-23,2022-03-09,2022-03-09,2022,2,Q1,Feb,14,0,1,546,507,39,7.14,179.87,98209.02,0
PO-00298,S008,Northern Logistics,Tier 3,Rail,Packaging,WH-East,2022-02-23,2022-03-15,2022-03-15,2022,2,Q1,Feb,20,0,1,389,389,0,0.0,482.35,187634.15,1
PO-00299,S006,PrimeParts Inc.,Tier 1,Sea,Electronics,WH-South,2022-02-23,2022-03-08,2022-03-08,2022,2,Q1,Feb,13,0,1,496,496,0,0.0,403.42,200096.32,1
PO-00300,S006,PrimeParts Inc.,Tier 1,Sea,Chemicals,WH-Central,2022-02-23,2022-03-09,2022-03-09,2022,2,Q1,Feb,14,0,1,1114,1114,0,0.0,345.0,384330.0,1
PO-00301,S002,BlueStar Freight,Tier 1,Rail,Textiles,WH-North,2022-02-23,2022-02-28,2022-02-28,2022,2,Q1,Feb,5,0,1,864,864,0,0.0,422.59,365117.76,1
PO-00302,S007,Swift Carriers,Tier 2,Road,Packaging,WH-North,2022-02-23,2022-02-26,2022-02-26,2022,2,Q1,Feb,3,0,1,1450,1450,0,0.0,93.62,135749.0,1
PO-00303,S004,Global Parts Ltd,Tier 1,Air,Spare Parts,WH-Central,2022-02-23,2022-03-13,2022-03-13,2022,2,Q1,Feb,18,0,1,197,197,0,0.0,457.52,90131.44,1
PO-00304,S006,PrimeParts Inc.,Tier 1,Sea,Packaging,WH-Central,2022-02-23,2022-03-02,2022-03-02,2022,2,Q1,Feb,7,0,1,309,309,0,0.0,387.16,119632.44,1
PO-00305,S005,Metro Distributors,Tier 2,Road,Spare Parts,WH-North,2022-02-24,2022-03-17,2022-03-17,2022,2,Q1,Feb,21,0,1,228,228,0,0.0,361.36,82390.08,1
PO-00306,S009,Eastside Components,Tier 2,Sea,Chemicals,WH-North,2022-02-24,2022-03-12,2022-03-12,2022,2,Q1,Feb,16,0,1,1870,1870,0,0.0,195.59,365753.3,1
PO-00307,S005,Metro Distributors,Tier 2,Road,Spare Parts,WH-Central,2022-02-24,2022-03-04,2022-03-04,2022,2,Q1,Feb,8,0,1,558,558,0,0.0,336.72,187889.76,1
PO-00308,S003,Apex Supply Co.,Tier 2,Road,Finished Goods,WH-East,2022-02-24,2022-03-04,2022-03-04,2022,2,Q1,Feb,8,0,1,210,210,0,0.0,27.97,5873.7,1
PO-00309,S003,Apex Supply Co.,Tier 2,Road,Chemicals,WH-Central,2022-02-24,2022-03-02,2022-03-02,2022,2,Q1,Feb,6,0,1,114,112,2,1.75,330.6,37688.4,0
PO-00310,S001,FastTrack Logistics,Tier 1,Road,Components,WH-West,2022-02-25,2022-03-15,2022-03-15,2022,2,Q1,Feb,18,0,1,1214,1214,0,0.0,331.51,402453.14,1
PO-00311,S004,Global Parts Ltd,Tier 1,Air,Chemicals,WH-Central,2022-02-25,2022-03-04,2022-03-04,2022,2,Q1,Feb,7,0,1,1932,1932,0,0.0,441.62,853209.84,1
PO-00312,S001,FastTrack Logistics,Tier 1,Road,Textiles,WH-Central,2022-02-25,2022-03-07,2022-03-07,2022,2,Q1,Feb,10,0,1,821,821,0,0.0,84.99,69776.79,1
PO-00313,S001,FastTrack Logistics,Tier 1,Road,Chemicals,WH-East,2022-02-25,2022-03-05,2022-03-08,2022,2,Q1,Feb,8,3,0,544,544,0,0.0,257.82,140254.08,1
PO-00314,S002,BlueStar Freight,Tier 1,Rail,Components,WH-West,2022-02-25,2022-03-06,2022-03-06,2022,2,Q1,Feb,9,0,1,565,565,0,0.0,84.78,47900.7,1
PO-00315,S003,Apex Supply Co.,Tier 2,Road,Textiles,WH-North,2022-02-25,2022-03-05,2022-03-10,2022,2,Q1,Feb,8,5,0,194,194,0,0.0,153.89,29854.66,1
PO-00316,S010,Reliable Goods Co.,Tier 3,Road,Electronics,WH-West,2022-02-25,2022-03-16,2022-03-16,2022,2,Q1,Feb,19,0,1,1254,1254,0,0.0,392.91,492709.14,1
PO-00317,S010,Reliable Goods Co.,Tier 3,Road,Electronics,WH-Central,2022-02-26,2022-03-10,2022-03-12,2022,2,Q1,Feb,12,2,0,1246,1246,0,0.0,338.97,422356.62,1
PO-00318,S004,Global Parts Ltd,Tier 1,Air,Electronics,WH-Central,2022-02-26,2022-03-19,2022-03-25,2022,2,Q1,Feb,21,6,0,198,198,0,0.0,95.37,18883.26,1
PO-00319,S007,Swift Carriers,Tier 2,Road,Raw Materials,WH-North,2022-02-26,2022-03-15,2022-03-22,2022,2,Q1,Feb,17,7,0,1067,1067,0,0.0,339.71,362470.57,1
PO-00320,S007,Swift Carriers,Tier 2,Road,Spare Parts,WH-Central,2022-02-26,2022-03-01,2022-03-01,2022,2,Q1,Feb,3,0,1,1941,1941,0,0.0,125.7,243983.7,1
PO-00321,S007,Swift Carriers,Tier 2,Road,Packaging,WH-Central,2022-02-26,2022-03-14,2022-03-14,2022,2,Q1,Feb,16,0,1,316,316,0,0.0,320.69,101338.04,1
PO-00322,S004,Global Parts Ltd,Tier 1,Air,Textiles,WH-Central,2022-02-26,2022-03-01,2022-03-01,2022,2,Q1,Feb,3,0,1,505,505,0,0.0,49.79,25143.95,1
PO-00323,S004,Global Parts Ltd,Tier 1,Air,Raw Materials,WH-North,2022-02-26,2022-03-04,2022-03-04,2022,2,Q1,Feb,6,0,1,1926,1926,0,0.0,13.25,25519.5,1
PO-00324,S003,Apex Supply Co.,Tier 2,Road,Finished Goods,WH-West,2022-02-26,2022-03-03,2022-03-10,2022,2,Q1,Feb,5,7,0,663,663,0,0.0,382.83,253816.29,1
PO-00325,S004,Global Parts Ltd,Tier 1,Air,Packaging,WH-North,2022-02-27,2022-03-14,2022-03-14,2022,2,Q1,Feb,15,0,1,701,701,0,0.0,282.15,197787.15,1
PO-00326,S010,Reliable Goods Co.,Tier 3,Road,Finished Goods,WH-Central,2022-02-27,2022-03-20,2022-03-20,2022,2,Q1,Feb,21,0,1,1241,1163,78,6.29,433.68,538196.88,0
PO-00327,S003,Apex Supply Co.,Tier 2,Road,Components,WH-South,2022-02-27,2022-03-04,2022-03-17,2022,2,Q1,Feb,5,13,0,142,142,0,0.0,477.96,67870.32,1
PO-00328,S001,FastTrack Logistics,Tier 1,Road,Textiles,WH-East,2022-02-27,2022-03-17,2022-03-17,2022,2,Q1,Feb,18,0,1,1012,1012,0,0.0,31.01,31382.12,1
PO-00329,S002,BlueStar Freight,Tier 1,Rail,Textiles,WH-East,2022-02-27,2022-03-07,2022-03-14,2022,2,Q1,Feb,8,7,0,991,991,0,0.0,121.34,120247.94,1
PO-00330,S006,PrimeParts Inc.,Tier 1,Sea,Electronics,WH-West,2022-02-28,2022-03-17,2022-03-17,2022,2,Q1,Feb,17,0,1,1667,1667,0,0.0,488.41,814179.47,1
PO-00331,S006,PrimeParts Inc.,Tier 1,Sea,Raw Materials,WH-Central,2022-02-28,2022-03-12,2022-03-12,2022,2,Q1,Feb,12,0,1,1125,1125,0,0.0,30.22,33997.5,1
PO-00332,S004,Global Parts Ltd,Tier 1,Air,Components,WH-Central,2022-02-28,2022-03-05,2022-03-05,2022,2,Q1,Feb,5,0,1,1103,1103,0,0.0,181.28,199951.84,1
PO-00333,S005,Metro Distributors,Tier 2,Road,Components,WH-East,2022-02-28,2022-03-06,2022-03-18,2022,2,Q1,Feb,6,12,0,1907,1907,0,0.0,210.41,401251.87,1
PO-00334,S005,Metro Distributors,Tier 2,Road,Textiles,WH-East,2022-03-01,2022-03-11,2022-03-21,2022,3,Q1,Mar,10,10,0,1556,1556,0,0.0,443.62,690272.72,1
PO-00335,S001,FastTrack Logistics,Tier 1,Road,Textiles,WH-West,2022-03-01,2022-03-15,2022-03-22,2022,3,Q1,Mar,14,7,0,1023,1023,0,0.0,196.67,201193.41,1
PO-00336,S006,PrimeParts Inc.,Tier 1,Sea,Packaging,WH-Central,2022-03-01,2022-03-21,2022-03-21,2022,3,Q1,Mar,20,0,1,1633,1633,0,0.0,212.31,346702.23,1
PO-00337,S002,BlueStar Freight,Tier 1,Rail,Raw Materials,WH-North,2022-03-01,2022-03-09,2022-03-15,2022,3,Q1,Mar,8,6,0,649,649,0,0.0,464.33,301350.17,1
PO-00338,S010,Reliable Goods Co.,Tier 3,Road,Chemicals,WH-Central,2022-03-01,2022-03-07,2022-03-14,2022,3,Q1,Mar,6,7,0,1594,1594,0,0.0,45.63,72734.22,1
PO-00339,S007,Swift Carriers,Tier 2,Road,Textiles,WH-Central,2022-03-01,2022-03-22,2022-03-22,2022,3,Q1,Mar,21,0,1,569,569,0,0.0,496.56,282542.64,1
PO-00340,S002,BlueStar Freight,Tier 1,Rail,Spare Parts,WH-Central,2022-03-01,2022-03-14,2022-03-14,2022,3,Q1,Mar,13,0,1,128,128,0,0.0,373.42,47797.76,1
PO-00341,S001,FastTrack Logistics,Tier 1,Road,Raw Materials,WH-West,2022-03-01,2022-03-13,2022-03-13,2022,3,Q1,Mar,12,0,1,1411,1411,0,0.0,449.23,633863.53,1
PO-00342,S010,Reliable Goods Co.,Tier 3,Road,Raw Materials,WH-Central,2022-03-02,2022-03-06,2022-03-06,2022,3,Q1,Mar,4,0,1,850,850,0,0.0,179.95,152957.5,1
PO-00343,S002,BlueStar Freight,Tier 1,Rail,Packaging,WH-West,2022-03-02,2022-03-18,2022-03-18,2022,3,Q1,Mar,16,0,1,400,400,0,0.0,214.98,85992.0,1
PO-00344,S005,Metro Distributors,Tier 2,Road,Electronics,WH-North,2022-03-02,2022-03-18,2022-03-18,2022,3,Q1,Mar,16,0,1,1878,1878,0,0.0,494.56,928783.68,1
PO-00345,S002,BlueStar Freight,Tier 1,Rail,Textiles,WH-Central,2022-03-02,2022-03-17,2022-03-17,2022,3,Q1,Mar,15,0,1,713,713,0,0.0,194.19,138457.47,1
PO-00346,S002,BlueStar Freight,Tier 1,Rail,Raw Materials,WH-North,2022-03-02,2022-03-18,2022-03-18,2022,3,Q1,Mar,16,0,1,848,848,0,0.0,417.56,354090.88,1
PO-00347,S006,PrimeParts Inc.,Tier 1,Sea,Textiles,WH-North,2022-03-02,2022-03-05,2022-03-05,2022,3,Q1,Mar,3,0,1,1662,1662,0,0.0,446.62,742282.44,1
PO-00348,S004,Global Parts Ltd,Tier 1,Air,Spare Parts,WH-West,2022-03-02,2022-03-23,2022-03-23,2022,3,Q1,Mar,21,0,1,849,849,0,0.0,477.78,405635.22,1
PO-00349,S006,PrimeParts Inc.,Tier 1,Sea,Raw Materials,WH-South,2022-03-03,2022-03-16,2022-03-16,2022,3,Q1,Mar,13,0,1,1050,1050,0,0.0,73.69,77374.5,1
PO-00350,S009,Eastside Components,Tier 2,Sea,Chemicals,WH-South,2022-03-03,2022-03-16,2022-03-30,2022,3,Q1,Mar,13,14,0,553,553,0,0.0,447.3,247356.9,1
PO-00351,S004,Global Parts Ltd,Tier 1,Air,Textiles,WH-East,2022-03-03,2022-03-07,2022-03-07,2022,3,Q1,Mar,4,0,1,1273,1273,0,0.0,211.83,269659.59,1
PO-00352,S005,Metro Distributors,Tier 2,Road,Packaging,WH-North,2022-03-03,2022-03-16,2022-03-16,2022,3,Q1,Mar,13,0,1,824,824,0,0.0,388.46,320091.04,1
PO-00353,S001,FastTrack Logistics,Tier 1,Road,Finished Goods,WH-West,2022-03-03,2022-03-22,2022-03-22,2022,3,Q1,Mar,19,0,1,1427,1427,0,0.0,162.56,231973.12,1
PO-00354,S001,FastTrack Logistics,Tier 1,Road,Finished Goods,WH-Central,2022-03-03,2022-03-20,2022-03-20,2022,3,Q1,Mar,17,0,1,295,295,0,0.0,37.22,10979.9,1
PO-00355,S006,PrimeParts Inc.,Tier 1,Sea,Packaging,WH-East,2022-03-03,2022-03-11,2022-03-22,2022,3,Q1,Mar,8,11,0,1677,1677,0,0.0,480.93,806519.61,1
PO-00356,S002,BlueStar Freight,Tier 1,Rail,Raw Materials,WH-South,2022-03-03,2022-03-11,2022-03-11,2022,3,Q1,Mar,8,0,1,1217,1217,0,0.0,157.69,191908.73,1
PO-00357,S009,Eastside Components,Tier 2,Sea,Components,WH-North,2022-03-04,2022-03-13,2022-03-13,2022,3,Q1,Mar,9,0,1,1903,1903,0,0.0,134.75,256429.25,1
PO-00358,S009,Eastside Components,Tier 2,Sea,Spare Parts,WH-North,2022-03-04,2022-03-18,2022-03-18,2022,3,Q1,Mar,14,0,1,1925,1925,0,0.0,147.4,283745.0,1
PO-00359,S005,Metro Distributors,Tier 2,Road,Textiles,WH-East,2022-03-04,2022-03-11,2022-03-23,2022,3,Q1,Mar,7,12,0,1581,1581,0,0.0,344.22,544211.82,1
PO-00360,S001,FastTrack Logistics,Tier 1,Road,Finished Goods,WH-North,2022-03-04,2022-03-08,2022-03-08,2022,3,Q1,Mar,4,0,1,1341,1341,0,0.0,288.58,386985.78,1
PO-00361,S007,Swift Carriers,Tier 2,Road,Textiles,WH-West,2022-03-04,2022-03-16,2022-03-16,2022,3,Q1,Mar,12,0,1,1989,1989,0,0.0,163.25,324704.25,1
PO-00362,S002,BlueStar Freight,Tier 1,Rail,Components,WH-West,2022-03-04,2022-03-23,2022-03-30,2022,3,Q1,Mar,19,7,0,966,966,0,0.0,135.67,131057.22,1
PO-00363,S005,Metro Distributors,Tier 2,Road,Chemicals,WH-Central,2022-03-05,2022-03-20,2022-03-20,2022,3,Q1,Mar,15,0,1,630,630,0,0.0,193.41,121848.3,1
PO-00364,S006,PrimeParts Inc.,Tier 1,Sea,Electronics,WH-North,2022-03-05,2022-03-24,2022-03-24,2022,3,Q1,Mar,19,0,1,1574,1574,0,0.0,156.07,245654.18,1
PO-00365,S005,Metro Distributors,Tier 2,Road,Chemicals,WH-South,2022-03-05,2022-03-26,2022-03-26,2022,3,Q1,Mar,21,0,1,1439,1439,0,0.0,57.8,83174.2,1
PO-00366,S002,BlueStar Freight,Tier 1,Rail,Finished Goods,WH-Central,2022-03-05,2022-03-26,2022-03-26,2022,3,Q1,Mar,21,0,1,1647,1647,0,0.0,313.0,515511.0,1
PO-00367,S007,Swift Carriers,Tier 2,Road,Electronics,WH-West,2022-03-05,2022-03-16,2022-03-16,2022,3,Q1,Mar,11,0,1,287,287,0,0.0,87.44,25095.28,1
PO-00368,S005,Metro Distributors,Tier 2,Road,Textiles,WH-Central,2022-03-05,2022-03-11,2022-03-11,2022,3,Q1,Mar,6,0,1,1325,1325,0,0.0,119.76,158682.0,1
PO-00369,S006,PrimeParts Inc.,Tier 1,Sea,Spare Parts,WH-North,2022-03-05,2022-03-18,2022-03-18,2022,3,Q1,Mar,13,0,1,174,174,0,0.0,74.87,13027.38,1
PO-00370,S007,Swift Carriers,Tier 2,Road,Components,WH-South,2022-03-06,2022-03-14,2022-03-14,2022,3,Q1,Mar,8,0,1,547,547,0,0.0,434.55,237698.85,1
PO-00371,S006,PrimeParts Inc.,Tier 1,Sea,Chemicals,WH-Central,2022-03-06,2022-03-16,2022-03-16,2022,3,Q1,Mar,10,0,1,1378,1378,0,0.0,456.51,629070.78,1
PO-00372,S001,FastTrack Logistics,Tier 1,Road,Packaging,WH-North,2022-03-06,2022-03-11,2022-03-11,2022,3,Q1,Mar,5,0,1,784,784,0,0.0,289.6,227046.4,1
PO-00373,S001,FastTrack Logistics,Tier 1,Road,Raw Materials,WH-East,2022-03-06,2022-03-15,2022-03-23,2022,3,Q1,Mar,9,8,0,372,372,0,0.0,89.91,33446.52,1
PO-00374,S007,Swift Carriers,Tier 2,Road,Packaging,WH-East,2022-03-07,2022-03-21,2022-03-25,2022,3,Q1,Mar,14,4,0,356,356,0,0.0,69.63,24788.28,1
PO-00375,S006,PrimeParts Inc.,Tier 1,Sea,Components,WH-East,2022-03-07,2022-03-12,2022-03-12,2022,3,Q1,Mar,5,0,1,1441,1441,0,0.0,93.18,134272.38,1
PO-00376,S003,Apex Supply Co.,Tier 2,Road,Textiles,WH-South,2022-03-07,2022-03-13,2022-03-13,2022,3,Q1,Mar,6,0,1,332,332,0,0.0,146.54,48651.28,1
PO-00377,S004,Global Parts Ltd,Tier 1,Air,Packaging,WH-Central,2022-03-07,2022-03-24,2022-04-03,2022,3,Q1,Mar,17,10,0,642,642,0,0.0,73.6,47251.2,1
PO-00378,S008,Northern Logistics,Tier 3,Rail,Components,WH-East,2022-03-07,2022-03-18,2022-03-31,2022,3,Q1,Mar,11,13,0,1243,1243,0,0.0,415.86,516913.98,1
PO-00379,S003,Apex Supply Co.,Tier 2,Road,Textiles,WH-North,2022-03-07,2022-03-27,2022-04-01,2022,3,Q1,Mar,20,5,0,211,211,0,0.0,459.05,96859.55,1
PO-00380,S002,BlueStar Freight,Tier 1,Rail,Raw Materials,WH-West,2022-03-07,2022-03-16,2022-03-16,2022,3,Q1,Mar,9,0,1,1040,1040,0,0.0,480.39,499605.6,1
PO-00381,S007,Swift Carriers,Tier 2,Road,Raw Materials,WH-West,2022-03-07,2022-03-24,2022-03-25,2022,3,Q1,Mar,17,1,0,1371,1371,0,0.0,255.75,350633.25,1
PO-00382,S009,Eastside Components,Tier 2,Sea,Packaging,WH-Central,2022-03-08,2022-03-15,2022-03-15,2022,3,Q1,Mar,7,0,1,275,275,0,0.0,340.66,93681.5,1
PO-00383,S004,Global Parts Ltd,Tier 1,Air,Components,WH-South,2022-03-08,2022-03-28,2022-03-28,2022,3,Q1,Mar,20,0,1,881,881,0,0.0,341.72,301055.32,1
PO-00384,S010,Reliable Goods Co.,Tier 3,Road,Textiles,WH-Central,2022-03-08,2022-03-11,2022-03-11,2022,3,Q1,Mar,3,0,1,657,657,0,0.0,148.16,97341.12,1
PO-00385,S009,Eastside Components,Tier 2,Sea,Components,WH-Central,2022-03-08,2022-03-19,2022-03-26,2022,3,Q1,Mar,11,7,0,1403,1403,0,0.0,260.92,366070.76,1
PO-00386,S007,Swift Carriers,Tier 2,Road,Textiles,WH-East,2022-03-08,2022-03-14,2022-03-14,2022,3,Q1,Mar,6,0,1,1855,1855,0,0.0,477.56,885873.8,1
PO-00387,S004,Global Parts Ltd,Tier 1,Air,Finished Goods,WH-West,2022-03-08,2022-03-12,2022-03-12,2022,3,Q1,Mar,4,0,1,1874,1874,0,0.0,175.55,328980.7,1
PO-00388,S006,PrimeParts Inc.,Tier 1,Sea,Components,WH-North,2022-03-08,2022-03-21,2022-03-21,2022,3,Q1,Mar,13,0,1,688,688,0,0.0,289.29,199031.52,1
PO-00389,S004,Global Parts Ltd,Tier 1,Air,Textiles,WH-North,2022-03-08,2022-03-15,2022-03-15,2022,3,Q1,Mar,7,0,1,1898,1898,0,0.0,387.46,735399.08,1
PO-00390,S006,PrimeParts Inc.,Tier 1,Sea,Finished Goods,WH-South,2022-03-09,2022-03-22,2022-03-22,2022,3,Q1,Mar,13,0,1,779,779,0,0.0,216.75,168848.25,1
PO-00391,S007,Swift Carriers,Tier 2,Road,Raw Materials,WH-South,2022-03-09,2022-03-25,2022-03-29,2022,3,Q1,Mar,16,4,0,162,159,3,1.85,46.73,7570.26,0
PO-00392,S003,Apex Supply Co.,Tier 2,Road,Components,WH-East,2022-03-09,2022-03-26,2022-03-26,2022,3,Q1,Mar,17,0,1,106,98,8,7.55,268.51,28462.06,0
PO-00393,S009,Eastside Components,Tier 2,Sea,Components,WH-North,2022-03-09,2022-03-28,2022-04-10,2022,3,Q1,Mar,19,13,0,727,727,0,0.0,381.28,277190.56,1
PO-00394,S002,BlueStar Freight,Tier 1,Rail,Finished Goods,WH-South,2022-03-09,2022-03-27,2022-03-27,2022,3,Q1,Mar,18,0,1,1932,1932,0,0.0,278.03,537153.96,1
PO-00395,S002,BlueStar Freight,Tier 1,Rail,Spare Parts,WH-East,2022-03-09,2022-03-16,2022-03-16,2022,3,Q1,Mar,7,0,1,615,615,0,0.0,268.26,164979.9,1
PO-00396,S004,Global Parts Ltd,Tier 1,Air,Spare Parts,WH-North,2022-03-09,2022-03-29,2022-03-29,2022,3,Q1,Mar,20,0,1,1027,1027,0,0.0,25.59,26280.93,1
PO-00397,S002,BlueStar Freight,Tier 1,Rail,Finished Goods,WH-East,2022-03-10,2022-03-21,2022-03-21,2022,3,Q1,Mar,11,0,1,1661,1661,0,0.0,69.77,115887.97,1
PO-00398,S002,BlueStar Freight,Tier 1,Rail,Chemicals,WH-Central,2022-03-10,2022-03-15,2022-03-15,2022,3,Q1,Mar,5,0,1,536,536,0,0.0,221.51,118729.36,1
PO-00399,S004,Global Parts Ltd,Tier 1,Air,Components,WH-North,2022-03-10,2022-03-16,2022-03-16,2022,3,Q1,Mar,6,0,1,1191,1191,0,0.0,72.02,85775.82,1
PO-00400,S002,BlueStar Freight,Tier 1,Rail,Raw Materials,WH-Central,2022-03-10,2022-03-22,2022-03-22,2022,3,Q1,Mar,12,0,1,783,783,0,0.0,299.71,234672.93,1
PO-00401,S005,Metro Distributors,Tier 2,Road,Electronics,WH-West,2022-03-10,2022-03-25,2022-03-30,2022,3,Q1,Mar,15,5,0,1779,1779,0,0.0,187.26,333135.54,1
PO-00402,S007,Swift Carriers,Tier 2,Road,Finished Goods,WH-Central,2022-03-11,2022-04-01,2022-04-06,2022,3,Q1,Mar,21,5,0,606,606,0,0.0,295.98,179363.88,1
PO-00403,S005,Metro Distributors,Tier 2,Road,Raw Materials,WH-East,2022-03-11,2022-03-31,2022-03-31,2022,3,Q1,Mar,20,0,1,1245,1245,0,0.0,139.31,173440.95,1
PO-00404,S007,Swift Carriers,Tier 2,Road,Electronics,WH-East,2022-03-11,2022-03-18,2022-03-18,2022,3,Q1,Mar,7,0,1,1383,1383,0,0.0,424.43,586986.69,1
PO-00405,S003,Apex Supply Co.,Tier 2,Road,Finished Goods,WH-South,2022-03-12,2022-03-20,2022-03-20,2022,3,Q1,Mar,8,0,1,406,406,0,0.0,122.44,49710.64,1
PO-00406,S009,Eastside Components,Tier 2,Sea,Raw Materials,WH-West,2022-03-12,2022-03-19,2022-03-23,2022,3,Q1,Mar,7,4,0,1991,1991,0,0.0,362.85,722434.35,1
PO-00407,S009,Eastside Components,Tier 2,Sea,Chemicals,WH-North,2022-03-12,2022-03-15,2022-03-23,2022,3,Q1,Mar,3,8,0,1883,1883,0,0.0,390.97,736196.51,1
PO-00408,S008,Northern Logistics,Tier 3,Rail,Raw Materials,WH-East,2022-03-12,2022-03-17,2022-03-30,2022,3,Q1,Mar,5,13,0,1858,1858,0,0.0,410.96,763563.68,1
PO-00409,S008,Northern Logistics,Tier 3,Rail,Finished Goods,WH-West,2022-03-12,2022-03-31,2022-03-31,2022,3,Q1,Mar,19,0,1,1652,1652,0,0.0,328.95,543425.4,1
PO-00410,S003,Apex Supply Co.,Tier 2,Road,Components,WH-East,2022-03-12,2022-04-01,2022-04-09,2022,3,Q1,Mar,20,8,0,1572,1572,0,0.0,241.57,379748.04,1
PO-00411,S003,Apex Supply Co.,Tier 2,Road,Packaging,WH-South,2022-03-12,2022-03-28,2022-04-04,2022,3,Q1,Mar,16,7,0,302,302,0,0.0,394.29,119075.58,1
PO-00412,S001,FastTrack Logistics,Tier 1,Road,Raw Materials,WH-North,2022-03-12,2022-03-15,2022-03-15,2022,3,Q1,Mar,3,0,1,538,538,0,0.0,297.37,159985.06,1
PO-00413,S007,Swift Carriers,Tier 2,Road,Textiles,WH-North,2022-03-13,2022-03-23,2022-03-27,2022,3,Q1,Mar,10,4,0,398,398,0,0.0,75.83,30180.34,1
PO-00414,S007,Swift Carriers,Tier 2,Road,Chemicals,WH-Central,2022-03-13,2022-04-03,2022-04-03,2022,3,Q1,Mar,21,0,1,1367,1367,0,0.0,284.14,388419.38,1
PO-00415,S003,Apex Supply Co.,Tier 2,Road,Components,WH-North,2022-03-13,2022-03-17,2022-03-17,2022,3,Q1,Mar,4,0,1,573,573,0,0.0,195.79,112187.67,1
PO-00416,S003,Apex Supply Co.,Tier 2,Road,Packaging,WH-South,2022-03-14,2022-04-01,2022-04-01,2022,3,Q1,Mar,18,0,1,874,874,0,0.0,456.01,398552.74,1
PO-00417,S008,Northern Logistics,Tier 3,Rail,Spare Parts,WH-West,2022-03-14,2022-03-19,2022-03-19,2022,3,Q1,Mar,5,0,1,388,388,0,0.0,282.46,109594.48,1
PO-00418,S008,Northern Logistics,Tier 3,Rail,Packaging,WH-West,2022-03-14,2022-03-24,2022-03-25,2022,3,Q1,Mar,10,1,0,1425,1425,0,0.0,176.02,250828.5,1
PO-00419,S004,Global Parts Ltd,Tier 1,Air,Spare Parts,WH-West,2022-03-14,2022-04-04,2022-04-04,2022,3,Q1,Mar,21,0,1,1904,1904,0,0.0,60.46,115115.84,1
PO-00420,S008,Northern Logistics,Tier 3,Rail,Packaging,WH-East,2022-03-14,2022-03-25,2022-03-31,2022,3,Q1,Mar,11,6,0,141,141,0,0.0,36.66,5169.06,1
PO-00421,S003,Apex Supply Co.,Tier 2,Road,Raw Materials,WH-North,2022-03-14,2022-03-24,2022-03-24,2022,3,Q1,Mar,10,0,1,1151,1151,0,0.0,23.43,26967.93,1
PO-00422,S008,Northern Logistics,Tier 3,Rail,Components,WH-East,2022-03-14,2022-03-20,2022-03-20,2022,3,Q1,Mar,6,0,1,1549,1549,0,0.0,141.45,219106.05,1
PO-00423,S009,Eastside Components,Tier 2,Sea,Spare Parts,WH-North,2022-03-14,2022-03-24,2022-03-24,2022,3,Q1,Mar,10,0,1,994,994,0,0.0,109.96,109300.24,1
PO-00424,S007,Swift Carriers,Tier 2,Road,Finished Goods,WH-Central,2022-03-15,2022-03-30,2022-03-31,2022,3,Q1,Mar,15,1,0,191,176,15,7.85,106.41,20324.31,0
PO-00425,S004,Global Parts Ltd,Tier 1,Air,Chemicals,WH-West,2022-03-15,2022-03-31,2022-03-31,2022,3,Q1,Mar,16,0,1,1983,1983,0,0.0,452.41,897129.03,1
PO-00426,S010,Reliable Goods Co.,Tier 3,Road,Finished Goods,WH-East,2022-03-15,2022-03-27,2022-03-30,2022,3,Q1,Mar,12,3,0,1394,1394,0,0.0,52.68,73435.92,1
PO-00427,S003,Apex Supply Co.,Tier 2,Road,Packaging,WH-West,2022-03-15,2022-03-31,2022-03-31,2022,3,Q1,Mar,16,0,1,1958,1958,0,0.0,86.6,169562.8,1
PO-00428,S001,FastTrack Logistics,Tier 1,Road,Finished Goods,WH-North,2022-03-15,2022-04-03,2022-04-03,2022,3,Q1,Mar,19,0,1,1238,1238,0,0.0,251.26,311059.88,1
PO-00429,S008,Northern Logistics,Tier 3,Rail,Spare Parts,WH-East,2022-03-15,2022-03-22,2022-03-22,2022,3,Q1,Mar,7,0,1,638,638,0,0.0,331.92,211764.96,1
PO-00430,S009,Eastside Components,Tier 2,Sea,Electronics,WH-East,2022-03-15,2022-03-28,2022-03-28,2022,3,Q1,Mar,13,0,1,1754,1754,0,0.0,222.0,389388.0,1
PO-00431,S010,Reliable Goods Co.,Tier 3,Road,Spare Parts,WH-South,2022-03-15,2022-04-03,2022-04-03,2022,3,Q1,Mar,19,0,1,1391,1391,0,0.0,493.7,686736.7,1
PO-00432,S009,Eastside Components,Tier 2,Sea,Electronics,WH-North,2022-03-16,2022-04-05,2022-04-05,2022,3,Q1,Mar,20,0,1,113,113,0,0.0,181.94,20559.22,1
PO-00433,S003,Apex Supply Co.,Tier 2,Road,Raw Materials,WH-West,2022-03-16,2022-03-26,2022-03-28,2022,3,Q1,Mar,10,2,0,240,240,0,0.0,134.06,32174.4,1
PO-00434,S004,Global Parts Ltd,Tier 1,Air,Raw Materials,WH-South,2022-03-16,2022-03-20,2022-03-24,2022,3,Q1,Mar,4,4,0,837,837,0,0.0,274.88,230074.56,1
PO-00435,S007,Swift Carriers,Tier 2,Road,Spare Parts,WH-North,2022-03-16,2022-04-06,2022-04-06,2022,3,Q1,Mar,21,0,1,1765,1765,0,0.0,102.95,181706.75,1
PO-00436,S001,FastTrack Logistics,Tier 1,Road,Components,WH-South,2022-03-17,2022-03-28,2022-03-28,2022,3,Q1,Mar,11,0,1,543,543,0,0.0,183.65,99721.95,1
PO-00437,S006,PrimeParts Inc.,Tier 1,Sea,Components,WH-North,2022-03-17,2022-03-24,2022-03-24,2022,3,Q1,Mar,7,0,1,1140,1140,0,0.0,15.75,17955.0,1
PO-00438,S009,Eastside Components,Tier 2,Sea,Spare Parts,WH-West,2022-03-17,2022-03-25,2022-04-06,2022,3,Q1,Mar,8,12,0,1951,1951,0,0.0,346.01,675065.51,1
PO-00439,S003,Apex Supply Co.,Tier 2,Road,Textiles,WH-Central,2022-03-17,2022-04-06,2022-04-06,2022,3,Q1,Mar,20,0,1,767,767,0,0.0,93.06,71377.02,1
PO-00440,S003,Apex Supply Co.,Tier 2,Road,Chemicals,WH-West,2022-03-17,2022-03-24,2022-03-24,2022,3,Q1,Mar,7,0,1,1048,1048,0,0.0,286.75,300514.0,1
PO-00441,S002,BlueStar Freight,Tier 1,Rail,Components,WH-South,2022-03-17,2022-04-04,2022-04-04,2022,3,Q1,Mar,18,0,1,683,683,0,0.0,70.9,48424.7,1
PO-00442,S010,Reliable Goods Co.,Tier 3,Road,Electronics,WH-North,2022-03-18,2022-04-01,2022-04-12,2022,3,Q1,Mar,14,11,0,732,732,0,0.0,462.96,338886.72,1
PO-00443,S001,FastTrack Logistics,Tier 1,Road,Electronics,WH-East,2022-03-18,2022-04-07,2022-04-07,2022,3,Q1,Mar,20,0,1,157,157,0,0.0,328.94,51643.58,1
PO-00444,S005,Metro Distributors,Tier 2,Road,Spare Parts,WH-South,2022-03-18,2022-03-28,2022-03-29,2022,3,Q1,Mar,10,1,0,187,187,0,0.0,166.83,31197.21,1
PO-00445,S007,Swift Carriers,Tier 2,Road,Components,WH-Central,2022-03-18,2022-03-21,2022-03-21,2022,3,Q1,Mar,3,0,1,1951,1951,0,0.0,117.26,228774.26,1
PO-00446,S006,PrimeParts Inc.,Tier 1,Sea,Textiles,WH-South,2022-03-18,2022-04-06,2022-04-06,2022,3,Q1,Mar,19,0,1,1211,1211,0,0.0,384.53,465665.83,1
PO-00447,S009,Eastside Components,Tier 2,Sea,Electronics,WH-West,2022-03-18,2022-04-01,2022-04-01,2022,3,Q1,Mar,14,0,1,1066,1066,0,0.0,24.28,25882.48,1
PO-00448,S004,Global Parts Ltd,Tier 1,Air,Spare Parts,WH-Central,2022-03-18,2022-04-06,2022-04-06,2022,3,Q1,Mar,19,0,1,1517,1517,0,0.0,381.7,579038.9,1
PO-00449,S002,BlueStar Freight,Tier 1,Rail,Electronics,WH-South,2022-03-18,2022-03-21,2022-03-21,2022,3,Q1,Mar,3,0,1,1621,1621,0,0.0,460.82,746989.22,1
PO-00450,S005,Metro Distributors,Tier 2,Road,Finished Goods,WH-West,2022-03-19,2022-03-28,2022-04-07,2022,3,Q1,Mar,9,10,0,928,807,121,13.04,314.63,291976.64,0
PO-00451,S005,Metro Distributors,Tier 2,Road,Components,WH-South,2022-03-19,2022-04-07,2022-04-12,2022,3,Q1,Mar,19,5,0,1575,1575,0,0.0,280.47,441740.25,1
PO-00452,S009,Eastside Components,Tier 2,Sea,Components,WH-South,2022-03-19,2022-04-08,2022-04-08,2022,3,Q1,Mar,20,0,1,202,202,0,0.0,46.3,9352.6,1
PO-00453,S006,PrimeParts Inc.,Tier 1,Sea,Spare Parts,WH-South,2022-03-19,2022-04-08,2022-04-08,2022,3,Q1,Mar,20,0,1,1959,1959,0,0.0,418.89,820605.51,1
PO-00454,S004,Global Parts Ltd,Tier 1,Air,Spare Parts,WH-North,2022-03-19,2022-04-05,2022-04-05,2022,3,Q1,Mar,17,0,1,1930,1930,0,0.0,405.51,782634.3,1
PO-00455,S008,Northern Logistics,Tier 3,Rail,Spare Parts,WH-East,2022-03-19,2022-03-28,2022-03-30,2022,3,Q1,Mar,9,2,0,1890,1890,0,0.0,9.93,18767.7,1
PO-00456,S001,FastTrack Logistics,Tier 1,Road,Chemicals,WH-West,2022-03-19,2022-04-05,2022-04-05,2022,3,Q1,Mar,17,0,1,135,135,0,0.0,403.83,54517.05,1
PO-00457,S008,Northern Logistics,Tier 3,Rail,Chemicals,WH-West,2022-03-19,2022-04-02,2022-04-11,2022,3,Q1,Mar,14,9,0,703,703,0,0.0,17.14,12049.42,1
PO-00458,S010,Reliable Goods Co.,Tier 3,Road,Packaging,WH-East,2022-03-20,2022-04-09,2022-04-09,2022,3,Q1,Mar,20,0,1,1198,1198,0,0.0,415.68,497984.64,1
PO-00459,S001,FastTrack Logistics,Tier 1,Road,Textiles,WH-South,2022-03-20,2022-03-26,2022-03-26,2022,3,Q1,Mar,6,0,1,1835,1835,0,0.0,238.78,438161.3,1
PO-00460,S005,Metro Distributors,Tier 2,Road,Raw Materials,WH-West,2022-03-20,2022-04-06,2022-04-06,2022,3,Q1,Mar,17,0,1,1743,1743,0,0.0,92.4,161053.2,1
PO-00461,S005,Metro Distributors,Tier 2,Road,Packaging,WH-West,2022-03-20,2022-03-27,2022-03-27,2022,3,Q1,Mar,7,0,1,1886,1886,0,0.0,323.82,610724.52,1
PO-00462,S010,Reliable Goods Co.,Tier 3,Road,Textiles,WH-South,2022-03-20,2022-04-09,2022-04-21,2022,3,Q1,Mar,20,12,0,1659,1659,0,0.0,488.28,810056.52,1
PO-00463,S001,FastTrack Logistics,Tier 1,Road,Finished Goods,WH-West,2022-03-20,2022-03-24,2022-03-28,2022,3,Q1,Mar,4,4,0,604,604,0,0.0,101.88,61535.52,1
PO-00464,S004,Global Parts Ltd,Tier 1,Air,Textiles,WH-West,2022-03-20,2022-04-05,2022-04-05,2022,3,Q1,Mar,16,0,1,318,318,0,0.0,189.21,60168.78,1
PO-00465,S006,PrimeParts Inc.,Tier 1,Sea,Finished Goods,WH-Central,2022-03-21,2022-03-26,2022-03-26,2022,3,Q1,Mar,5,0,1,1430,1430,0,0.0,266.05,380451.5,1
PO-00466,S005,Metro Distributors,Tier 2,Road,Packaging,WH-West,2022-03-21,2022-04-11,2022-04-12,2022,3,Q1,Mar,21,1,0,891,891,0,0.0,102.86,91648.26,1
PO-00467,S007,Swift Carriers,Tier 2,Road,Textiles,WH-East,2022-03-21,2022-04-01,2022-04-01,2022,3,Q1,Mar,11,0,1,239,239,0,0.0,252.52,60352.28,1
PO-00468,S008,Northern Logistics,Tier 3,Rail,Components,WH-East,2022-03-21,2022-03-30,2022-03-30,2022,3,Q1,Mar,9,0,1,1493,1430,63,4.22,258.13,385388.09,0
PO-00469,S008,Northern Logistics,Tier 3,Rail,Raw Materials,WH-Central,2022-03-21,2022-03-24,2022-03-24,2022,3,Q1,Mar,3,0,1,1366,1246,120,8.78,419.5,573037.0,0
PO-00470,S009,Eastside Components,Tier 2,Sea,Raw Materials,WH-West,2022-03-22,2022-04-11,2022-04-11,2022,3,Q1,Mar,20,0,1,559,559,0,0.0,449.69,251376.71,1
PO-00471,S002,BlueStar Freight,Tier 1,Rail,Components,WH-North,2022-03-22,2022-04-03,2022-04-03,2022,3,Q1,Mar,12,0,1,1763,1763,0,0.0,166.38,293327.94,1
PO-00472,S010,Reliable Goods Co.,Tier 3,Road,Raw Materials,WH-South,2022-03-22,2022-04-02,2022-04-16,2022,3,Q1,Mar,11,14,0,1404,1404,0,0.0,41.14,57760.56,1
PO-00473,S002,BlueStar Freight,Tier 1,Rail,Raw Materials,WH-North,2022-03-22,2022-04-09,2022-04-09,2022,3,Q1,Mar,18,0,1,667,667,0,0.0,356.18,237572.06,1
PO-00474,S001,FastTrack Logistics,Tier 1,Road,Packaging,WH-West,2022-03-22,2022-03-27,2022-03-27,2022,3,Q1,Mar,5,0,1,925,925,0,0.0,239.7,221722.5,1
PO-00475,S007,Swift Carriers,Tier 2,Road,Packaging,WH-West,2022-03-22,2022-04-06,2022-04-06,2022,3,Q1,Mar,15,0,1,1068,1068,0,0.0,477.66,510140.88,1
PO-00476,S004,Global Parts Ltd,Tier 1,Air,Finished Goods,WH-North,2022-03-22,2022-03-25,2022-04-01,2022,3,Q1,Mar,3,7,0,969,969,0,0.0,350.84,339963.96,1
PO-00477,S006,PrimeParts Inc.,Tier 1,Sea,Textiles,WH-Central,2022-03-23,2022-04-09,2022-04-09,2022,3,Q1,Mar,17,0,1,1298,1298,0,0.0,188.4,244543.2,1
PO-00478,S005,Metro Distributors,Tier 2,Road,Raw Materials,WH-West,2022-03-23,2022-04-09,2022-04-15,2022,3,Q1,Mar,17,6,0,180,180,0,0.0,404.96,72892.8,1
PO-00479,S010,Reliable Goods Co.,Tier 3,Road,Electronics,WH-North,2022-03-23,2022-03-31,2022-04-06,2022,3,Q1,Mar,8,6,0,1354,1354,0,0.0,336.64,455810.56,1
PO-00480,S002,BlueStar Freight,Tier 1,Rail,Electronics,WH-East,2022-03-23,2022-03-27,2022-03-27,2022,3,Q1,Mar,4,0,1,1930,1930,0,0.0,180.24,347863.2,1
PO-00481,S007,Swift Carriers,Tier 2,Road,Electronics,WH-Central,2022-03-23,2022-04-10,2022-04-10,2022,3,Q1,Mar,18,0,1,304,304,0,0.0,304.87,92680.48,1
PO-00482,S007,Swift Carriers,Tier 2,Road,Chemicals,WH-Central,2022-03-24,2022-04-04,2022-04-04,2022,3,Q1,Mar,11,0,1,102,102,0,0.0,251.77,25680.54,1
PO-00483,S003,Apex Supply Co.,Tier 2,Road,Chemicals,WH-Central,2022-03-24,2022-04-11,2022-04-11,2022,3,Q1,Mar,18,0,1,1866,1866,0,0.0,190.19,354894.54,1
PO-00484,S010,Reliable Goods Co.,Tier 3,Road,Raw Materials,WH-East,2022-03-24,2022-03-28,2022-03-28,2022,3,Q1,Mar,4,0,1,1814,1702,112,6.17,329.91,598456.74,0
PO-00485,S004,Global Parts Ltd,Tier 1,Air,Spare Parts,WH-North,2022-03-24,2022-04-07,2022-04-07,2022,3,Q1,Mar,14,0,1,1527,1527,0,0.0,201.87,308255.49,1
PO-00486,S009,Eastside Components,Tier 2,Sea,Finished Goods,WH-Central,2022-03-24,2022-03-28,2022-03-28,2022,3,Q1,Mar,4,0,1,1903,1903,0,0.0,158.18,301016.54,1
PO-00487,S010,Reliable Goods Co.,Tier 3,Road,Chemicals,WH-North,2022-03-24,2022-04-07,2022-04-07,2022,3,Q1,Mar,14,0,1,1245,1245,0,0.0,473.65,589694.25,1
PO-00488,S008,Northern Logistics,Tier 3,Rail,Packaging,WH-West,2022-03-24,2022-03-30,2022-03-30,2022,3,Q1,Mar,6,0,1,68,68,0,0.0,198.39,13490.52,1
PO-00489,S001,FastTrack Logistics,Tier 1,Road,Raw Materials,WH-South,2022-03-25,2022-04-14,2022-04-14,2022,3,Q1,Mar,20,0,1,1758,1758,0,0.0,371.51,653114.58,1
PO-00490,S002,BlueStar Freight,Tier 1,Rail,Electronics,WH-South,2022-03-25,2022-04-10,2022-04-10,2022,3,Q1,Mar,16,0,1,1649,1649,0,0.0,163.7,269941.3,1
PO-00491,S009,Eastside Components,Tier 2,Sea,Components,WH-Central,2022-03-25,2022-04-12,2022-04-12,2022,3,Q1,Mar,18,0,1,1298,1298,0,0.0,266.42,345813.16,1
PO-00492,S007,Swift Carriers,Tier 2,Road,Textiles,WH-Central,2022-03-26,2022-04-05,2022-04-05,2022,3,Q1,Mar,10,0,1,1188,1122,66,5.56,237.82,282530.16,0
PO-00493,S002,BlueStar Freight,Tier 1,Rail,Packaging,WH-Central,2022-03-26,2022-04-16,2022-04-16,2022,3,Q1,Mar,21,0,1,625,625,0,0.0,281.11,175693.75,1
PO-00494,S002,BlueStar Freight,Tier 1,Rail,Textiles,WH-North,2022-03-26,2022-04-01,2022-04-01,2022,3,Q1,Mar,6,0,1,991,906,85,8.58,35.04,34724.64,0
PO-00495,S003,Apex Supply Co.,Tier 2,Road,Electronics,WH-South,2022-03-26,2022-04-06,2022-04-06,2022,3,Q1,Mar,11,0,1,1638,1638,0,0.0,338.55,554544.9,1
PO-00496,S001,FastTrack Logistics,Tier 1,Road,Spare Parts,WH-North,2022-03-26,2022-03-29,2022-03-29,2022,3,Q1,Mar,3,0,1,880,880,0,0.0,140.64,123763.2,1
PO-00497,S010,Reliable Goods Co.,Tier 3,Road,Textiles,WH-West,2022-03-27,2022-04-07,2022-04-13,2022,3,Q1,Mar,11,6,0,1634,1634,0,0.0,65.65,107272.1,1
PO-00498,S003,Apex Supply Co.,Tier 2,Road,Textiles,WH-Central,2022-03-27,2022-04-02,2022-04-02,2022,3,Q1,Mar,6,0,1,900,900,0,0.0,439.59,395631.0,1
PO-00499,S010,Reliable Goods Co.,Tier 3,Road,Electronics,WH-East,2022-03-27,2022-03-30,2022-03-30,2022,3,Q1,Mar,3,0,1,311,311,0,0.0,65.52,20376.72,1
PO-00500,S004,Global Parts Ltd,Tier 1,Air,Chemicals,WH-East,2022-03-27,2022-04-07,2022-04-07,2022,3,Q1,Mar,11,0,1,688,688,0,0.0,104.73,72054.24,1
PO-00501,S004,Global Parts Ltd,Tier 1,Air,Finished Goods,WH-South,2022-03-28,2022-04-01,2022-04-01,2022,3,Q1,Mar,4,0,1,1016,1016,0,0.0,428.96,435823.36,1
PO-00502,S006,PrimeParts Inc.,Tier 1,Sea,Electronics,WH-Central,2022-03-28,2022-04-18,2022-04-18,2022,3,Q1,Mar,21,0,1,329,329,0,0.0,56.88,18713.52,1
PO-00503,S001,FastTrack Logistics,Tier 1,Road,Chemicals,WH-Central,2022-03-28,2022-04-13,2022-04-13,2022,3,Q1,Mar,16,0,1,1649,1649,0,0.0,486.05,801496.45,1
PO-00504,S010,Reliable Goods Co.,Tier 3,Road,Electronics,WH-South,2022-03-28,2022-04-13,2022-04-13,2022,3,Q1,Mar,16,0,1,1355,1355,0,0.0,164.9,223439.5,1
PO-00505,S001,FastTrack Logistics,Tier 1,Road,Packaging,WH-South,2022-03-28,2022-04-15,2022-04-15,2022,3,Q1,Mar,18,0,1,1117,1117,0,0.0,157.49,175916.33,1
PO-00506,S005,Metro Distributors,Tier 2,Road,Raw Materials,WH-West,2022-03-28,2022-04-14,2022-04-14,2022,3,Q1,Mar,17,0,1,236,236,0,0.0,430.97,101708.92,1
PO-00507,S002,BlueStar Freight,Tier 1,Rail,Finished Goods,WH-West,2022-03-28,2022-04-13,2022-04-13,2022,3,Q1,Mar,16,0,1,1923,1923,0,0.0,16.18,31114.14,1
PO-00508,S007,Swift Carriers,Tier 2,Road,Electronics,WH-West,2022-03-28,2022-04-04,2022-04-13,2022,3,Q1,Mar,7,9,0,86,86,0,0.0,124.44,10701.84,1
PO-00509,S006,PrimeParts Inc.,Tier 1,Sea,Textiles,WH-West,2022-03-29,2022-04-06,2022-04-06,2022,3,Q1,Mar,8,0,1,173,173,0,0.0,404.96,70058.08,1
PO-00510,S001,FastTrack Logistics,Tier 1,Road,Raw Materials,WH-East,2022-03-29,2022-04-03,2022-04-03,2022,3,Q1,Mar,5,0,1,1864,1864,0,0.0,491.04,915298.56,1
PO-00511,S010,Reliable Goods Co.,Tier 3,Road,Chemicals,WH-West,2022-03-29,2022-04-19,2022-04-19,2022,3,Q1,Mar,21,0,1,1937,1937,0,0.0,444.23,860473.51,1
PO-00512,S006,PrimeParts Inc.,Tier 1,Sea,Raw Materials,WH-East,2022-03-29,2022-04-14,2022-04-14,2022,3,Q1,Mar,16,0,1,489,489,0,0.0,488.68,238964.52,1
PO-00513,S004,Global Parts Ltd,Tier 1,Air,Components,WH-West,2022-03-29,2022-04-12,2022-04-12,2022,3,Q1,Mar,14,0,1,1336,1336,0,0.0,469.33,627024.88,1
PO-00514,S001,FastTrack Logistics,Tier 1,Road,Finished Goods,WH-West,2022-03-29,2022-04-08,2022-04-08,2022,3,Q1,Mar,10,0,1,734,642,92,12.53,246.01,180571.34,0
PO-00515,S005,Metro Distributors,Tier 2,Road,Spare Parts,WH-North,2022-03-29,2022-04-16,2022-04-16,2022,3,Q1,Mar,18,0,1,203,203,0,0.0,391.22,79417.66,1
PO-00516,S008,Northern Logistics,Tier 3,Rail,Components,WH-East,2022-03-30,2022-04-14,2022-04-14,2022,3,Q1,Mar,15,0,1,767,767,0,0.0,441.58,338691.86,1
PO-00517,S008,Northern Logistics,Tier 3,Rail,Finished Goods,WH-Central,2022-03-30,2022-04-08,2022-04-08,2022,3,Q1,Mar,9,0,1,51,51,0,0.0,239.32,12205.32,1
PO-00518,S003,Apex Supply Co.,Tier 2,Road,Packaging,WH-West,2022-03-30,2022-04-11,2022-04-11,2022,3,Q1,Mar,12,0,1,1237,1237,0,0.0,123.1,152274.7,1
PO-00519,S004,Global Parts Ltd,Tier 1,Air,Electronics,WH-North,2022-03-30,2022-04-03,2022-04-03,2022,3,Q1,Mar,4,0,1,302,302,0,0.0,288.59,87154.18,1
PO-00520,S003,Apex Supply Co.,Tier 2,Road,Raw Materials,WH-East,2022-03-30,2022-04-16,2022-04-27,2022,3,Q1,Mar,17,11,0,918,918,0,0.0,27.36,25116.48,1
PO-00521,S002,BlueStar Freight,Tier 1,Rail,Raw Materials,WH-South,2022-03-30,2022-04-08,2022-04-08,2022,3,Q1,Mar,9,0,1,528,528,0,0.0,151.34,79907.52,1
PO-00522,S006,PrimeParts Inc.,Tier 1,Sea,Finished Goods,WH-North,2022-03-31,2022-04-12,2022-04-12,2022,3,Q1,Mar,12,0,1,1175,1175,0,0.0,10.72,12596.0,1
PO-00523,S003,Apex Supply Co.,Tier 2,Road,Raw Materials,WH-West,2022-03-31,2022-04-05,2022-04-17,2022,3,Q1,Mar,5,12,0,1940,1940,0,0.0,34.83,67570.2,1
PO-00524,S010,Reliable Goods Co.,Tier 3,Road,Packaging,WH-Central,2022-03-31,2022-04-09,2022-04-10,2022,3,Q1,Mar,9,1,0,741,726,15,2.02,276.11,204597.51,0
PO-00525,S004,Global Parts Ltd,Tier 1,Air,Components,WH-Central,2022-03-31,2022-04-03,2022-04-03,2022,3,Q1,Mar,3,0,1,1273,1273,0,0.0,323.81,412210.13,1
PO-00526,S009,Eastside Components,Tier 2,Sea,Textiles,WH-North,2022-03-31,2022-04-05,2022-04-05,2022,3,Q1,Mar,5,0,1,1251,1251,0,0.0,109.45,136921.95,1
PO-00527,S007,Swift Carriers,Tier 2,Road,Electronics,WH-West,2022-03-31,2022-04-21,2022-04-21,2022,3,Q1,Mar,21,0,1,459,459,0,0.0,8.25,3786.75,1
PO-00528,S002,BlueStar Freight,Tier 1,Rail,Raw Materials,WH-East,2022-03-31,2022-04-05,2022-04-05,2022,3,Q1,Mar,5,0,1,1369,1369,0,0.0,289.16,395860.04,1
PO-00529,S008,Northern Logistics,Tier 3,Rail,Spare Parts,WH-Central,2022-03-31,2022-04-19,2022-04-19,2022,3,Q1,Mar,19,0,1,1348,1274,74,5.49,90.91,122546.68,0
PO-00530,S006,PrimeParts Inc.,Tier 1,Sea,Finished Goods,WH-East,2022-04-01,2022-04-17,2022-04-17,2022,4,Q2,Apr,16,0,1,435,435,0,0.0,57.5,25012.5,1
PO-00531,S006,PrimeParts Inc.,Tier 1,Sea,Textiles,WH-North,2022-04-01,2022-04-09,2022-04-09,2022,4,Q2,Apr,8,0,1,1818,1818,0,0.0,323.29,587741.22,1
PO-00532,S002,BlueStar Freight,Tier 1,Rail,Raw Materials,WH-West,2022-04-01,2022-04-07,2022-04-10,2022,4,Q2,Apr,6,3,0,1341,1341,0,0.0,188.91,253328.31,1
PO-00533,S008,Northern Logistics,Tier 3,Rail,Electronics,WH-East,2022-04-01,2022-04-07,2022-04-07,2022,4,Q2,Apr,6,0,1,1441,1418,23,1.6,343.45,494911.45,0
PO-00534,S010,Reliable Goods Co.,Tier 3,Road,Textiles,WH-West,2022-04-01,2022-04-05,2022-04-10,2022,4,Q2,Apr,4,5,0,271,271,0,0.0,365.29,98993.59,1
PO-00535,S004,Global Parts Ltd,Tier 1,Air,Textiles,WH-West,2022-04-02,2022-04-14,2022-04-20,2022,4,Q2,Apr,12,6,0,1170,1170,0,0.0,186.17,217818.9,1
PO-00536,S004,Global Parts Ltd,Tier 1,Air,Finished Goods,WH-Central,2022-04-02,2022-04-22,2022-04-22,2022,4,Q2,Apr,20,0,1,342,342,0,0.0,35.67,12199.14,1
PO-00537,S003,Apex Supply Co.,Tier 2,Road,Raw Materials,WH-West,2022-04-02,2022-04-17,2022-04-17,2022,4,Q2,Apr,15,0,1,594,594,0,0.0,380.72,226147.68,1
PO-00538,S002,BlueStar Freight,Tier 1,Rail,Packaging,WH-Central,2022-04-02,2022-04-05,2022-04-05,2022,4,Q2,Apr,3,0,1,839,839,0,0.0,236.63,198532.57,1
PO-00539,S010,Reliable Goods Co.,Tier 3,Road,Finished Goods,WH-Central,2022-04-02,2022-04-20,2022-05-01,2022,4,Q2,Apr,18,11,0,1854,1724,130,7.01,467.06,865929.24,0
PO-00540,S009,Eastside Components,Tier 2,Sea,Chemicals,WH-West,2022-04-02,2022-04-21,2022-04-21,2022,4,Q2,Apr,19,0,1,1282,1282,0,0.0,469.16,601463.12,1
PO-00541,S008,Northern Logistics,Tier 3,Rail,Components,WH-West,2022-04-02,2022-04-09,2022-04-09,2022,4,Q2,Apr,7,0,1,1708,1708,0,0.0,217.27,371097.16,1
PO-00542,S005,Metro Distributors,Tier 2,Road,Finished Goods,WH-North,2022-04-02,2022-04-09,2022-04-09,2022,4,Q2,Apr,7,0,1,1136,1136,0,0.0,150.78,171286.08,1
PO-00543,S004,Global Parts Ltd,Tier 1,Air,Components,WH-West,2022-04-03,2022-04-11,2022-04-11,2022,4,Q2,Apr,8,0,1,555,555,0,0.0,228.62,126884.1,1
PO-00544,S004,Global Parts Ltd,Tier 1,Air,Components,WH-North,2022-04-03,2022-04-24,2022-04-24,2022,4,Q2,Apr,21,0,1,677,677,0,0.0,81.97,55493.69,1
PO-00545,S001,FastTrack Logistics,Tier 1,Road,Chemicals,WH-West,2022-04-03,2022-04-06,2022-04-06,2022,4,Q2,Apr,3,0,1,1844,1769,75,4.07,456.26,841343.44,0
PO-00546,S008,Northern Logistics,Tier 3,Rail,Components,WH-Central,2022-04-04,2022-04-23,2022-04-24,2022,4,Q2,Apr,19,1,0,1693,1693,0,0.0,158.21,267849.53,1
PO-00547,S006,PrimeParts Inc.,Tier 1,Sea,Components,WH-South,2022-04-04,2022-04-16,2022-04-16,2022,4,Q2,Apr,12,0,1,396,387,9,2.27,45.15,17879.4,0
PO-00548,S001,FastTrack Logistics,Tier 1,Road,Spare Parts,WH-North,2022-04-04,2022-04-21,2022-04-21,2022,4,Q2,Apr,17,0,1,1092,1092,0,0.0,62.59,68348.28,1
PO-00549,S003,Apex Supply Co.,Tier 2,Road,Spare Parts,WH-West,2022-04-05,2022-04-08,2022-04-08,2022,4,Q2,Apr,3,0,1,1411,1395,16,1.13,40.44,57060.84,0
PO-00550,S003,Apex Supply Co.,Tier 2,Road,Electronics,WH-Central,2022-04-05,2022-04-11,2022-04-11,2022,4,Q2,Apr,6,0,1,1515,1515,0,0.0,303.48,459772.2,1
PO-00551,S007,Swift Carriers,Tier 2,Road,Components,WH-Central,2022-04-05,2022-04-25,2022-04-25,2022,4,Q2,Apr,20,0,1,1743,1743,0,0.0,279.22,486680.46,1
PO-00552,S007,Swift Carriers,Tier 2,Road,Electronics,WH-North,2022-04-05,2022-04-26,2022-04-26,2022,4,Q2,Apr,21,0,1,1049,935,114,10.87,279.43,293122.07,0
PO-00553,S004,Global Parts Ltd,Tier 1,Air,Finished Goods,WH-East,2022-04-05,2022-04-16,2022-04-16,2022,4,Q2,Apr,11,0,1,1636,1636,0,0.0,407.51,666686.36,1
PO-00554,S009,Eastside Components,Tier 2,Sea,Raw Materials,WH-Central,2022-04-05,2022-04-12,2022-04-25,2022,4,Q2,Apr,7,13,0,1387,1387,0,0.0,267.12,370495.44,1
PO-00555,S006,PrimeParts Inc.,Tier 1,Sea,Packaging,WH-East,2022-04-05,2022-04-23,2022-04-23,2022,4,Q2,Apr,18,0,1,1247,1247,0,0.0,208.17,259587.99,1
PO-00556,S004,Global Parts Ltd,Tier 1,Air,Electronics,WH-South,2022-04-06,2022-04-25,2022-04-25,2022,4,Q2,Apr,19,0,1,1269,1269,0,0.0,212.76,269992.44,1
PO-00557,S005,Metro Distributors,Tier 2,Road,Textiles,WH-North,2022-04-06,2022-04-22,2022-04-22,2022,4,Q2,Apr,16,0,1,1100,1100,0,0.0,449.49,494439.0,1
PO-00558,S001,FastTrack Logistics,Tier 1,Road,Chemicals,WH-West,2022-04-06,2022-04-13,2022-04-23,2022,4,Q2,Apr,7,10,0,488,488,0,0.0,374.11,182565.68,1
PO-00559,S009,Eastside Components,Tier 2,Sea,Textiles,WH-East,2022-04-06,2022-04-22,2022-04-22,2022,4,Q2,Apr,16,0,1,681,681,0,0.0,324.4,220916.4,1
PO-00560,S001,FastTrack Logistics,Tier 1,Road,Components,WH-West,2022-04-06,2022-04-24,2022-04-24,2022,4,Q2,Apr,18,0,1,532,532,0,0.0,79.64,42368.48,1
PO-00561,S006,PrimeParts Inc.,Tier 1,Sea,Textiles,WH-South,2022-04-06,2022-04-21,2022-04-21,2022,4,Q2,Apr,15,0,1,272,272,0,0.0,64.4,17516.8,1
PO-00562,S004,Global Parts Ltd,Tier 1,Air,Raw Materials,WH-Central,2022-04-07,2022-04-16,2022-04-16,2022,4,Q2,Apr,9,0,1,1373,1373,0,0.0,264.17,362705.41,1
PO-00563,S006,PrimeParts Inc.,Tier 1,Sea,Packaging,WH-West,2022-04-07,2022-04-25,2022-05-01,2022,4,Q2,Apr,18,6,0,154,154,0,0.0,306.06,47133.24,1
PO-00564,S008,Northern Logistics,Tier 3,Rail,Components,WH-West,2022-04-07,2022-04-20,2022-04-20,2022,4,Q2,Apr,13,0,1,1088,1088,0,0.0,48.23,52474.24,1
PO-00565,S004,Global Parts Ltd,Tier 1,Air,Textiles,WH-North,2022-04-07,2022-04-27,2022-04-27,2022,4,Q2,Apr,20,0,1,649,649,0,0.0,319.55,207387.95,1
PO-00566,S007,Swift Carriers,Tier 2,Road,Packaging,WH-North,2022-04-07,2022-04-11,2022-04-20,2022,4,Q2,Apr,4,9,0,484,484,0,0.0,385.55,186606.2,1
PO-00567,S006,PrimeParts Inc.,Tier 1,Sea,Textiles,WH-Central,2022-04-07,2022-04-16,2022-04-16,2022,4,Q2,Apr,9,0,1,1168,1168,0,0.0,430.6,502940.8,1
PO-00568,S002,BlueStar Freight,Tier 1,Rail,Electronics,WH-East,2022-04-07,2022-04-18,2022-04-18,2022,4,Q2,Apr,11,0,1,1282,1282,0,0.0,489.58,627641.56,1
PO-00569,S001,FastTrack Logistics,Tier 1,Road,Electronics,WH-West,2022-04-08,2022-04-13,2022-04-13,2022,4,Q2,Apr,5,0,1,418,418,0,0.0,33.99,14207.82,1
PO-00570,S010,Reliable Goods Co.,Tier 3,Road,Electronics,WH-South,2022-04-08,2022-04-21,2022-05-01,2022,4,Q2,Apr,13,10,0,373,373,0,0.0,10.25,3823.25,1
PO-00571,S003,Apex Supply Co.,Tier 2,Road,Chemicals,WH-South,2022-04-08,2022-04-26,2022-04-26,2022,4,Q2,Apr,18,0,1,395,395,0,0.0,416.76,164620.2,1
PO-00572,S005,Metro Distributors,Tier 2,Road,Components,WH-North,2022-04-08,2022-04-22,2022-04-22,2022,4,Q2,Apr,14,0,1,1830,1830,0,0.0,79.48,145448.4,1
PO-00573,S006,PrimeParts Inc.,Tier 1,Sea,Packaging,WH-South,2022-04-08,2022-04-21,2022-04-21,2022,4,Q2,Apr,13,0,1,204,197,7,3.43,209.02,42640.08,0
PO-00574,S009,Eastside Components,Tier 2,Sea,Raw Materials,WH-West,2022-04-08,2022-04-29,2022-05-11,2022,4,Q2,Apr,21,12,0,872,872,0,0.0,159.48,139066.56,1
PO-00575,S004,Global Parts Ltd,Tier 1,Air,Components,WH-North,2022-04-08,2022-04-18,2022-04-18,2022,4,Q2,Apr,10,0,1,150,150,0,0.0,475.7,71355.0,1
PO-00576,S008,Northern Logistics,Tier 3,Rail,Components,WH-West,2022-04-08,2022-04-26,2022-04-26,2022,4,Q2,Apr,18,0,1,1717,1717,0,0.0,138.3,237461.1,1
PO-00577,S008,Northern Logistics,Tier 3,Rail,Chemicals,WH-East,2022-04-09,2022-04-16,2022-04-16,2022,4,Q2,Apr,7,0,1,471,471,0,0.0,147.42,69434.82,1
PO-00578,S009,Eastside Components,Tier 2,Sea,Raw Materials,WH-West,2022-04-09,2022-04-30,2022-04-30,2022,4,Q2,Apr,21,0,1,1980,1980,0,0.0,51.04,101059.2,1
PO-00579,S010,Reliable Goods Co.,Tier 3,Road,Components,WH-South,2022-04-09,2022-04-14,2022-04-14,2022,4,Q2,Apr,5,0,1,1170,1170,0,0.0,366.21,428465.7,1
PO-00580,S004,Global Parts Ltd,Tier 1,Air,Packaging,WH-Central,2022-04-09,2022-04-27,2022-05-06,2022,4,Q2,Apr,18,9,0,1467,1467,0,0.0,130.91,192044.97,1
PO-00581,S010,Reliable Goods Co.,Tier 3,Road,Chemicals,WH-South,2022-04-09,2022-04-16,2022-04-21,2022,4,Q2,Apr,7,5,0,1423,1423,0,0.0,468.39,666518.97,1
PO-00582,S001,FastTrack Logistics,Tier 1,Road,Components,WH-North,2022-04-09,2022-04-20,2022-04-20,2022,4,Q2,Apr,11,0,1,1724,1724,0,0.0,255.59,440637.16,1
PO-00583,S010,Reliable Goods Co.,Tier 3,Road,Spare Parts,WH-Central,2022-04-09,2022-04-29,2022-04-29,2022,4,Q2,Apr,20,0,1,1289,1204,85,6.59,56.93,73382.77,0
PO-00584,S006,PrimeParts Inc.,Tier 1,Sea,Textiles,WH-East,2022-04-09,2022-04-16,2022-04-16,2022,4,Q2,Apr,7,0,1,809,809,0,0.0,400.96,324376.64,1
PO-00585,S008,Northern Logistics,Tier 3,Rail,Components,WH-Central,2022-04-10,2022-04-18,2022-04-26,2022,4,Q2,Apr,8,8,0,1666,1666,0,0.0,52.27,87081.82,1
PO-00586,S006,PrimeParts Inc.,Tier 1,Sea,Electronics,WH-South,2022-04-10,2022-04-17,2022-04-17,2022,4,Q2,Apr,7,0,1,655,655,0,0.0,415.57,272198.35,1
PO-00587,S007,Swift Carriers,Tier 2,Road,Chemicals,WH-East,2022-04-10,2022-04-23,2022-04-28,2022,4,Q2,Apr,13,5,0,478,478,0,0.0,425.69,203479.82,1
PO-00588,S004,Global Parts Ltd,Tier 1,Air,Electronics,WH-Central,2022-04-10,2022-04-14,2022-04-14,2022,4,Q2,Apr,4,0,1,399,388,11,2.76,146.36,58397.64,0
PO-00589,S003,Apex Supply Co.,Tier 2,Road,Textiles,WH-North,2022-04-11,2022-04-15,2022-04-15,2022,4,Q2,Apr,4,0,1,1066,1066,0,0.0,17.9,19081.4,1
PO-00590,S009,Eastside Components,Tier 2,Sea,Finished Goods,WH-Central,2022-04-11,2022-05-02,2022-05-02,2022,4,Q2,Apr,21,0,1,1316,1316,0,0.0,282.09,371230.44,1
PO-00591,S009,Eastside Components,Tier 2,Sea,Packaging,WH-North,2022-04-11,2022-04-19,2022-04-19,2022,4,Q2,Apr,8,0,1,593,593,0,0.0,335.35,198862.55,1
PO-00592,S002,BlueStar Freight,Tier 1,Rail,Components,WH-Central,2022-04-11,2022-04-15,2022-04-15,2022,4,Q2,Apr,4,0,1,240,240,0,0.0,365.14,87633.6,1
PO-00593,S003,Apex Supply Co.,Tier 2,Road,Finished Goods,WH-East,2022-04-11,2022-04-26,2022-05-07,2022,4,Q2,Apr,15,11,0,1966,1966,0,0.0,245.34,482338.44,1
PO-00594,S003,Apex Supply Co.,Tier 2,Road,Chemicals,WH-East,2022-04-11,2022-04-19,2022-04-19,2022,4,Q2,Apr,8,0,1,1511,1511,0,0.0,160.58,242636.38,1
PO-00595,S005,Metro Distributors,Tier 2,Road,Packaging,WH-West,2022-04-11,2022-04-15,2022-04-16,2022,4,Q2,Apr,4,1,0,1113,1033,80,7.19,474.42,528029.46,0
PO-00596,S009,Eastside Components,Tier 2,Sea,Electronics,WH-West,2022-04-11,2022-04-18,2022-04-18,2022,4,Q2,Apr,7,0,1,586,586,0,0.0,494.88,289999.68,1
PO-00597,S007,Swift Carriers,Tier 2,Road,Textiles,WH-North,2022-04-12,2022-04-20,2022-04-30,2022,4,Q2,Apr,8,10,0,243,243,0,0.0,204.64,49727.52,1
PO-00598,S010,Reliable Goods Co.,Tier 3,Road,Components,WH-South,2022-04-12,2022-04-30,2022-05-14,2022,4,Q2,Apr,18,14,0,735,644,91,12.38,242.64,178340.4,0
PO-00599,S007,Swift Carriers,Tier 2,Road,Textiles,WH-South,2022-04-12,2022-04-18,2022-04-18,2022,4,Q2,Apr,6,0,1,1869,1869,0,0.0,292.87,547374.03,1
PO-00600,S009,Eastside Components,Tier 2,Sea,Components,WH-Central,2022-04-13,2022-04-27,2022-04-27,2022,4,Q2,Apr,14,0,1,1852,1852,0,0.0,140.29,259817.08,1
PO-00601,S005,Metro Distributors,Tier 2,Road,Chemicals,WH-East,2022-04-13,2022-04-29,2022-04-30,2022,4,Q2,Apr,16,1,0,1913,1913,0,0.0,412.01,788175.13,1
PO-00602,S006,PrimeParts Inc.,Tier 1,Sea,Textiles,WH-South,2022-04-13,2022-04-23,2022-04-25,2022,4,Q2,Apr,10,2,0,170,170,0,0.0,299.57,50926.9,1
PO-00603,S003,Apex Supply Co.,Tier 2,Road,Packaging,WH-East,2022-04-13,2022-04-24,2022-04-24,2022,4,Q2,Apr,11,0,1,536,536,0,0.0,187.97,100751.92,1
PO-00604,S003,Apex Supply Co.,Tier 2,Road,Packaging,WH-West,2022-04-13,2022-04-29,2022-04-29,2022,4,Q2,Apr,16,0,1,1088,1088,0,0.0,47.87,52082.56,1
PO-00605,S006,PrimeParts Inc.,Tier 1,Sea,Textiles,WH-Central,2022-04-14,2022-04-28,2022-04-28,2022,4,Q2,Apr,14,0,1,843,843,0,0.0,372.25,313806.75,1
PO-00606,S004,Global Parts Ltd,Tier 1,Air,Components,WH-West,2022-04-14,2022-05-03,2022-05-03,2022,4,Q2,Apr,19,0,1,1747,1747,0,0.0,134.5,234971.5,1
PO-00607,S004,Global Parts Ltd,Tier 1,Air,Raw Materials,WH-South,2022-04-14,2022-04-19,2022-04-20,2022,4,Q2,Apr,5,1,0,663,663,0,0.0,133.75,88676.25,1
PO-00608,S004,Global Parts Ltd,Tier 1,Air,Textiles,WH-Central,2022-04-14,2022-04-21,2022-04-21,2022,4,Q2,Apr,7,0,1,1148,998,150,13.07,135.58,155645.84,0
PO-00609,S001,FastTrack Logistics,Tier 1,Road,Raw Materials,WH-North,2022-04-15,2022-04-26,2022-04-26,2022,4,Q2,Apr,11,0,1,848,848,0,0.0,62.12,52677.76,1
PO-00610,S003,Apex Supply Co.,Tier 2,Road,Electronics,WH-Central,2022-04-15,2022-04-18,2022-04-18,2022,4,Q2,Apr,3,0,1,173,173,0,0.0,169.46,29316.58,1
PO-00611,S010,Reliable Goods Co.,Tier 3,Road,Components,WH-East,2022-04-15,2022-05-02,2022-05-02,2022,4,Q2,Apr,17,0,1,166,166,0,0.0,278.27,46192.82,1
PO-00612,S004,Global Parts Ltd,Tier 1,Air,Chemicals,WH-Central,2022-04-16,2022-04-23,2022-04-23,2022,4,Q2,Apr,7,0,1,972,972,0,0.0,192.99,187586.28,1
PO-00613,S010,Reliable Goods Co.,Tier 3,Road,Chemicals,WH-West,2022-04-16,2022-04-24,2022-05-01,2022,4,Q2,Apr,8,7,0,1326,1326,0,0.0,290.7,385468.2,1
PO-00614,S010,Reliable Goods Co.,Tier 3,Road,Chemicals,WH-South,2022-04-16,2022-04-24,2022-04-24,2022,4,Q2,Apr,8,0,1,1207,1207,0,0.0,439.88,530935.16,1
PO-00615,S002,BlueStar Freight,Tier 1,Rail,Raw Materials,WH-East,2022-04-16,2022-05-06,2022-05-06,2022,4,Q2,Apr,20,0,1,1973,1973,0,0.0,366.71,723518.83,1
PO-00616,S009,Eastside Components,Tier 2,Sea,Components,WH-Central,2022-04-16,2022-04-30,2022-04-30,2022,4,Q2,Apr,14,0,1,225,225,0,0.0,245.56,55251.0,1
PO-00617,S007,Swift Carriers,Tier 2,Road,Spare Parts,WH-Central,2022-04-16,2022-04-23,2022-04-23,2022,4,Q2,Apr,7,0,1,1477,1477,0,0.0,213.77,315738.29,1
PO-00618,S007,Swift Carriers,Tier 2,Road,Electronics,WH-South,2022-04-17,2022-05-05,2022-05-08,2022,4,Q2,Apr,18,3,0,1561,1561,0,0.0,497.35,776363.35,1
PO-00619,S004,Global Parts Ltd,Tier 1,Air,Textiles,WH-South,2022-04-17,2022-05-07,2022-05-07,2022,4,Q2,Apr,20,0,1,1891,1891,0,0.0,476.25,900588.75,1
PO-00620,S004,Global Parts Ltd,Tier 1,Air,Components,WH-East,2022-04-17,2022-04-27,2022-04-27,2022,4,Q2,Apr,10,0,1,943,943,0,0.0,281.53,265482.79,1
PO-00621,S003,Apex Supply Co.,Tier 2,Road,Electronics,WH-Central,2022-04-18,2022-04-29,2022-04-29,2022,4,Q2,Apr,11,0,1,1332,1332,0,0.0,124.7,166100.4,1
PO-00622,S005,Metro Distributors,Tier 2,Road,Raw Materials,WH-South,2022-04-18,2022-05-04,2022-05-04,2022,4,Q2,Apr,16,0,1,1530,1530,0,0.0,40.56,62056.8,1
PO-00623,S007,Swift Carriers,Tier 2,Road,Textiles,WH-West,2022-04-18,2022-04-22,2022-04-22,2022,4,Q2,Apr,4,0,1,134,134,0,0.0,430.67,57709.78,1
PO-00624,S003,Apex Supply Co.,Tier 2,Road,Raw Materials,WH-East,2022-04-19,2022-05-04,2022-05-04,2022,4,Q2,Apr,15,0,1,799,799,0,0.0,266.68,213077.32,1
PO-00625,S008,Northern Logistics,Tier 3,Rail,Spare Parts,WH-South,2022-04-19,2022-05-09,2022-05-22,2022,4,Q2,Apr,20,13,0,1651,1651,0,0.0,164.63,271804.13,1
PO-00626,S005,Metro Distributors,Tier 2,Road,Components,WH-North,2022-04-19,2022-05-09,2022-05-09,2022,4,Q2,Apr,20,0,1,1419,1281,138,9.73,54.04,76682.76,0
PO-00627,S004,Global Parts Ltd,Tier 1,Air,Packaging,WH-South,2022-04-19,2022-05-01,2022-05-01,2022,4,Q2,Apr,12,0,1,1632,1600,32,1.96,368.56,601489.92,0
PO-00628,S001,FastTrack Logistics,Tier 1,Road,Spare Parts,WH-South,2022-04-19,2022-05-05,2022-05-05,2022,4,Q2,Apr,16,0,1,1387,1387,0,0.0,118.09,163790.83,1
PO-00629,S007,Swift Carriers,Tier 2,Road,Textiles,WH-West,2022-04-20,2022-04-23,2022-05-03,2022,4,Q2,Apr,3,10,0,1150,1150,0,0.0,93.99,108088.5,1
PO-00630,S006,PrimeParts Inc.,Tier 1,Sea,Electronics,WH-Central,2022-04-20,2022-04-30,2022-04-30,2022,4,Q2,Apr,10,0,1,1052,1052,0,0.0,116.64,122705.28,1
PO-00631,S003,Apex Supply Co.,Tier 2,Road,Raw Materials,WH-South,2022-04-20,2022-04-28,2022-04-30,2022,4,Q2,Apr,8,2,0,1396,1396,0,0.0,62.39,87096.44,1
PO-00632,S003,Apex Supply Co.,Tier 2,Road,Components,WH-West,2022-04-20,2022-04-27,2022-04-27,2022,4,Q2,Apr,7,0,1,1061,1061,0,0.0,340.62,361397.82,1
PO-00633,S002,BlueStar Freight,Tier 1,Rail,Components,WH-West,2022-04-21,2022-05-07,2022-05-07,2022,4,Q2,Apr,16,0,1,303,303,0,0.0,270.29,81897.87,1
PO-00634,S004,Global Parts Ltd,Tier 1,Air,Chemicals,WH-Central,2022-04-21,2022-05-02,2022-05-02,2022,4,Q2,Apr,11,0,1,1211,1211,0,0.0,462.57,560172.27,1
PO-00635,S002,BlueStar Freight,Tier 1,Rail,Raw Materials,WH-West,2022-04-21,2022-05-09,2022-05-09,2022,4,Q2,Apr,18,0,1,1582,1582,0,0.0,222.93,352675.26,1
PO-00636,S007,Swift Carriers,Tier 2,Road,Chemicals,WH-South,2022-04-22,2022-05-12,2022-05-12,2022,4,Q2,Apr,20,0,1,1617,1617,0,0.0,59.85,96777.45,1
PO-00637,S009,Eastside Components,Tier 2,Sea,Electronics,WH-West,2022-04-22,2022-05-06,2022-05-07,2022,4,Q2,Apr,14,1,0,935,935,0,0.0,319.69,298910.15,1
PO-00638,S009,Eastside Components,Tier 2,Sea,Finished Goods,WH-East,2022-04-22,2022-05-05,2022-05-18,2022,4,Q2,Apr,13,13,0,1349,1349,0,0.0,79.3,106975.7,1
PO-00639,S010,Reliable Goods Co.,Tier 3,Road,Spare Parts,WH-East,2022-04-22,2022-05-06,2022-05-06,2022,4,Q2,Apr,14,0,1,1103,1103,0,0.0,252.94,278992.82,1
PO-00640,S010,Reliable Goods Co.,Tier 3,Road,Chemicals,WH-West,2022-04-22,2022-05-07,2022-05-07,2022,4,Q2,Apr,15,0,1,724,724,0,0.0,382.36,276828.64,1
PO-00641,S009,Eastside Components,Tier 2,Sea,Chemicals,WH-East,2022-04-23,2022-05-07,2022-05-07,2022,4,Q2,Apr,14,0,1,872,872,0,0.0,139.87,121966.64,1
PO-00642,S004,Global Parts Ltd,Tier 1,Air,Textiles,WH-North,2022-04-23,2022-05-05,2022-05-05,2022,4,Q2,Apr,12,0,1,373,373,0,0.0,417.76,155824.48,1
PO-00643,S008,Northern Logistics,Tier 3,Rail,Spare Parts,WH-Central,2022-04-23,2022-05-11,2022-05-16,2022,4,Q2,Apr,18,5,0,1637,1637,0,0.0,183.54,300454.98,1
PO-00644,S004,Global Parts Ltd,Tier 1,Air,Chemicals,WH-East,2022-04-23,2022-05-05,2022-05-05,2022,4,Q2,Apr,12,0,1,1228,1228,0,0.0,316.88,389128.64,1
PO-00645,S006,PrimeParts Inc.,Tier 1,Sea,Components,WH-East,2022-04-23,2022-05-01,2022-05-01,2022,4,Q2,Apr,8,0,1,797,797,0,0.0,366.7,292259.9,1
PO-00646,S008,Northern Logistics,Tier 3,Rail,Spare Parts,WH-East,2022-04-23,2022-05-03,2022-05-03,2022,4,Q2,Apr,10,0,1,1152,1152,0,0.0,264.17,304323.84,1
PO-00647,S006,PrimeParts Inc.,Tier 1,Sea,Finished Goods,WH-West,2022-04-23,2022-05-01,2022-05-01,2022,4,Q2,Apr,8,0,1,1753,1753,0,0.0,486.37,852606.61,1
PO-00648,S008,Northern Logistics,Tier 3,Rail,Chemicals,WH-Central,2022-04-24,2022-04-30,2022-04-30,2022,4,Q2,Apr,6,0,1,816,816,0,0.0,338.85,276501.6,1
PO-00649,S003,Apex Supply Co.,Tier 2,Road,Spare Parts,WH-North,2022-04-24,2022-04-29,2022-05-12,2022,4,Q2,Apr,5,13,0,1913,1913,0,0.0,470.43,899932.59,1
PO-00650,S009,Eastside Components,Tier 2,Sea,Components,WH-East,2022-04-24,2022-05-14,2022-05-14,2022,4,Q2,Apr,20,0,1,1273,1273,0,0.0,364.91,464530.43,1
PO-00651,S007,Swift Carriers,Tier 2,Road,Spare Parts,WH-North,2022-04-24,2022-05-14,2022-05-14,2022,4,Q2,Apr,20,0,1,116,116,0,0.0,279.43,32413.88,1
PO-00652,S009,Eastside Components,Tier 2,Sea,Finished Goods,WH-West,2022-04-25,2022-05-02,2022-05-11,2022,4,Q2,Apr,7,9,0,1531,1531,0,0.0,280.28,429108.68,1
PO-00653,S002,BlueStar Freight,Tier 1,Rail,Finished Goods,WH-East,2022-04-25,2022-04-30,2022-04-30,2022,4,Q2,Apr,5,0,1,1889,1889,0,0.0,474.42,896179.38,1
PO-00654,S010,Reliable Goods Co.,Tier 3,Road,Spare Parts,WH-East,2022-04-25,2022-05-14,2022-05-14,2022,4,Q2,Apr,19,0,1,615,615,0,0.0,328.47,202009.05,1
PO-00655,S007,Swift Carriers,Tier 2,Road,Electronics,WH-North,2022-04-26,2022-05-07,2022-05-10,2022,4,Q2,Apr,11,3,0,125,125,0,0.0,167.08,20885.0,1
PO-00656,S001,FastTrack Logistics,Tier 1,Road,Packaging,WH-North,2022-04-26,2022-05-14,2022-05-14,2022,4,Q2,Apr,18,0,1,1282,1282,0,0.0,319.75,409919.5,1
PO-00657,S008,Northern Logistics,Tier 3,Rail,Raw Materials,WH-Central,2022-04-26,2022-05-08,2022-05-08,2022,4,Q2,Apr,12,0,1,1434,1434,0,0.0,366.75,525919.5,1
PO-00658,S005,Metro Distributors,Tier 2,Road,Electronics,WH-West,2022-04-26,2022-05-09,2022-05-09,2022,4,Q2,Apr,13,0,1,235,235,0,0.0,110.66,26005.1,1
PO-00659,S003,Apex Supply Co.,Tier 2,Road,Components,WH-Central,2022-04-26,2022-04-30,2022-05-10,2022,4,Q2,Apr,4,10,0,1609,1609,0,0.0,62.35,100321.15,1
PO-00660,S005,Metro Distributors,Tier 2,Road,Raw Materials,WH-North,2022-04-26,2022-05-16,2022-05-16,2022,4,Q2,Apr,20,0,1,353,353,0,0.0,464.58,163996.74,1
PO-00661,S009,Eastside Components,Tier 2,Sea,Packaging,WH-East,2022-04-26,2022-05-14,2022-05-14,2022,4,Q2,Apr,18,0,1,544,516,28,5.15,331.95,180580.8,0
PO-00662,S007,Swift Carriers,Tier 2,Road,Raw Materials,WH-South,2022-04-26,2022-05-03,2022-05-05,2022,4,Q2,Apr,7,2,0,1996,1984,12,0.6,213.23,425607.08,0
PO-00663,S003,Apex Supply Co.,Tier 2,Road,Textiles,WH-West,2022-04-27,2022-05-12,2022-05-12,2022,4,Q2,Apr,15,0,1,199,199,0,0.0,487.44,97000.56,1
PO-00664,S004,Global Parts Ltd,Tier 1,Air,Components,WH-East,2022-04-27,2022-05-15,2022-05-15,2022,4,Q2,Apr,18,0,1,608,608,0,0.0,241.96,147111.68,1
PO-00665,S006,PrimeParts Inc.,Tier 1,Sea,Finished Goods,WH-North,2022-04-27,2022-05-07,2022-05-07,2022,4,Q2,Apr,10,0,1,1618,1466,152,9.39,297.95,482083.1,0
PO-00666,S010,Reliable Goods Co.,Tier 3,Road,Chemicals,WH-Central,2022-04-27,2022-04-30,2022-04-30,2022,4,Q2,Apr,3,0,1,1201,1024,177,14.74,363.11,436095.11,0
PO-00667,S007,Swift Carriers,Tier 2,Road,Components,WH-Central,2022-04-27,2022-05-05,2022-05-18,2022,4,Q2,Apr,8,13,0,726,726,0,0.0,423.18,307228.68,1
PO-00668,S004,Global Parts Ltd,Tier 1,Air,Chemicals,WH-South,2022-04-27,2022-04-30,2022-04-30,2022,4,Q2,Apr,3,0,1,597,597,0,0.0,38.34,22888.98,1
PO-00669,S005,Metro Distributors,Tier 2,Road,Spare Parts,WH-East,2022-04-27,2022-05-14,2022-05-15,2022,4,Q2,Apr,17,1,0,862,862,0,0.0,86.83,74847.46,1
PO-00670,S005,Metro Distributors,Tier 2,Road,Chemicals,WH-North,2022-04-28,2022-05-12,2022-05-12,2022,4,Q2,Apr,14,0,1,1470,1470,0,0.0,340.46,500476.2,1
PO-00671,S004,Global Parts Ltd,Tier 1,Air,Packaging,WH-West,2022-04-28,2022-05-08,2022-05-08,2022,4,Q2,Apr,10,0,1,1462,1462,0,0.0,231.09,337853.58,1
PO-00672,S008,Northern Logistics,Tier 3,Rail,Packaging,WH-West,2022-04-28,2022-05-16,2022-05-16,2022,4,Q2,Apr,18,0,1,69,69,0,0.0,103.99,7175.31,1
PO-00673,S006,PrimeParts Inc.,Tier 1,Sea,Components,WH-North,2022-04-29,2022-05-17,2022-05-19,2022,4,Q2,Apr,18,2,0,1352,1352,0,0.0,90.3,122085.6,1
PO-00674,S010,Reliable Goods Co.,Tier 3,Road,Chemicals,WH-West,2022-04-29,2022-05-03,2022-05-03,2022,4,Q2,Apr,4,0,1,1820,1820,0,0.0,67.46,122777.2,1
PO-00675,S006,PrimeParts Inc.,Tier 1,Sea,Components,WH-South,2022-04-29,2022-05-15,2022-05-15,2022,4,Q2,Apr,16,0,1,408,408,0,0.0,48.17,19653.36,1
PO-00676,S002,BlueStar Freight,Tier 1,Rail,Chemicals,WH-East,2022-04-29,2022-05-17,2022-05-17,2022,4,Q2,Apr,18,0,1,950,950,0,0.0,314.25,298537.5,1
PO-00677,S005,Metro Distributors,Tier 2,Road,Components,WH-West,2022-04-29,2022-05-07,2022-05-07,2022,4,Q2,Apr,8,0,1,1254,1254,0,0.0,225.42,282676.68,1
PO-00678,S006,PrimeParts Inc.,Tier 1,Sea,Textiles,WH-North,2022-04-29,2022-05-07,2022-05-07,2022,4,Q2,Apr,8,0,1,475,473,2,0.42,5.73,2721.75,0
PO-00679,S006,PrimeParts Inc.,Tier 1,Sea,Raw Materials,WH-West,2022-04-29,2022-05-05,2022-05-05,2022,4,Q2,Apr,6,0,1,1297,1297,0,0.0,415.35,538708.95,1
PO-00680,S001,FastTrack Logistics,Tier 1,Road,Components,WH-West,2022-04-29,2022-05-16,2022-05-23,2022,4,Q2,Apr,17,7,0,481,481,0,0.0,104.05,50048.05,1
PO-00681,S005,Metro Distributors,Tier 2,Road,Components,WH-North,2022-04-30,2022-05-19,2022-05-19,2022,4,Q2,Apr,19,0,1,217,217,0,0.0,298.67,64811.39,1
PO-00682,S009,Eastside Components,Tier 2,Sea,Raw Materials,WH-West,2022-04-30,2022-05-12,2022-05-13,2022,4,Q2,Apr,12,1,0,384,384,0,0.0,482.4,185241.6,1
PO-00683,S009,Eastside Components,Tier 2,Sea,Electronics,WH-Central,2022-04-30,2022-05-08,2022-05-11,2022,4,Q2,Apr,8,3,0,402,402,0,0.0,228.72,91945.44,1
PO-00684,S007,Swift Carriers,Tier 2,Road,Raw Materials,WH-North,2022-04-30,2022-05-05,2022-05-05,2022,4,Q2,Apr,5,0,1,944,944,0,0.0,206.43,194869.92,1
PO-00685,S005,Metro Distributors,Tier 2,Road,Chemicals,WH-East,2022-04-30,2022-05-04,2022-05-16,2022,4,Q2,Apr,4,12,0,297,297,0,0.0,122.64,36424.08,1
PO-00686,S004,Global Parts Ltd,Tier 1,Air,Textiles,WH-North,2022-04-30,2022-05-16,2022-05-16,2022,4,Q2,Apr,16,0,1,780,780,0,0.0,56.01,43687.8,1
PO-00687,S008,Northern Logistics,Tier 3,Rail,Textiles,WH-West,2022-04-30,2022-05-09,2022-05-09,2022,4,Q2,Apr,9,0,1,1683,1683,0,0.0,407.12,685182.96,1
PO-00688,S006,PrimeParts Inc.,Tier 1,Sea,Electronics,WH-South,2022-04-30,2022-05-10,2022-05-10,2022,4,Q2,Apr,10,0,1,1844,1844,0,0.0,53.16,98027.04,1
PO-00689,S001,FastTrack Logistics,Tier 1,Road,Packaging,WH-East,2022-05-01,2022-05-09,2022-05-12,2022,5,Q2,May,8,3,0,195,195,0,0.0,490.27,95602.65,1
PO-00690,S006,PrimeParts Inc.,Tier 1,Sea,Textiles,WH-Central,2022-05-01,2022-05-04,2022-05-04,2022,5,Q2,May,3,0,1,1707,1523,184,10.78,143.75,245381.25,0
PO-00691,S006,PrimeParts Inc.,Tier 1,Sea,Chemicals,WH-South,2022-05-01,2022-05-13,2022-05-13,2022,5,Q2,May,12,0,1,1848,1848,0,0.0,453.26,837624.48,1
PO-00692,S008,Northern Logistics,Tier 3,Rail,Textiles,WH-Central,2022-05-01,2022-05-06,2022-05-10,2022,5,Q2,May,5,4,0,844,844,0,0.0,158.05,133394.2,1
PO-00693,S007,Swift Carriers,Tier 2,Road,Components,WH-Central,2022-05-01,2022-05-06,2022-05-06,2022,5,Q2,May,5,0,1,880,880,0,0.0,415.12,365305.6,1
PO-00694,S002,BlueStar Freight,Tier 1,Rail,Finished Goods,WH-Central,2022-05-02,2022-05-16,2022-05-16,2022,5,Q2,May,14,0,1,405,405,0,0.0,159.65,64658.25,1
PO-00695,S001,FastTrack Logistics,Tier 1,Road,Raw Materials,WH-East,2022-05-02,2022-05-09,2022-05-09,2022,5,Q2,May,7,0,1,292,292,0,0.0,165.79,48410.68,1
PO-00696,S001,FastTrack Logistics,Tier 1,Road,Spare Parts,WH-South,2022-05-02,2022-05-09,2022-05-09,2022,5,Q2,May,7,0,1,1317,1317,0,0.0,476.39,627405.63,1
PO-00697,S002,BlueStar Freight,Tier 1,Rail,Components,WH-Central,2022-05-02,2022-05-08,2022-05-16,2022,5,Q2,May,6,8,0,1783,1783,0,0.0,125.19,223213.77,1
PO-00698,S007,Swift Carriers,Tier 2,Road,Finished Goods,WH-West,2022-05-02,2022-05-09,2022-05-09,2022,5,Q2,May,7,0,1,1066,1066,0,0.0,487.83,520026.78,1
PO-00699,S004,Global Parts Ltd,Tier 1,Air,Packaging,WH-North,2022-05-02,2022-05-13,2022-05-13,2022,5,Q2,May,11,0,1,221,221,0,0.0,269.06,59462.26,1
PO-00700,S009,Eastside Components,Tier 2,Sea,Textiles,WH-Central,2022-05-02,2022-05-21,2022-05-24,2022,5,Q2,May,19,3,0,1680,1680,0,0.0,73.2,122976.0,1
PO-00701,S008,Northern Logistics,Tier 3,Rail,Finished Goods,WH-West,2022-05-02,2022-05-08,2022-05-10,2022,5,Q2,May,6,2,0,1728,1728,0,0.0,422.71,730442.88,1
PO-00702,S007,Swift Carriers,Tier 2,Road,Electronics,WH-West,2022-05-03,2022-05-24,2022-05-24,2022,5,Q2,May,21,0,1,1112,1112,0,0.0,385.07,428197.84,1
PO-00703,S004,Global Parts Ltd,Tier 1,Air,Chemicals,WH-South,2022-05-03,2022-05-22,2022-05-22,2022,5,Q2,May,19,0,1,339,339,0,0.0,139.98,47453.22,1
PO-00704,S003,Apex Supply Co.,Tier 2,Road,Textiles,WH-North,2022-05-03,2022-05-20,2022-05-20,2022,5,Q2,May,17,0,1,1815,1815,0,0.0,83.9,152278.5,1
PO-00705,S010,Reliable Goods Co.,Tier 3,Road,Chemicals,WH-Central,2022-05-03,2022-05-16,2022-05-22,2022,5,Q2,May,13,6,0,1528,1528,0,0.0,205.14,313453.92,1
PO-00706,S007,Swift Carriers,Tier 2,Road,Spare Parts,WH-West,2022-05-03,2022-05-13,2022-05-13,2022,5,Q2,May,10,0,1,474,474,0,0.0,343.41,162776.34,1
PO-00707,S009,Eastside Components,Tier 2,Sea,Raw Materials,WH-West,2022-05-04,2022-05-09,2022-05-09,2022,5,Q2,May,5,0,1,771,771,0,0.0,193.21,148964.91,1
PO-00708,S004,Global Parts Ltd,Tier 1,Air,Finished Goods,WH-North,2022-05-04,2022-05-09,2022-05-09,2022,5,Q2,May,5,0,1,664,664,0,0.0,417.16,276994.24,1
PO-00709,S002,BlueStar Freight,Tier 1,Rail,Raw Materials,WH-North,2022-05-04,2022-05-07,2022-05-07,2022,5,Q2,May,3,0,1,1127,1127,0,0.0,46.25,52123.75,1
PO-00710,S003,Apex Supply Co.,Tier 2,Road,Textiles,WH-East,2022-05-04,2022-05-14,2022-05-24,2022,5,Q2,May,10,10,0,1835,1835,0,0.0,451.97,829364.95,1
PO-00711,S003,Apex Supply Co.,Tier 2,Road,Electronics,WH-East,2022-05-04,2022-05-12,2022-05-12,2022,5,Q2,May,8,0,1,1670,1670,0,0.0,91.22,152337.4,1
PO-00712,S009,Eastside Components,Tier 2,Sea,Finished Goods,WH-North,2022-05-04,2022-05-11,2022-05-11,2022,5,Q2,May,7,0,1,1661,1661,0,0.0,482.54,801498.94,1
PO-00713,S004,Global Parts Ltd,Tier 1,Air,Electronics,WH-South,2022-05-04,2022-05-10,2022-05-10,2022,5,Q2,May,6,0,1,1825,1825,0,0.0,18.49,33744.25,1
PO-00714,S007,Swift Carriers,Tier 2,Road,Packaging,WH-North,2022-05-05,2022-05-19,2022-05-19,2022,5,Q2,May,14,0,1,1565,1565,0,0.0,425.42,665782.3,1
PO-00715,S008,Northern Logistics,Tier 3,Rail,Spare Parts,WH-Central,2022-05-05,2022-05-14,2022-05-23,2022,5,Q2,May,9,9,0,203,203,0,0.0,324.84,65942.52,1
PO-00716,S002,BlueStar Freight,Tier 1,Rail,Packaging,WH-North,2022-05-05,2022-05-19,2022-05-19,2022,5,Q2,May,14,0,1,1464,1464,0,0.0,46.44,67988.16,1
PO-00717,S010,Reliable Goods Co.,Tier 3,Road,Textiles,WH-North,2022-05-05,2022-05-15,2022-05-15,2022,5,Q2,May,10,0,1,1153,1002,151,13.1,242.79,279936.87,0
PO-00718,S002,BlueStar Freight,Tier 1,Rail,Raw Materials,WH-Central,2022-05-05,2022-05-12,2022-05-12,2022,5,Q2,May,7,0,1,1211,1211,0,0.0,466.05,564386.55,1
PO-00719,S008,Northern Logistics,Tier 3,Rail,Finished Goods,WH-South,2022-05-06,2022-05-18,2022-05-18,2022,5,Q2,May,12,0,1,1642,1642,0,0.0,201.14,330271.88,1
PO-00720,S004,Global Parts Ltd,Tier 1,Air,Spare Parts,WH-North,2022-05-06,2022-05-19,2022-05-19,2022,5,Q2,May,13,0,1,638,638,0,0.0,352.81,225092.78,1
PO-00721,S001,FastTrack Logistics,Tier 1,Road,Finished Goods,WH-West,2022-05-06,2022-05-16,2022-05-16,2022,5,Q2,May,10,0,1,1661,1661,0,0.0,71.49,118744.89,1
PO-00722,S001,FastTrack Logistics,Tier 1,Road,Components,WH-East,2022-05-07,2022-05-13,2022-05-13,2022,5,Q2,May,6,0,1,1169,1169,0,0.0,213.45,249523.05,1
PO-00723,S006,PrimeParts Inc.,Tier 1,Sea,Packaging,WH-North,2022-05-07,2022-05-23,2022-05-23,2022,5,Q2,May,16,0,1,796,796,0,0.0,39.27,31258.92,1
PO-00724,S010,Reliable Goods Co.,Tier 3,Road,Chemicals,WH-North,2022-05-07,2022-05-13,2022-05-25,2022,5,Q2,May,6,12,0,1717,1717,0,0.0,191.36,328565.12,1
PO-00725,S001,FastTrack Logistics,Tier 1,Road,Textiles,WH-South,2022-05-07,2022-05-17,2022-05-17,2022,5,Q2,May,10,0,1,813,729,84,10.33,225.99,183729.87,0
PO-00726,S007,Swift Carriers,Tier 2,Road,Chemicals,WH-North,2022-05-07,2022-05-25,2022-05-25,2022,5,Q2,May,18,0,1,1648,1491,157,9.53,293.12,483061.76,0
PO-00727,S002,BlueStar Freight,Tier 1,Rail,Components,WH-South,2022-05-07,2022-05-18,2022-05-18,2022,5,Q2,May,11,0,1,1981,1981,0,0.0,409.36,810942.16,1
PO-00728,S006,PrimeParts Inc.,Tier 1,Sea,Chemicals,WH-South,2022-05-07,2022-05-12,2022-05-12,2022,5,Q2,May,5,0,1,1839,1839,0,0.0,259.35,476944.65,1
PO-00729,S009,Eastside Components,Tier 2,Sea,Textiles,WH-North,2022-05-08,2022-05-11,2022-05-11,2022,5,Q2,May,3,0,1,1224,1224,0,0.0,295.56,361765.44,1
PO-00730,S001,FastTrack Logistics,Tier 1,Road,Finished Goods,WH-East,2022-05-08,2022-05-19,2022-05-19,2022,5,Q2,May,11,0,1,685,685,0,0.0,317.69,217617.65,1
PO-00731,S002,BlueStar Freight,Tier 1,Rail,Chemicals,WH-South,2022-05-08,2022-05-25,2022-05-25,2022,5,Q2,May,17,0,1,1397,1397,0,0.0,5.13,7166.61,1
PO-00732,S009,Eastside Components,Tier 2,Sea,Electronics,WH-East,2022-05-08,2022-05-25,2022-05-25,2022,5,Q2,May,17,0,1,1084,1084,0,0.0,354.08,383822.72,1
PO-00733,S009,Eastside Components,Tier 2,Sea,Spare Parts,WH-Central,2022-05-09,2022-05-17,2022-05-17,2022,5,Q2,May,8,0,1,1594,1594,0,0.0,69.61,110958.34,1
PO-00734,S007,Swift Carriers,Tier 2,Road,Electronics,WH-South,2022-05-09,2022-05-12,2022-05-12,2022,5,Q2,May,3,0,1,1556,1556,0,0.0,49.06,76337.36,1
PO-00735,S003,Apex Supply Co.,Tier 2,Road,Spare Parts,WH-West,2022-05-09,2022-05-18,2022-05-18,2022,5,Q2,May,9,0,1,1533,1533,0,0.0,421.8,646619.4,1
PO-00736,S005,Metro Distributors,Tier 2,Road,Packaging,WH-East,2022-05-10,2022-05-21,2022-05-21,2022,5,Q2,May,11,0,1,1681,1681,0,0.0,127.4,214159.4,1
PO-00737,S010,Reliable Goods Co.,Tier 3,Road,Packaging,WH-West,2022-05-10,2022-05-26,2022-06-04,2022,5,Q2,May,16,9,0,1917,1917,0,0.0,413.01,791740.17,1
PO-00738,S006,PrimeParts Inc.,Tier 1,Sea,Raw Materials,WH-East,2022-05-10,2022-05-26,2022-05-26,2022,5,Q2,May,16,0,1,1033,1033,0,0.0,22.3,23035.9,1
PO-00739,S006,PrimeParts Inc.,Tier 1,Sea,Components,WH-West,2022-05-10,2022-05-14,2022-05-23,2022,5,Q2,May,4,9,0,1559,1559,0,0.0,155.71,242751.89,1
PO-00740,S007,Swift Carriers,Tier 2,Road,Finished Goods,WH-Central,2022-05-10,2022-05-13,2022-05-13,2022,5,Q2,May,3,0,1,688,688,0,0.0,495.84,341137.92,1
PO-00741,S003,Apex Supply Co.,Tier 2,Road,Chemicals,WH-West,2022-05-10,2022-05-21,2022-05-21,2022,5,Q2,May,11,0,1,632,632,0,0.0,68.27,43146.64,1
PO-00742,S007,Swift Carriers,Tier 2,Road,Chemicals,WH-North,2022-05-10,2022-05-20,2022-05-20,2022,5,Q2,May,10,0,1,1700,1700,0,0.0,12.1,20570.0,1
PO-00743,S008,Northern Logistics,Tier 3,Rail,Textiles,WH-West,2022-05-11,2022-05-28,2022-05-28,2022,5,Q2,May,17,0,1,1576,1576,0,0.0,158.39,249622.64,1
PO-00744,S004,Global Parts Ltd,Tier 1,Air,Raw Materials,WH-Central,2022-05-11,2022-05-22,2022-05-22,2022,5,Q2,May,11,0,1,286,286,0,0.0,302.64,86555.04,1
PO-00745,S006,PrimeParts Inc.,Tier 1,Sea,Spare Parts,WH-Central,2022-05-11,2022-05-20,2022-05-30,2022,5,Q2,May,9,10,0,728,728,0,0.0,6.63,4826.64,1
PO-00746,S005,Metro Distributors,Tier 2,Road,Finished Goods,WH-East,2022-05-11,2022-05-16,2022-05-16,2022,5,Q2,May,5,0,1,1758,1758,0,0.0,386.97,680293.26,1
PO-00747,S005,Metro Distributors,Tier 2,Road,Spare Parts,WH-South,2022-05-11,2022-05-22,2022-06-01,2022,5,Q2,May,11,10,0,1681,1681,0,0.0,37.92,63743.52,1
PO-00748,S008,Northern Logistics,Tier 3,Rail,Raw Materials,WH-North,2022-05-11,2022-05-31,2022-05-31,2022,5,Q2,May,20,0,1,55,55,0,0.0,140.88,7748.4,1
PO-00749,S007,Swift Carriers,Tier 2,Road,Textiles,WH-West,2022-05-11,2022-05-17,2022-05-28,2022,5,Q2,May,6,11,0,620,620,0,0.0,395.19,245017.8,1
PO-00750,S001,FastTrack Logistics,Tier 1,Road,Chemicals,WH-South,2022-05-12,2022-05-20,2022-05-20,2022,5,Q2,May,8,0,1,1862,1862,0,0.0,340.01,633098.62,1
PO-00751,S001,FastTrack Logistics,Tier 1,Road,Components,WH-North,2022-05-12,2022-05-22,2022-05-22,2022,5,Q2,May,10,0,1,1192,1192,0,0.0,386.15,460290.8,1
PO-00752,S005,Metro Distributors,Tier 2,Road,Spare Parts,WH-South,2022-05-12,2022-05-19,2022-05-19,2022,5,Q2,May,7,0,1,1521,1521,0,0.0,90.7,137954.7,1
PO-00753,S003,Apex Supply Co.,Tier 2,Road,Raw Materials,WH-West,2022-05-13,2022-05-28,2022-05-28,2022,5,Q2,May,15,0,1,288,288,0,0.0,223.29,64307.52,1
PO-00754,S008,Northern Logistics,Tier 3,Rail,Finished Goods,WH-North,2022-05-13,2022-05-22,2022-05-30,2022,5,Q2,May,9,8,0,1288,1288,0,0.0,111.22,143251.36,1
PO-00755,S010,Reliable Goods Co.,Tier 3,Road,Packaging,WH-West,2022-05-13,2022-06-01,2022-06-01,2022,5,Q2,May,19,0,1,839,803,36,4.29,129.83,108927.37,0
PO-00756,S002,BlueStar Freight,Tier 1,Rail,Raw Materials,WH-North,2022-05-14,2022-05-27,2022-05-27,2022,5,Q2,May,13,0,1,552,552,0,0.0,307.86,169938.72,1
PO-00757,S006,PrimeParts Inc.,Tier 1,Sea,Electronics,WH-Central,2022-05-14,2022-06-03,2022-06-03,2022,5,Q2,May,20,0,1,56,56,0,0.0,261.73,14656.88,1
PO-00758,S005,Metro Distributors,Tier 2,Road,Textiles,WH-Central,2022-05-14,2022-05-26,2022-05-26,2022,5,Q2,May,12,0,1,1247,1247,0,0.0,205.33,256046.51,1
PO-00759,S009,Eastside Components,Tier 2,Sea,Textiles,WH-South,2022-05-14,2022-05-21,2022-06-03,2022,5,Q2,May,7,13,0,944,944,0,0.0,25.27,23854.88,1
PO-00760,S003,Apex Supply Co.,Tier 2,Road,Components,WH-West,2022-05-15,2022-05-29,2022-06-05,2022,5,Q2,May,14,7,0,1382,1382,0,0.0,189.41,261764.62,1
PO-00761,S006,PrimeParts Inc.,Tier 1,Sea,Raw Materials,WH-South,2022-05-15,2022-05-28,2022-06-11,2022,5,Q2,May,13,14,0,59,59,0,0.0,135.3,7982.7,1
PO-00762,S008,Northern Logistics,Tier 3,Rail,Chemicals,WH-Central,2022-05-15,2022-05-28,2022-05-28,2022,5,Q2,May,13,0,1,1332,1332,0,0.0,62.13,82757.16,1
PO-00763,S007,Swift Carriers,Tier 2,Road,Raw Materials,WH-West,2022-05-15,2022-06-05,2022-06-05,2022,5,Q2,May,21,0,1,1184,1184,0,0.0,320.63,379625.92,1
PO-00764,S006,PrimeParts Inc.,Tier 1,Sea,Chemicals,WH-East,2022-05-16,2022-05-26,2022-05-26,2022,5,Q2,May,10,0,1,388,388,0,0.0,61.35,23803.8,1
PO-00765,S006,PrimeParts Inc.,Tier 1,Sea,Electronics,WH-West,2022-05-16,2022-05-26,2022-05-26,2022,5,Q2,May,10,0,1,1482,1482,0,0.0,338.18,501182.76,1
PO-00766,S007,Swift Carriers,Tier 2,Road,Packaging,WH-South,2022-05-16,2022-05-26,2022-05-26,2022,5,Q2,May,10,0,1,187,187,0,0.0,413.34,77294.58,1
PO-00767,S002,BlueStar Freight,Tier 1,Rail,Finished Goods,WH-West,2022-05-16,2022-05-24,2022-05-24,2022,5,Q2,May,8,0,1,1456,1456,0,0.0,253.87,369634.72,1
PO-00768,S002,BlueStar Freight,Tier 1,Rail,Finished Goods,WH-West,2022-05-16,2022-05-24,2022-05-24,2022,5,Q2,May,8,0,1,53,53,0,0.0,342.15,18133.95,1
PO-00769,S001,FastTrack Logistics,Tier 1,Road,Textiles,WH-East,2022-05-16,2022-05-19,2022-05-19,2022,5,Q2,May,3,0,1,1582,1582,0,0.0,468.68,741451.76,1
PO-00770,S004,Global Parts Ltd,Tier 1,Air,Raw Materials,WH-Central,2022-05-16,2022-06-01,2022-06-01,2022,5,Q2,May,16,0,1,1119,1119,0,0.0,348.08,389501.52,1
PO-00771,S010,Reliable Goods Co.,Tier 3,Road,Chemicals,WH-East,2022-05-17,2022-05-29,2022-05-31,2022,5,Q2,May,12,2,0,890,865,25,2.81,104.65,93138.5,0
PO-00772,S004,Global Parts Ltd,Tier 1,Air,Chemicals,WH-West,2022-05-17,2022-05-28,2022-05-28,2022,5,Q2,May,11,0,1,1116,1116,0,0.0,159.38,177868.08,1
PO-00773,S003,Apex Supply Co.,Tier 2,Road,Electronics,WH-Central,2022-05-17,2022-06-06,2022-06-06,2022,5,Q2,May,20,0,1,1049,1049,0,0.0,7.32,7678.68,1
PO-00774,S004,Global Parts Ltd,Tier 1,Air,Components,WH-East,2022-05-17,2022-05-25,2022-05-25,2022,5,Q2,May,8,0,1,589,589,0,0.0,382.31,225180.59,1
PO-00775,S007,Swift Carriers,Tier 2,Road,Spare Parts,WH-West,2022-05-18,2022-05-30,2022-05-30,2022,5,Q2,May,12,0,1,671,671,0,0.0,377.41,253242.11,1
PO-00776,S009,Eastside Components,Tier 2,Sea,Packaging,WH-Central,2022-05-18,2022-05-23,2022-05-23,2022,5,Q2,May,5,0,1,1996,1996,0,0.0,273.79,546484.84,1
PO-00777,S003,Apex Supply Co.,Tier 2,Road,Spare Parts,WH-South,2022-05-18,2022-05-31,2022-06-07,2022,5,Q2,May,13,7,0,1103,1103,0,0.0,367.65,405517.95,1
PO-00778,S008,Northern Logistics,Tier 3,Rail,Packaging,WH-South,2022-05-18,2022-05-24,2022-06-04,2022,5,Q2,May,6,11,0,1493,1493,0,0.0,35.99,53733.07,1
PO-00779,S001,FastTrack Logistics,Tier 1,Road,Finished Goods,WH-Central,2022-05-19,2022-06-07,2022-06-07,2022,5,Q2,May,19,0,1,1985,1985,0,0.0,268.04,532059.4,1
PO-00780,S007,Swift Carriers,Tier 2,Road,Electronics,WH-South,2022-05-19,2022-06-02,2022-06-10,2022,5,Q2,May,14,8,0,927,927,0,0.0,100.98,93608.46,1
PO-00781,S010,Reliable Goods Co.,Tier 3,Road,Packaging,WH-East,2022-05-19,2022-06-06,2022-06-17,2022,5,Q2,May,18,11,0,943,943,0,0.0,256.26,241653.18,1
PO-00782,S004,Global Parts Ltd,Tier 1,Air,Packaging,WH-North,2022-05-19,2022-05-27,2022-05-27,2022,5,Q2,May,8,0,1,1336,1181,155,11.6,472.16,630805.76,0
PO-00783,S007,Swift Carriers,Tier 2,Road,Finished Goods,WH-North,2022-05-19,2022-06-04,2022-06-16,2022,5,Q2,May,16,12,0,1256,1256,0,0.0,72.24,90733.44,1
PO-00784,S009,Eastside Components,Tier 2,Sea,Textiles,WH-East,2022-05-19,2022-05-31,2022-05-31,2022,5,Q2,May,12,0,1,860,860,0,0.0,378.24,325286.4,1
PO-00785,S010,Reliable Goods Co.,Tier 3,Road,Chemicals,WH-North,2022-05-20,2022-05-29,2022-06-09,2022,5,Q2,May,9,11,0,1442,1442,0,0.0,186.1,268356.2,1
PO-00786,S005,Metro Distributors,Tier 2,Road,Electronics,WH-East,2022-05-20,2022-06-10,2022-06-10,2022,5,Q2,May,21,0,1,401,401,0,0.0,357.48,143349.48,1
PO-00787,S002,BlueStar Freight,Tier 1,Rail,Components,WH-Central,2022-05-20,2022-06-10,2022-06-10,2022,5,Q2,May,21,0,1,1671,1663,8,0.48,52.34,87460.14,0
PO-00788,S008,Northern Logistics,Tier 3,Rail,Spare Parts,WH-South,2022-05-20,2022-05-23,2022-05-23,2022,5,Q2,May,3,0,1,794,676,118,14.86,183.82,145953.08,0
PO-00789,S003,Apex Supply Co.,Tier 2,Road,Spare Parts,WH-East,2022-05-20,2022-05-23,2022-05-23,2022,5,Q2,May,3,0,1,940,853,87,9.26,112.78,106013.2,0
PO-00790,S006,PrimeParts Inc.,Tier 1,Sea,Components,WH-South,2022-05-20,2022-05-27,2022-05-27,2022,5,Q2,May,7,0,1,1838,1838,0,0.0,318.06,584594.28,1
PO-00791,S007,Swift Carriers,Tier 2,Road,Chemicals,WH-South,2022-05-20,2022-05-27,2022-05-27,2022,5,Q2,May,7,0,1,152,152,0,0.0,109.24,16604.48,1
PO-00792,S001,FastTrack Logistics,Tier 1,Road,Spare Parts,WH-West,2022-05-21,2022-06-09,2022-06-09,2022,5,Q2,May,19,0,1,491,491,0,0.0,443.73,217871.43,1
PO-00793,S010,Reliable Goods Co.,Tier 3,Road,Electronics,WH-East,2022-05-21,2022-05-27,2022-05-27,2022,5,Q2,May,6,0,1,1248,1248,0,0.0,32.03,39973.44,1
PO-00794,S002,BlueStar Freight,Tier 1,Rail,Chemicals,WH-Central,2022-05-21,2022-06-03,2022-06-03,2022,5,Q2,May,13,0,1,520,464,56,10.77,468.67,243708.4,0
PO-00795,S006,PrimeParts Inc.,Tier 1,Sea,Textiles,WH-Central,2022-05-21,2022-06-10,2022-06-10,2022,5,Q2,May,20,0,1,630,630,0,0.0,283.97,178901.1,1
PO-00796,S001,FastTrack Logistics,Tier 1,Road,Spare Parts,WH-West,2022-05-22,2022-05-31,2022-05-31,2022,5,Q2,May,9,0,1,211,211,0,0.0,100.51,21207.61,1
PO-00797,S001,FastTrack Logistics,Tier 1,Road,Electronics,WH-Central,2022-05-22,2022-05-28,2022-05-28,2022,5,Q2,May,6,0,1,661,661,0,0.0,58.87,38913.07,1
PO-00798,S005,Metro Distributors,Tier 2,Road,Packaging,WH-South,2022-05-22,2022-05-26,2022-05-26,2022,5,Q2,May,4,0,1,1271,1271,0,0.0,390.7,496579.7,1
PO-00799,S005,Metro Distributors,Tier 2,Road,Chemicals,WH-North,2022-05-22,2022-06-10,2022-06-20,2022,5,Q2,May,19,10,0,1015,1015,0,0.0,240.85,244462.75,1
PO-00800,S007,Swift Carriers,Tier 2,Road,Electronics,WH-Central,2022-05-22,2022-05-28,2022-05-28,2022,5,Q2,May,6,0,1,1560,1560,0,0.0,153.08,238804.8,1
PO-00801,S005,Metro Distributors,Tier 2,Road,Finished Goods,WH-South,2022-05-22,2022-06-03,2022-06-03,2022,5,Q2,May,12,0,1,1580,1580,0,0.0,52.5,82950.0,1
PO-00802,S002,BlueStar Freight,Tier 1,Rail,Finished Goods,WH-East,2022-05-22,2022-06-09,2022-06-09,2022,5,Q2,May,18,0,1,1365,1365,0,0.0,82.86,113103.9,1
PO-00803,S006,PrimeParts Inc.,Tier 1,Sea,Chemicals,WH-West,2022-05-22,2022-06-08,2022-06-08,2022,5,Q2,May,17,0,1,925,925,0,0.0,317.65,293826.25,1
PO-00804,S005,Metro Distributors,Tier 2,Road,Spare Parts,WH-East,2022-05-23,2022-06-11,2022-06-11,2022,5,Q2,May,19,0,1,1311,1311,0,0.0,317.38,416085.18,1
PO-00805,S004,Global Parts Ltd,Tier 1,Air,Electronics,WH-North,2022-05-23,2022-05-31,2022-05-31,2022,5,Q2,May,8,0,1,1814,1814,0,0.0,112.12,203385.68,1
PO-00806,S010,Reliable Goods Co.,Tier 3,Road,Packaging,WH-West,2022-05-23,2022-05-31,2022-06-07,2022,5,Q2,May,8,7,0,1512,1512,0,0.0,52.34,79138.08,1
PO-00807,S006,PrimeParts Inc.,Tier 1,Sea,Raw Materials,WH-South,2022-05-24,2022-06-07,2022-06-07,2022,5,Q2,May,14,0,1,1574,1574,0,0.0,409.3,644238.2,1
PO-00808,S005,Metro Distributors,Tier 2,Road,Spare Parts,WH-West,2022-05-24,2022-06-08,2022-06-08,2022,5,Q2,May,15,0,1,1168,1162,6,0.51,118.17,138022.56,0
PO-00809,S007,Swift Carriers,Tier 2,Road,Chemicals,WH-West,2022-05-24,2022-06-07,2022-06-07,2022,5,Q2,May,14,0,1,944,944,0,0.0,446.85,421826.4,1
PO-00810,S002,BlueStar Freight,Tier 1,Rail,Chemicals,WH-Central,2022-05-25,2022-06-12,2022-06-12,2022,5,Q2,May,18,0,1,714,714,0,0.0,42.69,30480.66,1
PO-00811,S007,Swift Carriers,Tier 2,Road,Spare Parts,WH-North,2022-05-25,2022-06-02,2022-06-14,2022,5,Q2,May,8,12,0,1334,1334,0,0.0,306.63,409044.42,1
PO-00812,S005,Metro Distributors,Tier 2,Road,Raw Materials,WH-North,2022-05-25,2022-05-31,2022-05-31,2022,5,Q2,May,6,0,1,997,997,0,0.0,435.81,434502.57,1
PO-00813,S010,Reliable Goods Co.,Tier 3,Road,Electronics,WH-West,2022-05-25,2022-06-01,2022-06-01,2022,5,Q2,May,7,0,1,996,996,0,0.0,241.23,240265.08,1
PO-00814,S001,FastTrack Logistics,Tier 1,Road,Finished Goods,WH-Central,2022-05-26,2022-06-14,2022-06-14,2022,5,Q2,May,19,0,1,1013,1013,0,0.0,390.66,395738.58,1
PO-00815,S010,Reliable Goods Co.,Tier 3,Road,Raw Materials,WH-East,2022-05-26,2022-06-16,2022-06-16,2022,5,Q2,May,21,0,1,638,638,0,0.0,95.66,61031.08,1
PO-00816,S010,Reliable Goods Co.,Tier 3,Road,Components,WH-East,2022-05-26,2022-06-10,2022-06-10,2022,5,Q2,May,15,0,1,949,949,0,0.0,411.28,390304.72,1
PO-00817,S003,Apex Supply Co.,Tier 2,Road,Components,WH-South,2022-05-26,2022-06-15,2022-06-15,2022,5,Q2,May,20,0,1,1604,1604,0,0.0,288.14,462176.56,1
PO-00818,S007,Swift Carriers,Tier 2,Road,Electronics,WH-North,2022-05-26,2022-06-08,2022-06-09,2022,5,Q2,May,13,1,0,690,690,0,0.0,443.88,306277.2,1
PO-00819,S003,Apex Supply Co.,Tier 2,Road,Chemicals,WH-North,2022-05-27,2022-06-15,2022-06-15,2022,5,Q2,May,19,0,1,1177,1177,0,0.0,191.55,225454.35,1
PO-00820,S009,Eastside Components,Tier 2,Sea,Spare Parts,WH-South,2022-05-27,2022-06-03,2022-06-03,2022,5,Q2,May,7,0,1,748,748,0,0.0,314.34,235126.32,1
PO-00821,S009,Eastside Components,Tier 2,Sea,Textiles,WH-North,2022-05-27,2022-06-12,2022-06-26,2022,5,Q2,May,16,14,0,1990,1990,0,0.0,272.02,541319.8,1
PO-00822,S002,BlueStar Freight,Tier 1,Rail,Spare Parts,WH-South,2022-05-28,2022-06-01,2022-06-01,2022,5,Q2,May,4,0,1,1669,1669,0,0.0,394.22,657953.18,1
PO-00823,S007,Swift Carriers,Tier 2,Road,Electronics,WH-Central,2022-05-28,2022-06-04,2022-06-04,2022,5,Q2,May,7,0,1,376,376,0,0.0,282.38,106174.88,1
PO-00824,S002,BlueStar Freight,Tier 1,Rail,Finished Goods,WH-West,2022-05-28,2022-06-10,2022-06-10,2022,5,Q2,May,13,0,1,1842,1600,242,13.14,61.49,113264.58,0
PO-00825,S005,Metro Distributors,Tier 2,Road,Textiles,WH-West,2022-05-28,2022-06-12,2022-06-12,2022,5,Q2,May,15,0,1,1256,1256,0,0.0,313.51,393768.56,1
PO-00826,S009,Eastside Components,Tier 2,Sea,Components,WH-South,2022-05-28,2022-06-16,2022-06-16,2022,5,Q2,May,19,0,1,1917,1917,0,0.0,245.3,470240.1,1
PO-00827,S003,Apex Supply Co.,Tier 2,Road,Chemicals,WH-North,2022-05-28,2022-06-08,2022-06-13,2022,5,Q2,May,11,5,0,96,96,0,0.0,459.79,44139.84,1
PO-00828,S001,FastTrack Logistics,Tier 1,Road,Electronics,WH-South,2022-05-28,2022-06-04,2022-06-04,2022,5,Q2,May,7,0,1,1158,1158,0,0.0,236.49,273855.42,1
PO-00829,S004,Global Parts Ltd,Tier 1,Air,Textiles,WH-South,2022-05-29,2022-06-10,2022-06-10,2022,5,Q2,May,12,0,1,1708,1708,0,0.0,262.43,448230.44,1
PO-00830,S008,Northern Logistics,Tier 3,Rail,Chemicals,WH-East,2022-05-29,2022-06-07,2022-06-07,2022,5,Q2,May,9,0,1,1329,1329,0,0.0,17.46,23204.34,1
PO-00831,S010,Reliable Goods Co.,Tier 3,Road,Chemicals,WH-West,2022-05-29,2022-06-12,2022-06-12,2022,5,Q2,May,14,0,1,650,650,0,0.0,241.29,156838.5,1
PO-00832,S003,Apex Supply Co.,Tier 2,Road,Components,WH-East,2022-05-29,2022-06-12,2022-06-12,2022,5,Q2,May,14,0,1,1857,1857,0,0.0,117.14,217528.98,1
PO-00833,S004,Global Parts Ltd,Tier 1,Air,Components,WH-North,2022-05-29,2022-06-06,2022-06-06,2022,5,Q2,May,8,0,1,651,651,0,0.0,81.91,53323.41,1
PO-00834,S010,Reliable Goods Co.,Tier 3,Road,Packaging,WH-Central,2022-05-29,2022-06-06,2022-06-06,2022,5,Q2,May,8,0,1,1185,1034,151,12.74,175.21,207623.85,0
PO-00835,S003,Apex Supply Co.,Tier 2,Road,Raw Materials,WH-East,2022-05-30,2022-06-18,2022-06-18,2022,5,Q2,May,19,0,1,1622,1622,0,0.0,418.0,677996.0,1
PO-00836,S005,Metro Distributors,Tier 2,Road,Chemicals,WH-Central,2022-05-30,2022-06-05,2022-06-05,2022,5,Q2,May,6,0,1,93,93,0,0.0,113.68,10572.24,1
PO-00837,S005,Metro Distributors,Tier 2,Road,Chemicals,WH-Central,2022-05-30,2022-06-10,2022-06-10,2022,5,Q2,May,11,0,1,1983,1779,204,10.29,90.89,180234.87,0
PO-00838,S008,Northern Logistics,Tier 3,Rail,Finished Goods,WH-North,2022-05-30,2022-06-20,2022-06-26,2022,5,Q2,May,21,6,0,1621,1621,0,0.0,32.77,53120.17,1
PO-00839,S002,BlueStar Freight,Tier 1,Rail,Spare Parts,WH-West,2022-05-31,2022-06-11,2022-06-11,2022,5,Q2,May,11,0,1,1904,1904,0,0.0,382.57,728413.28,1
PO-00840,S002,BlueStar Freight,Tier 1,Rail,Raw Materials,WH-West,2022-05-31,2022-06-09,2022-06-09,2022,5,Q2,May,9,0,1,1226,1226,0,0.0,431.93,529546.18,1
PO-00841,S001,FastTrack Logistics,Tier 1,Road,Chemicals,WH-West,2022-05-31,2022-06-16,2022-06-16,2022,5,Q2,May,16,0,1,1495,1495,0,0.0,160.49,239932.55,1
PO-00842,S005,Metro Distributors,Tier 2,Road,Electronics,WH-West,2022-05-31,2022-06-11,2022-06-11,2022,5,Q2,May,11,0,1,1466,1466,0,0.0,85.2,124903.2,1
PO-00843,S003,Apex Supply Co.,Tier 2,Road,Textiles,WH-South,2022-05-31,2022-06-11,2022-06-11,2022,5,Q2,May,11,0,1,1596,1596,0,0.0,476.89,761116.44,1
PO-00844,S010,Reliable Goods Co.,Tier 3,Road,Electronics,WH-South,2022-06-01,2022-06-18,2022-06-18,2022,6,Q2,Jun,17,0,1,1062,1062,0,0.0,384.69,408540.78,1
PO-00845,S003,Apex Supply Co.,Tier 2,Road,Finished Goods,WH-West,2022-06-01,2022-06-09,2022-06-09,2022,6,Q2,Jun,8,0,1,286,281,5,1.75,131.1,37494.6,0
PO-00846,S006,PrimeParts Inc.,Tier 1,Sea,Chemicals,WH-Central,2022-06-01,2022-06-20,2022-06-20,2022,6,Q2,Jun,19,0,1,926,926,0,0.0,304.79,282235.54,1
PO-00847,S004,Global Parts Ltd,Tier 1,Air,Chemicals,WH-East,2022-06-01,2022-06-10,2022-06-10,2022,6,Q2,Jun,9,0,1,1577,1577,0,0.0,456.84,720436.68,1
PO-00848,S006,PrimeParts Inc.,Tier 1,Sea,Textiles,WH-South,2022-06-01,2022-06-14,2022-06-14,2022,6,Q2,Jun,13,0,1,456,456,0,0.0,281.89,128541.84,1
PO-00849,S007,Swift Carriers,Tier 2,Road,Raw Materials,WH-East,2022-06-01,2022-06-07,2022-06-07,2022,6,Q2,Jun,6,0,1,209,209,0,0.0,87.83,18356.47,1
PO-00850,S007,Swift Carriers,Tier 2,Road,Chemicals,WH-West,2022-06-01,2022-06-22,2022-06-22,2022,6,Q2,Jun,21,0,1,169,169,0,0.0,245.55,41497.95,1
PO-00851,S009,Eastside Components,Tier 2,Sea,Packaging,WH-East,2022-06-01,2022-06-05,2022-06-05,2022,6,Q2,Jun,4,0,1,1633,1633,0,0.0,419.76,685468.08,1
PO-00852,S010,Reliable Goods Co.,Tier 3,Road,Components,WH-Central,2022-06-02,2022-06-13,2022-06-23,2022,6,Q2,Jun,11,10,0,392,392,0,0.0,294.61,115487.12,1
PO-00853,S006,PrimeParts Inc.,Tier 1,Sea,Textiles,WH-South,2022-06-02,2022-06-07,2022-06-07,2022,6,Q2,Jun,5,0,1,525,525,0,0.0,52.22,27415.5,1
PO-00854,S002,BlueStar Freight,Tier 1,Rail,Packaging,WH-South,2022-06-02,2022-06-11,2022-06-19,2022,6,Q2,Jun,9,8,0,682,682,0,0.0,143.46,97839.72,1
PO-00855,S010,Reliable Goods Co.,Tier 3,Road,Spare Parts,WH-North,2022-06-02,2022-06-16,2022-06-16,2022,6,Q2,Jun,14,0,1,90,90,0,0.0,467.79,42101.1,1
PO-00856,S004,Global Parts Ltd,Tier 1,Air,Spare Parts,WH-East,2022-06-02,2022-06-11,2022-06-11,2022,6,Q2,Jun,9,0,1,569,569,0,0.0,298.08,169607.52,1
PO-00857,S005,Metro Distributors,Tier 2,Road,Spare Parts,WH-Central,2022-06-02,2022-06-18,2022-06-18,2022,6,Q2,Jun,16,0,1,1906,1906,0,0.0,497.88,948959.28,1
PO-00858,S010,Reliable Goods Co.,Tier 3,Road,Spare Parts,WH-North,2022-06-02,2022-06-22,2022-07-03,2022,6,Q2,Jun,20,11,0,609,609,0,0.0,5.81,3538.29,1
PO-00859,S002,BlueStar Freight,Tier 1,Rail,Raw Materials,WH-South,2022-06-03,2022-06-08,2022-06-08,2022,6,Q2,Jun,5,0,1,219,219,0,0.0,377.11,82587.09,1
PO-00860,S002,BlueStar Freight,Tier 1,Rail,Spare Parts,WH-South,2022-06-03,2022-06-17,2022-06-17,2022,6,Q2,Jun,14,0,1,125,125,0,0.0,370.7,46337.5,1
PO-00861,S010,Reliable Goods Co.,Tier 3,Road,Components,WH-Central,2022-06-03,2022-06-23,2022-06-23,2022,6,Q2,Jun,20,0,1,1817,1817,0,0.0,238.32,433027.44,1
PO-00862,S007,Swift Carriers,Tier 2,Road,Chemicals,WH-South,2022-06-03,2022-06-14,2022-06-14,2022,6,Q2,Jun,11,0,1,821,821,0,0.0,42.64,35007.44,1
PO-00863,S001,FastTrack Logistics,Tier 1,Road,Raw Materials,WH-East,2022-06-03,2022-06-14,2022-06-14,2022,6,Q2,Jun,11,0,1,1214,1214,0,0.0,55.54,67425.56,1
PO-00864,S008,Northern Logistics,Tier 3,Rail,Electronics,WH-East,2022-06-03,2022-06-15,2022-06-15,2022,6,Q2,Jun,12,0,1,1487,1487,0,0.0,168.42,250440.54,1
PO-00865,S008,Northern Logistics,Tier 3,Rail,Packaging,WH-North,2022-06-04,2022-06-13,2022-06-13,2022,6,Q2,Jun,9,0,1,1661,1661,0,0.0,145.26,241276.86,1
PO-00866,S007,Swift Carriers,Tier 2,Road,Packaging,WH-South,2022-06-04,2022-06-25,2022-06-25,2022,6,Q2,Jun,21,0,1,422,422,0,0.0,243.65,102820.3,1
PO-00867,S008,Northern Logistics,Tier 3,Rail,Electronics,WH-North,2022-06-04,2022-06-20,2022-06-23,2022,6,Q2,Jun,16,3,0,977,977,0,0.0,237.42,231959.34,1
PO-00868,S003,Apex Supply Co.,Tier 2,Road,Packaging,WH-South,2022-06-04,2022-06-24,2022-06-24,2022,6,Q2,Jun,20,0,1,1987,1987,0,0.0,16.26,32308.62,1
PO-00869,S010,Reliable Goods Co.,Tier 3,Road,Components,WH-East,2022-06-05,2022-06-26,2022-06-28,2022,6,Q2,Jun,21,2,0,484,484,0,0.0,94.42,45699.28,1
PO-00870,S010,Reliable Goods Co.,Tier 3,Road,Textiles,WH-Central,2022-06-05,2022-06-09,2022-06-09,2022,6,Q2,Jun,4,0,1,441,378,63,14.29,347.54,153265.14,0
PO-00871,S002,BlueStar Freight,Tier 1,Rail,Chemicals,WH-East,2022-06-05,2022-06-13,2022-06-13,2022,6,Q2,Jun,8,0,1,164,164,0,0.0,472.12,77427.68,1
PO-00872,S009,Eastside Components,Tier 2,Sea,Finished Goods,WH-West,2022-06-05,2022-06-25,2022-06-25,2022,6,Q2,Jun,20,0,1,777,777,0,0.0,388.85,302136.45,1
PO-00873,S003,Apex Supply Co.,Tier 2,Road,Components,WH-Central,2022-06-05,2022-06-15,2022-06-15,2022,6,Q2,Jun,10,0,1,746,746,0,0.0,264.89,197607.94,1
PO-00874,S002,BlueStar Freight,Tier 1,Rail,Raw Materials,WH-Central,2022-06-06,2022-06-14,2022-06-14,2022,6,Q2,Jun,8,0,1,1061,1061,0,0.0,99.45,105516.45,1
PO-00875,S010,Reliable Goods Co.,Tier 3,Road,Finished Goods,WH-South,2022-06-06,2022-06-15,2022-06-21,2022,6,Q2,Jun,9,6,0,118,118,0,0.0,164.79,19445.22,1
PO-00876,S009,Eastside Components,Tier 2,Sea,Spare Parts,WH-Central,2022-06-06,2022-06-11,2022-06-11,2022,6,Q2,Jun,5,0,1,131,131,0,0.0,438.2,57404.2,1
PO-00877,S004,Global Parts Ltd,Tier 1,Air,Electronics,WH-Central,2022-06-07,2022-06-28,2022-07-04,2022,6,Q2,Jun,21,6,0,1657,1657,0,0.0,175.63,291018.91,1
PO-00878,S008,Northern Logistics,Tier 3,Rail,Finished Goods,WH-East,2022-06-07,2022-06-17,2022-06-17,2022,6,Q2,Jun,10,0,1,131,131,0,0.0,468.87,61421.97,1
PO-00879,S002,BlueStar Freight,Tier 1,Rail,Textiles,WH-South,2022-06-07,2022-06-20,2022-06-20,2022,6,Q2,Jun,13,0,1,622,622,0,0.0,10.27,6387.94,1
PO-00880,S008,Northern Logistics,Tier 3,Rail,Finished Goods,WH-West,2022-06-07,2022-06-18,2022-06-18,2022,6,Q2,Jun,11,0,1,1335,1335,0,0.0,310.58,414624.3,1
PO-00881,S009,Eastside Components,Tier 2,Sea,Electronics,WH-Central,2022-06-07,2022-06-19,2022-06-19,2022,6,Q2,Jun,12,0,1,1289,1289,0,0.0,29.23,37677.47,1
PO-00882,S008,Northern Logistics,Tier 3,Rail,Packaging,WH-Central,2022-06-07,2022-06-20,2022-07-03,2022,6,Q2,Jun,13,13,0,864,864,0,0.0,291.61,251951.04,1
PO-00883,S003,Apex Supply Co.,Tier 2,Road,Components,WH-North,2022-06-07,2022-06-28,2022-06-28,2022,6,Q2,Jun,21,0,1,1893,1893,0,0.0,472.15,893779.95,1
PO-00884,S007,Swift Carriers,Tier 2,Road,Electronics,WH-North,2022-06-07,2022-06-20,2022-06-28,2022,6,Q2,Jun,13,8,0,1027,1027,0,0.0,79.56,81708.12,1
PO-00885,S008,Northern Logistics,Tier 3,Rail,Chemicals,WH-East,2022-06-08,2022-06-23,2022-06-29,2022,6,Q2,Jun,15,6,0,1150,1150,0,0.0,143.61,165151.5,1
PO-00886,S006,PrimeParts Inc.,Tier 1,Sea,Electronics,WH-South,2022-06-08,2022-06-18,2022-06-18,2022,6,Q2,Jun,10,0,1,1521,1521,0,0.0,132.21,201091.41,1
PO-00887,S001,FastTrack Logistics,Tier 1,Road,Raw Materials,WH-North,2022-06-08,2022-06-20,2022-06-20,2022,6,Q2,Jun,12,0,1,1751,1751,0,0.0,303.6,531603.6,1
PO-00888,S009,Eastside Components,Tier 2,Sea,Textiles,WH-East,2022-06-09,2022-06-26,2022-06-26,2022,6,Q2,Jun,17,0,1,1783,1783,0,0.0,282.84,504303.72,1
PO-00889,S005,Metro Distributors,Tier 2,Road,Electronics,WH-South,2022-06-09,2022-06-14,2022-06-24,2022,6,Q2,Jun,5,10,0,1815,1815,0,0.0,118.18,214496.7,1
PO-00890,S006,PrimeParts Inc.,Tier 1,Sea,Electronics,WH-North,2022-06-09,2022-06-15,2022-06-15,2022,6,Q2,Jun,6,0,1,578,578,0,0.0,384.74,222379.72,1
PO-00891,S004,Global Parts Ltd,Tier 1,Air,Electronics,WH-East,2022-06-09,2022-06-24,2022-06-24,2022,6,Q2,Jun,15,0,1,1598,1598,0,0.0,257.77,411916.46,1
PO-00892,S002,BlueStar Freight,Tier 1,Rail,Raw Materials,WH-West,2022-06-10,2022-06-19,2022-07-02,2022,6,Q2,Jun,9,13,0,1926,1926,0,0.0,92.61,178366.86,1
PO-00893,S009,Eastside Components,Tier 2,Sea,Textiles,WH-South,2022-06-10,2022-06-14,2022-06-14,2022,6,Q2,Jun,4,0,1,738,738,0,0.0,396.89,292904.82,1
PO-00894,S010,Reliable Goods Co.,Tier 3,Road,Packaging,WH-West,2022-06-10,2022-07-01,2022-07-15,2022,6,Q2,Jun,21,14,0,768,768,0,0.0,297.48,228464.64,1
PO-00895,S002,BlueStar Freight,Tier 1,Rail,Spare Parts,WH-West,2022-06-10,2022-06-16,2022-06-16,2022,6,Q2,Jun,6,0,1,937,937,0,0.0,172.17,161323.29,1
PO-00896,S005,Metro Distributors,Tier 2,Road,Electronics,WH-South,2022-06-10,2022-06-13,2022-06-13,2022,6,Q2,Jun,3,0,1,70,70,0,0.0,386.46,27052.2,1
PO-00897,S006,PrimeParts Inc.,Tier 1,Sea,Components,WH-South,2022-06-11,2022-07-01,2022-07-01,2022,6,Q2,Jun,20,0,1,830,830,0,0.0,295.07,244908.1,1
PO-00898,S010,Reliable Goods Co.,Tier 3,Road,Chemicals,WH-North,2022-06-11,2022-06-18,2022-06-18,2022,6,Q2,Jun,7,0,1,1465,1465,0,0.0,120.91,177133.15,1
PO-00899,S004,Global Parts Ltd,Tier 1,Air,Packaging,WH-West,2022-06-11,2022-06-20,2022-06-20,2022,6,Q2,Jun,9,0,1,1469,1469,0,0.0,394.76,579902.44,1
PO-00900,S004,Global Parts Ltd,Tier 1,Air,Spare Parts,WH-North,2022-06-11,2022-07-02,2022-07-02,2022,6,Q2,Jun,21,0,1,1191,1191,0,0.0,248.7,296201.7,1
PO-00901,S001,FastTrack Logistics,Tier 1,Road,Textiles,WH-North,2022-06-12,2022-06-28,2022-06-28,2022,6,Q2,Jun,16,0,1,271,271,0,0.0,246.67,66847.57,1
PO-00902,S010,Reliable Goods Co.,Tier 3,Road,Packaging,WH-West,2022-06-12,2022-06-28,2022-06-28,2022,6,Q2,Jun,16,0,1,1566,1347,219,13.98,380.4,595706.4,0
PO-00903,S009,Eastside Components,Tier 2,Sea,Packaging,WH-South,2022-06-12,2022-06-22,2022-06-22,2022,6,Q2,Jun,10,0,1,1879,1879,0,0.0,498.08,935892.32,1
PO-00904,S002,BlueStar Freight,Tier 1,Rail,Spare Parts,WH-West,2022-06-12,2022-06-17,2022-06-30,2022,6,Q2,Jun,5,13,0,984,984,0,0.0,397.18,390825.12,1
PO-00905,S004,Global Parts Ltd,Tier 1,Air,Textiles,WH-East,2022-06-12,2022-06-22,2022-06-22,2022,6,Q2,Jun,10,0,1,1116,1116,0,0.0,35.9,40064.4,1
PO-00906,S010,Reliable Goods Co.,Tier 3,Road,Chemicals,WH-North,2022-06-13,2022-06-22,2022-07-04,2022,6,Q2,Jun,9,12,0,1308,1308,0,0.0,189.37,247695.96,1
PO-00907,S001,FastTrack Logistics,Tier 1,Road,Components,WH-Central,2022-06-13,2022-06-16,2022-06-27,2022,6,Q2,Jun,3,11,0,889,889,0,0.0,169.2,150418.8,1
PO-00908,S003,Apex Supply Co.,Tier 2,Road,Electronics,WH-East,2022-06-13,2022-06-17,2022-06-17,2022,6,Q2,Jun,4,0,1,1229,1229,0,0.0,354.11,435201.19,1
PO-00909,S010,Reliable Goods Co.,Tier 3,Road,Raw Materials,WH-Central,2022-06-13,2022-06-23,2022-06-23,2022,6,Q2,Jun,10,0,1,1817,1817,0,0.0,191.56,348064.52,1
PO-00910,S009,Eastside Components,Tier 2,Sea,Electronics,WH-Central,2022-06-13,2022-07-03,2022-07-03,2022,6,Q2,Jun,20,0,1,1752,1752,0,0.0,344.0,602688.0,1
PO-00911,S010,Reliable Goods Co.,Tier 3,Road,Electronics,WH-South,2022-06-14,2022-06-20,2022-06-21,2022,6,Q2,Jun,6,1,0,982,921,61,6.21,392.75,385680.5,0
PO-00912,S006,PrimeParts Inc.,Tier 1,Sea,Textiles,WH-West,2022-06-14,2022-06-24,2022-07-06,2022,6,Q2,Jun,10,12,0,555,555,0,0.0,232.03,128776.65,1
PO-00913,S004,Global Parts Ltd,Tier 1,Air,Packaging,WH-East,2022-06-14,2022-07-02,2022-07-07,2022,6,Q2,Jun,18,5,0,1223,1223,0,0.0,387.47,473875.81,1
PO-00914,S001,FastTrack Logistics,Tier 1,Road,Components,WH-South,2022-06-14,2022-07-02,2022-07-02,2022,6,Q2,Jun,18,0,1,1265,1265,0,0.0,357.91,452756.15,1
PO-00915,S010,Reliable Goods Co.,Tier 3,Road,Electronics,WH-East,2022-06-14,2022-07-01,2022-07-01,2022,6,Q2,Jun,17,0,1,1586,1586,0,0.0,270.36,428790.96,1
PO-00916,S005,Metro Distributors,Tier 2,Road,Components,WH-North,2022-06-14,2022-06-27,2022-07-04,2022,6,Q2,Jun,13,7,0,1303,1303,0,0.0,66.66,86857.98,1
PO-00917,S007,Swift Carriers,Tier 2,Road,Components,WH-East,2022-06-14,2022-07-03,2022-07-03,2022,6,Q2,Jun,19,0,1,946,894,52,5.5,59.62,56400.52,0
PO-00918,S009,Eastside Components,Tier 2,Sea,Spare Parts,WH-West,2022-06-15,2022-06-24,2022-06-24,2022,6,Q2,Jun,9,0,1,1471,1471,0,0.0,225.43,331607.53,1
PO-00919,S008,Northern Logistics,Tier 3,Rail,Packaging,WH-West,2022-06-15,2022-06-26,2022-07-08,2022,6,Q2,Jun,11,12,0,798,798,0,0.0,469.66,374788.68,1
PO-00920,S009,Eastside Components,Tier 2,Sea,Spare Parts,WH-South,2022-06-15,2022-07-06,2022-07-06,2022,6,Q2,Jun,21,0,1,778,778,0,0.0,22.34,17380.52,1
PO-00921,S002,BlueStar Freight,Tier 1,Rail,Textiles,WH-North,2022-06-16,2022-07-07,2022-07-07,2022,6,Q2,Jun,21,0,1,1829,1829,0,0.0,148.93,272392.97,1
PO-00922,S008,Northern Logistics,Tier 3,Rail,Finished Goods,WH-West,2022-06-16,2022-07-07,2022-07-07,2022,6,Q2,Jun,21,0,1,105,105,0,0.0,125.68,13196.4,1
PO-00923,S009,Eastside Components,Tier 2,Sea,Spare Parts,WH-East,2022-06-16,2022-07-06,2022-07-06,2022,6,Q2,Jun,20,0,1,1696,1696,0,0.0,376.36,638306.56,1
PO-00924,S003,Apex Supply Co.,Tier 2,Road,Spare Parts,WH-South,2022-06-16,2022-06-26,2022-06-26,2022,6,Q2,Jun,10,0,1,1278,1278,0,0.0,47.26,60398.28,1
PO-00925,S007,Swift Carriers,Tier 2,Road,Raw Materials,WH-East,2022-06-16,2022-07-04,2022-07-04,2022,6,Q2,Jun,18,0,1,562,499,63,11.21,84.24,47342.88,0
PO-00926,S003,Apex Supply Co.,Tier 2,Road,Electronics,WH-Central,2022-06-17,2022-06-20,2022-06-20,2022,6,Q2,Jun,3,0,1,1892,1892,0,0.0,156.56,296211.52,1
PO-00927,S001,FastTrack Logistics,Tier 1,Road,Textiles,WH-South,2022-06-17,2022-07-06,2022-07-06,2022,6,Q2,Jun,19,0,1,1897,1897,0,0.0,387.94,735922.18,1
PO-00928,S009,Eastside Components,Tier 2,Sea,Finished Goods,WH-East,2022-06-17,2022-06-27,2022-06-27,2022,6,Q2,Jun,10,0,1,1551,1454,97,6.25,483.94,750590.94,0
PO-00929,S002,BlueStar Freight,Tier 1,Rail,Spare Parts,WH-East,2022-06-18,2022-06-26,2022-06-26,2022,6,Q2,Jun,8,0,1,1039,1039,0,0.0,124.53,129386.67,1
PO-00930,S005,Metro Distributors,Tier 2,Road,Textiles,WH-West,2022-06-18,2022-06-28,2022-06-28,2022,6,Q2,Jun,10,0,1,301,301,0,0.0,475.07,142996.07,1
PO-00931,S004,Global Parts Ltd,Tier 1,Air,Spare Parts,WH-West,2022-06-18,2022-07-05,2022-07-05,2022,6,Q2,Jun,17,0,1,475,475,0,0.0,343.2,163020.0,1
PO-00932,S009,Eastside Components,Tier 2,Sea,Finished Goods,WH-South,2022-06-18,2022-07-02,2022-07-02,2022,6,Q2,Jun,14,0,1,1027,1027,0,0.0,465.33,477893.91,1
PO-00933,S004,Global Parts Ltd,Tier 1,Air,Raw Materials,WH-North,2022-06-19,2022-06-22,2022-06-29,2022,6,Q2,Jun,3,7,0,227,227,0,0.0,41.75,9477.25,1
PO-00934,S008,Northern Logistics,Tier 3,Rail,Textiles,WH-East,2022-06-19,2022-06-24,2022-07-05,2022,6,Q2,Jun,5,11,0,927,927,0,0.0,487.46,451875.42,1
PO-00935,S005,Metro Distributors,Tier 2,Road,Electronics,WH-West,2022-06-19,2022-07-10,2022-07-24,2022,6,Q2,Jun,21,14,0,1072,1072,0,0.0,250.72,268771.84,1
PO-00936,S002,BlueStar Freight,Tier 1,Rail,Electronics,WH-East,2022-06-19,2022-07-09,2022-07-09,2022,6,Q2,Jun,20,0,1,659,659,0,0.0,47.83,31519.97,1
PO-00937,S004,Global Parts Ltd,Tier 1,Air,Textiles,WH-West,2022-06-19,2022-07-08,2022-07-08,2022,6,Q2,Jun,19,0,1,1608,1608,0,0.0,496.67,798645.36,1
PO-00938,S006,PrimeParts Inc.,Tier 1,Sea,Textiles,WH-West,2022-06-19,2022-06-25,2022-07-09,2022,6,Q2,Jun,6,14,0,1735,1735,0,0.0,350.51,608134.85,1
PO-00939,S002,BlueStar Freight,Tier 1,Rail,Raw Materials,WH-Central,2022-06-20,2022-06-23,2022-06-28,2022,6,Q2,Jun,3,5,0,1363,1363,0,0.0,392.49,534963.87,1
PO-00940,S005,Metro Distributors,Tier 2,Road,Electronics,WH-East,2022-06-20,2022-07-04,2022-07-04,2022,6,Q2,Jun,14,0,1,1409,1409,0,0.0,12.94,18232.46,1
PO-00941,S002,BlueStar Freight,Tier 1,Rail,Textiles,WH-South,2022-06-20,2022-07-11,2022-07-11,2022,6,Q2,Jun,21,0,1,463,463,0,0.0,40.11,18570.93,1
PO-00942,S005,Metro Distributors,Tier 2,Road,Chemicals,WH-North,2022-06-20,2022-06-25,2022-06-25,2022,6,Q2,Jun,5,0,1,248,248,0,0.0,64.87,16087.76,1
PO-00943,S006,PrimeParts Inc.,Tier 1,Sea,Spare Parts,WH-North,2022-06-20,2022-07-11,2022-07-11,2022,6,Q2,Jun,21,0,1,461,461,0,0.0,395.17,182173.37,1
PO-00944,S009,Eastside Components,Tier 2,Sea,Electronics,WH-North,2022-06-20,2022-06-27,2022-06-27,2022,6,Q2,Jun,7,0,1,1441,1441,0,0.0,436.28,628679.48,1
PO-00945,S009,Eastside Components,Tier 2,Sea,Packaging,WH-West,2022-06-20,2022-06-26,2022-06-27,2022,6,Q2,Jun,6,1,0,390,390,0,0.0,330.69,128969.1,1
PO-00946,S009,Eastside Components,Tier 2,Sea,Finished Goods,WH-South,2022-06-21,2022-07-08,2022-07-08,2022,6,Q2,Jun,17,0,1,1877,1877,0,0.0,312.71,586956.67,1
PO-00947,S006,PrimeParts Inc.,Tier 1,Sea,Components,WH-East,2022-06-21,2022-07-06,2022-07-17,2022,6,Q2,Jun,15,11,0,1764,1764,0,0.0,283.26,499670.64,1
PO-00948,S007,Swift Carriers,Tier 2,Road,Finished Goods,WH-West,2022-06-21,2022-06-28,2022-06-28,2022,6,Q2,Jun,7,0,1,1772,1661,111,6.26,283.72,502751.84,0
PO-00949,S010,Reliable Goods Co.,Tier 3,Road,Raw Materials,WH-East,2022-06-21,2022-06-26,2022-07-01,2022,6,Q2,Jun,5,5,0,1447,1447,0,0.0,124.11,179587.17,1
PO-00950,S008,Northern Logistics,Tier 3,Rail,Packaging,WH-East,2022-06-21,2022-06-24,2022-06-26,2022,6,Q2,Jun,3,2,0,1309,1186,123,9.4,150.92,197554.28,0
PO-00951,S002,BlueStar Freight,Tier 1,Rail,Components,WH-North,2022-06-21,2022-06-27,2022-06-27,2022,6,Q2,Jun,6,0,1,606,606,0,0.0,439.32,266227.92,1
PO-00952,S005,Metro Distributors,Tier 2,Road,Chemicals,WH-West,2022-06-21,2022-07-12,2022-07-20,2022,6,Q2,Jun,21,8,0,238,238,0,0.0,192.71,45864.98,1
PO-00953,S001,FastTrack Logistics,Tier 1,Road,Spare Parts,WH-West,2022-06-21,2022-07-05,2022-07-05,2022,6,Q2,Jun,14,0,1,1573,1573,0,0.0,457.51,719663.23,1
PO-00954,S004,Global Parts Ltd,Tier 1,Air,Packaging,WH-North,2022-06-22,2022-06-25,2022-06-25,2022,6,Q2,Jun,3,0,1,1979,1979,0,0.0,104.64,207082.56,1
PO-00955,S004,Global Parts Ltd,Tier 1,Air,Electronics,WH-East,2022-06-22,2022-07-07,2022-07-07,2022,6,Q2,Jun,15,0,1,1195,1195,0,0.0,488.24,583446.8,1
PO-00956,S003,Apex Supply Co.,Tier 2,Road,Electronics,WH-East,2022-06-22,2022-07-09,2022-07-09,2022,6,Q2,Jun,17,0,1,122,122,0,0.0,349.02,42580.44,1
PO-00957,S004,Global Parts Ltd,Tier 1,Air,Packaging,WH-West,2022-06-22,2022-06-29,2022-06-29,2022,6,Q2,Jun,7,0,1,374,374,0,0.0,483.06,180664.44,1
PO-00958,S003,Apex Supply Co.,Tier 2,Road,Components,WH-Central,2022-06-23,2022-06-30,2022-06-30,2022,6,Q2,Jun,7,0,1,1252,1252,0,0.0,135.7,169896.4,1
PO-00959,S002,BlueStar Freight,Tier 1,Rail,Raw Materials,WH-South,2022-06-23,2022-07-08,2022-07-08,2022,6,Q2,Jun,15,0,1,1059,1059,0,0.0,74.97,79393.23,1
PO-00960,S009,Eastside Components,Tier 2,Sea,Packaging,WH-North,2022-06-23,2022-06-28,2022-06-28,2022,6,Q2,Jun,5,0,1,1076,1076,0,0.0,262.59,282546.84,1
PO-00961,S009,Eastside Components,Tier 2,Sea,Textiles,WH-South,2022-06-23,2022-07-08,2022-07-08,2022,6,Q2,Jun,15,0,1,839,839,0,0.0,469.95,394288.05,1
PO-00962,S007,Swift Carriers,Tier 2,Road,Components,WH-North,2022-06-23,2022-07-10,2022-07-11,2022,6,Q2,Jun,17,1,0,1678,1678,0,0.0,142.07,238393.46,1
PO-00963,S002,BlueStar Freight,Tier 1,Rail,Finished Goods,WH-South,2022-06-23,2022-07-14,2022-07-14,2022,6,Q2,Jun,21,0,1,1672,1672,0,0.0,462.86,773901.92,1
PO-00964,S008,Northern Logistics,Tier 3,Rail,Raw Materials,WH-South,2022-06-24,2022-07-04,2022-07-08,2022,6,Q2,Jun,10,4,0,724,724,0,0.0,110.96,80335.04,1
PO-00965,S002,BlueStar Freight,Tier 1,Rail,Raw Materials,WH-Central,2022-06-24,2022-07-01,2022-07-01,2022,6,Q2,Jun,7,0,1,397,397,0,0.0,98.41,39068.77,1
PO-00966,S006,PrimeParts Inc.,Tier 1,Sea,Components,WH-West,2022-06-24,2022-07-07,2022-07-07,2022,6,Q2,Jun,13,0,1,1614,1614,0,0.0,31.38,50647.32,1
PO-00967,S004,Global Parts Ltd,Tier 1,Air,Finished Goods,WH-Central,2022-06-24,2022-07-10,2022-07-10,2022,6,Q2,Jun,16,0,1,1286,1286,0,0.0,5.43,6982.98,1
PO-00968,S005,Metro Distributors,Tier 2,Road,Components,WH-Central,2022-06-24,2022-07-09,2022-07-09,2022,6,Q2,Jun,15,0,1,1226,1226,0,0.0,353.83,433795.58,1
PO-00969,S001,FastTrack Logistics,Tier 1,Road,Components,WH-East,2022-06-25,2022-07-14,2022-07-14,2022,6,Q2,Jun,19,0,1,1412,1412,0,0.0,241.18,340546.16,1
PO-00970,S007,Swift Carriers,Tier 2,Road,Spare Parts,WH-West,2022-06-25,2022-07-10,2022-07-20,2022,6,Q2,Jun,15,10,0,947,947,0,0.0,360.22,341128.34,1
PO-00971,S009,Eastside Components,Tier 2,Sea,Components,WH-North,2022-06-25,2022-06-29,2022-07-08,2022,6,Q2,Jun,4,9,0,1130,1130,0,0.0,339.89,384075.7,1
PO-00972,S003,Apex Supply Co.,Tier 2,Road,Textiles,WH-East,2022-06-25,2022-07-08,2022-07-08,2022,6,Q2,Jun,13,0,1,767,767,0,0.0,438.55,336367.85,1
PO-00973,S009,Eastside Components,Tier 2,Sea,Chemicals,WH-South,2022-06-25,2022-07-01,2022-07-01,2022,6,Q2,Jun,6,0,1,617,617,0,0.0,315.43,194620.31,1
PO-00974,S003,Apex Supply Co.,Tier 2,Road,Finished Goods,WH-South,2022-06-26,2022-07-16,2022-07-16,2022,6,Q2,Jun,20,0,1,1291,1291,0,0.0,159.85,206366.35,1
PO-00975,S006,PrimeParts Inc.,Tier 1,Sea,Components,WH-North,2022-06-26,2022-07-08,2022-07-08,2022,6,Q2,Jun,12,0,1,1824,1824,0,0.0,74.73,136307.52,1
PO-00976,S008,Northern Logistics,Tier 3,Rail,Spare Parts,WH-South,2022-06-26,2022-07-01,2022-07-01,2022,6,Q2,Jun,5,0,1,126,126,0,0.0,375.72,47340.72,1
PO-00977,S009,Eastside Components,Tier 2,Sea,Finished Goods,WH-East,2022-06-26,2022-07-09,2022-07-09,2022,6,Q2,Jun,13,0,1,1344,1344,0,0.0,257.52,346106.88,1
PO-00978,S007,Swift Carriers,Tier 2,Road,Textiles,WH-North,2022-06-27,2022-07-18,2022-07-18,2022,6,Q2,Jun,21,0,1,1778,1778,0,0.0,72.29,128531.62,1
PO-00979,S010,Reliable Goods Co.,Tier 3,Road,Textiles,WH-North,2022-06-27,2022-07-16,2022-07-16,2022,6,Q2,Jun,19,0,1,639,639,0,0.0,304.77,194748.03,1
PO-00980,S008,Northern Logistics,Tier 3,Rail,Raw Materials,WH-North,2022-06-27,2022-07-04,2022-07-04,2022,6,Q2,Jun,7,0,1,279,276,3,1.08,483.82,134985.78,0
PO-00981,S004,Global Parts Ltd,Tier 1,Air,Electronics,WH-West,2022-06-27,2022-07-17,2022-07-17,2022,6,Q2,Jun,20,0,1,92,92,0,0.0,277.46,25526.32,1
PO-00982,S008,Northern Logistics,Tier 3,Rail,Packaging,WH-South,2022-06-27,2022-07-04,2022-07-04,2022,6,Q2,Jun,7,0,1,494,494,0,0.0,372.0,183768.0,1
PO-00983,S008,Northern Logistics,Tier 3,Rail,Raw Materials,WH-North,2022-06-27,2022-07-13,2022-07-25,2022,6,Q2,Jun,16,12,0,1759,1759,0,0.0,258.76,455158.84,1
PO-00984,S002,BlueStar Freight,Tier 1,Rail,Components,WH-North,2022-06-27,2022-07-07,2022-07-07,2022,6,Q2,Jun,10,0,1,1803,1803,0,0.0,429.0,773487.0,1
PO-00985,S007,Swift Carriers,Tier 2,Road,Chemicals,WH-North,2022-06-28,2022-07-12,2022-07-25,2022,6,Q2,Jun,14,13,0,700,700,0,0.0,207.53,145271.0,1
PO-00986,S008,Northern Logistics,Tier 3,Rail,Chemicals,WH-South,2022-06-28,2022-07-07,2022-07-07,2022,6,Q2,Jun,9,0,1,1458,1458,0,0.0,284.99,415515.42,1
PO-00987,S005,Metro Distributors,Tier 2,Road,Spare Parts,WH-North,2022-06-28,2022-07-05,2022-07-05,2022,6,Q2,Jun,7,0,1,1473,1473,0,0.0,55.82,82222.86,1
PO-00988,S006,PrimeParts Inc.,Tier 1,Sea,Spare Parts,WH-North,2022-06-28,2022-07-13,2022-07-13,2022,6,Q2,Jun,15,0,1,804,804,0,0.0,424.77,341515.08,1
PO-00989,S009,Eastside Components,Tier 2,Sea,Components,WH-West,2022-06-28,2022-07-02,2022-07-02,2022,6,Q2,Jun,4,0,1,152,152,0,0.0,469.75,71402.0,1
PO-00990,S001,FastTrack Logistics,Tier 1,Road,Finished Goods,WH-West,2022-06-28,2022-07-18,2022-07-18,2022,6,Q2,Jun,20,0,1,452,452,0,0.0,392.97,177622.44,1
PO-00991,S009,Eastside Components,Tier 2,Sea,Chemicals,WH-North,2022-06-28,2022-07-11,2022-07-11,2022,6,Q2,Jun,13,0,1,813,749,64,7.87,52.73,42869.49,0
PO-00992,S008,Northern Logistics,Tier 3,Rail,Textiles,WH-East,2022-06-28,2022-07-06,2022-07-06,2022,6,Q2,Jun,8,0,1,849,849,0,0.0,418.16,355017.84,1
PO-00993,S005,Metro Distributors,Tier 2,Road,Components,WH-North,2022-06-29,2022-07-14,2022-07-14,2022,6,Q2,Jun,15,0,1,801,801,0,0.0,375.65,300895.65,1
PO-00994,S003,Apex Supply Co.,Tier 2,Road,Spare Parts,WH-East,2022-06-29,2022-07-12,2022-07-12,2022,6,Q2,Jun,13,0,1,358,358,0,0.0,97.56,34926.48,1
PO-00995,S006,PrimeParts Inc.,Tier 1,Sea,Chemicals,WH-Central,2022-06-29,2022-07-18,2022-07-28,2022,6,Q2,Jun,19,10,0,1821,1821,0,0.0,196.47,357771.87,1
PO-00996,S003,Apex Supply Co.,Tier 2,Road,Spare Parts,WH-North,2022-06-30,2022-07-20,2022-07-21,2022,6,Q2,Jun,20,1,0,1666,1666,0,0.0,348.72,580967.52,1
PO-00997,S001,FastTrack Logistics,Tier 1,Road,Electronics,WH-North,2022-06-30,2022-07-03,2022-07-03,2022,6,Q2,Jun,3,0,1,1158,1158,0,0.0,385.7,446640.6,1
PO-00998,S003,Apex Supply Co.,Tier 2,Road,Textiles,WH-East,2022-06-30,2022-07-12,2022-07-22,2022,6,Q2,Jun,12,10,0,301,301,0,0.0,437.66,131735.66,1
PO-00999,S008,Northern Logistics,Tier 3,Rail,Textiles,WH-East,2022-06-30,2022-07-14,2022-07-20,2022,6,Q2,Jun,14,6,0,443,443,0,0.0,260.36,115339.48,1
PO-01000,S001,FastTrack Logistics,Tier 1,Road,Electronics,WH-Central,2022-06-30,2022-07-21,2022-07-21,2022,6,Q2,Jun,21,0,1,292,292,0,0.0,150.13,43837.96,1
PO-01001,S003,Apex Supply Co.,Tier 2,Road,Textiles,WH-North,2022-07-01,2022-07-19,2022-07-19,2022,7,Q3,Jul,18,0,1,203,203,0,0.0,466.68,94736.04,1
PO-01002,S006,PrimeParts Inc.,Tier 1,Sea,Chemicals,WH-East,2022-07-01,2022-07-12,2022-07-12,2022,7,Q3,Jul,11,0,1,1899,1651,248,13.06,283.3,537986.7,0
PO-01003,S005,Metro Distributors,Tier 2,Road,Chemicals,WH-Central,2022-07-01,2022-07-12,2022-07-12,2022,7,Q3,Jul,11,0,1,837,837,0,0.0,361.53,302600.61,1
PO-01004,S001,FastTrack Logistics,Tier 1,Road,Finished Goods,WH-Central,2022-07-01,2022-07-06,2022-07-06,2022,7,Q3,Jul,5,0,1,1617,1617,0,0.0,208.46,337079.82,1
PO-01005,S001,FastTrack Logistics,Tier 1,Road,Chemicals,WH-North,2022-07-01,2022-07-21,2022-07-21,2022,7,Q3,Jul,20,0,1,1990,1990,0,0.0,435.54,866724.6,1
PO-01006,S002,BlueStar Freight,Tier 1,Rail,Packaging,WH-West,2022-07-01,2022-07-18,2022-07-29,2022,7,Q3,Jul,17,11,0,1162,1162,0,0.0,440.27,511593.74,1
PO-01007,S001,FastTrack Logistics,Tier 1,Road,Components,WH-West,2022-07-01,2022-07-12,2022-07-13,2022,7,Q3,Jul,11,1,0,200,200,0,0.0,25.7,5140.0,1
PO-01008,S010,Reliable Goods Co.,Tier 3,Road,Spare Parts,WH-Central,2022-07-02,2022-07-23,2022-07-26,2022,7,Q3,Jul,21,3,0,420,420,0,0.0,366.11,153766.2,1
PO-01009,S008,Northern Logistics,Tier 3,Rail,Electronics,WH-West,2022-07-02,2022-07-05,2022-07-05,2022,7,Q3,Jul,3,0,1,1254,1254,0,0.0,102.67,128748.18,1
PO-01010,S001,FastTrack Logistics,Tier 1,Road,Finished Goods,WH-Central,2022-07-02,2022-07-18,2022-07-19,2022,7,Q3,Jul,16,1,0,1813,1813,0,0.0,213.26,386640.38,1
PO-01011,S008,Northern Logistics,Tier 3,Rail,Electronics,WH-West,2022-07-02,2022-07-18,2022-07-18,2022,7,Q3,Jul,16,0,1,1257,1257,0,0.0,69.54,87411.78,1
PO-01012,S001,FastTrack Logistics,Tier 1,Road,Components,WH-Central,2022-07-02,2022-07-06,2022-07-13,2022,7,Q3,Jul,4,7,0,864,864,0,0.0,40.11,34655.04,1
PO-01013,S010,Reliable Goods Co.,Tier 3,Road,Spare Parts,WH-West,2022-07-03,2022-07-09,2022-07-12,2022,7,Q3,Jul,6,3,0,1219,1219,0,0.0,28.64,34912.16,1
PO-01014,S008,Northern Logistics,Tier 3,Rail,Textiles,WH-North,2022-07-03,2022-07-16,2022-07-24,2022,7,Q3,Jul,13,8,0,500,471,29,5.8,484.33,242165.0,0
PO-01015,S007,Swift Carriers,Tier 2,Road,Textiles,WH-East,2022-07-03,2022-07-24,2022-07-24,2022,7,Q3,Jul,21,0,1,102,102,0,0.0,342.35,34919.7,1
PO-01016,S008,Northern Logistics,Tier 3,Rail,Components,WH-North,2022-07-03,2022-07-06,2022-07-06,2022,7,Q3,Jul,3,0,1,433,433,0,0.0,464.29,201037.57,1
PO-01017,S008,Northern Logistics,Tier 3,Rail,Packaging,WH-North,2022-07-03,2022-07-16,2022-07-16,2022,7,Q3,Jul,13,0,1,1626,1626,0,0.0,57.01,92698.26,1
PO-01018,S003,Apex Supply Co.,Tier 2,Road,Electronics,WH-Central,2022-07-04,2022-07-24,2022-08-05,2022,7,Q3,Jul,20,12,0,720,720,0,0.0,488.35,351612.0,1
PO-01019,S003,Apex Supply Co.,Tier 2,Road,Packaging,WH-East,2022-07-04,2022-07-25,2022-07-25,2022,7,Q3,Jul,21,0,1,1452,1452,0,0.0,313.83,455681.16,1
PO-01020,S003,Apex Supply Co.,Tier 2,Road,Textiles,WH-South,2022-07-04,2022-07-25,2022-07-25,2022,7,Q3,Jul,21,0,1,1627,1627,0,0.0,149.87,243838.49,1
PO-01021,S002,BlueStar Freight,Tier 1,Rail,Spare Parts,WH-North,2022-07-04,2022-07-17,2022-07-17,2022,7,Q3,Jul,13,0,1,1911,1911,0,0.0,360.69,689278.59,1
PO-01022,S005,Metro Distributors,Tier 2,Road,Raw Materials,WH-South,2022-07-05,2022-07-26,2022-08-06,2022,7,Q3,Jul,21,11,0,1914,1914,0,0.0,204.71,391814.94,1
PO-01023,S007,Swift Carriers,Tier 2,Road,Components,WH-North,2022-07-05,2022-07-09,2022-07-09,2022,7,Q3,Jul,4,0,1,1422,1422,0,0.0,165.53,235383.66,1
PO-01024,S002,BlueStar Freight,Tier 1,Rail,Packaging,WH-South,2022-07-05,2022-07-21,2022-07-21,2022,7,Q3,Jul,16,0,1,1483,1483,0,0.0,255.08,378283.64,1
PO-01025,S005,Metro Distributors,Tier 2,Road,Packaging,WH-Central,2022-07-06,2022-07-16,2022-07-16,2022,7,Q3,Jul,10,0,1,1368,1368,0,0.0,413.7,565941.6,1
PO-01026,S009,Eastside Components,Tier 2,Sea,Packaging,WH-West,2022-07-06,2022-07-27,2022-07-27,2022,7,Q3,Jul,21,0,1,1850,1850,0,0.0,55.89,103396.5,1
PO-01027,S008,Northern Logistics,Tier 3,Rail,Finished Goods,WH-East,2022-07-06,2022-07-19,2022-07-19,2022,7,Q3,Jul,13,0,1,1410,1410,0,0.0,188.95,266419.5,1
PO-01028,S001,FastTrack Logistics,Tier 1,Road,Electronics,WH-East,2022-07-07,2022-07-17,2022-07-17,2022,7,Q3,Jul,10,0,1,1236,1236,0,0.0,107.43,132783.48,1
PO-01029,S002,BlueStar Freight,Tier 1,Rail,Electronics,WH-North,2022-07-07,2022-07-26,2022-07-26,2022,7,Q3,Jul,19,0,1,999,999,0,0.0,315.88,315564.12,1
PO-01030,S007,Swift Carriers,Tier 2,Road,Electronics,WH-Central,2022-07-07,2022-07-27,2022-08-03,2022,7,Q3,Jul,20,7,0,303,297,6,1.98,119.63,36247.89,0
PO-01031,S008,Northern Logistics,Tier 3,Rail,Raw Materials,WH-Central,2022-07-07,2022-07-20,2022-07-20,2022,7,Q3,Jul,13,0,1,272,272,0,0.0,353.58,96173.76,1
PO-01032,S008,Northern Logistics,Tier 3,Rail,Chemicals,WH-East,2022-07-07,2022-07-20,2022-07-20,2022,7,Q3,Jul,13,0,1,493,493,0,0.0,411.31,202775.83,1
PO-01033,S010,Reliable Goods Co.,Tier 3,Road,Textiles,WH-Central,2022-07-07,2022-07-25,2022-08-05,2022,7,Q3,Jul,18,11,0,251,236,15,5.98,101.0,25351.0,0
PO-01034,S004,Global Parts Ltd,Tier 1,Air,Spare Parts,WH-Central,2022-07-08,2022-07-16,2022-07-16,2022,7,Q3,Jul,8,0,1,339,339,0,0.0,377.57,127996.23,1
PO-01035,S010,Reliable Goods Co.,Tier 3,Road,Finished Goods,WH-Central,2022-07-08,2022-07-15,2022-07-15,2022,7,Q3,Jul,7,0,1,1477,1477,0,0.0,433.21,639851.17,1
PO-01036,S004,Global Parts Ltd,Tier 1,Air,Packaging,WH-Central,2022-07-08,2022-07-12,2022-07-12,2022,7,Q3,Jul,4,0,1,1690,1690,0,0.0,134.91,227997.9,1
PO-01037,S010,Reliable Goods Co.,Tier 3,Road,Textiles,WH-Central,2022-07-08,2022-07-29,2022-07-29,2022,7,Q3,Jul,21,0,1,498,498,0,0.0,63.42,31583.16,1
PO-01038,S004,Global Parts Ltd,Tier 1,Air,Textiles,WH-South,2022-07-08,2022-07-19,2022-07-19,2022,7,Q3,Jul,11,0,1,1222,1222,0,0.0,349.87,427541.14,1
PO-01039,S002,BlueStar Freight,Tier 1,Rail,Textiles,WH-East,2022-07-08,2022-07-21,2022-07-21,2022,7,Q3,Jul,13,0,1,1046,1046,0,0.0,7.59,7939.14,1
PO-01040,S010,Reliable Goods Co.,Tier 3,Road,Finished Goods,WH-East,2022-07-08,2022-07-25,2022-07-25,2022,7,Q3,Jul,17,0,1,827,827,0,0.0,135.04,111678.08,1
PO-01041,S004,Global Parts Ltd,Tier 1,Air,Electronics,WH-West,2022-07-08,2022-07-14,2022-07-14,2022,7,Q3,Jul,6,0,1,1813,1813,0,0.0,335.29,607880.77,1
PO-01042,S006,PrimeParts Inc.,Tier 1,Sea,Spare Parts,WH-Central,2022-07-09,2022-07-24,2022-07-24,2022,7,Q3,Jul,15,0,1,1857,1857,0,0.0,95.73,177770.61,1
PO-01043,S008,Northern Logistics,Tier 3,Rail,Packaging,WH-West,2022-07-09,2022-07-14,2022-07-14,2022,7,Q3,Jul,5,0,1,704,704,0,0.0,340.44,239669.76,1
PO-01044,S010,Reliable Goods Co.,Tier 3,Road,Components,WH-North,2022-07-09,2022-07-14,2022-07-14,2022,7,Q3,Jul,5,0,1,1196,1196,0,0.0,232.92,278572.32,1
PO-01045,S003,Apex Supply Co.,Tier 2,Road,Components,WH-South,2022-07-09,2022-07-20,2022-07-20,2022,7,Q3,Jul,11,0,1,772,772,0,0.0,184.96,142789.12,1
PO-01046,S007,Swift Carriers,Tier 2,Road,Textiles,WH-West,2022-07-10,2022-07-30,2022-07-30,2022,7,Q3,Jul,20,0,1,202,202,0,0.0,263.41,53208.82,1
PO-01047,S005,Metro Distributors,Tier 2,Road,Components,WH-East,2022-07-10,2022-07-22,2022-08-05,2022,7,Q3,Jul,12,14,0,941,941,0,0.0,486.61,457900.01,1
PO-01048,S004,Global Parts Ltd,Tier 1,Air,Spare Parts,WH-North,2022-07-10,2022-07-27,2022-07-27,2022,7,Q3,Jul,17,0,1,676,676,0,0.0,415.51,280884.76,1
PO-01049,S005,Metro Distributors,Tier 2,Road,Electronics,WH-Central,2022-07-10,2022-07-20,2022-07-20,2022,7,Q3,Jul,10,0,1,898,898,0,0.0,36.11,32426.78,1
PO-01050,S010,Reliable Goods Co.,Tier 3,Road,Raw Materials,WH-South,2022-07-10,2022-07-21,2022-07-24,2022,7,Q3,Jul,11,3,0,1903,1717,186,9.77,23.6,44910.8,0
PO-01051,S005,Metro Distributors,Tier 2,Road,Electronics,WH-North,2022-07-10,2022-07-13,2022-07-16,2022,7,Q3,Jul,3,3,0,538,538,0,0.0,144.02,77482.76,1
PO-01052,S006,PrimeParts Inc.,Tier 1,Sea,Raw Materials,WH-North,2022-07-11,2022-07-31,2022-07-31,2022,7,Q3,Jul,20,0,1,121,121,0,0.0,415.74,50304.54,1
PO-01053,S005,Metro Distributors,Tier 2,Road,Packaging,WH-West,2022-07-11,2022-07-25,2022-07-31,2022,7,Q3,Jul,14,6,0,1357,1357,0,0.0,140.69,190916.33,1
PO-01054,S002,BlueStar Freight,Tier 1,Rail,Raw Materials,WH-North,2022-07-11,2022-07-30,2022-07-30,2022,7,Q3,Jul,19,0,1,1294,1294,0,0.0,365.43,472866.42,1
PO-01055,S005,Metro Distributors,Tier 2,Road,Spare Parts,WH-South,2022-07-11,2022-07-14,2022-07-24,2022,7,Q3,Jul,3,10,0,436,436,0,0.0,54.99,23975.64,1
PO-01056,S006,PrimeParts Inc.,Tier 1,Sea,Packaging,WH-Central,2022-07-11,2022-07-25,2022-08-03,2022,7,Q3,Jul,14,9,0,1158,1158,0,0.0,436.92,505953.36,1
PO-01057,S010,Reliable Goods Co.,Tier 3,Road,Textiles,WH-North,2022-07-11,2022-08-01,2022-08-01,2022,7,Q3,Jul,21,0,1,1009,996,13,1.29,301.48,304193.32,0
PO-01058,S009,Eastside Components,Tier 2,Sea,Spare Parts,WH-Central,2022-07-11,2022-08-01,2022-08-01,2022,7,Q3,Jul,21,0,1,1442,1283,159,11.03,292.37,421597.54,0
PO-01059,S003,Apex Supply Co.,Tier 2,Road,Electronics,WH-North,2022-07-12,2022-07-25,2022-07-25,2022,7,Q3,Jul,13,0,1,1667,1667,0,0.0,132.1,220210.7,1
PO-01060,S008,Northern Logistics,Tier 3,Rail,Electronics,WH-East,2022-07-12,2022-07-21,2022-07-29,2022,7,Q3,Jul,9,8,0,1253,1253,0,0.0,211.41,264896.73,1
PO-01061,S007,Swift Carriers,Tier 2,Road,Textiles,WH-West,2022-07-12,2022-07-23,2022-07-23,2022,7,Q3,Jul,11,0,1,705,705,0,0.0,475.12,334959.6,1
PO-01062,S007,Swift Carriers,Tier 2,Road,Electronics,WH-North,2022-07-12,2022-07-29,2022-07-29,2022,7,Q3,Jul,17,0,1,51,51,0,0.0,485.1,24740.1,1
PO-01063,S003,Apex Supply Co.,Tier 2,Road,Spare Parts,WH-West,2022-07-12,2022-07-28,2022-07-29,2022,7,Q3,Jul,16,1,0,814,814,0,0.0,373.28,303849.92,1
PO-01064,S008,Northern Logistics,Tier 3,Rail,Components,WH-Central,2022-07-12,2022-07-31,2022-07-31,2022,7,Q3,Jul,19,0,1,596,596,0,0.0,177.18,105599.28,1
PO-01065,S005,Metro Distributors,Tier 2,Road,Raw Materials,WH-South,2022-07-13,2022-07-17,2022-07-26,2022,7,Q3,Jul,4,9,0,700,700,0,0.0,405.6,283920.0,1
PO-01066,S002,BlueStar Freight,Tier 1,Rail,Components,WH-South,2022-07-13,2022-07-29,2022-07-29,2022,7,Q3,Jul,16,0,1,1303,1303,0,0.0,62.92,81984.76,1
PO-01067,S005,Metro Distributors,Tier 2,Road,Chemicals,WH-North,2022-07-13,2022-07-17,2022-07-17,2022,7,Q3,Jul,4,0,1,563,563,0,0.0,186.64,105078.32,1
PO-01068,S001,FastTrack Logistics,Tier 1,Road,Components,WH-East,2022-07-13,2022-07-29,2022-07-29,2022,7,Q3,Jul,16,0,1,557,557,0,0.0,459.8,256108.6,1
PO-01069,S009,Eastside Components,Tier 2,Sea,Chemicals,WH-South,2022-07-13,2022-07-27,2022-08-03,2022,7,Q3,Jul,14,7,0,261,250,11,4.21,68.27,17818.47,0
PO-01070,S009,Eastside Components,Tier 2,Sea,Components,WH-North,2022-07-13,2022-07-25,2022-07-25,2022,7,Q3,Jul,12,0,1,1632,1632,0,0.0,339.54,554129.28,1
PO-01071,S007,Swift Carriers,Tier 2,Road,Chemicals,WH-East,2022-07-14,2022-07-25,2022-07-25,2022,7,Q3,Jul,11,0,1,221,189,32,14.48,137.37,30358.77,0
PO-01072,S006,PrimeParts Inc.,Tier 1,Sea,Finished Goods,WH-Central,2022-07-14,2022-07-19,2022-07-19,2022,7,Q3,Jul,5,0,1,1235,1235,0,0.0,166.33,205417.55,1
PO-01073,S006,PrimeParts Inc.,Tier 1,Sea,Textiles,WH-East,2022-07-14,2022-07-21,2022-07-21,2022,7,Q3,Jul,7,0,1,1923,1923,0,0.0,119.46,229721.58,1
PO-01074,S010,Reliable Goods Co.,Tier 3,Road,Textiles,WH-West,2022-07-14,2022-07-17,2022-07-25,2022,7,Q3,Jul,3,8,0,1936,1936,0,0.0,238.04,460845.44,1
PO-01075,S007,Swift Carriers,Tier 2,Road,Textiles,WH-West,2022-07-14,2022-07-18,2022-07-18,2022,7,Q3,Jul,4,0,1,1422,1422,0,0.0,162.52,231103.44,1
PO-01076,S009,Eastside Components,Tier 2,Sea,Electronics,WH-South,2022-07-15,2022-07-20,2022-07-20,2022,7,Q3,Jul,5,0,1,455,455,0,0.0,81.21,36950.55,1
PO-01077,S009,Eastside Components,Tier 2,Sea,Textiles,WH-South,2022-07-15,2022-08-02,2022-08-02,2022,7,Q3,Jul,18,0,1,1831,1776,55,3.0,481.1,880894.1,0
PO-01078,S010,Reliable Goods Co.,Tier 3,Road,Finished Goods,WH-East,2022-07-15,2022-07-31,2022-07-31,2022,7,Q3,Jul,16,0,1,1438,1438,0,0.0,442.83,636789.54,1
PO-01079,S001,FastTrack Logistics,Tier 1,Road,Raw Materials,WH-North,2022-07-16,2022-07-30,2022-07-30,2022,7,Q3,Jul,14,0,1,1011,1011,0,0.0,448.88,453817.68,1
PO-01080,S004,Global Parts Ltd,Tier 1,Air,Packaging,WH-South,2022-07-16,2022-08-02,2022-08-02,2022,7,Q3,Jul,17,0,1,1573,1573,0,0.0,59.13,93011.49,1
PO-01081,S006,PrimeParts Inc.,Tier 1,Sea,Chemicals,WH-West,2022-07-16,2022-07-24,2022-07-24,2022,7,Q3,Jul,8,0,1,1472,1472,0,0.0,473.7,697286.4,1
PO-01082,S001,FastTrack Logistics,Tier 1,Road,Spare Parts,WH-East,2022-07-16,2022-07-31,2022-07-31,2022,7,Q3,Jul,15,0,1,356,356,0,0.0,438.46,156091.76,1
PO-01083,S009,Eastside Components,Tier 2,Sea,Raw Materials,WH-West,2022-07-16,2022-08-05,2022-08-07,2022,7,Q3,Jul,20,2,0,606,606,0,0.0,69.04,41838.24,1
PO-01084,S001,FastTrack Logistics,Tier 1,Road,Textiles,WH-South,2022-07-17,2022-07-23,2022-07-23,2022,7,Q3,Jul,6,0,1,839,839,0,0.0,216.91,181987.49,1
PO-01085,S006,PrimeParts Inc.,Tier 1,Sea,Finished Goods,WH-Central,2022-07-17,2022-07-27,2022-07-27,2022,7,Q3,Jul,10,0,1,1236,1236,0,0.0,73.75,91155.0,1
PO-01086,S007,Swift Carriers,Tier 2,Road,Textiles,WH-Central,2022-07-17,2022-07-31,2022-08-01,2022,7,Q3,Jul,14,1,0,642,642,0,0.0,231.67,148732.14,1
PO-01087,S001,FastTrack Logistics,Tier 1,Road,Finished Goods,WH-East,2022-07-17,2022-07-25,2022-07-25,2022,7,Q3,Jul,8,0,1,1119,1119,0,0.0,316.72,354409.68,1
PO-01088,S006,PrimeParts Inc.,Tier 1,Sea,Electronics,WH-East,2022-07-17,2022-07-26,2022-07-26,2022,7,Q3,Jul,9,0,1,1277,1277,0,0.0,62.68,80042.36,1
PO-01089,S002,BlueStar Freight,Tier 1,Rail,Components,WH-East,2022-07-17,2022-07-20,2022-07-20,2022,7,Q3,Jul,3,0,1,822,822,0,0.0,134.12,110246.64,1
PO-01090,S006,PrimeParts Inc.,Tier 1,Sea,Components,WH-Central,2022-07-17,2022-08-07,2022-08-07,2022,7,Q3,Jul,21,0,1,97,97,0,0.0,414.29,40186.13,1
PO-01091,S002,BlueStar Freight,Tier 1,Rail,Packaging,WH-North,2022-07-18,2022-07-25,2022-07-25,2022,7,Q3,Jul,7,0,1,1137,1137,0,0.0,499.28,567681.36,1
PO-01092,S007,Swift Carriers,Tier 2,Road,Spare Parts,WH-Central,2022-07-18,2022-07-23,2022-07-23,2022,7,Q3,Jul,5,0,1,717,717,0,0.0,445.41,319358.97,1
PO-01093,S004,Global Parts Ltd,Tier 1,Air,Raw Materials,WH-South,2022-07-18,2022-07-29,2022-07-29,2022,7,Q3,Jul,11,0,1,882,882,0,0.0,137.57,121336.74,1
PO-01094,S005,Metro Distributors,Tier 2,Road,Finished Goods,WH-South,2022-07-18,2022-08-07,2022-08-07,2022,7,Q3,Jul,20,0,1,886,886,0,0.0,220.39,195265.54,1
PO-01095,S010,Reliable Goods Co.,Tier 3,Road,Electronics,WH-Central,2022-07-18,2022-07-31,2022-07-31,2022,7,Q3,Jul,13,0,1,1779,1666,113,6.35,357.15,635369.85,0
PO-01096,S006,PrimeParts Inc.,Tier 1,Sea,Components,WH-Central,2022-07-18,2022-08-03,2022-08-03,2022,7,Q3,Jul,16,0,1,122,122,0,0.0,129.09,15748.98,1
PO-01097,S005,Metro Distributors,Tier 2,Road,Spare Parts,WH-Central,2022-07-19,2022-08-01,2022-08-08,2022,7,Q3,Jul,13,7,0,131,131,0,0.0,301.74,39527.94,1
PO-01098,S001,FastTrack Logistics,Tier 1,Road,Electronics,WH-West,2022-07-19,2022-07-30,2022-07-30,2022,7,Q3,Jul,11,0,1,1267,1267,0,0.0,132.78,168232.26,1
PO-01099,S009,Eastside Components,Tier 2,Sea,Chemicals,WH-North,2022-07-19,2022-08-07,2022-08-08,2022,7,Q3,Jul,19,1,0,1338,1338,0,0.0,496.84,664771.92,1
PO-01100,S009,Eastside Components,Tier 2,Sea,Chemicals,WH-Central,2022-07-19,2022-08-06,2022-08-06,2022,7,Q3,Jul,18,0,1,854,854,0,0.0,314.07,268215.78,1
PO-01101,S003,Apex Supply Co.,Tier 2,Road,Components,WH-South,2022-07-19,2022-07-22,2022-07-22,2022,7,Q3,Jul,3,0,1,907,816,91,10.03,139.74,126744.18,0
PO-01102,S004,Global Parts Ltd,Tier 1,Air,Electronics,WH-Central,2022-07-20,2022-07-31,2022-07-31,2022,7,Q3,Jul,11,0,1,1196,1196,0,0.0,268.59,321233.64,1
PO-01103,S005,Metro Distributors,Tier 2,Road,Finished Goods,WH-West,2022-07-20,2022-08-03,2022-08-03,2022,7,Q3,Jul,14,0,1,245,245,0,0.0,450.46,110362.7,1
PO-01104,S005,Metro Distributors,Tier 2,Road,Chemicals,WH-South,2022-07-20,2022-07-26,2022-07-26,2022,7,Q3,Jul,6,0,1,783,783,0,0.0,366.61,287055.63,1
PO-01105,S005,Metro Distributors,Tier 2,Road,Chemicals,WH-West,2022-07-21,2022-07-27,2022-07-27,2022,7,Q3,Jul,6,0,1,100,100,0,0.0,331.96,33196.0,1
PO-01106,S005,Metro Distributors,Tier 2,Road,Electronics,WH-East,2022-07-21,2022-08-09,2022-08-09,2022,7,Q3,Jul,19,0,1,830,830,0,0.0,5.85,4855.5,1
PO-01107,S005,Metro Distributors,Tier 2,Road,Electronics,WH-Central,2022-07-21,2022-08-05,2022-08-05,2022,7,Q3,Jul,15,0,1,1378,1378,0,0.0,428.65,590679.7,1
PO-01108,S006,PrimeParts Inc.,Tier 1,Sea,Textiles,WH-West,2022-07-22,2022-08-02,2022-08-02,2022,7,Q3,Jul,11,0,1,1863,1863,0,0.0,8.86,16506.18,1
PO-01109,S001,FastTrack Logistics,Tier 1,Road,Packaging,WH-West,2022-07-22,2022-08-09,2022-08-09,2022,7,Q3,Jul,18,0,1,810,810,0,0.0,12.96,10497.6,1
PO-01110,S008,Northern Logistics,Tier 3,Rail,Components,WH-West,2022-07-22,2022-08-01,2022-08-01,2022,7,Q3,Jul,10,0,1,698,600,98,14.04,379.01,264548.98,0
PO-01111,S008,Northern Logistics,Tier 3,Rail,Raw Materials,WH-Central,2022-07-22,2022-08-05,2022-08-13,2022,7,Q3,Jul,14,8,0,1625,1625,0,0.0,288.79,469283.75,1
PO-01112,S002,BlueStar Freight,Tier 1,Rail,Finished Goods,WH-West,2022-07-22,2022-08-03,2022-08-05,2022,7,Q3,Jul,12,2,0,301,301,0,0.0,20.02,6026.02,1
PO-01113,S005,Metro Distributors,Tier 2,Road,Components,WH-West,2022-07-22,2022-07-29,2022-07-29,2022,7,Q3,Jul,7,0,1,892,892,0,0.0,262.24,233918.08,1
PO-01114,S008,Northern Logistics,Tier 3,Rail,Chemicals,WH-West,2022-07-22,2022-08-04,2022-08-15,2022,7,Q3,Jul,13,11,0,142,142,0,0.0,74.66,10601.72,1
PO-01115,S003,Apex Supply Co.,Tier 2,Road,Spare Parts,WH-West,2022-07-23,2022-07-28,2022-08-03,2022,7,Q3,Jul,5,6,0,332,332,0,0.0,200.12,66439.84,1
PO-01116,S008,Northern Logistics,Tier 3,Rail,Textiles,WH-Central,2022-07-23,2022-07-31,2022-08-06,2022,7,Q3,Jul,8,6,0,1521,1521,0,0.0,282.57,429788.97,1
PO-01117,S003,Apex Supply Co.,Tier 2,Road,Finished Goods,WH-South,2022-07-23,2022-07-30,2022-07-30,2022,7,Q3,Jul,7,0,1,1691,1691,0,0.0,60.78,102778.98,1
PO-01118,S004,Global Parts Ltd,Tier 1,Air,Spare Parts,WH-North,2022-07-23,2022-08-07,2022-08-11,2022,7,Q3,Jul,15,4,0,1728,1728,0,0.0,495.45,856137.6,1
PO-01119,S003,Apex Supply Co.,Tier 2,Road,Finished Goods,WH-West,2022-07-23,2022-08-11,2022-08-21,2022,7,Q3,Jul,19,10,0,1988,1988,0,0.0,448.57,891757.16,1
PO-01120,S004,Global Parts Ltd,Tier 1,Air,Spare Parts,WH-East,2022-07-23,2022-07-28,2022-07-28,2022,7,Q3,Jul,5,0,1,1148,1148,0,0.0,34.06,39100.88,1
PO-01121,S001,FastTrack Logistics,Tier 1,Road,Components,WH-East,2022-07-23,2022-08-04,2022-08-04,2022,7,Q3,Jul,12,0,1,503,503,0,0.0,452.23,227471.69,1
PO-01122,S010,Reliable Goods Co.,Tier 3,Road,Chemicals,WH-Central,2022-07-23,2022-08-11,2022-08-11,2022,7,Q3,Jul,19,0,1,472,472,0,0.0,239.15,112878.8,1
PO-01123,S004,Global Parts Ltd,Tier 1,Air,Raw Materials,WH-West,2022-07-24,2022-08-07,2022-08-07,2022,7,Q3,Jul,14,0,1,711,711,0,0.0,416.75,296309.25,1
PO-01124,S001,FastTrack Logistics,Tier 1,Road,Raw Materials,WH-West,2022-07-24,2022-07-29,2022-07-29,2022,7,Q3,Jul,5,0,1,522,501,21,4.02,150.57,78597.54,0
PO-01125,S007,Swift Carriers,Tier 2,Road,Components,WH-South,2022-07-24,2022-08-07,2022-08-09,2022,7,Q3,Jul,14,2,0,193,193,0,0.0,372.14,71823.02,1
PO-01126,S004,Global Parts Ltd,Tier 1,Air,Raw Materials,WH-West,2022-07-25,2022-07-31,2022-07-31,2022,7,Q3,Jul,6,0,1,377,377,0,0.0,127.94,48233.38,1
PO-01127,S009,Eastside Components,Tier 2,Sea,Finished Goods,WH-South,2022-07-25,2022-08-15,2022-08-15,2022,7,Q3,Jul,21,0,1,1637,1637,0,0.0,260.08,425750.96,1
PO-01128,S004,Global Parts Ltd,Tier 1,Air,Textiles,WH-West,2022-07-25,2022-08-15,2022-08-15,2022,7,Q3,Jul,21,0,1,1710,1710,0,0.0,113.01,193247.1,1
PO-01129,S005,Metro Distributors,Tier 2,Road,Electronics,WH-North,2022-07-25,2022-08-14,2022-08-14,2022,7,Q3,Jul,20,0,1,116,116,0,0.0,457.47,53066.52,1
PO-01130,S010,Reliable Goods Co.,Tier 3,Road,Spare Parts,WH-West,2022-07-26,2022-08-01,2022-08-01,2022,7,Q3,Jul,6,0,1,725,725,0,0.0,484.56,351306.0,1
PO-01131,S009,Eastside Components,Tier 2,Sea,Finished Goods,WH-Central,2022-07-26,2022-08-06,2022-08-11,2022,7,Q3,Jul,11,5,0,169,169,0,0.0,348.94,58970.86,1
PO-01132,S004,Global Parts Ltd,Tier 1,Air,Spare Parts,WH-South,2022-07-26,2022-08-01,2022-08-01,2022,7,Q3,Jul,6,0,1,1330,1330,0,0.0,464.87,618277.1,1
PO-01133,S004,Global Parts Ltd,Tier 1,Air,Finished Goods,WH-North,2022-07-26,2022-07-29,2022-07-29,2022,7,Q3,Jul,3,0,1,782,782,0,0.0,18.79,14693.78,1
PO-01134,S003,Apex Supply Co.,Tier 2,Road,Components,WH-South,2022-07-26,2022-08-10,2022-08-10,2022,7,Q3,Jul,15,0,1,756,756,0,0.0,295.78,223609.68,1
PO-01135,S010,Reliable Goods Co.,Tier 3,Road,Components,WH-North,2022-07-26,2022-07-30,2022-07-30,2022,7,Q3,Jul,4,0,1,395,340,55,13.92,136.66,53980.7,0
PO-01136,S007,Swift Carriers,Tier 2,Road,Spare Parts,WH-East,2022-07-26,2022-08-07,2022-08-07,2022,7,Q3,Jul,12,0,1,1176,1083,93,7.91,109.75,129066.0,0
PO-01137,S010,Reliable Goods Co.,Tier 3,Road,Components,WH-Central,2022-07-27,2022-08-12,2022-08-20,2022,7,Q3,Jul,16,8,0,1373,1373,0,0.0,322.48,442765.04,1
PO-01138,S008,Northern Logistics,Tier 3,Rail,Textiles,WH-West,2022-07-27,2022-08-01,2022-08-01,2022,7,Q3,Jul,5,0,1,1877,1877,0,0.0,429.67,806490.59,1
PO-01139,S008,Northern Logistics,Tier 3,Rail,Packaging,WH-North,2022-07-27,2022-07-31,2022-07-31,2022,7,Q3,Jul,4,0,1,1277,1277,0,0.0,403.58,515371.66,1
PO-01140,S009,Eastside Components,Tier 2,Sea,Electronics,WH-North,2022-07-28,2022-08-17,2022-08-17,2022,7,Q3,Jul,20,0,1,299,299,0,0.0,190.49,56956.51,1
PO-01141,S007,Swift Carriers,Tier 2,Road,Electronics,WH-East,2022-07-28,2022-07-31,2022-08-12,2022,7,Q3,Jul,3,12,0,271,271,0,0.0,69.36,18796.56,1
PO-01142,S009,Eastside Components,Tier 2,Sea,Spare Parts,WH-East,2022-07-28,2022-08-10,2022-08-10,2022,7,Q3,Jul,13,0,1,864,864,0,0.0,446.66,385914.24,1
PO-01143,S006,PrimeParts Inc.,Tier 1,Sea,Finished Goods,WH-North,2022-07-29,2022-08-07,2022-08-20,2022,7,Q3,Jul,9,13,0,1734,1734,0,0.0,230.21,399184.14,1
PO-01144,S006,PrimeParts Inc.,Tier 1,Sea,Components,WH-North,2022-07-29,2022-08-04,2022-08-04,2022,7,Q3,Jul,6,0,1,168,168,0,0.0,446.23,74966.64,1
PO-01145,S001,FastTrack Logistics,Tier 1,Road,Chemicals,WH-Central,2022-07-29,2022-08-08,2022-08-08,2022,7,Q3,Jul,10,0,1,810,810,0,0.0,131.85,106798.5,1
PO-01146,S006,PrimeParts Inc.,Tier 1,Sea,Chemicals,WH-Central,2022-07-29,2022-08-15,2022-08-15,2022,7,Q3,Jul,17,0,1,93,93,0,0.0,362.49,33711.57,1
PO-01147,S008,Northern Logistics,Tier 3,Rail,Packaging,WH-North,2022-07-30,2022-08-02,2022-08-02,2022,7,Q3,Jul,3,0,1,1636,1636,0,0.0,248.1,405891.6,1
PO-01148,S007,Swift Carriers,Tier 2,Road,Textiles,WH-North,2022-07-30,2022-08-06,2022-08-06,2022,7,Q3,Jul,7,0,1,1278,1278,0,0.0,487.56,623101.68,1
PO-01149,S003,Apex Supply Co.,Tier 2,Road,Textiles,WH-Central,2022-07-30,2022-08-03,2022-08-03,2022,7,Q3,Jul,4,0,1,1384,1384,0,0.0,231.26,320063.84,1
PO-01150,S009,Eastside Components,Tier 2,Sea,Chemicals,WH-East,2022-07-30,2022-08-04,2022-08-11,2022,7,Q3,Jul,5,7,0,970,970,0,0.0,258.18,250434.6,1
PO-01151,S007,Swift Carriers,Tier 2,Road,Finished Goods,WH-South,2022-07-30,2022-08-18,2022-08-28,2022,7,Q3,Jul,19,10,0,1459,1459,0,0.0,454.64,663319.76,1
PO-01152,S002,BlueStar Freight,Tier 1,Rail,Electronics,WH-East,2022-07-31,2022-08-18,2022-08-18,2022,7,Q3,Jul,18,0,1,524,524,0,0.0,76.38,40023.12,1
PO-01153,S005,Metro Distributors,Tier 2,Road,Components,WH-South,2022-07-31,2022-08-19,2022-08-19,2022,7,Q3,Jul,19,0,1,524,524,0,0.0,153.41,80386.84,1
PO-01154,S010,Reliable Goods Co.,Tier 3,Road,Spare Parts,WH-Central,2022-07-31,2022-08-13,2022-08-13,2022,7,Q3,Jul,13,0,1,1104,1104,0,0.0,226.85,250442.4,1
PO-01155,S008,Northern Logistics,Tier 3,Rail,Finished Goods,WH-North,2022-07-31,2022-08-19,2022-08-28,2022,7,Q3,Jul,19,9,0,486,486,0,0.0,84.77,41198.22,1
PO-01156,S006,PrimeParts Inc.,Tier 1,Sea,Chemicals,WH-Central,2022-07-31,2022-08-09,2022-08-09,2022,7,Q3,Jul,9,0,1,1738,1738,0,0.0,227.17,394821.46,1
PO-01157,S004,Global Parts Ltd,Tier 1,Air,Raw Materials,WH-North,2022-07-31,2022-08-15,2022-08-15,2022,7,Q3,Jul,15,0,1,1127,1127,0,0.0,163.06,183768.62,1
PO-01158,S008,Northern Logistics,Tier 3,Rail,Finished Goods,WH-Central,2022-07-31,2022-08-12,2022-08-12,2022,7,Q3,Jul,12,0,1,1685,1627,58,3.44,123.7,208434.5,0
PO-01159,S005,Metro Distributors,Tier 2,Road,Raw Materials,WH-South,2022-08-01,2022-08-22,2022-08-22,2022,8,Q3,Aug,21,0,1,709,644,65,9.17,51.98,36853.82,0
PO-01160,S003,Apex Supply Co.,Tier 2,Road,Finished Goods,WH-East,2022-08-01,2022-08-13,2022-08-13,2022,8,Q3,Aug,12,0,1,1502,1502,0,0.0,313.02,470156.04,1
PO-01161,S006,PrimeParts Inc.,Tier 1,Sea,Electronics,WH-West,2022-08-01,2022-08-20,2022-08-21,2022,8,Q3,Aug,19,1,0,317,317,0,0.0,32.34,10251.78,1
PO-01162,S003,Apex Supply Co.,Tier 2,Road,Textiles,WH-East,2022-08-01,2022-08-15,2022-08-15,2022,8,Q3,Aug,14,0,1,1707,1707,0,0.0,468.45,799644.15,1
PO-01163,S004,Global Parts Ltd,Tier 1,Air,Textiles,WH-North,2022-08-01,2022-08-16,2022-08-16,2022,8,Q3,Aug,15,0,1,1931,1931,0,0.0,413.54,798545.74,1
PO-01164,S005,Metro Distributors,Tier 2,Road,Electronics,WH-Central,2022-08-01,2022-08-15,2022-08-18,2022,8,Q3,Aug,14,3,0,1241,1241,0,0.0,143.03,177500.23,1
PO-01165,S010,Reliable Goods Co.,Tier 3,Road,Packaging,WH-South,2022-08-01,2022-08-10,2022-08-10,2022,8,Q3,Aug,9,0,1,1434,1326,108,7.53,383.96,550598.64,0
PO-01166,S006,PrimeParts Inc.,Tier 1,Sea,Chemicals,WH-West,2022-08-01,2022-08-09,2022-08-09,2022,8,Q3,Aug,8,0,1,1389,1389,0,0.0,270.27,375405.03,1
PO-01167,S005,Metro Distributors,Tier 2,Road,Packaging,WH-North,2022-08-02,2022-08-16,2022-08-16,2022,8,Q3,Aug,14,0,1,358,358,0,0.0,206.88,74063.04,1
PO-01168,S003,Apex Supply Co.,Tier 2,Road,Electronics,WH-North,2022-08-02,2022-08-23,2022-08-23,2022,8,Q3,Aug,21,0,1,1429,1429,0,0.0,232.91,332828.39,1
PO-01169,S001,FastTrack Logistics,Tier 1,Road,Chemicals,WH-North,2022-08-02,2022-08-13,2022-08-13,2022,8,Q3,Aug,11,0,1,991,991,0,0.0,420.62,416834.42,1
PO-01170,S001,FastTrack Logistics,Tier 1,Road,Textiles,WH-North,2022-08-03,2022-08-06,2022-08-06,2022,8,Q3,Aug,3,0,1,1166,1166,0,0.0,210.41,245338.06,1
PO-01171,S001,FastTrack Logistics,Tier 1,Road,Packaging,WH-North,2022-08-03,2022-08-08,2022-08-08,2022,8,Q3,Aug,5,0,1,1818,1818,0,0.0,149.59,271954.62,1
PO-01172,S009,Eastside Components,Tier 2,Sea,Raw Materials,WH-Central,2022-08-03,2022-08-17,2022-08-17,2022,8,Q3,Aug,14,0,1,1544,1492,52,3.37,368.93,569627.92,0
PO-01173,S002,BlueStar Freight,Tier 1,Rail,Chemicals,WH-North,2022-08-03,2022-08-19,2022-08-19,2022,8,Q3,Aug,16,0,1,1604,1604,0,0.0,322.99,518075.96,1
PO-01174,S010,Reliable Goods Co.,Tier 3,Road,Packaging,WH-North,2022-08-03,2022-08-18,2022-08-24,2022,8,Q3,Aug,15,6,0,1010,1010,0,0.0,184.98,186829.8,1
PO-01175,S006,PrimeParts Inc.,Tier 1,Sea,Components,WH-South,2022-08-03,2022-08-22,2022-09-02,2022,8,Q3,Aug,19,11,0,1258,1258,0,0.0,401.4,504961.2,1
PO-01176,S009,Eastside Components,Tier 2,Sea,Electronics,WH-Central,2022-08-03,2022-08-23,2022-08-30,2022,8,Q3,Aug,20,7,0,750,750,0,0.0,306.0,229500.0,1
PO-01177,S005,Metro Distributors,Tier 2,Road,Packaging,WH-Central,2022-08-04,2022-08-13,2022-08-13,2022,8,Q3,Aug,9,0,1,651,651,0,0.0,434.89,283113.39,1
PO-01178,S005,Metro Distributors,Tier 2,Road,Packaging,WH-South,2022-08-04,2022-08-13,2022-08-13,2022,8,Q3,Aug,9,0,1,655,655,0,0.0,185.37,121417.35,1
PO-01179,S010,Reliable Goods Co.,Tier 3,Road,Components,WH-North,2022-08-04,2022-08-18,2022-08-30,2022,8,Q3,Aug,14,12,0,854,854,0,0.0,361.13,308405.02,1
PO-01180,S009,Eastside Components,Tier 2,Sea,Components,WH-North,2022-08-04,2022-08-14,2022-08-14,2022,8,Q3,Aug,10,0,1,77,77,0,0.0,119.63,9211.51,1
PO-01181,S007,Swift Carriers,Tier 2,Road,Chemicals,WH-East,2022-08-05,2022-08-18,2022-08-18,2022,8,Q3,Aug,13,0,1,1015,1015,0,0.0,340.3,345404.5,1
PO-01182,S009,Eastside Components,Tier 2,Sea,Electronics,WH-North,2022-08-05,2022-08-25,2022-08-25,2022,8,Q3,Aug,20,0,1,166,165,1,0.6,102.55,17023.3,0
PO-01183,S003,Apex Supply Co.,Tier 2,Road,Textiles,WH-Central,2022-08-05,2022-08-10,2022-08-12,2022,8,Q3,Aug,5,2,0,1883,1883,0,0.0,73.25,137929.75,1
PO-01184,S010,Reliable Goods Co.,Tier 3,Road,Packaging,WH-East,2022-08-05,2022-08-17,2022-08-24,2022,8,Q3,Aug,12,7,0,1288,1209,79,6.13,488.68,629419.84,0
PO-01185,S004,Global Parts Ltd,Tier 1,Air,Components,WH-East,2022-08-05,2022-08-11,2022-08-11,2022,8,Q3,Aug,6,0,1,1902,1902,0,0.0,479.23,911495.46,1
PO-01186,S010,Reliable Goods Co.,Tier 3,Road,Packaging,WH-Central,2022-08-05,2022-08-21,2022-08-28,2022,8,Q3,Aug,16,7,0,576,576,0,0.0,432.96,249384.96,1
PO-01187,S007,Swift Carriers,Tier 2,Road,Textiles,WH-West,2022-08-05,2022-08-13,2022-08-21,2022,8,Q3,Aug,8,8,0,412,412,0,0.0,37.67,15520.04,1
PO-01188,S009,Eastside Components,Tier 2,Sea,Components,WH-North,2022-08-06,2022-08-09,2022-08-09,2022,8,Q3,Aug,3,0,1,719,719,0,0.0,198.7,142865.3,1
PO-01189,S003,Apex Supply Co.,Tier 2,Road,Spare Parts,WH-North,2022-08-06,2022-08-22,2022-08-22,2022,8,Q3,Aug,16,0,1,873,873,0,0.0,343.8,300137.4,1
PO-01190,S005,Metro Distributors,Tier 2,Road,Packaging,WH-West,2022-08-06,2022-08-23,2022-09-03,2022,8,Q3,Aug,17,11,0,920,824,96,10.43,362.76,333739.2,0
PO-01191,S010,Reliable Goods Co.,Tier 3,Road,Textiles,WH-Central,2022-08-07,2022-08-11,2022-08-14,2022,8,Q3,Aug,4,3,0,1647,1647,0,0.0,345.37,568824.39,1
PO-01192,S010,Reliable Goods Co.,Tier 3,Road,Raw Materials,WH-East,2022-08-07,2022-08-24,2022-08-26,2022,8,Q3,Aug,17,2,0,398,363,35,8.79,25.81,10272.38,0
PO-01193,S008,Northern Logistics,Tier 3,Rail,Spare Parts,WH-West,2022-08-07,2022-08-15,2022-08-15,2022,8,Q3,Aug,8,0,1,1169,1007,162,13.86,330.88,386798.72,0
PO-01194,S010,Reliable Goods Co.,Tier 3,Road,Spare Parts,WH-West,2022-08-07,2022-08-27,2022-08-27,2022,8,Q3,Aug,20,0,1,631,631,0,0.0,138.36,87305.16,1
PO-01195,S006,PrimeParts Inc.,Tier 1,Sea,Electronics,WH-North,2022-08-07,2022-08-22,2022-08-22,2022,8,Q3,Aug,15,0,1,272,272,0,0.0,367.13,99859.36,1
PO-01196,S003,Apex Supply Co.,Tier 2,Road,Chemicals,WH-North,2022-08-07,2022-08-19,2022-08-19,2022,8,Q3,Aug,12,0,1,1508,1508,0,0.0,116.44,175591.52,1
PO-01197,S009,Eastside Components,Tier 2,Sea,Spare Parts,WH-North,2022-08-07,2022-08-21,2022-08-21,2022,8,Q3,Aug,14,0,1,380,380,0,0.0,295.87,112430.6,1
PO-01198,S002,BlueStar Freight,Tier 1,Rail,Raw Materials,WH-Central,2022-08-08,2022-08-28,2022-08-28,2022,8,Q3,Aug,20,0,1,455,455,0,0.0,236.76,107725.8,1
PO-01199,S006,PrimeParts Inc.,Tier 1,Sea,Electronics,WH-East,2022-08-08,2022-08-27,2022-08-30,2022,8,Q3,Aug,19,3,0,1358,1358,0,0.0,124.34,168853.72,1
PO-01200,S009,Eastside Components,Tier 2,Sea,Textiles,WH-West,2022-08-08,2022-08-13,2022-08-15,2022,8,Q3,Aug,5,2,0,1532,1532,0,0.0,148.86,228053.52,1
PO-01201,S004,Global Parts Ltd,Tier 1,Air,Electronics,WH-South,2022-08-08,2022-08-17,2022-08-17,2022,8,Q3,Aug,9,0,1,1348,1348,0,0.0,480.28,647417.44,1
PO-01202,S005,Metro Distributors,Tier 2,Road,Electronics,WH-West,2022-08-09,2022-08-22,2022-08-22,2022,8,Q3,Aug,13,0,1,1699,1699,0,0.0,252.09,428300.91,1
PO-01203,S001,FastTrack Logistics,Tier 1,Road,Chemicals,WH-East,2022-08-09,2022-08-12,2022-08-12,2022,8,Q3,Aug,3,0,1,1113,1113,0,0.0,499.28,555698.64,1
PO-01204,S002,BlueStar Freight,Tier 1,Rail,Spare Parts,WH-North,2022-08-09,2022-08-16,2022-08-16,2022,8,Q3,Aug,7,0,1,351,351,0,0.0,432.87,151937.37,1
PO-01205,S007,Swift Carriers,Tier 2,Road,Spare Parts,WH-North,2022-08-09,2022-08-19,2022-08-21,2022,8,Q3,Aug,10,2,0,935,935,0,0.0,482.76,451380.6,1
PO-01206,S005,Metro Distributors,Tier 2,Road,Spare Parts,WH-West,2022-08-09,2022-08-20,2022-08-20,2022,8,Q3,Aug,11,0,1,1825,1576,249,13.64,395.94,722590.5,0
PO-01207,S010,Reliable Goods Co.,Tier 3,Road,Spare Parts,WH-East,2022-08-09,2022-08-25,2022-08-27,2022,8,Q3,Aug,16,2,0,151,148,3,1.99,355.94,53746.94,0
PO-01208,S010,Reliable Goods Co.,Tier 3,Road,Spare Parts,WH-East,2022-08-09,2022-08-24,2022-08-24,2022,8,Q3,Aug,15,0,1,983,983,0,0.0,21.26,20898.58,1
PO-01209,S007,Swift Carriers,Tier 2,Road,Finished Goods,WH-North,2022-08-10,2022-08-13,2022-08-13,2022,8,Q3,Aug,3,0,1,1408,1408,0,0.0,79.28,111626.24,1
PO-01210,S006,PrimeParts Inc.,Tier 1,Sea,Finished Goods,WH-West,2022-08-10,2022-08-15,2022-08-18,2022,8,Q3,Aug,5,3,0,1310,1228,82,6.26,371.36,486481.6,0
PO-01211,S005,Metro Distributors,Tier 2,Road,Finished Goods,WH-West,2022-08-10,2022-08-19,2022-08-19,2022,8,Q3,Aug,9,0,1,1936,1675,261,13.48,442.33,856350.88,0
PO-01212,S001,FastTrack Logistics,Tier 1,Road,Components,WH-North,2022-08-11,2022-08-22,2022-08-22,2022,8,Q3,Aug,11,0,1,1830,1830,0,0.0,318.57,582983.1,1
PO-01213,S004,Global Parts Ltd,Tier 1,Air,Spare Parts,WH-East,2022-08-11,2022-08-25,2022-08-25,2022,8,Q3,Aug,14,0,1,1861,1861,0,0.0,376.09,699903.49,1
PO-01214,S010,Reliable Goods Co.,Tier 3,Road,Raw Materials,WH-East,2022-08-11,2022-08-18,2022-08-28,2022,8,Q3,Aug,7,10,0,1156,1156,0,0.0,301.41,348429.96,1
PO-01215,S002,BlueStar Freight,Tier 1,Rail,Packaging,WH-North,2022-08-11,2022-08-23,2022-08-23,2022,8,Q3,Aug,12,0,1,538,538,0,0.0,105.6,56812.8,1
PO-01216,S008,Northern Logistics,Tier 3,Rail,Chemicals,WH-East,2022-08-11,2022-08-23,2022-08-23,2022,8,Q3,Aug,12,0,1,621,621,0,0.0,358.98,222926.58,1
PO-01217,S007,Swift Carriers,Tier 2,Road,Chemicals,WH-Central,2022-08-11,2022-08-30,2022-09-09,2022,8,Q3,Aug,19,10,0,316,316,0,0.0,266.08,84081.28,1
PO-01218,S003,Apex Supply Co.,Tier 2,Road,Packaging,WH-Central,2022-08-11,2022-08-15,2022-08-15,2022,8,Q3,Aug,4,0,1,292,292,0,0.0,446.55,130392.6,1
PO-01219,S001,FastTrack Logistics,Tier 1,Road,Chemicals,WH-North,2022-08-11,2022-08-30,2022-08-30,2022,8,Q3,Aug,19,0,1,1104,1104,0,0.0,499.77,551746.08,1
PO-01220,S004,Global Parts Ltd,Tier 1,Air,Electronics,WH-West,2022-08-12,2022-09-02,2022-09-02,2022,8,Q3,Aug,21,0,1,1010,1010,0,0.0,7.13,7201.3,1
PO-01221,S005,Metro Distributors,Tier 2,Road,Electronics,WH-Central,2022-08-12,2022-08-19,2022-08-19,2022,8,Q3,Aug,7,0,1,413,413,0,0.0,427.45,176536.85,1
PO-01222,S009,Eastside Components,Tier 2,Sea,Finished Goods,WH-East,2022-08-12,2022-08-31,2022-08-31,2022,8,Q3,Aug,19,0,1,1921,1921,0,0.0,444.62,854115.02,1
PO-01223,S009,Eastside Components,Tier 2,Sea,Finished Goods,WH-North,2022-08-12,2022-08-29,2022-08-29,2022,8,Q3,Aug,17,0,1,145,145,0,0.0,160.31,23244.95,1
PO-01224,S005,Metro Distributors,Tier 2,Road,Chemicals,WH-North,2022-08-12,2022-08-23,2022-08-23,2022,8,Q3,Aug,11,0,1,1984,1884,100,5.04,372.03,738107.52,0
PO-01225,S008,Northern Logistics,Tier 3,Rail,Chemicals,WH-South,2022-08-12,2022-08-17,2022-08-17,2022,8,Q3,Aug,5,0,1,1599,1599,0,0.0,301.42,481970.58,1
PO-01226,S009,Eastside Components,Tier 2,Sea,Electronics,WH-Central,2022-08-13,2022-08-20,2022-08-20,2022,8,Q3,Aug,7,0,1,770,770,0,0.0,473.74,364779.8,1
PO-01227,S008,Northern Logistics,Tier 3,Rail,Components,WH-South,2022-08-13,2022-08-22,2022-09-05,2022,8,Q3,Aug,9,14,0,1429,1360,69,4.83,368.03,525914.87,0
PO-01228,S001,FastTrack Logistics,Tier 1,Road,Spare Parts,WH-North,2022-08-13,2022-08-28,2022-09-08,2022,8,Q3,Aug,15,11,0,1427,1427,0,0.0,182.79,260841.33,1
PO-01229,S009,Eastside Components,Tier 2,Sea,Textiles,WH-South,2022-08-13,2022-08-18,2022-08-18,2022,8,Q3,Aug,5,0,1,917,917,0,0.0,22.95,21045.15,1
PO-01230,S008,Northern Logistics,Tier 3,Rail,Components,WH-South,2022-08-13,2022-09-01,2022-09-01,2022,8,Q3,Aug,19,0,1,1321,1321,0,0.0,489.41,646510.61,1
PO-01231,S009,Eastside Components,Tier 2,Sea,Finished Goods,WH-West,2022-08-13,2022-08-25,2022-08-25,2022,8,Q3,Aug,12,0,1,708,666,42,5.93,490.48,347259.84,0
PO-01232,S010,Reliable Goods Co.,Tier 3,Road,Chemicals,WH-North,2022-08-13,2022-09-01,2022-09-01,2022,8,Q3,Aug,19,0,1,1751,1751,0,0.0,316.17,553613.67,1
PO-01233,S005,Metro Distributors,Tier 2,Road,Components,WH-West,2022-08-14,2022-08-21,2022-08-21,2022,8,Q3,Aug,7,0,1,1499,1499,0,0.0,395.3,592554.7,1
PO-01234,S006,PrimeParts Inc.,Tier 1,Sea,Finished Goods,WH-West,2022-08-14,2022-08-29,2022-08-29,2022,8,Q3,Aug,15,0,1,876,876,0,0.0,199.89,175103.64,1
PO-01235,S009,Eastside Components,Tier 2,Sea,Finished Goods,WH-Central,2022-08-14,2022-08-26,2022-08-27,2022,8,Q3,Aug,12,1,0,1867,1867,0,0.0,353.71,660376.57,1
PO-01236,S003,Apex Supply Co.,Tier 2,Road,Textiles,WH-North,2022-08-14,2022-09-01,2022-09-01,2022,8,Q3,Aug,18,0,1,1685,1685,0,0.0,164.21,276693.85,1
PO-01237,S003,Apex Supply Co.,Tier 2,Road,Raw Materials,WH-East,2022-08-14,2022-09-03,2022-09-03,2022,8,Q3,Aug,20,0,1,787,787,0,0.0,268.2,211073.4,1
PO-01238,S009,Eastside Components,Tier 2,Sea,Electronics,WH-Central,2022-08-14,2022-08-22,2022-08-22,2022,8,Q3,Aug,8,0,1,1492,1492,0,0.0,104.67,156167.64,1
PO-01239,S006,PrimeParts Inc.,Tier 1,Sea,Chemicals,WH-West,2022-08-14,2022-08-17,2022-08-30,2022,8,Q3,Aug,3,13,0,1902,1902,0,0.0,272.88,519017.76,1
PO-01240,S008,Northern Logistics,Tier 3,Rail,Spare Parts,WH-North,2022-08-14,2022-08-29,2022-08-29,2022,8,Q3,Aug,15,0,1,886,886,0,0.0,385.41,341473.26,1
PO-01241,S005,Metro Distributors,Tier 2,Road,Electronics,WH-North,2022-08-15,2022-08-27,2022-09-08,2022,8,Q3,Aug,12,12,0,852,852,0,0.0,352.28,300142.56,1
PO-01242,S003,Apex Supply Co.,Tier 2,Road,Spare Parts,WH-West,2022-08-15,2022-08-24,2022-09-06,2022,8,Q3,Aug,9,13,0,1752,1752,0,0.0,368.12,644946.24,1
PO-01243,S009,Eastside Components,Tier 2,Sea,Raw Materials,WH-East,2022-08-15,2022-08-29,2022-08-29,2022,8,Q3,Aug,14,0,1,1489,1489,0,0.0,26.4,39309.6,1
PO-01244,S010,Reliable Goods Co.,Tier 3,Road,Raw Materials,WH-North,2022-08-15,2022-08-20,2022-08-20,2022,8,Q3,Aug,5,0,1,167,167,0,0.0,292.76,48890.92,1
PO-01245,S006,PrimeParts Inc.,Tier 1,Sea,Spare Parts,WH-South,2022-08-16,2022-08-29,2022-08-29,2022,8,Q3,Aug,13,0,1,235,235,0,0.0,201.2,47282.0,1
PO-01246,S006,PrimeParts Inc.,Tier 1,Sea,Chemicals,WH-East,2022-08-16,2022-08-23,2022-08-23,2022,8,Q3,Aug,7,0,1,1876,1876,0,0.0,296.47,556177.72,1
PO-01247,S008,Northern Logistics,Tier 3,Rail,Textiles,WH-Central,2022-08-16,2022-09-04,2022-09-04,2022,8,Q3,Aug,19,0,1,1275,1275,0,0.0,41.96,53499.0,1
PO-01248,S008,Northern Logistics,Tier 3,Rail,Chemicals,WH-North,2022-08-17,2022-08-22,2022-09-04,2022,8,Q3,Aug,5,13,0,624,624,0,0.0,345.35,215498.4,1
PO-01249,S010,Reliable Goods Co.,Tier 3,Road,Finished Goods,WH-West,2022-08-17,2022-08-26,2022-08-26,2022,8,Q3,Aug,9,0,1,765,707,58,7.58,58.89,45050.85,0
PO-01250,S001,FastTrack Logistics,Tier 1,Road,Textiles,WH-West,2022-08-17,2022-09-03,2022-09-03,2022,8,Q3,Aug,17,0,1,592,592,0,0.0,450.33,266595.36,1
PO-01251,S007,Swift Carriers,Tier 2,Road,Finished Goods,WH-Central,2022-08-18,2022-08-28,2022-08-28,2022,8,Q3,Aug,10,0,1,1028,1028,0,0.0,244.73,251582.44,1
PO-01252,S001,FastTrack Logistics,Tier 1,Road,Electronics,WH-Central,2022-08-18,2022-08-27,2022-08-27,2022,8,Q3,Aug,9,0,1,1967,1967,0,0.0,29.37,57770.79,1
PO-01253,S009,Eastside Components,Tier 2,Sea,Textiles,WH-South,2022-08-18,2022-09-08,2022-09-08,2022,8,Q3,Aug,21,0,1,1192,1192,0,0.0,187.74,223786.08,1
PO-01254,S003,Apex Supply Co.,Tier 2,Road,Components,WH-East,2022-08-18,2022-09-01,2022-09-01,2022,8,Q3,Aug,14,0,1,718,718,0,0.0,244.62,175637.16,1
PO-01255,S003,Apex Supply Co.,Tier 2,Road,Components,WH-South,2022-08-18,2022-08-23,2022-08-23,2022,8,Q3,Aug,5,0,1,1938,1740,198,10.22,100.65,195059.7,0
PO-01256,S005,Metro Distributors,Tier 2,Road,Electronics,WH-East,2022-08-18,2022-09-06,2022-09-07,2022,8,Q3,Aug,19,1,0,561,561,0,0.0,24.09,13514.49,1
PO-01257,S006,PrimeParts Inc.,Tier 1,Sea,Finished Goods,WH-West,2022-08-18,2022-08-25,2022-09-05,2022,8,Q3,Aug,7,11,0,1399,1399,0,0.0,398.33,557263.67,1
PO-01258,S008,Northern Logistics,Tier 3,Rail,Textiles,WH-West,2022-08-18,2022-08-24,2022-08-25,2022,8,Q3,Aug,6,1,0,793,793,0,0.0,448.45,355620.85,1
PO-01259,S002,BlueStar Freight,Tier 1,Rail,Chemicals,WH-South,2022-08-19,2022-09-07,2022-09-07,2022,8,Q3,Aug,19,0,1,587,587,0,0.0,111.83,65644.21,1
PO-01260,S001,FastTrack Logistics,Tier 1,Road,Chemicals,WH-West,2022-08-19,2022-08-29,2022-08-29,2022,8,Q3,Aug,10,0,1,1271,1271,0,0.0,151.78,192912.38,1
PO-01261,S008,Northern Logistics,Tier 3,Rail,Raw Materials,WH-West,2022-08-19,2022-08-22,2022-08-29,2022,8,Q3,Aug,3,7,0,922,922,0,0.0,360.1,332012.2,1
PO-01262,S002,BlueStar Freight,Tier 1,Rail,Textiles,WH-North,2022-08-19,2022-08-29,2022-08-29,2022,8,Q3,Aug,10,0,1,1403,1403,0,0.0,127.75,179233.25,1
PO-01263,S008,Northern Logistics,Tier 3,Rail,Spare Parts,WH-West,2022-08-19,2022-08-29,2022-08-29,2022,8,Q3,Aug,10,0,1,929,929,0,0.0,435.46,404542.34,1
PO-01264,S002,BlueStar Freight,Tier 1,Rail,Textiles,WH-Central,2022-08-19,2022-09-05,2022-09-05,2022,8,Q3,Aug,17,0,1,1338,1338,0,0.0,315.64,422326.32,1
PO-01265,S008,Northern Logistics,Tier 3,Rail,Electronics,WH-Central,2022-08-19,2022-08-26,2022-08-26,2022,8,Q3,Aug,7,0,1,1377,1377,0,0.0,357.97,492924.69,1
PO-01266,S003,Apex Supply Co.,Tier 2,Road,Spare Parts,WH-East,2022-08-20,2022-09-10,2022-09-10,2022,8,Q3,Aug,21,0,1,442,442,0,0.0,294.27,130067.34,1
PO-01267,S007,Swift Carriers,Tier 2,Road,Chemicals,WH-South,2022-08-20,2022-09-06,2022-09-06,2022,8,Q3,Aug,17,0,1,1466,1466,0,0.0,227.36,333309.76,1
PO-01268,S006,PrimeParts Inc.,Tier 1,Sea,Spare Parts,WH-North,2022-08-20,2022-08-27,2022-08-27,2022,8,Q3,Aug,7,0,1,919,919,0,0.0,8.68,7976.92,1
PO-01269,S004,Global Parts Ltd,Tier 1,Air,Packaging,WH-Central,2022-08-21,2022-08-24,2022-08-24,2022,8,Q3,Aug,3,0,1,328,328,0,0.0,293.46,96254.88,1
PO-01270,S006,PrimeParts Inc.,Tier 1,Sea,Spare Parts,WH-South,2022-08-21,2022-08-30,2022-08-30,2022,8,Q3,Aug,9,0,1,426,426,0,0.0,214.21,91253.46,1
PO-01271,S004,Global Parts Ltd,Tier 1,Air,Spare Parts,WH-East,2022-08-21,2022-08-30,2022-08-30,2022,8,Q3,Aug,9,0,1,1808,1808,0,0.0,230.08,415984.64,1
PO-01272,S002,BlueStar Freight,Tier 1,Rail,Textiles,WH-West,2022-08-22,2022-09-10,2022-09-10,2022,8,Q3,Aug,19,0,1,283,283,0,0.0,351.06,99349.98,1
PO-01273,S007,Swift Carriers,Tier 2,Road,Packaging,WH-South,2022-08-22,2022-09-03,2022-09-03,2022,8,Q3,Aug,12,0,1,1667,1667,0,0.0,489.78,816463.26,1
PO-01274,S005,Metro Distributors,Tier 2,Road,Raw Materials,WH-North,2022-08-22,2022-09-01,2022-09-03,2022,8,Q3,Aug,10,2,0,1145,1145,0,0.0,416.82,477258.9,1
PO-01275,S006,PrimeParts Inc.,Tier 1,Sea,Raw Materials,WH-South,2022-08-22,2022-09-01,2022-09-01,2022,8,Q3,Aug,10,0,1,198,198,0,0.0,295.41,58491.18,1
PO-01276,S002,BlueStar Freight,Tier 1,Rail,Electronics,WH-South,2022-08-22,2022-08-30,2022-09-05,2022,8,Q3,Aug,8,6,0,651,651,0,0.0,318.96,207642.96,1
PO-01277,S006,PrimeParts Inc.,Tier 1,Sea,Packaging,WH-South,2022-08-23,2022-09-10,2022-09-10,2022,8,Q3,Aug,18,0,1,1906,1906,0,0.0,462.86,882211.16,1
PO-01278,S009,Eastside Components,Tier 2,Sea,Packaging,WH-East,2022-08-23,2022-08-30,2022-08-30,2022,8,Q3,Aug,7,0,1,885,885,0,0.0,218.68,193531.8,1
PO-01279,S002,BlueStar Freight,Tier 1,Rail,Textiles,WH-South,2022-08-23,2022-09-01,2022-09-01,2022,8,Q3,Aug,9,0,1,1101,1101,0,0.0,11.45,12606.45,1
PO-01280,S005,Metro Distributors,Tier 2,Road,Chemicals,WH-East,2022-08-23,2022-09-11,2022-09-22,2022,8,Q3,Aug,19,11,0,844,756,88,10.43,409.23,345390.12,0
PO-01281,S006,PrimeParts Inc.,Tier 1,Sea,Packaging,WH-North,2022-08-24,2022-09-07,2022-09-07,2022,8,Q3,Aug,14,0,1,910,910,0,0.0,212.94,193775.4,1
PO-01282,S009,Eastside Components,Tier 2,Sea,Components,WH-East,2022-08-24,2022-09-13,2022-09-18,2022,8,Q3,Aug,20,5,0,1830,1830,0,0.0,146.78,268607.4,1
PO-01283,S006,PrimeParts Inc.,Tier 1,Sea,Electronics,WH-South,2022-08-24,2022-09-14,2022-09-14,2022,8,Q3,Aug,21,0,1,284,284,0,0.0,481.72,136808.48,1
PO-01284,S003,Apex Supply Co.,Tier 2,Road,Packaging,WH-Central,2022-08-24,2022-09-04,2022-09-04,2022,8,Q3,Aug,11,0,1,253,253,0,0.0,404.97,102457.41,1
PO-01285,S004,Global Parts Ltd,Tier 1,Air,Textiles,WH-Central,2022-08-24,2022-08-27,2022-08-27,2022,8,Q3,Aug,3,0,1,627,627,0,0.0,185.47,116289.69,1
PO-01286,S004,Global Parts Ltd,Tier 1,Air,Components,WH-North,2022-08-25,2022-09-09,2022-09-09,2022,8,Q3,Aug,15,0,1,1807,1807,0,0.0,424.69,767414.83,1
PO-01287,S006,PrimeParts Inc.,Tier 1,Sea,Chemicals,WH-Central,2022-08-25,2022-09-04,2022-09-04,2022,8,Q3,Aug,10,0,1,1880,1880,0,0.0,318.6,598968.0,1
PO-01288,S009,Eastside Components,Tier 2,Sea,Textiles,WH-Central,2022-08-25,2022-09-02,2022-09-02,2022,8,Q3,Aug,8,0,1,707,707,0,0.0,456.8,322957.6,1
PO-01289,S002,BlueStar Freight,Tier 1,Rail,Spare Parts,WH-East,2022-08-25,2022-09-08,2022-09-08,2022,8,Q3,Aug,14,0,1,102,102,0,0.0,484.31,49399.62,1
PO-01290,S006,PrimeParts Inc.,Tier 1,Sea,Chemicals,WH-North,2022-08-25,2022-09-05,2022-09-05,2022,8,Q3,Aug,11,0,1,1810,1810,0,0.0,208.38,377167.8,1
PO-01291,S009,Eastside Components,Tier 2,Sea,Electronics,WH-Central,2022-08-25,2022-08-31,2022-08-31,2022,8,Q3,Aug,6,0,1,1151,1151,0,0.0,414.63,477239.13,1
PO-01292,S004,Global Parts Ltd,Tier 1,Air,Raw Materials,WH-North,2022-08-25,2022-09-10,2022-09-10,2022,8,Q3,Aug,16,0,1,1945,1945,0,0.0,155.91,303244.95,1
PO-01293,S010,Reliable Goods Co.,Tier 3,Road,Packaging,WH-North,2022-08-26,2022-09-09,2022-09-09,2022,8,Q3,Aug,14,0,1,1330,1330,0,0.0,292.95,389623.5,1
PO-01294,S006,PrimeParts Inc.,Tier 1,Sea,Finished Goods,WH-West,2022-08-26,2022-09-06,2022-09-06,2022,8,Q3,Aug,11,0,1,1317,1317,0,0.0,477.62,629025.54,1
PO-01295,S007,Swift Carriers,Tier 2,Road,Textiles,WH-North,2022-08-26,2022-08-30,2022-08-30,2022,8,Q3,Aug,4,0,1,321,321,0,0.0,32.09,10300.89,1
PO-01296,S002,BlueStar Freight,Tier 1,Rail,Components,WH-East,2022-08-26,2022-09-13,2022-09-13,2022,8,Q3,Aug,18,0,1,443,388,55,12.42,149.36,66166.48,0
PO-01297,S004,Global Parts Ltd,Tier 1,Air,Components,WH-West,2022-08-26,2022-08-31,2022-08-31,2022,8,Q3,Aug,5,0,1,1584,1584,0,0.0,282.25,447084.0,1
PO-01298,S002,BlueStar Freight,Tier 1,Rail,Electronics,WH-North,2022-08-26,2022-09-04,2022-09-07,2022,8,Q3,Aug,9,3,0,1730,1730,0,0.0,429.79,743536.7,1
PO-01299,S005,Metro Distributors,Tier 2,Road,Raw Materials,WH-East,2022-08-26,2022-09-14,2022-09-14,2022,8,Q3,Aug,19,0,1,217,217,0,0.0,5.42,1176.14,1
PO-01300,S006,PrimeParts Inc.,Tier 1,Sea,Electronics,WH-Central,2022-08-27,2022-09-07,2022-09-16,2022,8,Q3,Aug,11,9,0,1163,1163,0,0.0,336.03,390802.89,1
PO-01301,S007,Swift Carriers,Tier 2,Road,Textiles,WH-West,2022-08-27,2022-09-03,2022-09-03,2022,8,Q3,Aug,7,0,1,1531,1531,0,0.0,79.76,122112.56,1
PO-01302,S005,Metro Distributors,Tier 2,Road,Packaging,WH-South,2022-08-27,2022-09-08,2022-09-16,2022,8,Q3,Aug,12,8,0,1312,1312,0,0.0,363.42,476807.04,1
PO-01303,S007,Swift Carriers,Tier 2,Road,Finished Goods,WH-Central,2022-08-27,2022-09-14,2022-09-14,2022,8,Q3,Aug,18,0,1,1130,1130,0,0.0,403.0,455390.0,1
PO-01304,S005,Metro Distributors,Tier 2,Road,Spare Parts,WH-Central,2022-08-27,2022-09-01,2022-09-01,2022,8,Q3,Aug,5,0,1,1697,1697,0,0.0,155.24,263442.28,1
PO-01305,S009,Eastside Components,Tier 2,Sea,Chemicals,WH-Central,2022-08-28,2022-09-04,2022-09-04,2022,8,Q3,Aug,7,0,1,777,777,0,0.0,33.35,25912.95,1
PO-01306,S007,Swift Carriers,Tier 2,Road,Finished Goods,WH-Central,2022-08-28,2022-09-18,2022-09-18,2022,8,Q3,Aug,21,0,1,196,196,0,0.0,175.12,34323.52,1
PO-01307,S001,FastTrack Logistics,Tier 1,Road,Finished Goods,WH-Central,2022-08-28,2022-09-07,2022-09-07,2022,8,Q3,Aug,10,0,1,1491,1491,0,0.0,93.32,139140.12,1
PO-01308,S007,Swift Carriers,Tier 2,Road,Electronics,WH-South,2022-08-28,2022-09-07,2022-09-10,2022,8,Q3,Aug,10,3,0,125,125,0,0.0,10.35,1293.75,1
PO-01309,S003,Apex Supply Co.,Tier 2,Road,Chemicals,WH-West,2022-08-28,2022-09-08,2022-09-08,2022,8,Q3,Aug,11,0,1,1459,1459,0,0.0,83.17,121345.03,1
PO-01310,S009,Eastside Components,Tier 2,Sea,Electronics,WH-West,2022-08-28,2022-09-15,2022-09-15,2022,8,Q3,Aug,18,0,1,1305,1123,182,13.95,163.62,213524.1,0
PO-01311,S002,BlueStar Freight,Tier 1,Rail,Raw Materials,WH-North,2022-08-28,2022-09-15,2022-09-15,2022,8,Q3,Aug,18,0,1,821,821,0,0.0,386.54,317349.34,1
PO-01312,S002,BlueStar Freight,Tier 1,Rail,Raw Materials,WH-South,2022-08-28,2022-09-12,2022-09-12,2022,8,Q3,Aug,15,0,1,721,721,0,0.0,71.31,51414.51,1
PO-01313,S007,Swift Carriers,Tier 2,Road,Finished Goods,WH-East,2022-08-29,2022-09-12,2022-09-17,2022,8,Q3,Aug,14,5,0,1575,1414,161,10.22,120.25,189393.75,0
PO-01314,S009,Eastside Components,Tier 2,Sea,Packaging,WH-North,2022-08-29,2022-09-03,2022-09-03,2022,8,Q3,Aug,5,0,1,474,474,0,0.0,396.58,187978.92,1
PO-01315,S008,Northern Logistics,Tier 3,Rail,Packaging,WH-East,2022-08-29,2022-09-11,2022-09-11,2022,8,Q3,Aug,13,0,1,728,728,0,0.0,341.04,248277.12,1
PO-01316,S003,Apex Supply Co.,Tier 2,Road,Raw Materials,WH-East,2022-08-29,2022-09-05,2022-09-05,2022,8,Q3,Aug,7,0,1,582,582,0,0.0,321.54,187136.28,1
PO-01317,S004,Global Parts Ltd,Tier 1,Air,Packaging,WH-West,2022-08-29,2022-09-08,2022-09-08,2022,8,Q3,Aug,10,0,1,843,843,0,0.0,426.88,359859.84,1
PO-01318,S004,Global Parts Ltd,Tier 1,Air,Chemicals,WH-West,2022-08-29,2022-09-07,2022-09-10,2022,8,Q3,Aug,9,3,0,887,887,0,0.0,186.3,165248.1,1
PO-01319,S010,Reliable Goods Co.,Tier 3,Road,Chemicals,WH-South,2022-08-30,2022-09-04,2022-09-04,2022,8,Q3,Aug,5,0,1,691,691,0,0.0,440.22,304192.02,1
PO-01320,S002,BlueStar Freight,Tier 1,Rail,Electronics,WH-East,2022-08-30,2022-09-11,2022-09-11,2022,8,Q3,Aug,12,0,1,1997,1997,0,0.0,58.22,116265.34,1
PO-01321,S003,Apex Supply Co.,Tier 2,Road,Raw Materials,WH-North,2022-08-30,2022-09-13,2022-09-23,2022,8,Q3,Aug,14,10,0,1304,1304,0,0.0,121.21,158057.84,1
PO-01322,S009,Eastside Components,Tier 2,Sea,Spare Parts,WH-East,2022-08-30,2022-09-13,2022-09-25,2022,8,Q3,Aug,14,12,0,874,849,25,2.86,145.95,127560.3,0
PO-01323,S004,Global Parts Ltd,Tier 1,Air,Packaging,WH-Central,2022-08-30,2022-09-11,2022-09-11,2022,8,Q3,Aug,12,0,1,1598,1598,0,0.0,404.19,645895.62,1
PO-01324,S007,Swift Carriers,Tier 2,Road,Raw Materials,WH-West,2022-08-31,2022-09-18,2022-09-18,2022,8,Q3,Aug,18,0,1,1849,1849,0,0.0,283.77,524690.73,1
PO-01325,S004,Global Parts Ltd,Tier 1,Air,Finished Goods,WH-South,2022-08-31,2022-09-08,2022-09-08,2022,8,Q3,Aug,8,0,1,697,594,103,14.78,264.61,184433.17,0
PO-01326,S002,BlueStar Freight,Tier 1,Rail,Textiles,WH-West,2022-08-31,2022-09-15,2022-09-15,2022,8,Q3,Aug,15,0,1,492,492,0,0.0,368.6,181351.2,1
PO-01327,S007,Swift Carriers,Tier 2,Road,Components,WH-West,2022-09-01,2022-09-17,2022-09-27,2022,9,Q3,Sep,16,10,0,351,351,0,0.0,125.82,44162.82,1
PO-01328,S002,BlueStar Freight,Tier 1,Rail,Components,WH-South,2022-09-01,2022-09-07,2022-09-07,2022,9,Q3,Sep,6,0,1,732,732,0,0.0,248.71,182055.72,1
PO-01329,S006,PrimeParts Inc.,Tier 1,Sea,Spare Parts,WH-Central,2022-09-01,2022-09-22,2022-09-22,2022,9,Q3,Sep,21,0,1,1267,1267,0,0.0,197.64,250409.88,1
PO-01330,S009,Eastside Components,Tier 2,Sea,Packaging,WH-East,2022-09-02,2022-09-22,2022-09-22,2022,9,Q3,Sep,20,0,1,1564,1564,0,0.0,103.92,162530.88,1
PO-01331,S003,Apex Supply Co.,Tier 2,Road,Spare Parts,WH-East,2022-09-02,2022-09-12,2022-09-12,2022,9,Q3,Sep,10,0,1,1222,1055,167,13.67,305.58,373418.76,0
PO-01332,S008,Northern Logistics,Tier 3,Rail,Spare Parts,WH-North,2022-09-02,2022-09-18,2022-09-18,2022,9,Q3,Sep,16,0,1,1790,1790,0,0.0,442.26,791645.4,1
PO-01333,S008,Northern Logistics,Tier 3,Rail,Finished Goods,WH-North,2022-09-02,2022-09-10,2022-09-19,2022,9,Q3,Sep,8,9,0,1506,1506,0,0.0,429.86,647369.16,1
PO-01334,S008,Northern Logistics,Tier 3,Rail,Spare Parts,WH-North,2022-09-02,2022-09-13,2022-09-13,2022,9,Q3,Sep,11,0,1,1630,1536,94,5.77,328.66,535715.8,0
PO-01335,S002,BlueStar Freight,Tier 1,Rail,Packaging,WH-South,2022-09-02,2022-09-10,2022-09-10,2022,9,Q3,Sep,8,0,1,1021,1021,0,0.0,472.62,482545.02,1
PO-01336,S001,FastTrack Logistics,Tier 1,Road,Finished Goods,WH-Central,2022-09-02,2022-09-16,2022-09-16,2022,9,Q3,Sep,14,0,1,943,943,0,0.0,201.36,189882.48,1
PO-01337,S001,FastTrack Logistics,Tier 1,Road,Packaging,WH-West,2022-09-02,2022-09-22,2022-09-22,2022,9,Q3,Sep,20,0,1,1240,1240,0,0.0,84.53,104817.2,1
PO-01338,S010,Reliable Goods Co.,Tier 3,Road,Textiles,WH-East,2022-09-03,2022-09-17,2022-09-17,2022,9,Q3,Sep,14,0,1,1913,1913,0,0.0,179.86,344072.18,1
PO-01339,S004,Global Parts Ltd,Tier 1,Air,Chemicals,WH-North,2022-09-03,2022-09-24,2022-10-07,2022,9,Q3,Sep,21,13,0,851,851,0,0.0,171.53,145972.03,1
PO-01340,S002,BlueStar Freight,Tier 1,Rail,Electronics,WH-South,2022-09-03,2022-09-18,2022-09-18,2022,9,Q3,Sep,15,0,1,1454,1454,0,0.0,56.87,82688.98,1
PO-01341,S008,Northern Logistics,Tier 3,Rail,Packaging,WH-West,2022-09-03,2022-09-09,2022-09-09,2022,9,Q3,Sep,6,0,1,1248,1248,0,0.0,418.38,522138.24,1
PO-01342,S001,FastTrack Logistics,Tier 1,Road,Spare Parts,WH-East,2022-09-03,2022-09-14,2022-09-14,2022,9,Q3,Sep,11,0,1,709,709,0,0.0,79.54,56393.86,1
PO-01343,S010,Reliable Goods Co.,Tier 3,Road,Electronics,WH-South,2022-09-03,2022-09-13,2022-09-17,2022,9,Q3,Sep,10,4,0,241,218,23,9.54,7.82,1884.62,0
PO-01344,S006,PrimeParts Inc.,Tier 1,Sea,Chemicals,WH-South,2022-09-03,2022-09-11,2022-09-11,2022,9,Q3,Sep,8,0,1,570,570,0,0.0,296.45,168976.5,1
PO-01345,S007,Swift Carriers,Tier 2,Road,Chemicals,WH-South,2022-09-04,2022-09-14,2022-09-14,2022,9,Q3,Sep,10,0,1,1565,1565,0,0.0,72.58,113587.7,1
PO-01346,S008,Northern Logistics,Tier 3,Rail,Spare Parts,WH-East,2022-09-04,2022-09-07,2022-09-16,2022,9,Q3,Sep,3,9,0,1650,1650,0,0.0,294.7,486255.0,1
PO-01347,S004,Global Parts Ltd,Tier 1,Air,Finished Goods,WH-Central,2022-09-04,2022-09-17,2022-09-17,2022,9,Q3,Sep,13,0,1,695,695,0,0.0,169.94,118108.3,1
PO-01348,S003,Apex Supply Co.,Tier 2,Road,Finished Goods,WH-Central,2022-09-05,2022-09-13,2022-09-13,2022,9,Q3,Sep,8,0,1,1256,1256,0,0.0,149.77,188111.12,1
PO-01349,S003,Apex Supply Co.,Tier 2,Road,Finished Goods,WH-North,2022-09-05,2022-09-13,2022-09-16,2022,9,Q3,Sep,8,3,0,484,484,0,0.0,111.35,53893.4,1
PO-01350,S002,BlueStar Freight,Tier 1,Rail,Packaging,WH-North,2022-09-05,2022-09-26,2022-09-26,2022,9,Q3,Sep,21,0,1,579,579,0,0.0,21.37,12373.23,1
PO-01351,S009,Eastside Components,Tier 2,Sea,Finished Goods,WH-Central,2022-09-05,2022-09-08,2022-09-08,2022,9,Q3,Sep,3,0,1,853,853,0,0.0,343.08,292647.24,1
PO-01352,S010,Reliable Goods Co.,Tier 3,Road,Raw Materials,WH-North,2022-09-05,2022-09-21,2022-09-30,2022,9,Q3,Sep,16,9,0,319,319,0,0.0,495.81,158163.39,1
PO-01353,S003,Apex Supply Co.,Tier 2,Road,Textiles,WH-North,2022-09-05,2022-09-14,2022-09-14,2022,9,Q3,Sep,9,0,1,1762,1762,0,0.0,344.0,606128.0,1
PO-01354,S007,Swift Carriers,Tier 2,Road,Electronics,WH-North,2022-09-06,2022-09-14,2022-09-26,2022,9,Q3,Sep,8,12,0,1214,1214,0,0.0,281.04,341182.56,1
PO-01355,S001,FastTrack Logistics,Tier 1,Road,Electronics,WH-South,2022-09-06,2022-09-20,2022-09-20,2022,9,Q3,Sep,14,0,1,132,132,0,0.0,166.35,21958.2,1
PO-01356,S004,Global Parts Ltd,Tier 1,Air,Textiles,WH-South,2022-09-06,2022-09-09,2022-09-09,2022,9,Q3,Sep,3,0,1,896,896,0,0.0,136.25,122080.0,1
PO-01357,S007,Swift Carriers,Tier 2,Road,Packaging,WH-Central,2022-09-06,2022-09-17,2022-09-20,2022,9,Q3,Sep,11,3,0,1936,1936,0,0.0,290.61,562620.96,1
PO-01358,S009,Eastside Components,Tier 2,Sea,Raw Materials,WH-South,2022-09-06,2022-09-10,2022-09-10,2022,9,Q3,Sep,4,0,1,1297,1297,0,0.0,62.84,81503.48,1
PO-01359,S003,Apex Supply Co.,Tier 2,Road,Chemicals,WH-North,2022-09-06,2022-09-22,2022-09-22,2022,9,Q3,Sep,16,0,1,790,790,0,0.0,81.15,64108.5,1
PO-01360,S001,FastTrack Logistics,Tier 1,Road,Raw Materials,WH-West,2022-09-06,2022-09-24,2022-09-24,2022,9,Q3,Sep,18,0,1,1782,1782,0,0.0,143.41,255556.62,1
PO-01361,S008,Northern Logistics,Tier 3,Rail,Spare Parts,WH-North,2022-09-06,2022-09-24,2022-09-24,2022,9,Q3,Sep,18,0,1,643,643,0,0.0,206.31,132657.33,1
PO-01362,S005,Metro Distributors,Tier 2,Road,Raw Materials,WH-West,2022-09-07,2022-09-11,2022-09-16,2022,9,Q3,Sep,4,5,0,1917,1749,168,8.76,193.74,371399.58,0
PO-01363,S004,Global Parts Ltd,Tier 1,Air,Electronics,WH-West,2022-09-07,2022-09-22,2022-09-22,2022,9,Q3,Sep,15,0,1,683,683,0,0.0,449.22,306817.26,1
PO-01364,S007,Swift Carriers,Tier 2,Road,Components,WH-North,2022-09-07,2022-09-13,2022-09-18,2022,9,Q3,Sep,6,5,0,1784,1784,0,0.0,252.11,449764.24,1
PO-01365,S006,PrimeParts Inc.,Tier 1,Sea,Chemicals,WH-East,2022-09-07,2022-09-21,2022-09-21,2022,9,Q3,Sep,14,0,1,81,81,0,0.0,278.17,22531.77,1
PO-01366,S003,Apex Supply Co.,Tier 2,Road,Raw Materials,WH-South,2022-09-07,2022-09-24,2022-10-01,2022,9,Q3,Sep,17,7,0,1639,1639,0,0.0,213.67,350205.13,1
PO-01367,S003,Apex Supply Co.,Tier 2,Road,Spare Parts,WH-South,2022-09-08,2022-09-28,2022-10-11,2022,9,Q3,Sep,20,13,0,1031,1031,0,0.0,194.47,200498.57,1
PO-01368,S007,Swift Carriers,Tier 2,Road,Components,WH-East,2022-09-08,2022-09-28,2022-10-04,2022,9,Q3,Sep,20,6,0,985,985,0,0.0,133.59,131586.15,1
PO-01369,S004,Global Parts Ltd,Tier 1,Air,Spare Parts,WH-Central,2022-09-08,2022-09-19,2022-09-19,2022,9,Q3,Sep,11,0,1,173,173,0,0.0,239.9,41502.7,1
PO-01370,S002,BlueStar Freight,Tier 1,Rail,Raw Materials,WH-North,2022-09-08,2022-09-20,2022-09-20,2022,9,Q3,Sep,12,0,1,64,64,0,0.0,33.77,2161.28,1
PO-01371,S001,FastTrack Logistics,Tier 1,Road,Components,WH-South,2022-09-08,2022-09-14,2022-09-24,2022,9,Q3,Sep,6,10,0,844,844,0,0.0,488.16,412007.04,1
PO-01372,S002,BlueStar Freight,Tier 1,Rail,Spare Parts,WH-West,2022-09-09,2022-09-21,2022-09-21,2022,9,Q3,Sep,12,0,1,607,594,13,2.14,57.1,34659.7,0
PO-01373,S002,BlueStar Freight,Tier 1,Rail,Electronics,WH-North,2022-09-09,2022-09-13,2022-09-13,2022,9,Q3,Sep,4,0,1,1261,1261,0,0.0,119.35,150500.35,1
PO-01374,S002,BlueStar Freight,Tier 1,Rail,Electronics,WH-East,2022-09-09,2022-09-23,2022-09-26,2022,9,Q3,Sep,14,3,0,442,442,0,0.0,476.01,210396.42,1
PO-01375,S010,Reliable Goods Co.,Tier 3,Road,Packaging,WH-South,2022-09-10,2022-09-29,2022-09-29,2022,9,Q3,Sep,19,0,1,1985,1985,0,0.0,288.44,572553.4,1
PO-01376,S002,BlueStar Freight,Tier 1,Rail,Spare Parts,WH-West,2022-09-10,2022-09-14,2022-09-14,2022,9,Q3,Sep,4,0,1,758,758,0,0.0,474.53,359693.74,1
PO-01377,S003,Apex Supply Co.,Tier 2,Road,Spare Parts,WH-North,2022-09-10,2022-09-18,2022-09-23,2022,9,Q3,Sep,8,5,0,933,837,96,10.29,371.38,346497.54,0
PO-01378,S005,Metro Distributors,Tier 2,Road,Raw Materials,WH-Central,2022-09-10,2022-09-27,2022-09-27,2022,9,Q3,Sep,17,0,1,1417,1417,0,0.0,200.06,283485.02,1
PO-01379,S005,Metro Distributors,Tier 2,Road,Raw Materials,WH-West,2022-09-10,2022-10-01,2022-10-03,2022,9,Q3,Sep,21,2,0,896,896,0,0.0,183.5,164416.0,1
PO-01380,S004,Global Parts Ltd,Tier 1,Air,Chemicals,WH-South,2022-09-10,2022-09-15,2022-09-15,2022,9,Q3,Sep,5,0,1,1646,1646,0,0.0,447.66,736848.36,1
PO-01381,S001,FastTrack Logistics,Tier 1,Road,Electronics,WH-North,2022-09-10,2022-09-22,2022-09-22,2022,9,Q3,Sep,12,0,1,143,143,0,0.0,334.42,47822.06,1
PO-01382,S003,Apex Supply Co.,Tier 2,Road,Spare Parts,WH-North,2022-09-11,2022-09-20,2022-09-20,2022,9,Q3,Sep,9,0,1,1041,1041,0,0.0,295.22,307324.02,1
PO-01383,S003,Apex Supply Co.,Tier 2,Road,Raw Materials,WH-North,2022-09-11,2022-09-23,2022-09-23,2022,9,Q3,Sep,12,0,1,1838,1838,0,0.0,291.91,536530.58,1
PO-01384,S009,Eastside Components,Tier 2,Sea,Components,WH-East,2022-09-11,2022-09-26,2022-09-26,2022,9,Q3,Sep,15,0,1,860,860,0,0.0,52.94,45528.4,1
PO-01385,S009,Eastside Components,Tier 2,Sea,Chemicals,WH-Central,2022-09-11,2022-09-21,2022-09-21,2022,9,Q3,Sep,10,0,1,1628,1628,0,0.0,327.67,533446.76,1
PO-01386,S002,BlueStar Freight,Tier 1,Rail,Electronics,WH-North,2022-09-11,2022-09-26,2022-10-03,2022,9,Q3,Sep,15,7,0,1816,1573,243,13.38,377.71,685921.36,0
PO-01387,S004,Global Parts Ltd,Tier 1,Air,Packaging,WH-West,2022-09-11,2022-09-22,2022-09-22,2022,9,Q3,Sep,11,0,1,1963,1963,0,0.0,219.22,430328.86,1
PO-01388,S005,Metro Distributors,Tier 2,Road,Raw Materials,WH-West,2022-09-11,2022-10-01,2022-10-10,2022,9,Q3,Sep,20,9,0,778,760,18,2.31,245.81,191240.18,0
PO-01389,S001,FastTrack Logistics,Tier 1,Road,Chemicals,WH-South,2022-09-12,2022-09-27,2022-09-27,2022,9,Q3,Sep,15,0,1,464,464,0,0.0,193.02,89561.28,1
PO-01390,S009,Eastside Components,Tier 2,Sea,Chemicals,WH-Central,2022-09-12,2022-09-15,2022-09-15,2022,9,Q3,Sep,3,0,1,752,752,0,0.0,431.87,324766.24,1
PO-01391,S001,FastTrack Logistics,Tier 1,Road,Components,WH-North,2022-09-12,2022-09-25,2022-09-25,2022,9,Q3,Sep,13,0,1,1722,1722,0,0.0,323.57,557187.54,1
PO-01392,S010,Reliable Goods Co.,Tier 3,Road,Textiles,WH-South,2022-09-13,2022-10-03,2022-10-03,2022,9,Q3,Sep,20,0,1,345,345,0,0.0,26.51,9145.95,1
PO-01393,S004,Global Parts Ltd,Tier 1,Air,Packaging,WH-Central,2022-09-13,2022-10-01,2022-10-14,2022,9,Q3,Sep,18,13,0,237,237,0,0.0,374.03,88645.11,1
PO-01394,S001,FastTrack Logistics,Tier 1,Road,Packaging,WH-South,2022-09-13,2022-09-16,2022-09-16,2022,9,Q3,Sep,3,0,1,1449,1449,0,0.0,384.47,557097.03,1
PO-01395,S005,Metro Distributors,Tier 2,Road,Spare Parts,WH-Central,2022-09-13,2022-09-25,2022-09-25,2022,9,Q3,Sep,12,0,1,1369,1369,0,0.0,139.22,190592.18,1
PO-01396,S001,FastTrack Logistics,Tier 1,Road,Electronics,WH-Central,2022-09-14,2022-09-25,2022-09-25,2022,9,Q3,Sep,11,0,1,884,884,0,0.0,18.38,16247.92,1
PO-01397,S010,Reliable Goods Co.,Tier 3,Road,Raw Materials,WH-West,2022-09-14,2022-10-05,2022-10-12,2022,9,Q3,Sep,21,7,0,444,444,0,0.0,79.85,35453.4,1
PO-01398,S004,Global Parts Ltd,Tier 1,Air,Spare Parts,WH-West,2022-09-14,2022-09-23,2022-09-29,2022,9,Q3,Sep,9,6,0,1246,1246,0,0.0,182.96,227968.16,1
PO-01399,S008,Northern Logistics,Tier 3,Rail,Finished Goods,WH-North,2022-09-15,2022-10-02,2022-10-02,2022,9,Q3,Sep,17,0,1,1145,1145,0,0.0,341.84,391406.8,1
PO-01400,S010,Reliable Goods Co.,Tier 3,Road,Components,WH-Central,2022-09-15,2022-09-30,2022-10-13,2022,9,Q3,Sep,15,13,0,359,359,0,0.0,390.93,140343.87,1
PO-01401,S002,BlueStar Freight,Tier 1,Rail,Textiles,WH-South,2022-09-15,2022-09-20,2022-09-20,2022,9,Q3,Sep,5,0,1,462,462,0,0.0,88.52,40896.24,1
PO-01402,S008,Northern Logistics,Tier 3,Rail,Finished Goods,WH-North,2022-09-15,2022-09-29,2022-09-29,2022,9,Q3,Sep,14,0,1,1553,1553,0,0.0,441.32,685369.96,1
PO-01403,S007,Swift Carriers,Tier 2,Road,Raw Materials,WH-North,2022-09-15,2022-09-24,2022-09-28,2022,9,Q3,Sep,9,4,0,918,918,0,0.0,429.58,394354.44,1
PO-01404,S009,Eastside Components,Tier 2,Sea,Packaging,WH-South,2022-09-16,2022-09-28,2022-09-29,2022,9,Q3,Sep,12,1,0,1055,1055,0,0.0,243.58,256976.9,1
PO-01405,S003,Apex Supply Co.,Tier 2,Road,Raw Materials,WH-Central,2022-09-16,2022-10-06,2022-10-17,2022,9,Q3,Sep,20,11,0,1437,1437,0,0.0,230.71,331530.27,1
PO-01406,S006,PrimeParts Inc.,Tier 1,Sea,Spare Parts,WH-South,2022-09-16,2022-09-21,2022-09-21,2022,9,Q3,Sep,5,0,1,804,804,0,0.0,286.97,230723.88,1
PO-01407,S002,BlueStar Freight,Tier 1,Rail,Spare Parts,WH-East,2022-09-16,2022-09-28,2022-09-28,2022,9,Q3,Sep,12,0,1,825,825,0,0.0,70.99,58566.75,1
PO-01408,S001,FastTrack Logistics,Tier 1,Road,Electronics,WH-East,2022-09-16,2022-09-25,2022-09-25,2022,9,Q3,Sep,9,0,1,333,333,0,0.0,414.8,138128.4,1
PO-01409,S010,Reliable Goods Co.,Tier 3,Road,Electronics,WH-North,2022-09-16,2022-10-07,2022-10-09,2022,9,Q3,Sep,21,2,0,1893,1893,0,0.0,18.7,35399.1,1
PO-01410,S009,Eastside Components,Tier 2,Sea,Components,WH-South,2022-09-17,2022-10-07,2022-10-07,2022,9,Q3,Sep,20,0,1,574,574,0,0.0,231.49,132875.26,1
PO-01411,S010,Reliable Goods Co.,Tier 3,Road,Spare Parts,WH-East,2022-09-17,2022-09-22,2022-09-22,2022,9,Q3,Sep,5,0,1,1397,1397,0,0.0,404.62,565254.14,1
PO-01412,S008,Northern Logistics,Tier 3,Rail,Textiles,WH-South,2022-09-17,2022-09-28,2022-10-10,2022,9,Q3,Sep,11,12,0,1205,1205,0,0.0,132.17,159264.85,1
PO-01413,S003,Apex Supply Co.,Tier 2,Road,Electronics,WH-North,2022-09-17,2022-10-06,2022-10-06,2022,9,Q3,Sep,19,0,1,526,526,0,0.0,268.97,141478.22,1
PO-01414,S003,Apex Supply Co.,Tier 2,Road,Raw Materials,WH-South,2022-09-17,2022-09-24,2022-09-24,2022,9,Q3,Sep,7,0,1,687,687,0,0.0,481.55,330824.85,1
PO-01415,S007,Swift Carriers,Tier 2,Road,Chemicals,WH-East,2022-09-18,2022-10-08,2022-10-08,2022,9,Q3,Sep,20,0,1,1510,1510,0,0.0,348.72,526567.2,1
PO-01416,S002,BlueStar Freight,Tier 1,Rail,Packaging,WH-West,2022-09-18,2022-09-22,2022-09-22,2022,9,Q3,Sep,4,0,1,1969,1969,0,0.0,187.65,369482.85,1
PO-01417,S007,Swift Carriers,Tier 2,Road,Chemicals,WH-East,2022-09-18,2022-10-05,2022-10-05,2022,9,Q3,Sep,17,0,1,1977,1977,0,0.0,209.54,414260.58,1
PO-01418,S006,PrimeParts Inc.,Tier 1,Sea,Chemicals,WH-Central,2022-09-18,2022-10-01,2022-10-01,2022,9,Q3,Sep,13,0,1,712,632,80,11.24,313.36,223112.32,0
PO-01419,S006,PrimeParts Inc.,Tier 1,Sea,Chemicals,WH-Central,2022-09-19,2022-10-09,2022-10-09,2022,9,Q3,Sep,20,0,1,1334,1334,0,0.0,485.63,647830.42,1
PO-01420,S002,BlueStar Freight,Tier 1,Rail,Packaging,WH-South,2022-09-19,2022-10-08,2022-10-14,2022,9,Q3,Sep,19,6,0,1895,1895,0,0.0,75.59,143243.05,1
PO-01421,S006,PrimeParts Inc.,Tier 1,Sea,Packaging,WH-South,2022-09-19,2022-10-03,2022-10-16,2022,9,Q3,Sep,14,13,0,389,389,0,0.0,241.89,94095.21,1
PO-01422,S009,Eastside Components,Tier 2,Sea,Textiles,WH-Central,2022-09-19,2022-10-03,2022-10-11,2022,9,Q3,Sep,14,8,0,718,718,0,0.0,359.48,258106.64,1
PO-01423,S009,Eastside Components,Tier 2,Sea,Chemicals,WH-North,2022-09-19,2022-10-07,2022-10-07,2022,9,Q3,Sep,18,0,1,1571,1571,0,0.0,206.88,325008.48,1
PO-01424,S004,Global Parts Ltd,Tier 1,Air,Spare Parts,WH-Central,2022-09-20,2022-09-29,2022-09-29,2022,9,Q3,Sep,9,0,1,557,557,0,0.0,136.17,75846.69,1
PO-01425,S010,Reliable Goods Co.,Tier 3,Road,Spare Parts,WH-East,2022-09-20,2022-10-01,2022-10-01,2022,9,Q3,Sep,11,0,1,1174,1174,0,0.0,386.68,453962.32,1
PO-01426,S002,BlueStar Freight,Tier 1,Rail,Textiles,WH-West,2022-09-20,2022-10-01,2022-10-01,2022,9,Q3,Sep,11,0,1,902,902,0,0.0,65.88,59423.76,1
PO-01427,S004,Global Parts Ltd,Tier 1,Air,Finished Goods,WH-North,2022-09-20,2022-09-29,2022-10-01,2022,9,Q3,Sep,9,2,0,61,61,0,0.0,291.12,17758.32,1
PO-01428,S003,Apex Supply Co.,Tier 2,Road,Packaging,WH-South,2022-09-20,2022-09-25,2022-09-25,2022,9,Q3,Sep,5,0,1,1363,1363,0,0.0,261.85,356901.55,1
PO-01429,S006,PrimeParts Inc.,Tier 1,Sea,Raw Materials,WH-Central,2022-09-20,2022-09-28,2022-09-28,2022,9,Q3,Sep,8,0,1,1454,1454,0,0.0,460.7,669857.8,1
PO-01430,S009,Eastside Components,Tier 2,Sea,Raw Materials,WH-Central,2022-09-20,2022-10-07,2022-10-07,2022,9,Q3,Sep,17,0,1,1057,1057,0,0.0,392.26,414618.82,1
PO-01431,S009,Eastside Components,Tier 2,Sea,Electronics,WH-North,2022-09-20,2022-09-25,2022-09-25,2022,9,Q3,Sep,5,0,1,1510,1510,0,0.0,317.8,479878.0,1
PO-01432,S008,Northern Logistics,Tier 3,Rail,Raw Materials,WH-West,2022-09-21,2022-09-25,2022-09-27,2022,9,Q3,Sep,4,2,0,633,633,0,0.0,474.19,300162.27,1
PO-01433,S009,Eastside Components,Tier 2,Sea,Components,WH-North,2022-09-21,2022-10-12,2022-10-12,2022,9,Q3,Sep,21,0,1,801,801,0,0.0,422.78,338646.78,1
PO-01434,S008,Northern Logistics,Tier 3,Rail,Spare Parts,WH-East,2022-09-21,2022-09-30,2022-09-30,2022,9,Q3,Sep,9,0,1,1371,1340,31,2.26,465.38,638035.98,0
PO-01435,S006,PrimeParts Inc.,Tier 1,Sea,Raw Materials,WH-West,2022-09-21,2022-10-04,2022-10-04,2022,9,Q3,Sep,13,0,1,1591,1591,0,0.0,258.59,411416.69,1
PO-01436,S003,Apex Supply Co.,Tier 2,Road,Textiles,WH-South,2022-09-21,2022-09-28,2022-09-28,2022,9,Q3,Sep,7,0,1,1338,1338,0,0.0,146.92,196578.96,1
PO-01437,S008,Northern Logistics,Tier 3,Rail,Components,WH-South,2022-09-22,2022-09-26,2022-09-26,2022,9,Q3,Sep,4,0,1,1148,1148,0,0.0,266.16,305551.68,1
PO-01438,S009,Eastside Components,Tier 2,Sea,Packaging,WH-South,2022-09-22,2022-10-05,2022-10-05,2022,9,Q3,Sep,13,0,1,666,666,0,0.0,174.45,116183.7,1
PO-01439,S004,Global Parts Ltd,Tier 1,Air,Electronics,WH-West,2022-09-22,2022-10-08,2022-10-08,2022,9,Q3,Sep,16,0,1,1794,1794,0,0.0,456.17,818368.98,1
PO-01440,S007,Swift Carriers,Tier 2,Road,Finished Goods,WH-West,2022-09-22,2022-10-06,2022-10-15,2022,9,Q3,Sep,14,9,0,87,87,0,0.0,417.81,36349.47,1
PO-01441,S006,PrimeParts Inc.,Tier 1,Sea,Components,WH-West,2022-09-22,2022-10-08,2022-10-08,2022,9,Q3,Sep,16,0,1,923,923,0,0.0,89.46,82571.58,1
PO-01442,S008,Northern Logistics,Tier 3,Rail,Packaging,WH-West,2022-09-22,2022-10-05,2022-10-13,2022,9,Q3,Sep,13,8,0,338,338,0,0.0,195.59,66109.42,1
PO-01443,S001,FastTrack Logistics,Tier 1,Road,Spare Parts,WH-South,2022-09-22,2022-09-30,2022-09-30,2022,9,Q3,Sep,8,0,1,623,623,0,0.0,155.99,97181.77,1
PO-01444,S007,Swift Carriers,Tier 2,Road,Finished Goods,WH-North,2022-09-23,2022-10-06,2022-10-06,2022,9,Q3,Sep,13,0,1,273,273,0,0.0,451.5,123259.5,1
PO-01445,S001,FastTrack Logistics,Tier 1,Road,Chemicals,WH-South,2022-09-23,2022-10-03,2022-10-03,2022,9,Q3,Sep,10,0,1,1946,1946,0,0.0,453.77,883036.42,1
PO-01446,S008,Northern Logistics,Tier 3,Rail,Chemicals,WH-South,2022-09-23,2022-10-04,2022-10-04,2022,9,Q3,Sep,11,0,1,854,854,0,0.0,56.22,48011.88,1
PO-01447,S008,Northern Logistics,Tier 3,Rail,Electronics,WH-Central,2022-09-24,2022-10-12,2022-10-20,2022,9,Q3,Sep,18,8,0,1206,1206,0,0.0,275.57,332337.42,1
PO-01448,S003,Apex Supply Co.,Tier 2,Road,Textiles,WH-West,2022-09-24,2022-10-15,2022-10-15,2022,9,Q3,Sep,21,0,1,1070,1070,0,0.0,340.92,364784.4,1
PO-01449,S010,Reliable Goods Co.,Tier 3,Road,Raw Materials,WH-South,2022-09-24,2022-10-04,2022-10-04,2022,9,Q3,Sep,10,0,1,506,444,62,12.25,489.02,247444.12,0
PO-01450,S001,FastTrack Logistics,Tier 1,Road,Packaging,WH-West,2022-09-24,2022-10-15,2022-10-15,2022,9,Q3,Sep,21,0,1,1718,1718,0,0.0,23.36,40132.48,1
PO-01451,S003,Apex Supply Co.,Tier 2,Road,Raw Materials,WH-Central,2022-09-24,2022-10-05,2022-10-05,2022,9,Q3,Sep,11,0,1,905,905,0,0.0,433.63,392435.15,1
PO-01452,S010,Reliable Goods Co.,Tier 3,Road,Chemicals,WH-East,2022-09-24,2022-10-03,2022-10-13,2022,9,Q3,Sep,9,10,0,1437,1437,0,0.0,183.77,264077.49,1
PO-01453,S009,Eastside Components,Tier 2,Sea,Raw Materials,WH-Central,2022-09-25,2022-09-28,2022-09-28,2022,9,Q3,Sep,3,0,1,617,617,0,0.0,141.65,87398.05,1
PO-01454,S004,Global Parts Ltd,Tier 1,Air,Packaging,WH-West,2022-09-25,2022-10-08,2022-10-08,2022,9,Q3,Sep,13,0,1,817,817,0,0.0,120.8,98693.6,1
PO-01455,S010,Reliable Goods Co.,Tier 3,Road,Textiles,WH-South,2022-09-25,2022-10-08,2022-10-08,2022,9,Q3,Sep,13,0,1,874,874,0,0.0,490.58,428766.92,1
PO-01456,S001,FastTrack Logistics,Tier 1,Road,Components,WH-South,2022-09-25,2022-10-10,2022-10-10,2022,9,Q3,Sep,15,0,1,1000,1000,0,0.0,6.88,6880.0,1
PO-01457,S006,PrimeParts Inc.,Tier 1,Sea,Electronics,WH-South,2022-09-25,2022-10-14,2022-10-14,2022,9,Q3,Sep,19,0,1,294,294,0,0.0,362.83,106672.02,1
PO-01458,S001,FastTrack Logistics,Tier 1,Road,Textiles,WH-West,2022-09-25,2022-10-01,2022-10-01,2022,9,Q3,Sep,6,0,1,775,775,0,0.0,300.61,232972.75,1
PO-01459,S010,Reliable Goods Co.,Tier 3,Road,Textiles,WH-West,2022-09-25,2022-10-06,2022-10-06,2022,9,Q3,Sep,11,0,1,1302,1302,0,0.0,375.4,488770.8,1
PO-01460,S009,Eastside Components,Tier 2,Sea,Chemicals,WH-Central,2022-09-25,2022-10-14,2022-10-14,2022,9,Q3,Sep,19,0,1,137,137,0,0.0,319.16,43724.92,1
PO-01461,S008,Northern Logistics,Tier 3,Rail,Textiles,WH-North,2022-09-26,2022-10-11,2022-10-11,2022,9,Q3,Sep,15,0,1,1605,1605,0,0.0,283.4,454857.0,1
PO-01462,S007,Swift Carriers,Tier 2,Road,Raw Materials,WH-East,2022-09-26,2022-10-09,2022-10-18,2022,9,Q3,Sep,13,9,0,1176,1176,0,0.0,178.02,209351.52,1
PO-01463,S001,FastTrack Logistics,Tier 1,Road,Textiles,WH-East,2022-09-26,2022-10-16,2022-10-16,2022,9,Q3,Sep,20,0,1,585,585,0,0.0,200.22,117128.7,1
PO-01464,S003,Apex Supply Co.,Tier 2,Road,Electronics,WH-South,2022-09-26,2022-10-14,2022-10-14,2022,9,Q3,Sep,18,0,1,383,383,0,0.0,131.04,50188.32,1
PO-01465,S004,Global Parts Ltd,Tier 1,Air,Raw Materials,WH-East,2022-09-26,2022-10-07,2022-10-07,2022,9,Q3,Sep,11,0,1,1076,1076,0,0.0,224.34,241389.84,1
PO-01466,S003,Apex Supply Co.,Tier 2,Road,Textiles,WH-East,2022-09-26,2022-10-05,2022-10-05,2022,9,Q3,Sep,9,0,1,1897,1897,0,0.0,420.55,797783.35,1
PO-01467,S006,PrimeParts Inc.,Tier 1,Sea,Textiles,WH-South,2022-09-27,2022-10-14,2022-10-14,2022,9,Q3,Sep,17,0,1,1581,1581,0,0.0,7.33,11588.73,1
PO-01468,S003,Apex Supply Co.,Tier 2,Road,Spare Parts,WH-East,2022-09-27,2022-10-11,2022-10-11,2022,9,Q3,Sep,14,0,1,595,595,0,0.0,422.54,251411.3,1
PO-01469,S003,Apex Supply Co.,Tier 2,Road,Textiles,WH-West,2022-09-27,2022-10-11,2022-10-11,2022,9,Q3,Sep,14,0,1,487,487,0,0.0,239.94,116850.78,1
PO-01470,S006,PrimeParts Inc.,Tier 1,Sea,Packaging,WH-East,2022-09-27,2022-10-06,2022-10-06,2022,9,Q3,Sep,9,0,1,1964,1964,0,0.0,31.16,61198.24,1
PO-01471,S010,Reliable Goods Co.,Tier 3,Road,Chemicals,WH-North,2022-09-27,2022-10-03,2022-10-13,2022,9,Q3,Sep,6,10,0,256,256,0,0.0,243.19,62256.64,1
PO-01472,S010,Reliable Goods Co.,Tier 3,Road,Textiles,WH-East,2022-09-27,2022-10-12,2022-10-14,2022,9,Q3,Sep,15,2,0,176,176,0,0.0,108.13,19030.88,1
PO-01473,S004,Global Parts Ltd,Tier 1,Air,Textiles,WH-East,2022-09-28,2022-10-03,2022-10-03,2022,9,Q3,Sep,5,0,1,977,977,0,0.0,355.78,347597.06,1
PO-01474,S004,Global Parts Ltd,Tier 1,Air,Chemicals,WH-North,2022-09-28,2022-10-16,2022-10-16,2022,9,Q3,Sep,18,0,1,1452,1452,0,0.0,328.98,477678.96,1
PO-01475,S004,Global Parts Ltd,Tier 1,Air,Raw Materials,WH-Central,2022-09-28,2022-10-03,2022-10-03,2022,9,Q3,Sep,5,0,1,1656,1656,0,0.0,157.46,260753.76,1
PO-01476,S008,Northern Logistics,Tier 3,Rail,Electronics,WH-North,2022-09-28,2022-10-04,2022-10-04,2022,9,Q3,Sep,6,0,1,1587,1542,45,2.84,208.15,330334.05,0
PO-01477,S008,Northern Logistics,Tier 3,Rail,Raw Materials,WH-South,2022-09-28,2022-10-15,2022-10-15,2022,9,Q3,Sep,17,0,1,1053,1053,0,0.0,67.17,70730.01,1
PO-01478,S002,BlueStar Freight,Tier 1,Rail,Spare Parts,WH-North,2022-09-28,2022-10-19,2022-10-19,2022,9,Q3,Sep,21,0,1,1833,1833,0,0.0,107.48,197010.84,1
PO-01479,S010,Reliable Goods Co.,Tier 3,Road,Components,WH-North,2022-09-29,2022-10-06,2022-10-17,2022,9,Q3,Sep,7,11,0,1435,1435,0,0.0,180.14,258500.9,1
PO-01480,S009,Eastside Components,Tier 2,Sea,Raw Materials,WH-North,2022-09-29,2022-10-07,2022-10-07,2022,9,Q3,Sep,8,0,1,1986,1986,0,0.0,421.58,837257.88,1
PO-01481,S006,PrimeParts Inc.,Tier 1,Sea,Chemicals,WH-Central,2022-09-29,2022-10-16,2022-10-16,2022,9,Q3,Sep,17,0,1,1145,1145,0,0.0,288.78,330653.1,1
PO-01482,S010,Reliable Goods Co.,Tier 3,Road,Raw Materials,WH-South,2022-09-29,2022-10-13,2022-10-13,2022,9,Q3,Sep,14,0,1,576,576,0,0.0,310.27,178715.52,1
PO-01483,S001,FastTrack Logistics,Tier 1,Road,Textiles,WH-South,2022-09-29,2022-10-02,2022-10-02,2022,9,Q3,Sep,3,0,1,895,895,0,0.0,352.02,315057.9,1
PO-01484,S005,Metro Distributors,Tier 2,Road,Packaging,WH-Central,2022-09-29,2022-10-09,2022-10-21,2022,9,Q3,Sep,10,12,0,1438,1438,0,0.0,8.77,12611.26,1
PO-01485,S001,FastTrack Logistics,Tier 1,Road,Chemicals,WH-East,2022-09-30,2022-10-21,2022-10-21,2022,9,Q3,Sep,21,0,1,1991,1806,185,9.29,441.53,879086.23,0
PO-01486,S001,FastTrack Logistics,Tier 1,Road,Electronics,WH-North,2022-09-30,2022-10-15,2022-10-15,2022,9,Q3,Sep,15,0,1,503,503,0,0.0,247.55,124517.65,1
PO-01487,S005,Metro Distributors,Tier 2,Road,Chemicals,WH-North,2022-09-30,2022-10-16,2022-10-16,2022,9,Q3,Sep,16,0,1,1488,1488,0,0.0,162.2,241353.6,1
PO-01488,S008,Northern Logistics,Tier 3,Rail,Finished Goods,WH-Central,2022-09-30,2022-10-11,2022-10-11,2022,9,Q3,Sep,11,0,1,1355,1283,72,5.31,47.78,64741.9,0
PO-01489,S007,Swift Carriers,Tier 2,Road,Textiles,WH-Central,2022-09-30,2022-10-04,2022-10-04,2022,9,Q3,Sep,4,0,1,1834,1834,0,0.0,230.27,422315.18,1
PO-01490,S004,Global Parts Ltd,Tier 1,Air,Components,WH-East,2022-10-01,2022-10-13,2022-10-13,2022,10,Q4,Oct,12,0,1,1475,1475,0,0.0,83.08,122543.0,1
PO-01491,S005,Metro Distributors,Tier 2,Road,Textiles,WH-Central,2022-10-01,2022-10-08,2022-10-21,2022,10,Q4,Oct,7,13,0,1392,1248,144,10.34,248.44,345828.48,0
PO-01492,S001,FastTrack Logistics,Tier 1,Road,Electronics,WH-East,2022-10-01,2022-10-19,2022-10-19,2022,10,Q4,Oct,18,0,1,920,920,0,0.0,296.92,273166.4,1
PO-01493,S009,Eastside Components,Tier 2,Sea,Spare Parts,WH-South,2022-10-01,2022-10-13,2022-10-13,2022,10,Q4,Oct,12,0,1,1059,1059,0,0.0,444.41,470630.19,1
PO-01494,S009,Eastside Components,Tier 2,Sea,Chemicals,WH-West,2022-10-01,2022-10-09,2022-10-20,2022,10,Q4,Oct,8,11,0,728,671,57,7.83,401.11,292008.08,0
PO-01495,S003,Apex Supply Co.,Tier 2,Road,Electronics,WH-South,2022-10-01,2022-10-09,2022-10-09,2022,10,Q4,Oct,8,0,1,484,484,0,0.0,21.86,10580.24,1
PO-01496,S008,Northern Logistics,Tier 3,Rail,Components,WH-Central,2022-10-01,2022-10-05,2022-10-05,2022,10,Q4,Oct,4,0,1,727,727,0,0.0,323.77,235380.79,1
PO-01497,S002,BlueStar Freight,Tier 1,Rail,Packaging,WH-Central,2022-10-01,2022-10-10,2022-10-10,2022,10,Q4,Oct,9,0,1,1086,1086,0,0.0,294.93,320293.98,1
PO-01498,S006,PrimeParts Inc.,Tier 1,Sea,Electronics,WH-North,2022-10-02,2022-10-06,2022-10-06,2022,10,Q4,Oct,4,0,1,1433,1433,0,0.0,226.31,324302.23,1
PO-01499,S005,Metro Distributors,Tier 2,Road,Electronics,WH-West,2022-10-02,2022-10-10,2022-10-23,2022,10,Q4,Oct,8,13,0,205,205,0,0.0,58.95,12084.75,1
PO-01500,S008,Northern Logistics,Tier 3,Rail,Spare Parts,WH-West,2022-10-02,2022-10-10,2022-10-10,2022,10,Q4,Oct,8,0,1,772,772,0,0.0,132.37,102189.64,1
PO-01501,S008,Northern Logistics,Tier 3,Rail,Raw Materials,WH-Central,2022-10-02,2022-10-10,2022-10-14,2022,10,Q4,Oct,8,4,0,1578,1578,0,0.0,435.5,687219.0,1
PO-01502,S005,Metro Distributors,Tier 2,Road,Finished Goods,WH-West,2022-10-02,2022-10-14,2022-10-14,2022,10,Q4,Oct,12,0,1,996,917,79,7.93,452.38,450570.48,0
PO-01503,S009,Eastside Components,Tier 2,Sea,Raw Materials,WH-Central,2022-10-02,2022-10-14,2022-10-14,2022,10,Q4,Oct,12,0,1,793,793,0,0.0,213.45,169265.85,1
PO-01504,S005,Metro Distributors,Tier 2,Road,Chemicals,WH-East,2022-10-02,2022-10-19,2022-10-19,2022,10,Q4,Oct,17,0,1,257,257,0,0.0,436.1,112077.7,1
PO-01505,S003,Apex Supply Co.,Tier 2,Road,Finished Goods,WH-North,2022-10-03,2022-10-10,2022-10-10,2022,10,Q4,Oct,7,0,1,876,876,0,0.0,457.44,400717.44,1
PO-01506,S006,PrimeParts Inc.,Tier 1,Sea,Finished Goods,WH-South,2022-10-03,2022-10-09,2022-10-09,2022,10,Q4,Oct,6,0,1,534,534,0,0.0,228.78,122168.52,1
PO-01507,S009,Eastside Components,Tier 2,Sea,Chemicals,WH-West,2022-10-03,2022-10-19,2022-10-19,2022,10,Q4,Oct,16,0,1,1388,1388,0,0.0,375.19,520763.72,1
PO-01508,S008,Northern Logistics,Tier 3,Rail,Electronics,WH-West,2022-10-03,2022-10-07,2022-10-09,2022,10,Q4,Oct,4,2,0,368,355,13,3.53,5.41,1990.88,0
PO-01509,S004,Global Parts Ltd,Tier 1,Air,Electronics,WH-Central,2022-10-04,2022-10-22,2022-10-22,2022,10,Q4,Oct,18,0,1,1265,1265,0,0.0,498.34,630400.1,1
PO-01510,S003,Apex Supply Co.,Tier 2,Road,Electronics,WH-Central,2022-10-04,2022-10-11,2022-10-11,2022,10,Q4,Oct,7,0,1,851,851,0,0.0,483.22,411220.22,1
PO-01511,S007,Swift Carriers,Tier 2,Road,Finished Goods,WH-Central,2022-10-04,2022-10-24,2022-10-29,2022,10,Q4,Oct,20,5,0,1944,1944,0,0.0,201.75,392202.0,1
PO-01512,S008,Northern Logistics,Tier 3,Rail,Packaging,WH-Central,2022-10-04,2022-10-09,2022-10-13,2022,10,Q4,Oct,5,4,0,1859,1626,233,12.53,108.61,201905.99,0
PO-01513,S003,Apex Supply Co.,Tier 2,Road,Raw Materials,WH-South,2022-10-04,2022-10-11,2022-10-11,2022,10,Q4,Oct,7,0,1,323,323,0,0.0,380.81,123001.63,1
PO-01514,S004,Global Parts Ltd,Tier 1,Air,Spare Parts,WH-South,2022-10-04,2022-10-17,2022-10-17,2022,10,Q4,Oct,13,0,1,1256,1256,0,0.0,287.75,361414.0,1
PO-01515,S003,Apex Supply Co.,Tier 2,Road,Packaging,WH-East,2022-10-05,2022-10-11,2022-10-11,2022,10,Q4,Oct,6,0,1,1844,1844,0,0.0,9.14,16854.16,1
PO-01516,S010,Reliable Goods Co.,Tier 3,Road,Raw Materials,WH-South,2022-10-05,2022-10-21,2022-11-04,2022,10,Q4,Oct,16,14,0,1848,1848,0,0.0,162.16,299671.68,1
PO-01517,S009,Eastside Components,Tier 2,Sea,Electronics,WH-North,2022-10-05,2022-10-24,2022-10-24,2022,10,Q4,Oct,19,0,1,1812,1812,0,0.0,218.12,395233.44,1
PO-01518,S010,Reliable Goods Co.,Tier 3,Road,Spare Parts,WH-East,2022-10-05,2022-10-11,2022-10-15,2022,10,Q4,Oct,6,4,0,710,710,0,0.0,284.82,202222.2,1
PO-01519,S002,BlueStar Freight,Tier 1,Rail,Finished Goods,WH-Central,2022-10-05,2022-10-15,2022-10-15,2022,10,Q4,Oct,10,0,1,1003,1003,0,0.0,430.52,431811.56,1
PO-01520,S005,Metro Distributors,Tier 2,Road,Electronics,WH-East,2022-10-06,2022-10-23,2022-10-23,2022,10,Q4,Oct,17,0,1,1597,1499,98,6.14,269.66,430647.02,0
PO-01521,S003,Apex Supply Co.,Tier 2,Road,Spare Parts,WH-North,2022-10-06,2022-10-16,2022-10-16,2022,10,Q4,Oct,10,0,1,391,391,0,0.0,112.88,44136.08,1
PO-01522,S003,Apex Supply Co.,Tier 2,Road,Components,WH-West,2022-10-06,2022-10-27,2022-10-27,2022,10,Q4,Oct,21,0,1,101,101,0,0.0,340.04,34344.04,1
PO-01523,S005,Metro Distributors,Tier 2,Road,Textiles,WH-North,2022-10-06,2022-10-27,2022-10-27,2022,10,Q4,Oct,21,0,1,1377,1377,0,0.0,430.52,592826.04,1
PO-01524,S008,Northern Logistics,Tier 3,Rail,Packaging,WH-West,2022-10-07,2022-10-27,2022-10-31,2022,10,Q4,Oct,20,4,0,1743,1743,0,0.0,350.56,611026.08,1
PO-01525,S009,Eastside Components,Tier 2,Sea,Raw Materials,WH-East,2022-10-07,2022-10-26,2022-10-26,2022,10,Q4,Oct,19,0,1,1051,1051,0,0.0,241.61,253932.11,1
PO-01526,S002,BlueStar Freight,Tier 1,Rail,Electronics,WH-North,2022-10-07,2022-10-17,2022-10-17,2022,10,Q4,Oct,10,0,1,1667,1667,0,0.0,252.73,421300.91,1
PO-01527,S010,Reliable Goods Co.,Tier 3,Road,Chemicals,WH-South,2022-10-07,2022-10-13,2022-10-17,2022,10,Q4,Oct,6,4,0,506,506,0,0.0,296.6,150079.6,1
PO-01528,S007,Swift Carriers,Tier 2,Road,Finished Goods,WH-North,2022-10-07,2022-10-23,2022-10-23,2022,10,Q4,Oct,16,0,1,449,449,0,0.0,358.61,161015.89,1
PO-01529,S003,Apex Supply Co.,Tier 2,Road,Packaging,WH-North,2022-10-07,2022-10-20,2022-10-20,2022,10,Q4,Oct,13,0,1,1135,1135,0,0.0,309.87,351702.45,1
PO-01530,S002,BlueStar Freight,Tier 1,Rail,Electronics,WH-East,2022-10-08,2022-10-14,2022-10-14,2022,10,Q4,Oct,6,0,1,1217,1217,0,0.0,165.38,201267.46,1
PO-01531,S003,Apex Supply Co.,Tier 2,Road,Electronics,WH-Central,2022-10-08,2022-10-15,2022-10-15,2022,10,Q4,Oct,7,0,1,1920,1920,0,0.0,52.46,100723.2,1
PO-01532,S004,Global Parts Ltd,Tier 1,Air,Textiles,WH-Central,2022-10-08,2022-10-23,2022-10-23,2022,10,Q4,Oct,15,0,1,1642,1642,0,0.0,330.77,543124.34,1
PO-01533,S009,Eastside Components,Tier 2,Sea,Electronics,WH-West,2022-10-09,2022-10-16,2022-10-16,2022,10,Q4,Oct,7,0,1,1154,1154,0,0.0,109.78,126686.12,1
PO-01534,S006,PrimeParts Inc.,Tier 1,Sea,Components,WH-South,2022-10-09,2022-10-14,2022-10-15,2022,10,Q4,Oct,5,1,0,1176,1176,0,0.0,180.75,212562.0,1
PO-01535,S005,Metro Distributors,Tier 2,Road,Electronics,WH-North,2022-10-09,2022-10-23,2022-10-23,2022,10,Q4,Oct,14,0,1,1102,1102,0,0.0,318.39,350865.78,1
PO-01536,S004,Global Parts Ltd,Tier 1,Air,Chemicals,WH-South,2022-10-09,2022-10-22,2022-10-22,2022,10,Q4,Oct,13,0,1,1892,1892,0,0.0,155.9,294962.8,1
PO-01537,S008,Northern Logistics,Tier 3,Rail,Raw Materials,WH-Central,2022-10-09,2022-10-23,2022-10-23,2022,10,Q4,Oct,14,0,1,1973,1973,0,0.0,168.33,332115.09,1
PO-01538,S004,Global Parts Ltd,Tier 1,Air,Electronics,WH-Central,2022-10-09,2022-10-21,2022-10-21,2022,10,Q4,Oct,12,0,1,677,677,0,0.0,349.18,236394.86,1
PO-01539,S009,Eastside Components,Tier 2,Sea,Raw Materials,WH-East,2022-10-10,2022-10-17,2022-10-19,2022,10,Q4,Oct,7,2,0,1095,1095,0,0.0,354.13,387772.35,1
PO-01540,S005,Metro Distributors,Tier 2,Road,Components,WH-South,2022-10-10,2022-10-17,2022-10-17,2022,10,Q4,Oct,7,0,1,1883,1883,0,0.0,13.45,25326.35,1
PO-01541,S009,Eastside Components,Tier 2,Sea,Finished Goods,WH-North,2022-10-10,2022-10-31,2022-10-31,2022,10,Q4,Oct,21,0,1,1919,1919,0,0.0,249.82,479404.58,1
PO-01542,S005,Metro Distributors,Tier 2,Road,Components,WH-West,2022-10-10,2022-10-28,2022-10-28,2022,10,Q4,Oct,18,0,1,703,703,0,0.0,86.2,60598.6,1
PO-01543,S003,Apex Supply Co.,Tier 2,Road,Chemicals,WH-Central,2022-10-10,2022-10-23,2022-10-24,2022,10,Q4,Oct,13,1,0,716,716,0,0.0,230.42,164980.72,1
PO-01544,S008,Northern Logistics,Tier 3,Rail,Spare Parts,WH-Central,2022-10-10,2022-10-18,2022-10-18,2022,10,Q4,Oct,8,0,1,1252,1252,0,0.0,419.92,525739.84,1
PO-01545,S010,Reliable Goods Co.,Tier 3,Road,Packaging,WH-South,2022-10-10,2022-10-24,2022-10-24,2022,10,Q4,Oct,14,0,1,1520,1520,0,0.0,465.18,707073.6,1
PO-01546,S004,Global Parts Ltd,Tier 1,Air,Components,WH-East,2022-10-11,2022-11-01,2022-11-01,2022,10,Q4,Oct,21,0,1,763,763,0,0.0,423.22,322916.86,1
PO-01547,S002,BlueStar Freight,Tier 1,Rail,Components,WH-West,2022-10-11,2022-10-26,2022-10-26,2022,10,Q4,Oct,15,0,1,133,133,0,0.0,253.13,33666.29,1
PO-01548,S009,Eastside Components,Tier 2,Sea,Packaging,WH-West,2022-10-11,2022-10-21,2022-10-21,2022,10,Q4,Oct,10,0,1,1241,1241,0,0.0,474.04,588283.64,1
PO-01549,S001,FastTrack Logistics,Tier 1,Road,Finished Goods,WH-West,2022-10-11,2022-10-25,2022-10-25,2022,10,Q4,Oct,14,0,1,1598,1598,0,0.0,180.91,289094.18,1
PO-01550,S004,Global Parts Ltd,Tier 1,Air,Electronics,WH-South,2022-10-11,2022-10-24,2022-10-24,2022,10,Q4,Oct,13,0,1,714,714,0,0.0,228.09,162856.26,1
PO-01551,S010,Reliable Goods Co.,Tier 3,Road,Electronics,WH-South,2022-10-12,2022-10-20,2022-10-20,2022,10,Q4,Oct,8,0,1,739,739,0,0.0,431.76,319070.64,1
PO-01552,S004,Global Parts Ltd,Tier 1,Air,Spare Parts,WH-East,2022-10-12,2022-10-24,2022-10-24,2022,10,Q4,Oct,12,0,1,157,157,0,0.0,160.0,25120.0,1
PO-01553,S008,Northern Logistics,Tier 3,Rail,Spare Parts,WH-North,2022-10-12,2022-10-30,2022-11-07,2022,10,Q4,Oct,18,8,0,557,557,0,0.0,69.67,38806.19,1
PO-01554,S008,Northern Logistics,Tier 3,Rail,Textiles,WH-North,2022-10-13,2022-10-24,2022-10-24,2022,10,Q4,Oct,11,0,1,1058,1058,0,0.0,62.01,65606.58,1
PO-01555,S007,Swift Carriers,Tier 2,Road,Packaging,WH-South,2022-10-13,2022-10-25,2022-11-04,2022,10,Q4,Oct,12,10,0,901,901,0,0.0,469.45,422974.45,1
PO-01556,S005,Metro Distributors,Tier 2,Road,Raw Materials,WH-West,2022-10-13,2022-11-01,2022-11-05,2022,10,Q4,Oct,19,4,0,195,195,0,0.0,352.85,68805.75,1
PO-01557,S004,Global Parts Ltd,Tier 1,Air,Spare Parts,WH-Central,2022-10-13,2022-10-19,2022-10-19,2022,10,Q4,Oct,6,0,1,730,730,0,0.0,424.57,309936.1,1
PO-01558,S002,BlueStar Freight,Tier 1,Rail,Textiles,WH-East,2022-10-13,2022-11-01,2022-11-01,2022,10,Q4,Oct,19,0,1,350,350,0,0.0,440.37,154129.5,1
PO-01559,S002,BlueStar Freight,Tier 1,Rail,Finished Goods,WH-South,2022-10-13,2022-10-23,2022-10-23,2022,10,Q4,Oct,10,0,1,673,673,0,0.0,122.29,82301.17,1
PO-01560,S009,Eastside Components,Tier 2,Sea,Textiles,WH-Central,2022-10-13,2022-10-28,2022-10-28,2022,10,Q4,Oct,15,0,1,308,308,0,0.0,363.94,112093.52,1
PO-01561,S007,Swift Carriers,Tier 2,Road,Finished Goods,WH-Central,2022-10-14,2022-10-30,2022-10-30,2022,10,Q4,Oct,16,0,1,153,153,0,0.0,407.51,62349.03,1
PO-01562,S001,FastTrack Logistics,Tier 1,Road,Finished Goods,WH-South,2022-10-14,2022-11-02,2022-11-02,2022,10,Q4,Oct,19,0,1,1176,1176,0,0.0,402.99,473916.24,1
PO-01563,S009,Eastside Components,Tier 2,Sea,Raw Materials,WH-West,2022-10-14,2022-10-29,2022-10-29,2022,10,Q4,Oct,15,0,1,1778,1778,0,0.0,422.38,750991.64,1
PO-01564,S008,Northern Logistics,Tier 3,Rail,Electronics,WH-West,2022-10-14,2022-11-03,2022-11-03,2022,10,Q4,Oct,20,0,1,1528,1528,0,0.0,322.29,492459.12,1
PO-01565,S010,Reliable Goods Co.,Tier 3,Road,Textiles,WH-East,2022-10-15,2022-10-22,2022-10-22,2022,10,Q4,Oct,7,0,1,519,496,23,4.43,470.53,244205.07,0
PO-01566,S006,PrimeParts Inc.,Tier 1,Sea,Electronics,WH-North,2022-10-15,2022-10-29,2022-10-29,2022,10,Q4,Oct,14,0,1,1545,1413,132,8.54,389.69,602071.05,0
PO-01567,S009,Eastside Components,Tier 2,Sea,Raw Materials,WH-East,2022-10-15,2022-10-28,2022-10-28,2022,10,Q4,Oct,13,0,1,1869,1869,0,0.0,254.11,474931.59,1
PO-01568,S006,PrimeParts Inc.,Tier 1,Sea,Finished Goods,WH-South,2022-10-16,2022-10-30,2022-10-30,2022,10,Q4,Oct,14,0,1,229,229,0,0.0,406.48,93083.92,1
PO-01569,S007,Swift Carriers,Tier 2,Road,Chemicals,WH-West,2022-10-16,2022-10-21,2022-10-21,2022,10,Q4,Oct,5,0,1,1596,1596,0,0.0,246.19,392919.24,1
PO-01570,S004,Global Parts Ltd,Tier 1,Air,Components,WH-South,2022-10-16,2022-10-31,2022-10-31,2022,10,Q4,Oct,15,0,1,1056,1056,0,0.0,470.29,496626.24,1
PO-01571,S008,Northern Logistics,Tier 3,Rail,Electronics,WH-East,2022-10-16,2022-11-02,2022-11-02,2022,10,Q4,Oct,17,0,1,1458,1458,0,0.0,130.55,190341.9,1
PO-01572,S010,Reliable Goods Co.,Tier 3,Road,Textiles,WH-North,2022-10-17,2022-10-23,2022-10-23,2022,10,Q4,Oct,6,0,1,1904,1904,0,0.0,167.02,318006.08,1
PO-01573,S005,Metro Distributors,Tier 2,Road,Chemicals,WH-East,2022-10-17,2022-10-30,2022-10-30,2022,10,Q4,Oct,13,0,1,1223,1223,0,0.0,295.07,360870.61,1
PO-01574,S003,Apex Supply Co.,Tier 2,Road,Raw Materials,WH-East,2022-10-17,2022-11-04,2022-11-04,2022,10,Q4,Oct,18,0,1,184,184,0,0.0,180.59,33228.56,1
PO-01575,S008,Northern Logistics,Tier 3,Rail,Packaging,WH-North,2022-10-17,2022-10-21,2022-10-21,2022,10,Q4,Oct,4,0,1,333,333,0,0.0,10.04,3343.32,1
PO-01576,S006,PrimeParts Inc.,Tier 1,Sea,Spare Parts,WH-West,2022-10-17,2022-10-24,2022-10-24,2022,10,Q4,Oct,7,0,1,1520,1520,0,0.0,439.54,668100.8,1
PO-01577,S010,Reliable Goods Co.,Tier 3,Road,Spare Parts,WH-East,2022-10-18,2022-10-22,2022-10-22,2022,10,Q4,Oct,4,0,1,136,136,0,0.0,208.28,28326.08,1
PO-01578,S009,Eastside Components,Tier 2,Sea,Spare Parts,WH-West,2022-10-18,2022-11-08,2022-11-08,2022,10,Q4,Oct,21,0,1,801,801,0,0.0,61.49,49253.49,1
PO-01579,S004,Global Parts Ltd,Tier 1,Air,Components,WH-North,2022-10-18,2022-10-29,2022-10-29,2022,10,Q4,Oct,11,0,1,869,869,0,0.0,263.07,228607.83,1
PO-01580,S006,PrimeParts Inc.,Tier 1,Sea,Raw Materials,WH-South,2022-10-19,2022-10-29,2022-10-29,2022,10,Q4,Oct,10,0,1,1677,1677,0,0.0,280.05,469643.85,1
PO-01581,S003,Apex Supply Co.,Tier 2,Road,Spare Parts,WH-North,2022-10-19,2022-10-27,2022-10-31,2022,10,Q4,Oct,8,4,0,1474,1416,58,3.93,93.45,137745.3,0
PO-01582,S001,FastTrack Logistics,Tier 1,Road,Finished Goods,WH-West,2022-10-19,2022-10-31,2022-10-31,2022,10,Q4,Oct,12,0,1,1322,1322,0,0.0,462.91,611967.02,1
PO-01583,S005,Metro Distributors,Tier 2,Road,Chemicals,WH-West,2022-10-19,2022-10-25,2022-10-25,2022,10,Q4,Oct,6,0,1,1502,1502,0,0.0,185.55,278696.1,1
PO-01584,S003,Apex Supply Co.,Tier 2,Road,Components,WH-North,2022-10-19,2022-11-04,2022-11-04,2022,10,Q4,Oct,16,0,1,1493,1493,0,0.0,7.27,10854.11,1
PO-01585,S005,Metro Distributors,Tier 2,Road,Finished Goods,WH-East,2022-10-19,2022-11-04,2022-11-04,2022,10,Q4,Oct,16,0,1,446,446,0,0.0,382.81,170733.26,1
PO-01586,S001,FastTrack Logistics,Tier 1,Road,Raw Materials,WH-West,2022-10-20,2022-11-01,2022-11-01,2022,10,Q4,Oct,12,0,1,491,491,0,0.0,381.95,187537.45,1
PO-01587,S002,BlueStar Freight,Tier 1,Rail,Finished Goods,WH-Central,2022-10-20,2022-10-25,2022-10-25,2022,10,Q4,Oct,5,0,1,1631,1631,0,0.0,349.51,570050.81,1
PO-01588,S007,Swift Carriers,Tier 2,Road,Components,WH-West,2022-10-20,2022-10-27,2022-10-27,2022,10,Q4,Oct,7,0,1,1036,1036,0,0.0,127.3,131882.8,1
PO-01589,S010,Reliable Goods Co.,Tier 3,Road,Electronics,WH-Central,2022-10-20,2022-10-30,2022-11-09,2022,10,Q4,Oct,10,10,0,1630,1537,93,5.71,137.19,223619.7,0
PO-01590,S007,Swift Carriers,Tier 2,Road,Finished Goods,WH-South,2022-10-20,2022-11-02,2022-11-02,2022,10,Q4,Oct,13,0,1,216,216,0,0.0,140.67,30384.72,1
PO-01591,S005,Metro Distributors,Tier 2,Road,Raw Materials,WH-West,2022-10-21,2022-11-01,2022-11-01,2022,10,Q4,Oct,11,0,1,1454,1366,88,6.05,427.96,622253.84,0
PO-01592,S006,PrimeParts Inc.,Tier 1,Sea,Electronics,WH-Central,2022-10-21,2022-10-30,2022-10-30,2022,10,Q4,Oct,9,0,1,1227,1227,0,0.0,51.09,62687.43,1
PO-01593,S003,Apex Supply Co.,Tier 2,Road,Textiles,WH-West,2022-10-21,2022-10-29,2022-10-29,2022,10,Q4,Oct,8,0,1,1609,1609,0,0.0,411.9,662747.1,1
PO-01594,S006,PrimeParts Inc.,Tier 1,Sea,Raw Materials,WH-North,2022-10-21,2022-11-11,2022-11-11,2022,10,Q4,Oct,21,0,1,1128,1128,0,0.0,136.63,154118.64,1
PO-01595,S006,PrimeParts Inc.,Tier 1,Sea,Electronics,WH-West,2022-10-21,2022-10-31,2022-10-31,2022,10,Q4,Oct,10,0,1,1751,1751,0,0.0,498.04,872068.04,1
PO-01596,S005,Metro Distributors,Tier 2,Road,Chemicals,WH-East,2022-10-21,2022-11-01,2022-11-01,2022,10,Q4,Oct,11,0,1,859,859,0,0.0,260.89,224104.51,1
PO-01597,S010,Reliable Goods Co.,Tier 3,Road,Components,WH-Central,2022-10-22,2022-11-01,2022-11-01,2022,10,Q4,Oct,10,0,1,1257,1257,0,0.0,247.14,310654.98,1
PO-01598,S006,PrimeParts Inc.,Tier 1,Sea,Finished Goods,WH-East,2022-10-22,2022-11-12,2022-11-12,2022,10,Q4,Oct,21,0,1,969,969,0,0.0,309.25,299663.25,1
PO-01599,S008,Northern Logistics,Tier 3,Rail,Spare Parts,WH-North,2022-10-22,2022-11-09,2022-11-17,2022,10,Q4,Oct,18,8,0,1419,1419,0,0.0,191.5,271738.5,1
PO-01600,S008,Northern Logistics,Tier 3,Rail,Spare Parts,WH-Central,2022-10-22,2022-10-26,2022-10-26,2022,10,Q4,Oct,4,0,1,919,919,0,0.0,306.11,281315.09,1
PO-01601,S004,Global Parts Ltd,Tier 1,Air,Spare Parts,WH-North,2022-10-22,2022-11-04,2022-11-04,2022,10,Q4,Oct,13,0,1,496,496,0,0.0,116.98,58022.08,1
PO-01602,S004,Global Parts Ltd,Tier 1,Air,Chemicals,WH-North,2022-10-22,2022-11-03,2022-11-03,2022,10,Q4,Oct,12,0,1,1647,1647,0,0.0,23.04,37946.88,1
PO-01603,S001,FastTrack Logistics,Tier 1,Road,Chemicals,WH-Central,2022-10-23,2022-11-04,2022-11-04,2022,10,Q4,Oct,12,0,1,896,896,0,0.0,272.26,243944.96,1
PO-01604,S002,BlueStar Freight,Tier 1,Rail,Components,WH-East,2022-10-23,2022-10-31,2022-10-31,2022,10,Q4,Oct,8,0,1,1421,1421,0,0.0,204.12,290054.52,1
PO-01605,S008,Northern Logistics,Tier 3,Rail,Raw Materials,WH-North,2022-10-23,2022-11-04,2022-11-06,2022,10,Q4,Oct,12,2,0,1496,1496,0,0.0,119.37,178577.52,1
PO-01606,S002,BlueStar Freight,Tier 1,Rail,Spare Parts,WH-East,2022-10-23,2022-10-27,2022-10-27,2022,10,Q4,Oct,4,0,1,745,745,0,0.0,254.4,189528.0,1
PO-01607,S007,Swift Carriers,Tier 2,Road,Textiles,WH-South,2022-10-23,2022-11-04,2022-11-04,2022,10,Q4,Oct,12,0,1,1485,1485,0,0.0,256.93,381541.05,1
PO-01608,S001,FastTrack Logistics,Tier 1,Road,Packaging,WH-South,2022-10-23,2022-10-27,2022-10-27,2022,10,Q4,Oct,4,0,1,1785,1785,0,0.0,426.09,760570.65,1
PO-01609,S010,Reliable Goods Co.,Tier 3,Road,Raw Materials,WH-North,2022-10-23,2022-11-08,2022-11-08,2022,10,Q4,Oct,16,0,1,1053,1053,0,0.0,197.39,207851.67,1
PO-01610,S005,Metro Distributors,Tier 2,Road,Finished Goods,WH-North,2022-10-24,2022-10-29,2022-10-29,2022,10,Q4,Oct,5,0,1,1425,1425,0,0.0,36.03,51342.75,1
PO-01611,S003,Apex Supply Co.,Tier 2,Road,Electronics,WH-East,2022-10-24,2022-10-31,2022-11-09,2022,10,Q4,Oct,7,9,0,712,712,0,0.0,290.18,206608.16,1
PO-01612,S006,PrimeParts Inc.,Tier 1,Sea,Components,WH-South,2022-10-24,2022-11-10,2022-11-10,2022,10,Q4,Oct,17,0,1,1649,1649,0,0.0,421.81,695564.69,1
PO-01613,S003,Apex Supply Co.,Tier 2,Road,Raw Materials,WH-West,2022-10-24,2022-11-08,2022-11-22,2022,10,Q4,Oct,15,14,0,1539,1539,0,0.0,479.69,738242.91,1
PO-01614,S001,FastTrack Logistics,Tier 1,Road,Chemicals,WH-West,2022-10-24,2022-11-05,2022-11-05,2022,10,Q4,Oct,12,0,1,288,288,0,0.0,300.21,86460.48,1
PO-01615,S010,Reliable Goods Co.,Tier 3,Road,Finished Goods,WH-North,2022-10-24,2022-10-31,2022-10-31,2022,10,Q4,Oct,7,0,1,838,838,0,0.0,215.3,180421.4,1
PO-01616,S006,PrimeParts Inc.,Tier 1,Sea,Components,WH-West,2022-10-24,2022-10-31,2022-10-31,2022,10,Q4,Oct,7,0,1,562,562,0,0.0,422.31,237338.22,1
PO-01617,S005,Metro Distributors,Tier 2,Road,Electronics,WH-West,2022-10-24,2022-11-07,2022-11-07,2022,10,Q4,Oct,14,0,1,1331,1331,0,0.0,270.83,360474.73,1
PO-01618,S003,Apex Supply Co.,Tier 2,Road,Finished Goods,WH-Central,2022-10-25,2022-11-06,2022-11-06,2022,10,Q4,Oct,12,0,1,624,624,0,0.0,134.52,83940.48,1
PO-01619,S010,Reliable Goods Co.,Tier 3,Road,Chemicals,WH-Central,2022-10-25,2022-11-04,2022-11-04,2022,10,Q4,Oct,10,0,1,1491,1491,0,0.0,487.33,726609.03,1
PO-01620,S007,Swift Carriers,Tier 2,Road,Packaging,WH-West,2022-10-25,2022-11-15,2022-11-15,2022,10,Q4,Oct,21,0,1,772,772,0,0.0,115.66,89289.52,1
PO-01621,S009,Eastside Components,Tier 2,Sea,Components,WH-South,2022-10-25,2022-11-06,2022-11-06,2022,10,Q4,Oct,12,0,1,240,240,0,0.0,290.28,69667.2,1
PO-01622,S005,Metro Distributors,Tier 2,Road,Textiles,WH-Central,2022-10-25,2022-11-10,2022-11-22,2022,10,Q4,Oct,16,12,0,1710,1710,0,0.0,398.09,680733.9,1
PO-01623,S002,BlueStar Freight,Tier 1,Rail,Components,WH-East,2022-10-25,2022-11-10,2022-11-10,2022,10,Q4,Oct,16,0,1,249,249,0,0.0,93.46,23271.54,1
PO-01624,S006,PrimeParts Inc.,Tier 1,Sea,Electronics,WH-East,2022-10-25,2022-11-02,2022-11-02,2022,10,Q4,Oct,8,0,1,779,779,0,0.0,123.05,95855.95,1
PO-01625,S007,Swift Carriers,Tier 2,Road,Spare Parts,WH-Central,2022-10-25,2022-11-15,2022-11-28,2022,10,Q4,Oct,21,13,0,64,64,0,0.0,132.88,8504.32,1
PO-01626,S002,BlueStar Freight,Tier 1,Rail,Components,WH-North,2022-10-26,2022-11-06,2022-11-06,2022,10,Q4,Oct,11,0,1,324,324,0,0.0,238.99,77432.76,1
PO-01627,S006,PrimeParts Inc.,Tier 1,Sea,Finished Goods,WH-West,2022-10-26,2022-11-09,2022-11-09,2022,10,Q4,Oct,14,0,1,714,714,0,0.0,53.45,38163.3,1
PO-01628,S002,BlueStar Freight,Tier 1,Rail,Components,WH-North,2022-10-26,2022-11-16,2022-11-16,2022,10,Q4,Oct,21,0,1,130,130,0,0.0,150.11,19514.3,1
PO-01629,S002,BlueStar Freight,Tier 1,Rail,Raw Materials,WH-East,2022-10-27,2022-10-30,2022-11-13,2022,10,Q4,Oct,3,14,0,1533,1533,0,0.0,317.54,486788.82,1
PO-01630,S004,Global Parts Ltd,Tier 1,Air,Chemicals,WH-West,2022-10-27,2022-11-17,2022-11-23,2022,10,Q4,Oct,21,6,0,747,747,0,0.0,179.03,133735.41,1
PO-01631,S003,Apex Supply Co.,Tier 2,Road,Finished Goods,WH-West,2022-10-27,2022-11-17,2022-11-17,2022,10,Q4,Oct,21,0,1,469,469,0,0.0,463.43,217348.67,1
PO-01632,S005,Metro Distributors,Tier 2,Road,Electronics,WH-North,2022-10-27,2022-10-31,2022-10-31,2022,10,Q4,Oct,4,0,1,1160,1160,0,0.0,358.71,416103.6,1
PO-01633,S006,PrimeParts Inc.,Tier 1,Sea,Chemicals,WH-North,2022-10-27,2022-11-15,2022-11-15,2022,10,Q4,Oct,19,0,1,1741,1741,0,0.0,230.11,400621.51,1
PO-01634,S007,Swift Carriers,Tier 2,Road,Components,WH-Central,2022-10-27,2022-11-15,2022-11-20,2022,10,Q4,Oct,19,5,0,1760,1760,0,0.0,49.5,87120.0,1
PO-01635,S006,PrimeParts Inc.,Tier 1,Sea,Textiles,WH-West,2022-10-28,2022-11-15,2022-11-15,2022,10,Q4,Oct,18,0,1,1930,1930,0,0.0,473.17,913218.1,1
PO-01636,S003,Apex Supply Co.,Tier 2,Road,Chemicals,WH-South,2022-10-28,2022-11-16,2022-11-16,2022,10,Q4,Oct,19,0,1,575,575,0,0.0,65.41,37610.75,1
PO-01637,S010,Reliable Goods Co.,Tier 3,Road,Electronics,WH-North,2022-10-28,2022-11-04,2022-11-15,2022,10,Q4,Oct,7,11,0,1117,1117,0,0.0,450.54,503253.18,1
PO-01638,S008,Northern Logistics,Tier 3,Rail,Textiles,WH-Central,2022-10-28,2022-11-07,2022-11-07,2022,10,Q4,Oct,10,0,1,1230,1230,0,0.0,205.71,253023.3,1
PO-01639,S003,Apex Supply Co.,Tier 2,Road,Spare Parts,WH-Central,2022-10-28,2022-11-15,2022-11-15,2022,10,Q4,Oct,18,0,1,1910,1910,0,0.0,214.82,410306.2,1
PO-01640,S008,Northern Logistics,Tier 3,Rail,Finished Goods,WH-Central,2022-10-28,2022-11-04,2022-11-04,2022,10,Q4,Oct,7,0,1,353,353,0,0.0,104.06,36733.18,1
PO-01641,S004,Global Parts Ltd,Tier 1,Air,Components,WH-South,2022-10-29,2022-11-12,2022-11-12,2022,10,Q4,Oct,14,0,1,1161,1161,0,0.0,205.96,239119.56,1
PO-01642,S006,PrimeParts Inc.,Tier 1,Sea,Components,WH-North,2022-10-29,2022-11-12,2022-11-12,2022,10,Q4,Oct,14,0,1,1000,1000,0,0.0,397.97,397970.0,1
PO-01643,S006,PrimeParts Inc.,Tier 1,Sea,Textiles,WH-South,2022-10-29,2022-11-17,2022-11-17,2022,10,Q4,Oct,19,0,1,1598,1598,0,0.0,231.95,370656.1,1
PO-01644,S002,BlueStar Freight,Tier 1,Rail,Electronics,WH-North,2022-10-29,2022-11-09,2022-11-09,2022,10,Q4,Oct,11,0,1,1589,1589,0,0.0,421.11,669143.79,1
PO-01645,S010,Reliable Goods Co.,Tier 3,Road,Electronics,WH-East,2022-10-29,2022-11-08,2022-11-08,2022,10,Q4,Oct,10,0,1,581,581,0,0.0,36.38,21136.78,1
PO-01646,S002,BlueStar Freight,Tier 1,Rail,Components,WH-Central,2022-10-29,2022-11-02,2022-11-02,2022,10,Q4,Oct,4,0,1,1206,1206,0,0.0,276.64,333627.84,1
PO-01647,S010,Reliable Goods Co.,Tier 3,Road,Textiles,WH-Central,2022-10-29,2022-11-03,2022-11-03,2022,10,Q4,Oct,5,0,1,1796,1796,0,0.0,356.25,639825.0,1
PO-01648,S005,Metro Distributors,Tier 2,Road,Finished Goods,WH-North,2022-10-30,2022-11-04,2022-11-04,2022,10,Q4,Oct,5,0,1,800,800,0,0.0,290.12,232096.0,1
PO-01649,S008,Northern Logistics,Tier 3,Rail,Spare Parts,WH-East,2022-10-30,2022-11-18,2022-11-30,2022,10,Q4,Oct,19,12,0,752,752,0,0.0,211.63,159145.76,1
PO-01650,S008,Northern Logistics,Tier 3,Rail,Raw Materials,WH-North,2022-10-30,2022-11-06,2022-11-06,2022,10,Q4,Oct,7,0,1,693,693,0,0.0,90.14,62467.02,1
PO-01651,S010,Reliable Goods Co.,Tier 3,Road,Packaging,WH-North,2022-10-30,2022-11-10,2022-11-24,2022,10,Q4,Oct,11,14,0,890,890,0,0.0,163.81,145790.9,1
PO-01652,S008,Northern Logistics,Tier 3,Rail,Components,WH-North,2022-10-30,2022-11-02,2022-11-06,2022,10,Q4,Oct,3,4,0,1021,1021,0,0.0,406.52,415056.92,1
PO-01653,S001,FastTrack Logistics,Tier 1,Road,Components,WH-North,2022-10-30,2022-11-08,2022-11-08,2022,10,Q4,Oct,9,0,1,316,316,0,0.0,65.56,20716.96,1
PO-01654,S010,Reliable Goods Co.,Tier 3,Road,Components,WH-East,2022-10-31,2022-11-03,2022-11-03,2022,10,Q4,Oct,3,0,1,1202,1202,0,0.0,236.8,284633.6,1
PO-01655,S003,Apex Supply Co.,Tier 2,Road,Chemicals,WH-North,2022-10-31,2022-11-15,2022-11-15,2022,10,Q4,Oct,15,0,1,1396,1396,0,0.0,195.71,273211.16,1
PO-01656,S004,Global Parts Ltd,Tier 1,Air,Spare Parts,WH-South,2022-10-31,2022-11-07,2022-11-07,2022,10,Q4,Oct,7,0,1,818,818,0,0.0,345.95,282987.1,1
PO-01657,S004,Global Parts Ltd,Tier 1,Air,Electronics,WH-East,2022-10-31,2022-11-18,2022-11-18,2022,10,Q4,Oct,18,0,1,161,161,0,0.0,178.01,28659.61,1
PO-01658,S010,Reliable Goods Co.,Tier 3,Road,Textiles,WH-West,2022-11-01,2022-11-07,2022-11-21,2022,11,Q4,Nov,6,14,0,386,386,0,0.0,415.82,160506.52,1
PO-01659,S009,Eastside Components,Tier 2,Sea,Components,WH-West,2022-11-01,2022-11-22,2022-11-22,2022,11,Q4,Nov,21,0,1,1986,1986,0,0.0,412.73,819681.78,1
PO-01660,S010,Reliable Goods Co.,Tier 3,Road,Raw Materials,WH-North,2022-11-01,2022-11-22,2022-11-28,2022,11,Q4,Nov,21,6,0,1248,1248,0,0.0,81.92,102236.16,1
PO-01661,S001,FastTrack Logistics,Tier 1,Road,Chemicals,WH-East,2022-11-02,2022-11-10,2022-11-10,2022,11,Q4,Nov,8,0,1,1620,1620,0,0.0,25.02,40532.4,1
PO-01662,S006,PrimeParts Inc.,Tier 1,Sea,Electronics,WH-West,2022-11-02,2022-11-20,2022-11-20,2022,11,Q4,Nov,18,0,1,1411,1411,0,0.0,47.77,67403.47,1
PO-01663,S008,Northern Logistics,Tier 3,Rail,Raw Materials,WH-Central,2022-11-02,2022-11-14,2022-11-21,2022,11,Q4,Nov,12,7,0,1197,1197,0,0.0,497.3,595268.1,1
PO-01664,S003,Apex Supply Co.,Tier 2,Road,Raw Materials,WH-Central,2022-11-02,2022-11-15,2022-11-15,2022,11,Q4,Nov,13,0,1,845,845,0,0.0,359.19,303515.55,1
PO-01665,S007,Swift Carriers,Tier 2,Road,Components,WH-West,2022-11-02,2022-11-19,2022-11-19,2022,11,Q4,Nov,17,0,1,466,466,0,0.0,429.75,200263.5,1
PO-01666,S010,Reliable Goods Co.,Tier 3,Road,Components,WH-East,2022-11-02,2022-11-16,2022-11-16,2022,11,Q4,Nov,14,0,1,132,132,0,0.0,108.96,14382.72,1
PO-01667,S002,BlueStar Freight,Tier 1,Rail,Components,WH-West,2022-11-02,2022-11-20,2022-11-20,2022,11,Q4,Nov,18,0,1,1710,1710,0,0.0,74.78,127873.8,1
PO-01668,S005,Metro Distributors,Tier 2,Road,Packaging,WH-Central,2022-11-02,2022-11-23,2022-12-01,2022,11,Q4,Nov,21,8,0,1212,1212,0,0.0,325.22,394166.64,1
PO-01669,S002,BlueStar Freight,Tier 1,Rail,Chemicals,WH-West,2022-11-03,2022-11-08,2022-11-08,2022,11,Q4,Nov,5,0,1,1884,1884,0,0.0,459.26,865245.84,1
PO-01670,S009,Eastside Components,Tier 2,Sea,Textiles,WH-North,2022-11-03,2022-11-23,2022-11-23,2022,11,Q4,Nov,20,0,1,1151,1151,0,0.0,310.44,357316.44,1
PO-01671,S004,Global Parts Ltd,Tier 1,Air,Textiles,WH-Central,2022-11-03,2022-11-06,2022-11-06,2022,11,Q4,Nov,3,0,1,1408,1408,0,0.0,428.45,603257.6,1
PO-01672,S003,Apex Supply Co.,Tier 2,Road,Textiles,WH-West,2022-11-03,2022-11-11,2022-11-11,2022,11,Q4,Nov,8,0,1,1566,1375,191,12.2,151.77,237671.82,0
PO-01673,S004,Global Parts Ltd,Tier 1,Air,Chemicals,WH-Central,2022-11-03,2022-11-09,2022-11-09,2022,11,Q4,Nov,6,0,1,838,838,0,0.0,199.91,167524.58,1
PO-01674,S008,Northern Logistics,Tier 3,Rail,Raw Materials,WH-West,2022-11-03,2022-11-18,2022-11-18,2022,11,Q4,Nov,15,0,1,771,771,0,0.0,251.03,193544.13,1
PO-01675,S009,Eastside Components,Tier 2,Sea,Raw Materials,WH-Central,2022-11-04,2022-11-07,2022-11-07,2022,11,Q4,Nov,3,0,1,753,721,32,4.25,39.41,29675.73,0
PO-01676,S005,Metro Distributors,Tier 2,Road,Electronics,WH-South,2022-11-04,2022-11-12,2022-11-18,2022,11,Q4,Nov,8,6,0,616,616,0,0.0,304.81,187762.96,1
PO-01677,S006,PrimeParts Inc.,Tier 1,Sea,Finished Goods,WH-Central,2022-11-04,2022-11-24,2022-11-24,2022,11,Q4,Nov,20,0,1,1338,1261,77,5.75,283.05,378720.9,0
PO-01678,S001,FastTrack Logistics,Tier 1,Road,Packaging,WH-East,2022-11-04,2022-11-20,2022-11-20,2022,11,Q4,Nov,16,0,1,273,273,0,0.0,27.98,7638.54,1
PO-01679,S007,Swift Carriers,Tier 2,Road,Textiles,WH-East,2022-11-04,2022-11-10,2022-11-10,2022,11,Q4,Nov,6,0,1,1819,1819,0,0.0,214.7,390539.3,1
PO-01680,S008,Northern Logistics,Tier 3,Rail,Raw Materials,WH-South,2022-11-05,2022-11-19,2022-11-19,2022,11,Q4,Nov,14,0,1,1643,1643,0,0.0,459.49,754942.07,1
PO-01681,S007,Swift Carriers,Tier 2,Road,Electronics,WH-Central,2022-11-05,2022-11-22,2022-11-27,2022,11,Q4,Nov,17,5,0,156,142,14,8.97,402.1,62727.6,0
PO-01682,S008,Northern Logistics,Tier 3,Rail,Electronics,WH-Central,2022-11-05,2022-11-13,2022-11-13,2022,11,Q4,Nov,8,0,1,1853,1853,0,0.0,434.04,804276.12,1
PO-01683,S001,FastTrack Logistics,Tier 1,Road,Chemicals,WH-South,2022-11-05,2022-11-13,2022-11-13,2022,11,Q4,Nov,8,0,1,320,320,0,0.0,34.08,10905.6,1
PO-01684,S004,Global Parts Ltd,Tier 1,Air,Finished Goods,WH-North,2022-11-05,2022-11-19,2022-11-24,2022,11,Q4,Nov,14,5,0,191,191,0,0.0,450.44,86034.04,1
PO-01685,S008,Northern Logistics,Tier 3,Rail,Finished Goods,WH-West,2022-11-05,2022-11-15,2022-11-19,2022,11,Q4,Nov,10,4,0,653,653,0,0.0,471.74,308046.22,1
PO-01686,S009,Eastside Components,Tier 2,Sea,Electronics,WH-Central,2022-11-05,2022-11-22,2022-11-29,2022,11,Q4,Nov,17,7,0,1012,1012,0,0.0,266.44,269637.28,1
PO-01687,S007,Swift Carriers,Tier 2,Road,Spare Parts,WH-North,2022-11-05,2022-11-25,2022-11-25,2022,11,Q4,Nov,20,0,1,1832,1832,0,0.0,105.99,194173.68,1
PO-01688,S003,Apex Supply Co.,Tier 2,Road,Components,WH-South,2022-11-06,2022-11-24,2022-11-24,2022,11,Q4,Nov,18,0,1,764,678,86,11.26,51.23,39139.72,0
PO-01689,S005,Metro Distributors,Tier 2,Road,Textiles,WH-South,2022-11-06,2022-11-19,2022-11-28,2022,11,Q4,Nov,13,9,0,1457,1333,124,8.51,364.07,530449.99,0
PO-01690,S006,PrimeParts Inc.,Tier 1,Sea,Electronics,WH-East,2022-11-06,2022-11-23,2022-11-23,2022,11,Q4,Nov,17,0,1,1055,1055,0,0.0,275.13,290262.15,1
PO-01691,S009,Eastside Components,Tier 2,Sea,Components,WH-South,2022-11-06,2022-11-24,2022-11-24,2022,11,Q4,Nov,18,0,1,1049,1049,0,0.0,160.21,168060.29,1
PO-01692,S009,Eastside Components,Tier 2,Sea,Components,WH-North,2022-11-06,2022-11-25,2022-12-01,2022,11,Q4,Nov,19,6,0,949,949,0,0.0,272.93,259010.57,1
PO-01693,S008,Northern Logistics,Tier 3,Rail,Raw Materials,WH-East,2022-11-07,2022-11-20,2022-11-28,2022,11,Q4,Nov,13,8,0,1589,1589,0,0.0,313.32,497865.48,1
PO-01694,S004,Global Parts Ltd,Tier 1,Air,Textiles,WH-West,2022-11-07,2022-11-17,2022-11-17,2022,11,Q4,Nov,10,0,1,466,466,0,0.0,295.77,137828.82,1
PO-01695,S003,Apex Supply Co.,Tier 2,Road,Finished Goods,WH-East,2022-11-07,2022-11-21,2022-11-21,2022,11,Q4,Nov,14,0,1,1494,1494,0,0.0,198.32,296290.08,1
PO-01696,S003,Apex Supply Co.,Tier 2,Road,Raw Materials,WH-Central,2022-11-07,2022-11-18,2022-11-18,2022,11,Q4,Nov,11,0,1,818,818,0,0.0,53.49,43754.82,1
PO-01697,S005,Metro Distributors,Tier 2,Road,Textiles,WH-West,2022-11-07,2022-11-27,2022-11-28,2022,11,Q4,Nov,20,1,0,1206,1206,0,0.0,400.43,482918.58,1
PO-01698,S004,Global Parts Ltd,Tier 1,Air,Packaging,WH-East,2022-11-07,2022-11-18,2022-11-18,2022,11,Q4,Nov,11,0,1,459,459,0,0.0,96.77,44417.43,1
PO-01699,S002,BlueStar Freight,Tier 1,Rail,Packaging,WH-West,2022-11-08,2022-11-21,2022-11-21,2022,11,Q4,Nov,13,0,1,888,888,0,0.0,166.83,148145.04,1
PO-01700,S007,Swift Carriers,Tier 2,Road,Electronics,WH-North,2022-11-08,2022-11-21,2022-12-05,2022,11,Q4,Nov,13,14,0,1550,1550,0,0.0,416.58,645699.0,1
PO-01701,S001,FastTrack Logistics,Tier 1,Road,Spare Parts,WH-Central,2022-11-08,2022-11-28,2022-11-28,2022,11,Q4,Nov,20,0,1,1349,1349,0,0.0,446.75,602665.75,1
PO-01702,S008,Northern Logistics,Tier 3,Rail,Finished Goods,WH-East,2022-11-08,2022-11-29,2022-11-29,2022,11,Q4,Nov,21,0,1,1005,1005,0,0.0,401.95,403959.75,1
PO-01703,S007,Swift Carriers,Tier 2,Road,Finished Goods,WH-North,2022-11-08,2022-11-21,2022-11-21,2022,11,Q4,Nov,13,0,1,1343,1343,0,0.0,155.89,209360.27,1
PO-01704,S010,Reliable Goods Co.,Tier 3,Road,Packaging,WH-West,2022-11-09,2022-11-29,2022-11-29,2022,11,Q4,Nov,20,0,1,847,847,0,0.0,301.03,254972.41,1
PO-01705,S002,BlueStar Freight,Tier 1,Rail,Electronics,WH-North,2022-11-09,2022-11-16,2022-11-16,2022,11,Q4,Nov,7,0,1,696,696,0,0.0,484.43,337163.28,1
PO-01706,S009,Eastside Components,Tier 2,Sea,Textiles,WH-West,2022-11-09,2022-11-26,2022-11-26,2022,11,Q4,Nov,17,0,1,642,642,0,0.0,454.09,291525.78,1
PO-01707,S008,Northern Logistics,Tier 3,Rail,Finished Goods,WH-Central,2022-11-09,2022-11-13,2022-11-13,2022,11,Q4,Nov,4,0,1,276,276,0,0.0,169.56,46798.56,1
PO-01708,S004,Global Parts Ltd,Tier 1,Air,Components,WH-East,2022-11-09,2022-11-17,2022-11-17,2022,11,Q4,Nov,8,0,1,1332,1332,0,0.0,464.12,618207.84,1
PO-01709,S010,Reliable Goods Co.,Tier 3,Road,Finished Goods,WH-West,2022-11-09,2022-11-29,2022-12-10,2022,11,Q4,Nov,20,11,0,1664,1664,0,0.0,134.53,223857.92,1
PO-01710,S007,Swift Carriers,Tier 2,Road,Textiles,WH-West,2022-11-10,2022-11-28,2022-11-28,2022,11,Q4,Nov,18,0,1,927,927,0,0.0,475.5,440788.5,1
PO-01711,S004,Global Parts Ltd,Tier 1,Air,Raw Materials,WH-West,2022-11-10,2022-11-28,2022-11-28,2022,11,Q4,Nov,18,0,1,707,707,0,0.0,381.86,269975.02,1
PO-01712,S004,Global Parts Ltd,Tier 1,Air,Packaging,WH-Central,2022-11-10,2022-11-22,2022-11-22,2022,11,Q4,Nov,12,0,1,259,259,0,0.0,237.89,61613.51,1
PO-01713,S007,Swift Carriers,Tier 2,Road,Chemicals,WH-East,2022-11-10,2022-11-20,2022-11-20,2022,11,Q4,Nov,10,0,1,790,790,0,0.0,165.2,130508.0,1
PO-01714,S009,Eastside Components,Tier 2,Sea,Spare Parts,WH-West,2022-11-10,2022-11-18,2022-11-18,2022,11,Q4,Nov,8,0,1,1582,1582,0,0.0,497.37,786839.34,1
PO-01715,S006,PrimeParts Inc.,Tier 1,Sea,Electronics,WH-South,2022-11-11,2022-11-20,2022-11-20,2022,11,Q4,Nov,9,0,1,1086,1086,0,0.0,487.37,529283.82,1
PO-01716,S001,FastTrack Logistics,Tier 1,Road,Chemicals,WH-West,2022-11-11,2022-12-01,2022-12-01,2022,11,Q4,Nov,20,0,1,1355,1355,0,0.0,43.75,59281.25,1
PO-01717,S007,Swift Carriers,Tier 2,Road,Components,WH-Central,2022-11-11,2022-11-15,2022-11-15,2022,11,Q4,Nov,4,0,1,698,698,0,0.0,228.8,159702.4,1
PO-01718,S007,Swift Carriers,Tier 2,Road,Textiles,WH-West,2022-11-11,2022-11-30,2022-11-30,2022,11,Q4,Nov,19,0,1,190,190,0,0.0,63.46,12057.4,1
PO-01719,S008,Northern Logistics,Tier 3,Rail,Spare Parts,WH-West,2022-11-11,2022-11-26,2022-11-26,2022,11,Q4,Nov,15,0,1,862,862,0,0.0,28.16,24273.92,1
PO-01720,S009,Eastside Components,Tier 2,Sea,Components,WH-East,2022-11-11,2022-11-17,2022-11-17,2022,11,Q4,Nov,6,0,1,845,845,0,0.0,421.39,356074.55,1
PO-01721,S007,Swift Carriers,Tier 2,Road,Packaging,WH-South,2022-11-11,2022-11-19,2022-11-19,2022,11,Q4,Nov,8,0,1,127,127,0,0.0,281.48,35747.96,1
PO-01722,S003,Apex Supply Co.,Tier 2,Road,Textiles,WH-South,2022-11-11,2022-11-25,2022-11-25,2022,11,Q4,Nov,14,0,1,671,671,0,0.0,182.7,122591.7,1
PO-01723,S005,Metro Distributors,Tier 2,Road,Electronics,WH-West,2022-11-12,2022-11-29,2022-12-07,2022,11,Q4,Nov,17,8,0,1194,1194,0,0.0,49.96,59652.24,1
PO-01724,S002,BlueStar Freight,Tier 1,Rail,Chemicals,WH-West,2022-11-12,2022-12-02,2022-12-02,2022,11,Q4,Nov,20,0,1,1080,1080,0,0.0,456.74,493279.2,1
PO-01725,S006,PrimeParts Inc.,Tier 1,Sea,Spare Parts,WH-East,2022-11-12,2022-11-16,2022-11-16,2022,11,Q4,Nov,4,0,1,705,705,0,0.0,153.99,108562.95,1
PO-01726,S008,Northern Logistics,Tier 3,Rail,Textiles,WH-West,2022-11-12,2022-11-21,2022-11-26,2022,11,Q4,Nov,9,5,0,366,366,0,0.0,389.69,142626.54,1
PO-01727,S007,Swift Carriers,Tier 2,Road,Finished Goods,WH-South,2022-11-13,2022-11-18,2022-11-18,2022,11,Q4,Nov,5,0,1,934,934,0,0.0,464.36,433712.24,1
PO-01728,S003,Apex Supply Co.,Tier 2,Road,Components,WH-Central,2022-11-13,2022-11-26,2022-11-26,2022,11,Q4,Nov,13,0,1,1205,1205,0,0.0,145.16,174917.8,1
PO-01729,S003,Apex Supply Co.,Tier 2,Road,Textiles,WH-East,2022-11-13,2022-12-01,2022-12-01,2022,11,Q4,Nov,18,0,1,1005,1005,0,0.0,107.84,108379.2,1
PO-01730,S001,FastTrack Logistics,Tier 1,Road,Raw Materials,WH-East,2022-11-13,2022-11-16,2022-11-16,2022,11,Q4,Nov,3,0,1,830,830,0,0.0,351.6,291828.0,1
PO-01731,S003,Apex Supply Co.,Tier 2,Road,Textiles,WH-North,2022-11-13,2022-11-27,2022-11-27,2022,11,Q4,Nov,14,0,1,1729,1729,0,0.0,256.61,443678.69,1
PO-01732,S001,FastTrack Logistics,Tier 1,Road,Textiles,WH-North,2022-11-13,2022-12-04,2022-12-04,2022,11,Q4,Nov,21,0,1,524,524,0,0.0,484.25,253747.0,1
PO-01733,S007,Swift Carriers,Tier 2,Road,Chemicals,WH-East,2022-11-13,2022-11-20,2022-11-20,2022,11,Q4,Nov,7,0,1,1370,1370,0,0.0,30.48,41757.6,1
PO-01734,S009,Eastside Components,Tier 2,Sea,Finished Goods,WH-West,2022-11-13,2022-11-28,2022-11-28,2022,11,Q4,Nov,15,0,1,1499,1499,0,0.0,62.43,93582.57,1
PO-01735,S009,Eastside Components,Tier 2,Sea,Spare Parts,WH-Central,2022-11-14,2022-11-29,2022-11-29,2022,11,Q4,Nov,15,0,1,1502,1502,0,0.0,448.14,673106.28,1
PO-01736,S003,Apex Supply Co.,Tier 2,Road,Textiles,WH-East,2022-11-14,2022-11-21,2022-11-21,2022,11,Q4,Nov,7,0,1,591,591,0,0.0,175.4,103661.4,1
PO-01737,S001,FastTrack Logistics,Tier 1,Road,Raw Materials,WH-West,2022-11-14,2022-12-05,2022-12-05,2022,11,Q4,Nov,21,0,1,268,268,0,0.0,104.86,28102.48,1
PO-01738,S007,Swift Carriers,Tier 2,Road,Packaging,WH-West,2022-11-14,2022-11-18,2022-11-18,2022,11,Q4,Nov,4,0,1,552,552,0,0.0,442.37,244188.24,1
PO-01739,S003,Apex Supply Co.,Tier 2,Road,Spare Parts,WH-West,2022-11-14,2022-11-30,2022-11-30,2022,11,Q4,Nov,16,0,1,399,396,3,0.75,400.35,159739.65,0
PO-01740,S001,FastTrack Logistics,Tier 1,Road,Finished Goods,WH-West,2022-11-14,2022-11-22,2022-11-22,2022,11,Q4,Nov,8,0,1,1894,1894,0,0.0,91.74,173755.56,1
PO-01741,S002,BlueStar Freight,Tier 1,Rail,Chemicals,WH-West,2022-11-14,2022-12-04,2022-12-04,2022,11,Q4,Nov,20,0,1,824,824,0,0.0,304.61,250998.64,1
PO-01742,S004,Global Parts Ltd,Tier 1,Air,Spare Parts,WH-North,2022-11-15,2022-11-28,2022-11-28,2022,11,Q4,Nov,13,0,1,1370,1370,0,0.0,262.68,359871.6,1
PO-01743,S007,Swift Carriers,Tier 2,Road,Textiles,WH-South,2022-11-15,2022-12-06,2022-12-20,2022,11,Q4,Nov,21,14,0,860,860,0,0.0,94.22,81029.2,1
PO-01744,S008,Northern Logistics,Tier 3,Rail,Packaging,WH-West,2022-11-15,2022-12-04,2022-12-04,2022,11,Q4,Nov,19,0,1,1357,1357,0,0.0,43.12,58513.84,1
PO-01745,S002,BlueStar Freight,Tier 1,Rail,Spare Parts,WH-Central,2022-11-16,2022-11-28,2022-11-28,2022,11,Q4,Nov,12,0,1,239,239,0,0.0,141.35,33782.65,1
PO-01746,S009,Eastside Components,Tier 2,Sea,Packaging,WH-South,2022-11-16,2022-11-21,2022-11-21,2022,11,Q4,Nov,5,0,1,1877,1877,0,0.0,311.65,584967.05,1
PO-01747,S010,Reliable Goods Co.,Tier 3,Road,Packaging,WH-South,2022-11-16,2022-12-05,2022-12-05,2022,11,Q4,Nov,19,0,1,1062,1062,0,0.0,184.51,195949.62,1
PO-01748,S010,Reliable Goods Co.,Tier 3,Road,Electronics,WH-South,2022-11-16,2022-11-20,2022-11-20,2022,11,Q4,Nov,4,0,1,1418,1418,0,0.0,86.99,123351.82,1
PO-01749,S007,Swift Carriers,Tier 2,Road,Chemicals,WH-West,2022-11-16,2022-11-19,2022-11-19,2022,11,Q4,Nov,3,0,1,186,186,0,0.0,396.46,73741.56,1
PO-01750,S006,PrimeParts Inc.,Tier 1,Sea,Finished Goods,WH-South,2022-11-16,2022-12-04,2022-12-04,2022,11,Q4,Nov,18,0,1,1811,1811,0,0.0,386.19,699390.09,1
PO-01751,S008,Northern Logistics,Tier 3,Rail,Textiles,WH-North,2022-11-16,2022-11-19,2022-11-19,2022,11,Q4,Nov,3,0,1,1860,1860,0,0.0,229.22,426349.2,1
PO-01752,S002,BlueStar Freight,Tier 1,Rail,Raw Materials,WH-Central,2022-11-17,2022-11-30,2022-11-30,2022,11,Q4,Nov,13,0,1,439,439,0,0.0,449.87,197492.93,1
PO-01753,S003,Apex Supply Co.,Tier 2,Road,Finished Goods,WH-South,2022-11-17,2022-11-20,2022-11-20,2022,11,Q4,Nov,3,0,1,1299,1299,0,0.0,410.47,533200.53,1
PO-01754,S010,Reliable Goods Co.,Tier 3,Road,Finished Goods,WH-South,2022-11-17,2022-11-28,2022-11-28,2022,11,Q4,Nov,11,0,1,698,698,0,0.0,65.71,45865.58,1
PO-01755,S004,Global Parts Ltd,Tier 1,Air,Finished Goods,WH-West,2022-11-17,2022-11-20,2022-11-20,2022,11,Q4,Nov,3,0,1,358,358,0,0.0,118.5,42423.0,1
PO-01756,S002,BlueStar Freight,Tier 1,Rail,Components,WH-North,2022-11-17,2022-11-29,2022-11-29,2022,11,Q4,Nov,12,0,1,1100,1100,0,0.0,222.03,244233.0,1
PO-01757,S010,Reliable Goods Co.,Tier 3,Road,Spare Parts,WH-East,2022-11-18,2022-12-06,2022-12-10,2022,11,Q4,Nov,18,4,0,1393,1393,0,0.0,112.77,157088.61,1
PO-01758,S009,Eastside Components,Tier 2,Sea,Packaging,WH-North,2022-11-18,2022-12-05,2022-12-05,2022,11,Q4,Nov,17,0,1,162,162,0,0.0,440.59,71375.58,1
PO-01759,S010,Reliable Goods Co.,Tier 3,Road,Spare Parts,WH-North,2022-11-18,2022-11-21,2022-11-26,2022,11,Q4,Nov,3,5,0,333,297,36,10.81,215.8,71861.4,0
PO-01760,S002,BlueStar Freight,Tier 1,Rail,Components,WH-North,2022-11-18,2022-12-04,2022-12-04,2022,11,Q4,Nov,16,0,1,887,887,0,0.0,337.55,299406.85,1
PO-01761,S006,PrimeParts Inc.,Tier 1,Sea,Packaging,WH-South,2022-11-19,2022-11-23,2022-11-23,2022,11,Q4,Nov,4,0,1,556,556,0,0.0,252.66,140478.96,1
PO-01762,S005,Metro Distributors,Tier 2,Road,Components,WH-West,2022-11-19,2022-11-25,2022-11-30,2022,11,Q4,Nov,6,5,0,214,214,0,0.0,402.14,86057.96,1
PO-01763,S007,Swift Carriers,Tier 2,Road,Raw Materials,WH-West,2022-11-19,2022-11-25,2022-11-25,2022,11,Q4,Nov,6,0,1,473,473,0,0.0,449.66,212689.18,1
PO-01764,S003,Apex Supply Co.,Tier 2,Road,Raw Materials,WH-North,2022-11-19,2022-11-27,2022-11-27,2022,11,Q4,Nov,8,0,1,681,681,0,0.0,237.88,161996.28,1
PO-01765,S005,Metro Distributors,Tier 2,Road,Spare Parts,WH-West,2022-11-19,2022-11-30,2022-11-30,2022,11,Q4,Nov,11,0,1,656,656,0,0.0,444.5,291592.0,1
PO-01766,S009,Eastside Components,Tier 2,Sea,Spare Parts,WH-South,2022-11-19,2022-12-03,2022-12-03,2022,11,Q4,Nov,14,0,1,1671,1671,0,0.0,487.35,814361.85,1
PO-01767,S004,Global Parts Ltd,Tier 1,Air,Finished Goods,WH-East,2022-11-19,2022-12-06,2022-12-06,2022,11,Q4,Nov,17,0,1,1262,1262,0,0.0,184.53,232876.86,1
PO-01768,S008,Northern Logistics,Tier 3,Rail,Electronics,WH-North,2022-11-19,2022-11-24,2022-11-24,2022,11,Q4,Nov,5,0,1,83,83,0,0.0,185.85,15425.55,1
PO-01769,S003,Apex Supply Co.,Tier 2,Road,Chemicals,WH-South,2022-11-20,2022-12-06,2022-12-06,2022,11,Q4,Nov,16,0,1,1733,1733,0,0.0,248.37,430425.21,1
PO-01770,S010,Reliable Goods Co.,Tier 3,Road,Packaging,WH-Central,2022-11-20,2022-12-07,2022-12-18,2022,11,Q4,Nov,17,11,0,1489,1489,0,0.0,445.02,662634.78,1
PO-01771,S003,Apex Supply Co.,Tier 2,Road,Spare Parts,WH-South,2022-11-20,2022-12-09,2022-12-09,2022,11,Q4,Nov,19,0,1,85,85,0,0.0,304.25,25861.25,1
PO-01772,S003,Apex Supply Co.,Tier 2,Road,Electronics,WH-East,2022-11-21,2022-12-08,2022-12-16,2022,11,Q4,Nov,17,8,0,1367,1367,0,0.0,191.53,261821.51,1
PO-01773,S007,Swift Carriers,Tier 2,Road,Raw Materials,WH-South,2022-11-21,2022-11-25,2022-11-25,2022,11,Q4,Nov,4,0,1,924,924,0,0.0,35.14,32469.36,1
PO-01774,S004,Global Parts Ltd,Tier 1,Air,Packaging,WH-North,2022-11-21,2022-11-26,2022-11-26,2022,11,Q4,Nov,5,0,1,601,601,0,0.0,416.24,250160.24,1
PO-01775,S007,Swift Carriers,Tier 2,Road,Spare Parts,WH-East,2022-11-21,2022-12-06,2022-12-06,2022,11,Q4,Nov,15,0,1,984,984,0,0.0,197.24,194084.16,1
PO-01776,S001,FastTrack Logistics,Tier 1,Road,Finished Goods,WH-South,2022-11-21,2022-12-01,2022-12-01,2022,11,Q4,Nov,10,0,1,258,258,0,0.0,420.19,108409.02,1
PO-01777,S001,FastTrack Logistics,Tier 1,Road,Textiles,WH-South,2022-11-21,2022-11-24,2022-11-24,2022,11,Q4,Nov,3,0,1,1818,1818,0,0.0,414.81,754124.58,1
PO-01778,S003,Apex Supply Co.,Tier 2,Road,Chemicals,WH-West,2022-11-21,2022-11-27,2022-11-27,2022,11,Q4,Nov,6,0,1,434,434,0,0.0,131.26,56966.84,1
PO-01779,S009,Eastside Components,Tier 2,Sea,Chemicals,WH-Central,2022-11-21,2022-11-25,2022-12-07,2022,11,Q4,Nov,4,12,0,1115,1115,0,0.0,441.31,492060.65,1
PO-01780,S002,BlueStar Freight,Tier 1,Rail,Finished Goods,WH-West,2022-11-22,2022-12-07,2022-12-07,2022,11,Q4,Nov,15,0,1,571,571,0,0.0,193.07,110242.97,1
PO-01781,S006,PrimeParts Inc.,Tier 1,Sea,Raw Materials,WH-West,2022-11-22,2022-11-29,2022-11-29,2022,11,Q4,Nov,7,0,1,781,781,0,0.0,215.65,168422.65,1
PO-01782,S003,Apex Supply Co.,Tier 2,Road,Finished Goods,WH-North,2022-11-22,2022-11-26,2022-11-26,2022,11,Q4,Nov,4,0,1,943,943,0,0.0,220.74,208157.82,1
PO-01783,S001,FastTrack Logistics,Tier 1,Road,Packaging,WH-West,2022-11-22,2022-12-10,2022-12-10,2022,11,Q4,Nov,18,0,1,1759,1759,0,0.0,264.35,464991.65,1
PO-01784,S010,Reliable Goods Co.,Tier 3,Road,Packaging,WH-North,2022-11-22,2022-12-06,2022-12-06,2022,11,Q4,Nov,14,0,1,1977,1977,0,0.0,488.95,966654.15,1
PO-01785,S007,Swift Carriers,Tier 2,Road,Electronics,WH-Central,2022-11-22,2022-12-06,2022-12-12,2022,11,Q4,Nov,14,6,0,1026,1026,0,0.0,50.97,52295.22,1
PO-01786,S010,Reliable Goods Co.,Tier 3,Road,Chemicals,WH-East,2022-11-23,2022-12-01,2022-12-07,2022,11,Q4,Nov,8,6,0,168,168,0,0.0,68.56,11518.08,1
PO-01787,S002,BlueStar Freight,Tier 1,Rail,Chemicals,WH-West,2022-11-23,2022-12-09,2022-12-09,2022,11,Q4,Nov,16,0,1,75,75,0,0.0,75.53,5664.75,1
PO-01788,S001,FastTrack Logistics,Tier 1,Road,Textiles,WH-South,2022-11-23,2022-11-26,2022-11-26,2022,11,Q4,Nov,3,0,1,342,342,0,0.0,107.09,36624.78,1
PO-01789,S010,Reliable Goods Co.,Tier 3,Road,Chemicals,WH-West,2022-11-23,2022-12-10,2022-12-22,2022,11,Q4,Nov,17,12,0,1782,1782,0,0.0,176.69,314861.58,1
PO-01790,S008,Northern Logistics,Tier 3,Rail,Chemicals,WH-East,2022-11-23,2022-11-28,2022-11-28,2022,11,Q4,Nov,5,0,1,876,876,0,0.0,415.56,364030.56,1
PO-01791,S005,Metro Distributors,Tier 2,Road,Finished Goods,WH-West,2022-11-23,2022-12-08,2022-12-08,2022,11,Q4,Nov,15,0,1,959,959,0,0.0,261.08,250375.72,1
PO-01792,S001,FastTrack Logistics,Tier 1,Road,Textiles,WH-East,2022-11-23,2022-12-10,2022-12-10,2022,11,Q4,Nov,17,0,1,1227,1227,0,0.0,338.57,415425.39,1
PO-01793,S003,Apex Supply Co.,Tier 2,Road,Textiles,WH-East,2022-11-23,2022-12-07,2022-12-07,2022,11,Q4,Nov,14,0,1,487,487,0,0.0,67.6,32921.2,1
PO-01794,S003,Apex Supply Co.,Tier 2,Road,Finished Goods,WH-West,2022-11-24,2022-12-01,2022-12-01,2022,11,Q4,Nov,7,0,1,722,722,0,0.0,468.98,338603.56,1
PO-01795,S004,Global Parts Ltd,Tier 1,Air,Spare Parts,WH-West,2022-11-24,2022-12-09,2022-12-09,2022,11,Q4,Nov,15,0,1,1611,1611,0,0.0,273.03,439851.33,1
PO-01796,S002,BlueStar Freight,Tier 1,Rail,Electronics,WH-East,2022-11-24,2022-12-06,2022-12-06,2022,11,Q4,Nov,12,0,1,862,862,0,0.0,91.66,79010.92,1
PO-01797,S010,Reliable Goods Co.,Tier 3,Road,Packaging,WH-North,2022-11-24,2022-12-03,2022-12-03,2022,11,Q4,Nov,9,0,1,806,806,0,0.0,409.74,330250.44,1
PO-01798,S005,Metro Distributors,Tier 2,Road,Textiles,WH-South,2022-11-24,2022-11-30,2022-11-30,2022,11,Q4,Nov,6,0,1,1994,1994,0,0.0,63.58,126778.52,1
PO-01799,S001,FastTrack Logistics,Tier 1,Road,Components,WH-North,2022-11-24,2022-12-05,2022-12-05,2022,11,Q4,Nov,11,0,1,279,279,0,0.0,250.41,69864.39,1
PO-01800,S004,Global Parts Ltd,Tier 1,Air,Textiles,WH-East,2022-11-24,2022-12-08,2022-12-08,2022,11,Q4,Nov,14,0,1,825,825,0,0.0,462.09,381224.25,1
PO-01801,S005,Metro Distributors,Tier 2,Road,Packaging,WH-West,2022-11-25,2022-12-14,2022-12-14,2022,11,Q4,Nov,19,0,1,1102,1102,0,0.0,333.38,367384.76,1
PO-01802,S004,Global Parts Ltd,Tier 1,Air,Raw Materials,WH-South,2022-11-25,2022-11-28,2022-11-28,2022,11,Q4,Nov,3,0,1,1768,1628,140,7.92,496.33,877511.44,0
PO-01803,S001,FastTrack Logistics,Tier 1,Road,Electronics,WH-Central,2022-11-25,2022-12-13,2022-12-13,2022,11,Q4,Nov,18,0,1,1680,1680,0,0.0,210.89,354295.2,1
PO-01804,S006,PrimeParts Inc.,Tier 1,Sea,Packaging,WH-Central,2022-11-25,2022-12-01,2022-12-01,2022,11,Q4,Nov,6,0,1,300,300,0,0.0,249.09,74727.0,1
PO-01805,S009,Eastside Components,Tier 2,Sea,Components,WH-South,2022-11-25,2022-11-28,2022-11-28,2022,11,Q4,Nov,3,0,1,301,301,0,0.0,372.15,112017.15,1
PO-01806,S001,FastTrack Logistics,Tier 1,Road,Electronics,WH-South,2022-11-26,2022-12-13,2022-12-13,2022,11,Q4,Nov,17,0,1,1897,1897,0,0.0,148.32,281363.04,1
PO-01807,S003,Apex Supply Co.,Tier 2,Road,Electronics,WH-North,2022-11-26,2022-11-30,2022-12-11,2022,11,Q4,Nov,4,11,0,1237,1237,0,0.0,86.95,107557.15,1
PO-01808,S009,Eastside Components,Tier 2,Sea,Raw Materials,WH-South,2022-11-26,2022-12-13,2022-12-24,2022,11,Q4,Nov,17,11,0,551,551,0,0.0,479.53,264221.03,1
PO-01809,S002,BlueStar Freight,Tier 1,Rail,Components,WH-South,2022-11-26,2022-12-14,2022-12-14,2022,11,Q4,Nov,18,0,1,278,278,0,0.0,216.45,60173.1,1
PO-01810,S008,Northern Logistics,Tier 3,Rail,Raw Materials,WH-East,2022-11-26,2022-12-07,2022-12-07,2022,11,Q4,Nov,11,0,1,1580,1580,0,0.0,154.82,244615.6,1
PO-01811,S003,Apex Supply Co.,Tier 2,Road,Spare Parts,WH-North,2022-11-26,2022-12-17,2022-12-24,2022,11,Q4,Nov,21,7,0,337,337,0,0.0,377.9,127352.3,1
PO-01812,S001,FastTrack Logistics,Tier 1,Road,Spare Parts,WH-Central,2022-11-26,2022-12-13,2022-12-13,2022,11,Q4,Nov,17,0,1,1549,1549,0,0.0,82.77,128210.73,1
PO-01813,S002,BlueStar Freight,Tier 1,Rail,Finished Goods,WH-Central,2022-11-27,2022-12-09,2022-12-09,2022,11,Q4,Nov,12,0,1,437,437,0,0.0,264.79,115713.23,1
PO-01814,S006,PrimeParts Inc.,Tier 1,Sea,Finished Goods,WH-South,2022-11-27,2022-12-15,2022-12-15,2022,11,Q4,Nov,18,0,1,1299,1299,0,0.0,295.06,383282.94,1
PO-01815,S001,FastTrack Logistics,Tier 1,Road,Components,WH-Central,2022-11-27,2022-11-30,2022-11-30,2022,11,Q4,Nov,3,0,1,1182,1182,0,0.0,457.24,540457.68,1
PO-01816,S009,Eastside Components,Tier 2,Sea,Components,WH-West,2022-11-27,2022-12-12,2022-12-12,2022,11,Q4,Nov,15,0,1,1785,1785,0,0.0,473.51,845215.35,1
PO-01817,S006,PrimeParts Inc.,Tier 1,Sea,Electronics,WH-East,2022-11-27,2022-12-07,2022-12-13,2022,11,Q4,Nov,10,6,0,139,139,0,0.0,272.83,37923.37,1
PO-01818,S008,Northern Logistics,Tier 3,Rail,Spare Parts,WH-West,2022-11-27,2022-12-01,2022-12-12,2022,11,Q4,Nov,4,11,0,1025,1025,0,0.0,496.51,508922.75,1
PO-01819,S003,Apex Supply Co.,Tier 2,Road,Finished Goods,WH-North,2022-11-28,2022-12-11,2022-12-25,2022,11,Q4,Nov,13,14,0,992,992,0,0.0,295.28,292917.76,1
PO-01820,S001,FastTrack Logistics,Tier 1,Road,Packaging,WH-West,2022-11-28,2022-12-04,2022-12-04,2022,11,Q4,Nov,6,0,1,262,262,0,0.0,154.4,40452.8,1
PO-01821,S006,PrimeParts Inc.,Tier 1,Sea,Raw Materials,WH-Central,2022-11-28,2022-12-14,2022-12-14,2022,11,Q4,Nov,16,0,1,1680,1680,0,0.0,479.49,805543.2,1
PO-01822,S010,Reliable Goods Co.,Tier 3,Road,Chemicals,WH-North,2022-11-28,2022-12-16,2022-12-16,2022,11,Q4,Nov,18,0,1,1804,1804,0,0.0,47.54,85762.16,1
PO-01823,S010,Reliable Goods Co.,Tier 3,Road,Raw Materials,WH-South,2022-11-28,2022-12-03,2022-12-07,2022,11,Q4,Nov,5,4,0,460,395,65,14.13,431.88,198664.8,0
PO-01824,S010,Reliable Goods Co.,Tier 3,Road,Components,WH-Central,2022-11-28,2022-12-16,2022-12-16,2022,11,Q4,Nov,18,0,1,798,798,0,0.0,315.97,252144.06,1
PO-01825,S002,BlueStar Freight,Tier 1,Rail,Packaging,WH-South,2022-11-28,2022-12-06,2022-12-06,2022,11,Q4,Nov,8,0,1,1161,1161,0,0.0,440.51,511432.11,1
PO-01826,S001,FastTrack Logistics,Tier 1,Road,Electronics,WH-South,2022-11-29,2022-12-10,2022-12-10,2022,11,Q4,Nov,11,0,1,68,68,0,0.0,230.85,15697.8,1
PO-01827,S007,Swift Carriers,Tier 2,Road,Raw Materials,WH-Central,2022-11-29,2022-12-04,2022-12-08,2022,11,Q4,Nov,5,4,0,634,634,0,0.0,215.88,136867.92,1
PO-01828,S007,Swift Carriers,Tier 2,Road,Components,WH-West,2022-11-29,2022-12-11,2022-12-11,2022,11,Q4,Nov,12,0,1,116,116,0,0.0,75.51,8759.16,1
PO-01829,S001,FastTrack Logistics,Tier 1,Road,Components,WH-South,2022-11-29,2022-12-04,2022-12-04,2022,11,Q4,Nov,5,0,1,754,754,0,0.0,250.06,188545.24,1
PO-01830,S001,FastTrack Logistics,Tier 1,Road,Electronics,WH-East,2022-11-29,2022-12-04,2022-12-04,2022,11,Q4,Nov,5,0,1,858,858,0,0.0,307.38,263732.04,1
PO-01831,S010,Reliable Goods Co.,Tier 3,Road,Chemicals,WH-South,2022-11-29,2022-12-15,2022-12-15,2022,11,Q4,Nov,16,0,1,531,531,0,0.0,443.34,235413.54,1
PO-01832,S002,BlueStar Freight,Tier 1,Rail,Components,WH-Central,2022-11-29,2022-12-03,2022-12-03,2022,11,Q4,Nov,4,0,1,1555,1555,0,0.0,373.41,580652.55,1
PO-01833,S006,PrimeParts Inc.,Tier 1,Sea,Raw Materials,WH-West,2022-11-30,2022-12-09,2022-12-09,2022,11,Q4,Nov,9,0,1,691,691,0,0.0,22.79,15747.89,1
PO-01834,S007,Swift Carriers,Tier 2,Road,Raw Materials,WH-East,2022-11-30,2022-12-17,2022-12-17,2022,11,Q4,Nov,17,0,1,954,886,68,7.13,305.37,291322.98,0
PO-01835,S005,Metro Distributors,Tier 2,Road,Textiles,WH-South,2022-11-30,2022-12-19,2022-12-19,2022,11,Q4,Nov,19,0,1,693,693,0,0.0,207.08,143506.44,1
PO-01836,S006,PrimeParts Inc.,Tier 1,Sea,Electronics,WH-Central,2022-11-30,2022-12-05,2022-12-05,2022,11,Q4,Nov,5,0,1,1242,1242,0,0.0,484.13,601289.46,1
PO-01837,S009,Eastside Components,Tier 2,Sea,Electronics,WH-North,2022-11-30,2022-12-11,2022-12-11,2022,11,Q4,Nov,11,0,1,188,188,0,0.0,492.65,92618.2,1
PO-01838,S006,PrimeParts Inc.,Tier 1,Sea,Components,WH-West,2022-11-30,2022-12-17,2022-12-17,2022,11,Q4,Nov,17,0,1,1938,1938,0,0.0,96.68,187365.84,1
PO-01839,S010,Reliable Goods Co.,Tier 3,Road,Chemicals,WH-West,2022-12-01,2022-12-08,2022-12-08,2022,12,Q4,Dec,7,0,1,1818,1818,0,0.0,462.6,841006.8,1
PO-01840,S007,Swift Carriers,Tier 2,Road,Components,WH-South,2022-12-01,2022-12-21,2022-12-21,2022,12,Q4,Dec,20,0,1,1941,1941,0,0.0,171.85,333560.85,1
PO-01841,S006,PrimeParts Inc.,Tier 1,Sea,Textiles,WH-East,2022-12-01,2022-12-20,2022-12-25,2022,12,Q4,Dec,19,5,0,1608,1608,0,0.0,109.09,175416.72,1
PO-01842,S007,Swift Carriers,Tier 2,Road,Packaging,WH-Central,2022-12-01,2022-12-19,2022-12-19,2022,12,Q4,Dec,18,0,1,1252,1252,0,0.0,357.73,447877.96,1
PO-01843,S008,Northern Logistics,Tier 3,Rail,Packaging,WH-North,2022-12-01,2022-12-12,2022-12-20,2022,12,Q4,Dec,11,8,0,1116,1116,0,0.0,300.87,335770.92,1
PO-01844,S002,BlueStar Freight,Tier 1,Rail,Electronics,WH-South,2022-12-01,2022-12-17,2022-12-17,2022,12,Q4,Dec,16,0,1,550,550,0,0.0,458.51,252180.5,1
PO-01845,S004,Global Parts Ltd,Tier 1,Air,Finished Goods,WH-West,2022-12-01,2022-12-20,2022-12-20,2022,12,Q4,Dec,19,0,1,1514,1514,0,0.0,30.05,45495.7,1
PO-01846,S006,PrimeParts Inc.,Tier 1,Sea,Spare Parts,WH-North,2022-12-01,2022-12-10,2022-12-10,2022,12,Q4,Dec,9,0,1,1628,1628,0,0.0,244.69,398355.32,1
PO-01847,S003,Apex Supply Co.,Tier 2,Road,Packaging,WH-West,2022-12-02,2022-12-15,2022-12-20,2022,12,Q4,Dec,13,5,0,1966,1918,48,2.44,129.35,254302.1,0
PO-01848,S010,Reliable Goods Co.,Tier 3,Road,Electronics,WH-Central,2022-12-02,2022-12-06,2022-12-06,2022,12,Q4,Dec,4,0,1,785,785,0,0.0,401.96,315538.6,1
PO-01849,S010,Reliable Goods Co.,Tier 3,Road,Chemicals,WH-North,2022-12-02,2022-12-11,2022-12-25,2022,12,Q4,Dec,9,14,0,162,162,0,0.0,250.37,40559.94,1
PO-01850,S005,Metro Distributors,Tier 2,Road,Electronics,WH-South,2022-12-02,2022-12-05,2022-12-13,2022,12,Q4,Dec,3,8,0,452,452,0,0.0,151.68,68559.36,1
PO-01851,S005,Metro Distributors,Tier 2,Road,Finished Goods,WH-Central,2022-12-02,2022-12-23,2022-12-23,2022,12,Q4,Dec,21,0,1,1590,1590,0,0.0,134.95,214570.5,1
PO-01852,S009,Eastside Components,Tier 2,Sea,Spare Parts,WH-West,2022-12-03,2022-12-06,2022-12-06,2022,12,Q4,Dec,3,0,1,1750,1750,0,0.0,314.18,549815.0,1
PO-01853,S005,Metro Distributors,Tier 2,Road,Packaging,WH-Central,2022-12-03,2022-12-09,2022-12-09,2022,12,Q4,Dec,6,0,1,1223,1223,0,0.0,498.26,609371.98,1
PO-01854,S003,Apex Supply Co.,Tier 2,Road,Raw Materials,WH-East,2022-12-03,2022-12-21,2022-12-21,2022,12,Q4,Dec,18,0,1,1456,1456,0,0.0,472.7,688251.2,1
PO-01855,S002,BlueStar Freight,Tier 1,Rail,Packaging,WH-East,2022-12-03,2022-12-14,2022-12-25,2022,12,Q4,Dec,11,11,0,466,466,0,0.0,218.19,101676.54,1
PO-01856,S006,PrimeParts Inc.,Tier 1,Sea,Components,WH-East,2022-12-03,2022-12-23,2022-12-23,2022,12,Q4,Dec,20,0,1,1633,1633,0,0.0,322.63,526854.79,1
PO-01857,S003,Apex Supply Co.,Tier 2,Road,Finished Goods,WH-North,2022-12-03,2022-12-13,2022-12-13,2022,12,Q4,Dec,10,0,1,1097,1097,0,0.0,431.82,473706.54,1
PO-01858,S008,Northern Logistics,Tier 3,Rail,Spare Parts,WH-South,2022-12-03,2022-12-16,2022-12-16,2022,12,Q4,Dec,13,0,1,1014,1014,0,0.0,123.07,124792.98,1
PO-01859,S004,Global Parts Ltd,Tier 1,Air,Chemicals,WH-North,2022-12-03,2022-12-09,2022-12-18,2022,12,Q4,Dec,6,9,0,499,499,0,0.0,172.33,85992.67,1
PO-01860,S001,FastTrack Logistics,Tier 1,Road,Textiles,WH-East,2022-12-04,2022-12-20,2022-12-20,2022,12,Q4,Dec,16,0,1,600,600,0,0.0,133.51,80106.0,1
PO-01861,S008,Northern Logistics,Tier 3,Rail,Textiles,WH-North,2022-12-04,2022-12-13,2022-12-13,2022,12,Q4,Dec,9,0,1,1770,1770,0,0.0,293.93,520256.1,1
PO-01862,S003,Apex Supply Co.,Tier 2,Road,Spare Parts,WH-East,2022-12-04,2022-12-13,2022-12-22,2022,12,Q4,Dec,9,9,0,256,256,0,0.0,106.3,27212.8,1
PO-01863,S008,Northern Logistics,Tier 3,Rail,Chemicals,WH-Central,2022-12-04,2022-12-12,2022-12-12,2022,12,Q4,Dec,8,0,1,1225,1225,0,0.0,116.12,142247.0,1
PO-01864,S010,Reliable Goods Co.,Tier 3,Road,Textiles,WH-Central,2022-12-04,2022-12-20,2022-12-20,2022,12,Q4,Dec,16,0,1,519,519,0,0.0,386.04,200354.76,1
PO-01865,S009,Eastside Components,Tier 2,Sea,Chemicals,WH-West,2022-12-04,2022-12-16,2022-12-16,2022,12,Q4,Dec,12,0,1,567,567,0,0.0,323.99,183702.33,1
PO-01866,S007,Swift Carriers,Tier 2,Road,Electronics,WH-North,2022-12-05,2022-12-20,2022-12-20,2022,12,Q4,Dec,15,0,1,1927,1927,0,0.0,128.13,246906.51,1
PO-01867,S001,FastTrack Logistics,Tier 1,Road,Components,WH-Central,2022-12-05,2022-12-18,2022-12-18,2022,12,Q4,Dec,13,0,1,1313,1313,0,0.0,164.81,216395.53,1
PO-01868,S006,PrimeParts Inc.,Tier 1,Sea,Packaging,WH-East,2022-12-05,2022-12-23,2022-12-23,2022,12,Q4,Dec,18,0,1,1712,1712,0,0.0,201.97,345772.64,1
PO-01869,S005,Metro Distributors,Tier 2,Road,Raw Materials,WH-South,2022-12-05,2022-12-08,2022-12-10,2022,12,Q4,Dec,3,2,0,383,383,0,0.0,236.91,90736.53,1
PO-01870,S010,Reliable Goods Co.,Tier 3,Road,Textiles,WH-East,2022-12-06,2022-12-17,2022-12-19,2022,12,Q4,Dec,11,2,0,813,813,0,0.0,389.19,316411.47,1
PO-01871,S002,BlueStar Freight,Tier 1,Rail,Textiles,WH-South,2022-12-06,2022-12-25,2022-12-25,2022,12,Q4,Dec,19,0,1,322,322,0,0.0,104.24,33565.28,1
PO-01872,S006,PrimeParts Inc.,Tier 1,Sea,Electronics,WH-East,2022-12-06,2022-12-23,2022-12-23,2022,12,Q4,Dec,17,0,1,1949,1949,0,0.0,330.79,644709.71,1
PO-01873,S004,Global Parts Ltd,Tier 1,Air,Spare Parts,WH-West,2022-12-06,2022-12-22,2022-12-22,2022,12,Q4,Dec,16,0,1,1815,1754,61,3.36,317.37,576026.55,0
PO-01874,S001,FastTrack Logistics,Tier 1,Road,Components,WH-West,2022-12-06,2022-12-14,2022-12-14,2022,12,Q4,Dec,8,0,1,1922,1922,0,0.0,85.49,164311.78,1
PO-01875,S002,BlueStar Freight,Tier 1,Rail,Packaging,WH-South,2022-12-06,2022-12-11,2022-12-11,2022,12,Q4,Dec,5,0,1,305,305,0,0.0,131.47,40098.35,1
PO-01876,S004,Global Parts Ltd,Tier 1,Air,Raw Materials,WH-East,2022-12-06,2022-12-22,2022-12-22,2022,12,Q4,Dec,16,0,1,288,288,0,0.0,487.95,140529.6,1
PO-01877,S009,Eastside Components,Tier 2,Sea,Spare Parts,WH-Central,2022-12-07,2022-12-14,2022-12-14,2022,12,Q4,Dec,7,0,1,242,242,0,0.0,445.36,107777.12,1
PO-01878,S010,Reliable Goods Co.,Tier 3,Road,Finished Goods,WH-East,2022-12-07,2022-12-26,2022-12-26,2022,12,Q4,Dec,19,0,1,874,874,0,0.0,275.87,241110.38,1
PO-01879,S004,Global Parts Ltd,Tier 1,Air,Textiles,WH-West,2022-12-07,2022-12-17,2022-12-20,2022,12,Q4,Dec,10,3,0,122,122,0,0.0,410.96,50137.12,1
PO-01880,S001,FastTrack Logistics,Tier 1,Road,Packaging,WH-North,2022-12-07,2022-12-15,2022-12-15,2022,12,Q4,Dec,8,0,1,1125,1125,0,0.0,268.84,302445.0,1
PO-01881,S004,Global Parts Ltd,Tier 1,Air,Chemicals,WH-South,2022-12-07,2022-12-11,2022-12-11,2022,12,Q4,Dec,4,0,1,1764,1764,0,0.0,277.78,490003.92,1
PO-01882,S004,Global Parts Ltd,Tier 1,Air,Chemicals,WH-Central,2022-12-08,2022-12-28,2022-12-28,2022,12,Q4,Dec,20,0,1,752,752,0,0.0,322.56,242565.12,1
PO-01883,S002,BlueStar Freight,Tier 1,Rail,Spare Parts,WH-West,2022-12-08,2022-12-18,2022-12-18,2022,12,Q4,Dec,10,0,1,1485,1485,0,0.0,248.15,368502.75,1
PO-01884,S008,Northern Logistics,Tier 3,Rail,Electronics,WH-East,2022-12-08,2022-12-21,2022-12-21,2022,12,Q4,Dec,13,0,1,1451,1451,0,0.0,321.89,467062.39,1
PO-01885,S004,Global Parts Ltd,Tier 1,Air,Packaging,WH-Central,2022-12-09,2022-12-26,2022-12-26,2022,12,Q4,Dec,17,0,1,827,827,0,0.0,281.66,232932.82,1
PO-01886,S001,FastTrack Logistics,Tier 1,Road,Raw Materials,WH-North,2022-12-09,2022-12-25,2023-01-04,2022,12,Q4,Dec,16,10,0,1832,1832,0,0.0,360.35,660161.2,1
PO-01887,S005,Metro Distributors,Tier 2,Road,Electronics,WH-Central,2022-12-09,2022-12-25,2022-12-25,2022,12,Q4,Dec,16,0,1,629,629,0,0.0,416.55,262009.95,1
PO-01888,S004,Global Parts Ltd,Tier 1,Air,Spare Parts,WH-East,2022-12-09,2022-12-29,2022-12-29,2022,12,Q4,Dec,20,0,1,1984,1984,0,0.0,284.97,565380.48,1
PO-01889,S005,Metro Distributors,Tier 2,Road,Packaging,WH-West,2022-12-09,2022-12-13,2022-12-19,2022,12,Q4,Dec,4,6,0,668,668,0,0.0,237.42,158596.56,1
PO-01890,S006,PrimeParts Inc.,Tier 1,Sea,Packaging,WH-Central,2022-12-09,2022-12-29,2022-12-29,2022,12,Q4,Dec,20,0,1,1628,1628,0,0.0,255.76,416377.28,1
PO-01891,S007,Swift Carriers,Tier 2,Road,Components,WH-West,2022-12-09,2022-12-24,2022-12-24,2022,12,Q4,Dec,15,0,1,731,731,0,0.0,120.52,88100.12,1
PO-01892,S004,Global Parts Ltd,Tier 1,Air,Components,WH-East,2022-12-10,2022-12-19,2022-12-19,2022,12,Q4,Dec,9,0,1,783,783,0,0.0,166.91,130690.53,1
PO-01893,S003,Apex Supply Co.,Tier 2,Road,Spare Parts,WH-East,2022-12-10,2022-12-14,2022-12-25,2022,12,Q4,Dec,4,11,0,1464,1464,0,0.0,368.15,538971.6,1
PO-01894,S003,Apex Supply Co.,Tier 2,Road,Spare Parts,WH-North,2022-12-10,2022-12-18,2022-12-18,2022,12,Q4,Dec,8,0,1,1380,1380,0,0.0,223.78,308816.4,1
PO-01895,S004,Global Parts Ltd,Tier 1,Air,Finished Goods,WH-South,2022-12-10,2022-12-29,2022-12-29,2022,12,Q4,Dec,19,0,1,1006,1006,0,0.0,216.68,217980.08,1
PO-01896,S008,Northern Logistics,Tier 3,Rail,Spare Parts,WH-East,2022-12-10,2022-12-30,2022-12-30,2022,12,Q4,Dec,20,0,1,1181,1181,0,0.0,326.52,385620.12,1
PO-01897,S010,Reliable Goods Co.,Tier 3,Road,Chemicals,WH-East,2022-12-10,2022-12-29,2023-01-06,2022,12,Q4,Dec,19,8,0,365,322,43,11.78,64.83,23662.95,0
PO-01898,S008,Northern Logistics,Tier 3,Rail,Chemicals,WH-Central,2022-12-10,2022-12-27,2023-01-06,2022,12,Q4,Dec,17,10,0,1901,1901,0,0.0,134.66,255988.66,1
PO-01899,S009,Eastside Components,Tier 2,Sea,Electronics,WH-South,2022-12-10,2022-12-14,2022-12-14,2022,12,Q4,Dec,4,0,1,1817,1817,0,0.0,159.27,289393.59,1
PO-01900,S006,PrimeParts Inc.,Tier 1,Sea,Raw Materials,WH-South,2022-12-11,2022-12-21,2022-12-21,2022,12,Q4,Dec,10,0,1,156,156,0,0.0,487.49,76048.44,1
PO-01901,S005,Metro Distributors,Tier 2,Road,Textiles,WH-South,2022-12-11,2022-12-27,2022-12-27,2022,12,Q4,Dec,16,0,1,371,371,0,0.0,263.21,97650.91,1
PO-01902,S001,FastTrack Logistics,Tier 1,Road,Finished Goods,WH-North,2022-12-11,2022-12-23,2022-12-29,2022,12,Q4,Dec,12,6,0,713,713,0,0.0,5.47,3900.11,1
PO-01903,S010,Reliable Goods Co.,Tier 3,Road,Spare Parts,WH-West,2022-12-11,2022-12-31,2023-01-09,2022,12,Q4,Dec,20,9,0,1411,1411,0,0.0,224.92,317362.12,1
PO-01904,S006,PrimeParts Inc.,Tier 1,Sea,Electronics,WH-West,2022-12-11,2022-12-16,2022-12-22,2022,12,Q4,Dec,5,6,0,1407,1396,11,0.78,104.46,146975.22,0
PO-01905,S010,Reliable Goods Co.,Tier 3,Road,Electronics,WH-South,2022-12-11,2022-12-17,2022-12-18,2022,12,Q4,Dec,6,1,0,407,407,0,0.0,427.44,173968.08,1
PO-01906,S006,PrimeParts Inc.,Tier 1,Sea,Finished Goods,WH-West,2022-12-12,2022-12-27,2022-12-27,2022,12,Q4,Dec,15,0,1,983,983,0,0.0,58.37,57377.71,1
PO-01907,S002,BlueStar Freight,Tier 1,Rail,Packaging,WH-South,2022-12-12,2022-12-28,2022-12-28,2022,12,Q4,Dec,16,0,1,1533,1533,0,0.0,438.07,671561.31,1
PO-01908,S006,PrimeParts Inc.,Tier 1,Sea,Textiles,WH-South,2022-12-12,2022-12-31,2023-01-04,2022,12,Q4,Dec,19,4,0,1216,1216,0,0.0,50.11,60933.76,1
PO-01909,S002,BlueStar Freight,Tier 1,Rail,Raw Materials,WH-East,2022-12-12,2022-12-26,2022-12-26,2022,12,Q4,Dec,14,0,1,1969,1969,0,0.0,475.48,936220.12,1
PO-01910,S003,Apex Supply Co.,Tier 2,Road,Chemicals,WH-Central,2022-12-12,2022-12-15,2022-12-15,2022,12,Q4,Dec,3,0,1,1761,1761,0,0.0,339.99,598722.39,1
PO-01911,S004,Global Parts Ltd,Tier 1,Air,Packaging,WH-Central,2022-12-12,2022-12-26,2022-12-26,2022,12,Q4,Dec,14,0,1,1630,1630,0,0.0,169.11,275649.3,1
PO-01912,S006,PrimeParts Inc.,Tier 1,Sea,Textiles,WH-East,2022-12-12,2022-12-21,2022-12-21,2022,12,Q4,Dec,9,0,1,1906,1719,187,9.81,254.65,485362.9,0
PO-01913,S003,Apex Supply Co.,Tier 2,Road,Finished Goods,WH-North,2022-12-13,2022-12-18,2022-12-25,2022,12,Q4,Dec,5,7,0,324,324,0,0.0,60.36,19556.64,1
PO-01914,S006,PrimeParts Inc.,Tier 1,Sea,Electronics,WH-West,2022-12-13,2022-12-27,2022-12-27,2022,12,Q4,Dec,14,0,1,1799,1799,0,0.0,250.78,451153.22,1
PO-01915,S008,Northern Logistics,Tier 3,Rail,Components,WH-Central,2022-12-13,2022-12-22,2022-12-22,2022,12,Q4,Dec,9,0,1,831,831,0,0.0,110.15,91534.65,1
PO-01916,S007,Swift Carriers,Tier 2,Road,Spare Parts,WH-West,2022-12-13,2022-12-16,2022-12-19,2022,12,Q4,Dec,3,3,0,1111,1111,0,0.0,300.33,333666.63,1
PO-01917,S005,Metro Distributors,Tier 2,Road,Finished Goods,WH-East,2022-12-13,2023-01-01,2023-01-01,2022,12,Q4,Dec,19,0,1,1620,1620,0,0.0,198.71,321910.2,1
PO-01918,S008,Northern Logistics,Tier 3,Rail,Packaging,WH-South,2022-12-13,2022-12-26,2023-01-06,2022,12,Q4,Dec,13,11,0,635,635,0,0.0,11.26,7150.1,1
PO-01919,S005,Metro Distributors,Tier 2,Road,Electronics,WH-Central,2022-12-13,2022-12-29,2022-12-29,2022,12,Q4,Dec,16,0,1,578,578,0,0.0,278.93,161221.54,1
PO-01920,S009,Eastside Components,Tier 2,Sea,Finished Goods,WH-South,2022-12-14,2023-01-01,2023-01-01,2022,12,Q4,Dec,18,0,1,1876,1876,0,0.0,249.64,468324.64,1
PO-01921,S006,PrimeParts Inc.,Tier 1,Sea,Components,WH-North,2022-12-14,2022-12-19,2022-12-19,2022,12,Q4,Dec,5,0,1,1513,1513,0,0.0,185.18,280177.34,1
PO-01922,S007,Swift Carriers,Tier 2,Road,Textiles,WH-South,2022-12-14,2023-01-03,2023-01-03,2022,12,Q4,Dec,20,0,1,1919,1919,0,0.0,110.01,211109.19,1
PO-01923,S002,BlueStar Freight,Tier 1,Rail,Spare Parts,WH-Central,2022-12-14,2022-12-23,2022-12-25,2022,12,Q4,Dec,9,2,0,1363,1363,0,0.0,288.89,393757.07,1
PO-01924,S003,Apex Supply Co.,Tier 2,Road,Spare Parts,WH-North,2022-12-14,2022-12-30,2023-01-10,2022,12,Q4,Dec,16,11,0,1388,1388,0,0.0,258.58,358909.04,1
PO-01925,S005,Metro Distributors,Tier 2,Road,Spare Parts,WH-West,2022-12-14,2022-12-22,2022-12-22,2022,12,Q4,Dec,8,0,1,330,330,0,0.0,372.61,122961.3,1
PO-01926,S007,Swift Carriers,Tier 2,Road,Spare Parts,WH-North,2022-12-15,2022-12-23,2022-12-24,2022,12,Q4,Dec,8,1,0,746,746,0,0.0,188.12,140337.52,1
PO-01927,S003,Apex Supply Co.,Tier 2,Road,Textiles,WH-West,2022-12-15,2022-12-19,2022-12-19,2022,12,Q4,Dec,4,0,1,761,761,0,0.0,425.01,323432.61,1
PO-01928,S010,Reliable Goods Co.,Tier 3,Road,Finished Goods,WH-West,2022-12-15,2022-12-18,2022-12-24,2022,12,Q4,Dec,3,6,0,1446,1446,0,0.0,261.94,378765.24,1
PO-01929,S005,Metro Distributors,Tier 2,Road,Textiles,WH-East,2022-12-16,2022-12-30,2022-12-30,2022,12,Q4,Dec,14,0,1,1762,1762,0,0.0,135.31,238416.22,1
PO-01930,S010,Reliable Goods Co.,Tier 3,Road,Components,WH-Central,2022-12-16,2023-01-05,2023-01-05,2022,12,Q4,Dec,20,0,1,1433,1433,0,0.0,284.78,408089.74,1
PO-01931,S009,Eastside Components,Tier 2,Sea,Textiles,WH-West,2022-12-16,2022-12-26,2022-12-26,2022,12,Q4,Dec,10,0,1,1291,1291,0,0.0,351.85,454238.35,1
PO-01932,S006,PrimeParts Inc.,Tier 1,Sea,Textiles,WH-Central,2022-12-16,2022-12-21,2022-12-21,2022,12,Q4,Dec,5,0,1,562,562,0,0.0,328.73,184746.26,1
PO-01933,S002,BlueStar Freight,Tier 1,Rail,Electronics,WH-West,2022-12-16,2023-01-02,2023-01-02,2022,12,Q4,Dec,17,0,1,744,744,0,0.0,285.26,212233.44,1
PO-01934,S003,Apex Supply Co.,Tier 2,Road,Spare Parts,WH-West,2022-12-16,2023-01-01,2023-01-01,2022,12,Q4,Dec,16,0,1,1220,1220,0,0.0,164.91,201190.2,1
PO-01935,S003,Apex Supply Co.,Tier 2,Road,Finished Goods,WH-North,2022-12-16,2022-12-30,2022-12-30,2022,12,Q4,Dec,14,0,1,1498,1498,0,0.0,257.51,385749.98,1
PO-01936,S010,Reliable Goods Co.,Tier 3,Road,Finished Goods,WH-North,2022-12-16,2023-01-02,2023-01-12,2022,12,Q4,Dec,17,10,0,1490,1490,0,0.0,464.57,692209.3,1
PO-01937,S007,Swift Carriers,Tier 2,Road,Chemicals,WH-West,2022-12-17,2022-12-23,2022-12-27,2022,12,Q4,Dec,6,4,0,1602,1602,0,0.0,289.65,464019.3,1
PO-01938,S003,Apex Supply Co.,Tier 2,Road,Textiles,WH-East,2022-12-17,2023-01-01,2023-01-01,2022,12,Q4,Dec,15,0,1,322,322,0,0.0,375.86,121026.92,1
PO-01939,S008,Northern Logistics,Tier 3,Rail,Electronics,WH-Central,2022-12-17,2022-12-26,2023-01-09,2022,12,Q4,Dec,9,14,0,1403,1403,0,0.0,411.58,577446.74,1
PO-01940,S008,Northern Logistics,Tier 3,Rail,Finished Goods,WH-South,2022-12-17,2023-01-05,2023-01-05,2022,12,Q4,Dec,19,0,1,828,828,0,0.0,411.6,340804.8,1
PO-01941,S009,Eastside Components,Tier 2,Sea,Spare Parts,WH-East,2022-12-17,2022-12-31,2022-12-31,2022,12,Q4,Dec,14,0,1,646,646,0,0.0,284.29,183651.34,1
PO-01942,S003,Apex Supply Co.,Tier 2,Road,Chemicals,WH-North,2022-12-17,2022-12-22,2022-12-22,2022,12,Q4,Dec,5,0,1,240,240,0,0.0,281.03,67447.2,1
PO-01943,S002,BlueStar Freight,Tier 1,Rail,Raw Materials,WH-South,2022-12-17,2023-01-03,2023-01-03,2022,12,Q4,Dec,17,0,1,1462,1462,0,0.0,200.21,292707.02,1
PO-01944,S008,Northern Logistics,Tier 3,Rail,Components,WH-East,2022-12-17,2023-01-01,2023-01-10,2022,12,Q4,Dec,15,9,0,1536,1536,0,0.0,441.11,677544.96,1
PO-01945,S001,FastTrack Logistics,Tier 1,Road,Finished Goods,WH-West,2022-12-18,2022-12-29,2022-12-30,2022,12,Q4,Dec,11,1,0,72,72,0,0.0,47.56,3424.32,1
PO-01946,S009,Eastside Components,Tier 2,Sea,Textiles,WH-Central,2022-12-18,2022-12-24,2022-12-24,2022,12,Q4,Dec,6,0,1,1136,1136,0,0.0,110.32,125323.52,1
PO-01947,S010,Reliable Goods Co.,Tier 3,Road,Electronics,WH-Central,2022-12-18,2023-01-08,2023-01-08,2022,12,Q4,Dec,21,0,1,710,710,0,0.0,222.85,158223.5,1
PO-01948,S009,Eastside Components,Tier 2,Sea,Raw Materials,WH-East,2022-12-18,2023-01-07,2023-01-12,2022,12,Q4,Dec,20,5,0,115,115,0,0.0,329.2,37858.0,1
PO-01949,S010,Reliable Goods Co.,Tier 3,Road,Components,WH-Central,2022-12-18,2023-01-04,2023-01-04,2022,12,Q4,Dec,17,0,1,875,875,0,0.0,28.13,24613.75,1
PO-01950,S009,Eastside Components,Tier 2,Sea,Chemicals,WH-North,2022-12-18,2023-01-05,2023-01-05,2022,12,Q4,Dec,18,0,1,1458,1458,0,0.0,61.0,88938.0,1
PO-01951,S006,PrimeParts Inc.,Tier 1,Sea,Textiles,WH-South,2022-12-19,2022-12-31,2022-12-31,2022,12,Q4,Dec,12,0,1,1586,1586,0,0.0,430.18,682265.48,1
PO-01952,S010,Reliable Goods Co.,Tier 3,Road,Textiles,WH-Central,2022-12-19,2023-01-05,2023-01-13,2022,12,Q4,Dec,17,8,0,79,79,0,0.0,67.26,5313.54,1
PO-01953,S002,BlueStar Freight,Tier 1,Rail,Spare Parts,WH-Central,2022-12-19,2023-01-09,2023-01-09,2022,12,Q4,Dec,21,0,1,1171,1171,0,0.0,261.14,305794.94,1
PO-01954,S008,Northern Logistics,Tier 3,Rail,Raw Materials,WH-West,2022-12-19,2022-12-31,2023-01-07,2022,12,Q4,Dec,12,7,0,768,725,43,5.6,17.01,13063.68,0
PO-01955,S008,Northern Logistics,Tier 3,Rail,Raw Materials,WH-East,2022-12-19,2022-12-22,2023-01-04,2022,12,Q4,Dec,3,13,0,1473,1473,0,0.0,430.77,634524.21,1
PO-01956,S004,Global Parts Ltd,Tier 1,Air,Textiles,WH-Central,2022-12-19,2022-12-25,2022-12-25,2022,12,Q4,Dec,6,0,1,195,195,0,0.0,448.69,87494.55,1
PO-01957,S002,BlueStar Freight,Tier 1,Rail,Packaging,WH-West,2022-12-19,2023-01-01,2023-01-01,2022,12,Q4,Dec,13,0,1,1861,1861,0,0.0,214.92,399966.12,1
PO-01958,S006,PrimeParts Inc.,Tier 1,Sea,Raw Materials,WH-South,2022-12-20,2022-12-31,2022-12-31,2022,12,Q4,Dec,11,0,1,1278,1278,0,0.0,420.51,537411.78,1
PO-01959,S003,Apex Supply Co.,Tier 2,Road,Spare Parts,WH-North,2022-12-20,2023-01-03,2023-01-03,2022,12,Q4,Dec,14,0,1,752,752,0,0.0,423.0,318096.0,1
PO-01960,S001,FastTrack Logistics,Tier 1,Road,Packaging,WH-South,2022-12-20,2022-12-25,2022-12-25,2022,12,Q4,Dec,5,0,1,1611,1611,0,0.0,19.5,31414.5,1
PO-01961,S010,Reliable Goods Co.,Tier 3,Road,Packaging,WH-West,2022-12-20,2023-01-05,2023-01-05,2022,12,Q4,Dec,16,0,1,380,380,0,0.0,53.48,20322.4,1
PO-01962,S004,Global Parts Ltd,Tier 1,Air,Finished Goods,WH-East,2022-12-21,2023-01-07,2023-01-07,2022,12,Q4,Dec,17,0,1,1242,1242,0,0.0,226.09,280803.78,1
PO-01963,S002,BlueStar Freight,Tier 1,Rail,Raw Materials,WH-South,2022-12-21,2022-12-25,2022-12-25,2022,12,Q4,Dec,4,0,1,1633,1633,0,0.0,213.01,347845.33,1
PO-01964,S009,Eastside Components,Tier 2,Sea,Finished Goods,WH-Central,2022-12-21,2022-12-24,2022-12-26,2022,12,Q4,Dec,3,2,0,1879,1879,0,0.0,58.07,109113.53,1
PO-01965,S009,Eastside Components,Tier 2,Sea,Components,WH-East,2022-12-21,2023-01-01,2023-01-01,2022,12,Q4,Dec,11,0,1,1536,1536,0,0.0,243.87,374584.32,1
PO-01966,S001,FastTrack Logistics,Tier 1,Road,Packaging,WH-East,2022-12-21,2022-12-27,2022-12-27,2022,12,Q4,Dec,6,0,1,107,107,0,0.0,352.07,37671.49,1
PO-01967,S005,Metro Distributors,Tier 2,Road,Packaging,WH-East,2022-12-21,2022-12-28,2022-12-30,2022,12,Q4,Dec,7,2,0,1684,1684,0,0.0,237.39,399764.76,1
PO-01968,S010,Reliable Goods Co.,Tier 3,Road,Packaging,WH-East,2022-12-21,2023-01-11,2023-01-11,2022,12,Q4,Dec,21,0,1,1141,1141,0,0.0,80.02,91302.82,1
PO-01969,S002,BlueStar Freight,Tier 1,Rail,Electronics,WH-North,2022-12-22,2023-01-09,2023-01-09,2022,12,Q4,Dec,18,0,1,351,302,49,13.96,258.04,90572.04,0
PO-01970,S005,Metro Distributors,Tier 2,Road,Textiles,WH-South,2022-12-22,2023-01-02,2023-01-02,2022,12,Q4,Dec,11,0,1,1673,1673,0,0.0,399.2,667861.6,1
PO-01971,S007,Swift Carriers,Tier 2,Road,Electronics,WH-South,2022-12-22,2023-01-04,2023-01-04,2022,12,Q4,Dec,13,0,1,188,188,0,0.0,377.73,71013.24,1
PO-01972,S004,Global Parts Ltd,Tier 1,Air,Finished Goods,WH-North,2022-12-22,2023-01-03,2023-01-03,2022,12,Q4,Dec,12,0,1,212,212,0,0.0,295.11,62563.32,1
PO-01973,S009,Eastside Components,Tier 2,Sea,Finished Goods,WH-East,2022-12-22,2023-01-05,2023-01-05,2022,12,Q4,Dec,14,0,1,404,404,0,0.0,251.59,101642.36,1
PO-01974,S007,Swift Carriers,Tier 2,Road,Packaging,WH-Central,2022-12-22,2023-01-07,2023-01-16,2022,12,Q4,Dec,16,9,0,74,74,0,0.0,261.14,19324.36,1
PO-01975,S003,Apex Supply Co.,Tier 2,Road,Textiles,WH-South,2022-12-22,2022-12-28,2022-12-28,2022,12,Q4,Dec,6,0,1,145,145,0,0.0,386.49,56041.05,1
PO-01976,S005,Metro Distributors,Tier 2,Road,Textiles,WH-North,2022-12-23,2023-01-01,2023-01-01,2022,12,Q4,Dec,9,0,1,1694,1694,0,0.0,175.38,297093.72,1
PO-01977,S006,PrimeParts Inc.,Tier 1,Sea,Electronics,WH-South,2022-12-23,2022-12-31,2022-12-31,2022,12,Q4,Dec,8,0,1,287,287,0,0.0,192.33,55198.71,1
PO-01978,S001,FastTrack Logistics,Tier 1,Road,Raw Materials,WH-Central,2022-12-23,2022-12-31,2022-12-31,2022,12,Q4,Dec,8,0,1,787,787,0,0.0,95.05,74804.35,1
PO-01979,S002,BlueStar Freight,Tier 1,Rail,Spare Parts,WH-East,2022-12-23,2023-01-06,2023-01-06,2022,12,Q4,Dec,14,0,1,1311,1311,0,0.0,61.45,80560.95,1
PO-01980,S005,Metro Distributors,Tier 2,Road,Spare Parts,WH-West,2022-12-23,2023-01-13,2023-01-13,2022,12,Q4,Dec,21,0,1,1689,1689,0,0.0,106.79,180368.31,1
PO-01981,S006,PrimeParts Inc.,Tier 1,Sea,Raw Materials,WH-South,2022-12-23,2022-12-26,2022-12-26,2022,12,Q4,Dec,3,0,1,1116,1116,0,0.0,372.53,415743.48,1
PO-01982,S001,FastTrack Logistics,Tier 1,Road,Packaging,WH-South,2022-12-24,2023-01-10,2023-01-10,2022,12,Q4,Dec,17,0,1,800,800,0,0.0,410.35,328280.0,1
PO-01983,S005,Metro Distributors,Tier 2,Road,Electronics,WH-North,2022-12-24,2023-01-01,2023-01-15,2022,12,Q4,Dec,8,14,0,1742,1742,0,0.0,134.61,234490.62,1
PO-01984,S003,Apex Supply Co.,Tier 2,Road,Electronics,WH-Central,2022-12-24,2022-12-31,2022-12-31,2022,12,Q4,Dec,7,0,1,1144,1096,48,4.2,58.1,66466.4,0
PO-01985,S003,Apex Supply Co.,Tier 2,Road,Chemicals,WH-South,2022-12-24,2022-12-31,2022-12-31,2022,12,Q4,Dec,7,0,1,935,935,0,0.0,105.63,98764.05,1
PO-01986,S009,Eastside Components,Tier 2,Sea,Raw Materials,WH-Central,2022-12-25,2023-01-07,2023-01-19,2022,12,Q4,Dec,13,12,0,1972,1972,0,0.0,268.15,528791.8,1
PO-01987,S001,FastTrack Logistics,Tier 1,Road,Raw Materials,WH-West,2022-12-25,2023-01-06,2023-01-06,2022,12,Q4,Dec,12,0,1,1115,1115,0,0.0,345.69,385444.35,1
PO-01988,S001,FastTrack Logistics,Tier 1,Road,Electronics,WH-East,2022-12-25,2023-01-07,2023-01-07,2022,12,Q4,Dec,13,0,1,1497,1497,0,0.0,323.25,483905.25,1
PO-01989,S008,Northern Logistics,Tier 3,Rail,Chemicals,WH-West,2022-12-25,2023-01-14,2023-01-23,2022,12,Q4,Dec,20,9,0,988,988,0,0.0,34.82,34402.16,1
PO-01990,S005,Metro Distributors,Tier 2,Road,Chemicals,WH-North,2022-12-25,2023-01-04,2023-01-04,2022,12,Q4,Dec,10,0,1,121,121,0,0.0,298.96,36174.16,1
PO-01991,S001,FastTrack Logistics,Tier 1,Road,Packaging,WH-West,2022-12-25,2023-01-15,2023-01-15,2022,12,Q4,Dec,21,0,1,1715,1715,0,0.0,481.17,825206.55,1
PO-01992,S009,Eastside Components,Tier 2,Sea,Finished Goods,WH-West,2022-12-25,2023-01-12,2023-01-13,2022,12,Q4,Dec,18,1,0,395,395,0,0.0,80.6,31837.0,1
PO-01993,S008,Northern Logistics,Tier 3,Rail,Raw Materials,WH-South,2022-12-26,2023-01-07,2023-01-07,2022,12,Q4,Dec,12,0,1,693,693,0,0.0,304.8,211226.4,1
PO-01994,S009,Eastside Components,Tier 2,Sea,Textiles,WH-South,2022-12-26,2023-01-16,2023-01-16,2022,12,Q4,Dec,21,0,1,1719,1719,0,0.0,477.85,821424.15,1
PO-01995,S008,Northern Logistics,Tier 3,Rail,Components,WH-North,2022-12-26,2023-01-08,2023-01-12,2022,12,Q4,Dec,13,4,0,1447,1447,0,0.0,27.98,40487.06,1
PO-01996,S007,Swift Carriers,Tier 2,Road,Finished Goods,WH-Central,2022-12-26,2023-01-08,2023-01-08,2022,12,Q4,Dec,13,0,1,1001,999,2,0.2,73.32,73393.32,0
PO-01997,S006,PrimeParts Inc.,Tier 1,Sea,Electronics,WH-North,2022-12-26,2023-01-04,2023-01-04,2022,12,Q4,Dec,9,0,1,834,834,0,0.0,186.61,155632.74,1
PO-01998,S003,Apex Supply Co.,Tier 2,Road,Textiles,WH-Central,2022-12-26,2022-12-31,2023-01-05,2022,12,Q4,Dec,5,5,0,1771,1771,0,0.0,154.07,272857.97,1
PO-01999,S005,Metro Distributors,Tier 2,Road,Spare Parts,WH-East,2022-12-27,2023-01-07,2023-01-20,2022,12,Q4,Dec,11,13,0,433,433,0,0.0,128.65,55705.45,1
PO-02000,S005,Metro Distributors,Tier 2,Road,Components,WH-South,2022-12-27,2023-01-06,2023-01-06,2022,12,Q4,Dec,10,0,1,1253,1253,0,0.0,385.72,483307.16,1
PO-02001,S009,Eastside Components,Tier 2,Sea,Packaging,WH-West,2022-12-27,2023-01-11,2023-01-11,2022,12,Q4,Dec,15,0,1,107,107,0,0.0,114.68,12270.76,1
PO-02002,S009,Eastside Components,Tier 2,Sea,Chemicals,WH-North,2022-12-27,2022-12-30,2023-01-10,2022,12,Q4,Dec,3,11,0,1921,1921,0,0.0,193.74,372174.54,1
PO-02003,S006,PrimeParts Inc.,Tier 1,Sea,Raw Materials,WH-North,2022-12-27,2023-01-15,2023-01-15,2022,12,Q4,Dec,19,0,1,1796,1796,0,0.0,159.41,286300.36,1
PO-02004,S007,Swift Carriers,Tier 2,Road,Chemicals,WH-East,2022-12-27,2023-01-13,2023-01-13,2022,12,Q4,Dec,17,0,1,415,415,0,0.0,231.09,95902.35,1
PO-02005,S002,BlueStar Freight,Tier 1,Rail,Packaging,WH-Central,2022-12-27,2022-12-31,2023-01-07,2022,12,Q4,Dec,4,7,0,1317,1317,0,0.0,338.88,446304.96,1
PO-02006,S008,Northern Logistics,Tier 3,Rail,Finished Goods,WH-West,2022-12-27,2022-12-30,2022-12-30,2022,12,Q4,Dec,3,0,1,634,634,0,0.0,166.57,105605.38,1
PO-02007,S008,Northern Logistics,Tier 3,Rail,Electronics,WH-Central,2022-12-28,2023-01-05,2023-01-05,2022,12,Q4,Dec,8,0,1,1051,1051,0,0.0,448.32,471184.32,1
PO-02008,S003,Apex Supply Co.,Tier 2,Road,Textiles,WH-East,2022-12-28,2023-01-06,2023-01-06,2022,12,Q4,Dec,9,0,1,1110,1110,0,0.0,289.33,321156.3,1
PO-02009,S003,Apex Supply Co.,Tier 2,Road,Components,WH-West,2022-12-28,2023-01-05,2023-01-05,2022,12,Q4,Dec,8,0,1,1001,1001,0,0.0,41.6,41641.6,1
PO-02010,S003,Apex Supply Co.,Tier 2,Road,Chemicals,WH-South,2022-12-28,2023-01-06,2023-01-06,2022,12,Q4,Dec,9,0,1,840,840,0,0.0,236.25,198450.0,1
PO-02011,S007,Swift Carriers,Tier 2,Road,Finished Goods,WH-South,2022-12-28,2023-01-14,2023-01-14,2022,12,Q4,Dec,17,0,1,1994,1994,0,0.0,54.04,107755.76,1
PO-02012,S001,FastTrack Logistics,Tier 1,Road,Packaging,WH-West,2022-12-28,2023-01-15,2023-01-15,2022,12,Q4,Dec,18,0,1,696,696,0,0.0,322.31,224327.76,1
PO-02013,S005,Metro Distributors,Tier 2,Road,Packaging,WH-North,2022-12-28,2022-12-31,2022-12-31,2022,12,Q4,Dec,3,0,1,1242,1242,0,0.0,167.58,208134.36,1
PO-02014,S006,PrimeParts Inc.,Tier 1,Sea,Electronics,WH-South,2022-12-28,2023-01-02,2023-01-02,2022,12,Q4,Dec,5,0,1,1291,1291,0,0.0,399.06,515186.46,1
PO-02015,S009,Eastside Components,Tier 2,Sea,Raw Materials,WH-East,2022-12-29,2023-01-15,2023-01-29,2022,12,Q4,Dec,17,14,0,500,500,0,0.0,379.77,189885.0,1
PO-02016,S004,Global Parts Ltd,Tier 1,Air,Textiles,WH-Central,2022-12-29,2023-01-05,2023-01-05,2022,12,Q4,Dec,7,0,1,1793,1793,0,0.0,265.25,475593.25,1
PO-02017,S007,Swift Carriers,Tier 2,Road,Spare Parts,WH-Central,2022-12-29,2023-01-18,2023-01-18,2022,12,Q4,Dec,20,0,1,677,677,0,0.0,163.42,110635.34,1
PO-02018,S001,FastTrack Logistics,Tier 1,Road,Components,WH-Central,2022-12-29,2023-01-11,2023-01-15,2022,12,Q4,Dec,13,4,0,1335,1335,0,0.0,116.12,155020.2,1
PO-02019,S006,PrimeParts Inc.,Tier 1,Sea,Raw Materials,WH-East,2022-12-29,2023-01-16,2023-01-23,2022,12,Q4,Dec,18,7,0,721,721,0,0.0,493.67,355936.07,1
PO-02020,S002,BlueStar Freight,Tier 1,Rail,Spare Parts,WH-West,2022-12-29,2023-01-14,2023-01-14,2022,12,Q4,Dec,16,0,1,1861,1861,0,0.0,286.85,533827.85,1
PO-02021,S007,Swift Carriers,Tier 2,Road,Chemicals,WH-West,2022-12-29,2023-01-04,2023-01-11,2022,12,Q4,Dec,6,7,0,1972,1972,0,0.0,489.22,964741.84,1
PO-02022,S003,Apex Supply Co.,Tier 2,Road,Chemicals,WH-East,2022-12-30,2023-01-08,2023-01-13,2022,12,Q4,Dec,9,5,0,1935,1935,0,0.0,355.17,687253.95,1
PO-02023,S009,Eastside Components,Tier 2,Sea,Components,WH-East,2022-12-30,2023-01-06,2023-01-06,2022,12,Q4,Dec,7,0,1,798,798,0,0.0,357.05,284925.9,1
PO-02024,S009,Eastside Components,Tier 2,Sea,Raw Materials,WH-West,2022-12-30,2023-01-06,2023-01-13,2022,12,Q4,Dec,7,7,0,1716,1716,0,0.0,187.21,321252.36,1
PO-02025,S009,Eastside Components,Tier 2,Sea,Electronics,WH-South,2022-12-30,2023-01-04,2023-01-04,2022,12,Q4,Dec,5,0,1,818,818,0,0.0,329.57,269588.26,1
PO-02026,S005,Metro Distributors,Tier 2,Road,Finished Goods,WH-North,2022-12-30,2023-01-11,2023-01-11,2022,12,Q4,Dec,12,0,1,842,746,96,11.4,478.03,402501.26,0
PO-02027,S010,Reliable Goods Co.,Tier 3,Road,Components,WH-East,2022-12-31,2023-01-06,2023-01-06,2022,12,Q4,Dec,6,0,1,1776,1776,0,0.0,417.08,740734.08,1
PO-02028,S006,PrimeParts Inc.,Tier 1,Sea,Spare Parts,WH-North,2022-12-31,2023-01-05,2023-01-05,2022,12,Q4,Dec,5,0,1,1066,1066,0,0.0,316.59,337484.94,1
PO-02029,S007,Swift Carriers,Tier 2,Road,Finished Goods,WH-North,2022-12-31,2023-01-05,2023-01-05,2022,12,Q4,Dec,5,0,1,190,190,0,0.0,437.4,83106.0,1
PO-02030,S008,Northern Logistics,Tier 3,Rail,Finished Goods,WH-North,2022-12-31,2023-01-13,2023-01-24,2022,12,Q4,Dec,13,11,0,1651,1651,0,0.0,71.74,118442.74,1
PO-02031,S007,Swift Carriers,Tier 2,Road,Components,WH-East,2022-12-31,2023-01-11,2023-01-11,2022,12,Q4,Dec,11,0,1,1586,1586,0,0.0,222.82,353392.52,1
PO-02032,S005,Metro Distributors,Tier 2,Road,Raw Materials,WH-East,2022-12-31,2023-01-09,2023-01-09,2022,12,Q4,Dec,9,0,1,831,755,76,9.15,314.07,260992.17,0
PO-02033,S005,Metro Distributors,Tier 2,Road,Finished Goods,WH-Central,2023-01-01,2023-01-04,2023-01-04,2023,1,Q1,Jan,3,0,1,1408,1408,0,0.0,415.14,584517.12,1
PO-02034,S006,PrimeParts Inc.,Tier 1,Sea,Finished Goods,WH-Central,2023-01-01,2023-01-18,2023-01-18,2023,1,Q1,Jan,17,0,1,246,246,0,0.0,497.38,122355.48,1
PO-02035,S003,Apex Supply Co.,Tier 2,Road,Textiles,WH-East,2023-01-01,2023-01-04,2023-01-04,2023,1,Q1,Jan,3,0,1,538,538,0,0.0,216.52,116487.76,1
PO-02036,S001,FastTrack Logistics,Tier 1,Road,Textiles,WH-West,2023-01-02,2023-01-07,2023-01-07,2023,1,Q1,Jan,5,0,1,1333,1333,0,0.0,253.22,337542.26,1
PO-02037,S006,PrimeParts Inc.,Tier 1,Sea,Chemicals,WH-East,2023-01-02,2023-01-16,2023-01-21,2023,1,Q1,Jan,14,5,0,493,493,0,0.0,144.6,71287.8,1
PO-02038,S004,Global Parts Ltd,Tier 1,Air,Spare Parts,WH-Central,2023-01-02,2023-01-22,2023-01-22,2023,1,Q1,Jan,20,0,1,401,401,0,0.0,136.39,54692.39,1
PO-02039,S001,FastTrack Logistics,Tier 1,Road,Components,WH-West,2023-01-02,2023-01-18,2023-01-18,2023,1,Q1,Jan,16,0,1,1116,1116,0,0.0,302.51,337601.16,1
PO-02040,S002,BlueStar Freight,Tier 1,Rail,Finished Goods,WH-East,2023-01-02,2023-01-08,2023-01-08,2023,1,Q1,Jan,6,0,1,493,493,0,0.0,15.34,7562.62,1
PO-02041,S002,BlueStar Freight,Tier 1,Rail,Electronics,WH-East,2023-01-02,2023-01-15,2023-01-15,2023,1,Q1,Jan,13,0,1,1582,1582,0,0.0,454.73,719382.86,1
PO-02042,S001,FastTrack Logistics,Tier 1,Road,Electronics,WH-North,2023-01-03,2023-01-14,2023-01-14,2023,1,Q1,Jan,11,0,1,677,677,0,0.0,174.07,117845.39,1
PO-02043,S004,Global Parts Ltd,Tier 1,Air,Components,WH-South,2023-01-03,2023-01-22,2023-01-22,2023,1,Q1,Jan,19,0,1,699,699,0,0.0,82.93,57968.07,1
PO-02044,S007,Swift Carriers,Tier 2,Road,Spare Parts,WH-West,2023-01-03,2023-01-08,2023-01-22,2023,1,Q1,Jan,5,14,0,1932,1932,0,0.0,441.17,852340.44,1
PO-02045,S004,Global Parts Ltd,Tier 1,Air,Finished Goods,WH-Central,2023-01-03,2023-01-17,2023-01-17,2023,1,Q1,Jan,14,0,1,611,611,0,0.0,155.11,94772.21,1
PO-02046,S006,PrimeParts Inc.,Tier 1,Sea,Electronics,WH-North,2023-01-03,2023-01-08,2023-01-08,2023,1,Q1,Jan,5,0,1,1472,1472,0,0.0,413.2,608230.4,1
PO-02047,S006,PrimeParts Inc.,Tier 1,Sea,Chemicals,WH-North,2023-01-04,2023-01-12,2023-01-12,2023,1,Q1,Jan,8,0,1,217,217,0,0.0,412.04,89412.68,1
PO-02048,S008,Northern Logistics,Tier 3,Rail,Raw Materials,WH-North,2023-01-04,2023-01-25,2023-01-25,2023,1,Q1,Jan,21,0,1,1187,1187,0,0.0,349.21,414512.27,1
PO-02049,S003,Apex Supply Co.,Tier 2,Road,Spare Parts,WH-South,2023-01-04,2023-01-19,2023-01-29,2023,1,Q1,Jan,15,10,0,1573,1573,0,0.0,14.97,23547.81,1
PO-02050,S009,Eastside Components,Tier 2,Sea,Spare Parts,WH-East,2023-01-04,2023-01-22,2023-01-25,2023,1,Q1,Jan,18,3,0,1032,1032,0,0.0,298.29,307835.28,1
PO-02051,S006,PrimeParts Inc.,Tier 1,Sea,Packaging,WH-North,2023-01-04,2023-01-19,2023-01-26,2023,1,Q1,Jan,15,7,0,1735,1735,0,0.0,32.35,56127.25,1
PO-02052,S008,Northern Logistics,Tier 3,Rail,Chemicals,WH-Central,2023-01-05,2023-01-12,2023-01-12,2023,1,Q1,Jan,7,0,1,1622,1415,207,12.76,464.33,753143.26,0
PO-02053,S005,Metro Distributors,Tier 2,Road,Packaging,WH-West,2023-01-05,2023-01-11,2023-01-11,2023,1,Q1,Jan,6,0,1,1950,1950,0,0.0,477.92,931944.0,1
PO-02054,S005,Metro Distributors,Tier 2,Road,Electronics,WH-South,2023-01-05,2023-01-17,2023-01-20,2023,1,Q1,Jan,12,3,0,1873,1873,0,0.0,463.34,867835.82,1
PO-02055,S009,Eastside Components,Tier 2,Sea,Spare Parts,WH-South,2023-01-06,2023-01-22,2023-02-05,2023,1,Q1,Jan,16,14,0,1815,1815,0,0.0,331.72,602071.8,1
PO-02056,S010,Reliable Goods Co.,Tier 3,Road,Textiles,WH-South,2023-01-06,2023-01-11,2023-01-16,2023,1,Q1,Jan,5,5,0,890,890,0,0.0,173.44,154361.6,1
PO-02057,S005,Metro Distributors,Tier 2,Road,Components,WH-North,2023-01-06,2023-01-22,2023-01-24,2023,1,Q1,Jan,16,2,0,422,422,0,0.0,468.37,197652.14,1
PO-02058,S005,Metro Distributors,Tier 2,Road,Chemicals,WH-West,2023-01-06,2023-01-22,2023-01-27,2023,1,Q1,Jan,16,5,0,1785,1785,0,0.0,347.42,620144.7,1
PO-02059,S002,BlueStar Freight,Tier 1,Rail,Electronics,WH-West,2023-01-06,2023-01-22,2023-01-22,2023,1,Q1,Jan,16,0,1,491,491,0,0.0,40.01,19644.91,1
PO-02060,S001,FastTrack Logistics,Tier 1,Road,Textiles,WH-West,2023-01-06,2023-01-13,2023-01-13,2023,1,Q1,Jan,7,0,1,531,531,0,0.0,140.65,74685.15,1
PO-02061,S010,Reliable Goods Co.,Tier 3,Road,Components,WH-East,2023-01-07,2023-01-24,2023-01-24,2023,1,Q1,Jan,17,0,1,910,840,70,7.69,115.93,105496.3,0
PO-02062,S002,BlueStar Freight,Tier 1,Rail,Finished Goods,WH-North,2023-01-07,2023-01-17,2023-01-17,2023,1,Q1,Jan,10,0,1,1399,1399,0,0.0,475.31,664958.69,1
PO-02063,S002,BlueStar Freight,Tier 1,Rail,Packaging,WH-East,2023-01-07,2023-01-15,2023-01-15,2023,1,Q1,Jan,8,0,1,1794,1794,0,0.0,392.3,703786.2,1
PO-02064,S004,Global Parts Ltd,Tier 1,Air,Textiles,WH-East,2023-01-08,2023-01-15,2023-01-15,2023,1,Q1,Jan,7,0,1,907,907,0,0.0,217.41,197190.87,1
PO-02065,S002,BlueStar Freight,Tier 1,Rail,Electronics,WH-East,2023-01-08,2023-01-24,2023-01-24,2023,1,Q1,Jan,16,0,1,1134,1134,0,0.0,381.44,432552.96,1
PO-02066,S002,BlueStar Freight,Tier 1,Rail,Raw Materials,WH-South,2023-01-08,2023-01-13,2023-01-13,2023,1,Q1,Jan,5,0,1,762,762,0,0.0,264.92,201869.04,1
PO-02067,S009,Eastside Components,Tier 2,Sea,Finished Goods,WH-West,2023-01-08,2023-01-13,2023-01-13,2023,1,Q1,Jan,5,0,1,170,170,0,0.0,238.45,40536.5,1
PO-02068,S002,BlueStar Freight,Tier 1,Rail,Components,WH-East,2023-01-08,2023-01-11,2023-01-11,2023,1,Q1,Jan,3,0,1,1807,1807,0,0.0,165.01,298173.07,1
PO-02069,S008,Northern Logistics,Tier 3,Rail,Components,WH-North,2023-01-08,2023-01-27,2023-01-28,2023,1,Q1,Jan,19,1,0,1045,1045,0,0.0,310.89,324880.05,1
PO-02070,S001,FastTrack Logistics,Tier 1,Road,Packaging,WH-East,2023-01-09,2023-01-24,2023-01-24,2023,1,Q1,Jan,15,0,1,1383,1383,0,0.0,195.95,270998.85,1
PO-02071,S003,Apex Supply Co.,Tier 2,Road,Chemicals,WH-West,2023-01-09,2023-01-17,2023-01-17,2023,1,Q1,Jan,8,0,1,402,402,0,0.0,195.73,78683.46,1
PO-02072,S009,Eastside Components,Tier 2,Sea,Textiles,WH-West,2023-01-09,2023-01-18,2023-01-18,2023,1,Q1,Jan,9,0,1,1054,1054,0,0.0,94.34,99434.36,1
PO-02073,S003,Apex Supply Co.,Tier 2,Road,Raw Materials,WH-Central,2023-01-09,2023-01-22,2023-01-22,2023,1,Q1,Jan,13,0,1,662,662,0,0.0,7.4,4898.8,1
PO-02074,S004,Global Parts Ltd,Tier 1,Air,Components,WH-North,2023-01-09,2023-01-16,2023-01-16,2023,1,Q1,Jan,7,0,1,1227,1227,0,0.0,222.74,273301.98,1
PO-02075,S003,Apex Supply Co.,Tier 2,Road,Components,WH-East,2023-01-09,2023-01-19,2023-01-19,2023,1,Q1,Jan,10,0,1,1430,1430,0,0.0,21.08,30144.4,1
PO-02076,S010,Reliable Goods Co.,Tier 3,Road,Finished Goods,WH-South,2023-01-09,2023-01-23,2023-01-27,2023,1,Q1,Jan,14,4,0,1549,1549,0,0.0,292.13,452509.37,1
PO-02077,S004,Global Parts Ltd,Tier 1,Air,Components,WH-South,2023-01-09,2023-01-14,2023-01-14,2023,1,Q1,Jan,5,0,1,1485,1485,0,0.0,396.84,589307.4,1
PO-02078,S003,Apex Supply Co.,Tier 2,Road,Finished Goods,WH-North,2023-01-10,2023-01-30,2023-01-30,2023,1,Q1,Jan,20,0,1,413,413,0,0.0,211.63,87403.19,1
PO-02079,S002,BlueStar Freight,Tier 1,Rail,Raw Materials,WH-Central,2023-01-10,2023-01-16,2023-01-16,2023,1,Q1,Jan,6,0,1,1154,1154,0,0.0,209.12,241324.48,1
PO-02080,S001,FastTrack Logistics,Tier 1,Road,Finished Goods,WH-East,2023-01-10,2023-01-24,2023-01-24,2023,1,Q1,Jan,14,0,1,1269,1269,0,0.0,468.64,594704.16,1
PO-02081,S001,FastTrack Logistics,Tier 1,Road,Textiles,WH-South,2023-01-11,2023-01-15,2023-01-15,2023,1,Q1,Jan,4,0,1,1876,1876,0,0.0,390.77,733084.52,1
PO-02082,S006,PrimeParts Inc.,Tier 1,Sea,Electronics,WH-South,2023-01-11,2023-01-25,2023-01-25,2023,1,Q1,Jan,14,0,1,478,478,0,0.0,136.79,65385.62,1
PO-02083,S007,Swift Carriers,Tier 2,Road,Textiles,WH-South,2023-01-11,2023-01-28,2023-01-30,2023,1,Q1,Jan,17,2,0,794,794,0,0.0,138.69,110119.86,1
PO-02084,S010,Reliable Goods Co.,Tier 3,Road,Electronics,WH-Central,2023-01-11,2023-01-18,2023-01-19,2023,1,Q1,Jan,7,1,0,1337,1337,0,0.0,91.92,122897.04,1
PO-02085,S007,Swift Carriers,Tier 2,Road,Textiles,WH-South,2023-01-11,2023-01-21,2023-02-01,2023,1,Q1,Jan,10,11,0,1065,1065,0,0.0,473.59,504373.35,1
PO-02086,S001,FastTrack Logistics,Tier 1,Road,Textiles,WH-South,2023-01-11,2023-01-24,2023-01-24,2023,1,Q1,Jan,13,0,1,97,97,0,0.0,237.99,23085.03,1
PO-02087,S007,Swift Carriers,Tier 2,Road,Components,WH-West,2023-01-11,2023-01-16,2023-01-30,2023,1,Q1,Jan,5,14,0,794,794,0,0.0,367.39,291707.66,1
PO-02088,S005,Metro Distributors,Tier 2,Road,Finished Goods,WH-South,2023-01-11,2023-01-16,2023-01-16,2023,1,Q1,Jan,5,0,1,1687,1687,0,0.0,74.59,125833.33,1
PO-02089,S007,Swift Carriers,Tier 2,Road,Chemicals,WH-West,2023-01-12,2023-02-02,2023-02-15,2023,1,Q1,Jan,21,13,0,639,639,0,0.0,303.37,193853.43,1
PO-02090,S004,Global Parts Ltd,Tier 1,Air,Components,WH-Central,2023-01-12,2023-01-23,2023-01-23,2023,1,Q1,Jan,11,0,1,1625,1625,0,0.0,439.36,713960.0,1
PO-02091,S001,FastTrack Logistics,Tier 1,Road,Packaging,WH-West,2023-01-12,2023-01-21,2023-01-21,2023,1,Q1,Jan,9,0,1,1316,1316,0,0.0,223.68,294362.88,1
PO-02092,S001,FastTrack Logistics,Tier 1,Road,Chemicals,WH-South,2023-01-12,2023-01-26,2023-01-26,2023,1,Q1,Jan,14,0,1,1164,1164,0,0.0,287.22,334324.08,1
PO-02093,S006,PrimeParts Inc.,Tier 1,Sea,Packaging,WH-South,2023-01-13,2023-01-16,2023-01-16,2023,1,Q1,Jan,3,0,1,925,925,0,0.0,68.92,63751.0,1
PO-02094,S006,PrimeParts Inc.,Tier 1,Sea,Components,WH-East,2023-01-13,2023-01-27,2023-01-27,2023,1,Q1,Jan,14,0,1,1730,1730,0,0.0,366.28,633664.4,1
PO-02095,S008,Northern Logistics,Tier 3,Rail,Textiles,WH-Central,2023-01-13,2023-01-24,2023-01-24,2023,1,Q1,Jan,11,0,1,168,168,0,0.0,206.3,34658.4,1
PO-02096,S003,Apex Supply Co.,Tier 2,Road,Finished Goods,WH-North,2023-01-13,2023-01-28,2023-01-28,2023,1,Q1,Jan,15,0,1,874,874,0,0.0,475.75,415805.5,1
PO-02097,S006,PrimeParts Inc.,Tier 1,Sea,Packaging,WH-West,2023-01-13,2023-01-28,2023-01-28,2023,1,Q1,Jan,15,0,1,1945,1945,0,0.0,306.02,595208.9,1
PO-02098,S004,Global Parts Ltd,Tier 1,Air,Packaging,WH-North,2023-01-13,2023-01-30,2023-01-30,2023,1,Q1,Jan,17,0,1,1144,1144,0,0.0,290.43,332251.92,1
PO-02099,S008,Northern Logistics,Tier 3,Rail,Textiles,WH-East,2023-01-14,2023-01-27,2023-01-27,2023,1,Q1,Jan,13,0,1,1993,1993,0,0.0,412.96,823029.28,1
PO-02100,S010,Reliable Goods Co.,Tier 3,Road,Spare Parts,WH-West,2023-01-14,2023-01-28,2023-02-03,2023,1,Q1,Jan,14,6,0,1956,1956,0,0.0,372.72,729040.32,1
PO-02101,S009,Eastside Components,Tier 2,Sea,Chemicals,WH-East,2023-01-14,2023-01-26,2023-01-28,2023,1,Q1,Jan,12,2,0,417,417,0,0.0,117.57,49026.69,1
PO-02102,S006,PrimeParts Inc.,Tier 1,Sea,Components,WH-East,2023-01-15,2023-01-25,2023-01-25,2023,1,Q1,Jan,10,0,1,1404,1404,0,0.0,283.79,398441.16,1
PO-02103,S009,Eastside Components,Tier 2,Sea,Chemicals,WH-Central,2023-01-15,2023-02-02,2023-02-02,2023,1,Q1,Jan,18,0,1,153,153,0,0.0,137.84,21089.52,1
PO-02104,S008,Northern Logistics,Tier 3,Rail,Chemicals,WH-Central,2023-01-15,2023-01-18,2023-01-20,2023,1,Q1,Jan,3,2,0,659,659,0,0.0,118.22,77906.98,1
PO-02105,S009,Eastside Components,Tier 2,Sea,Spare Parts,WH-South,2023-01-15,2023-01-23,2023-01-23,2023,1,Q1,Jan,8,0,1,1862,1862,0,0.0,251.77,468795.74,1
PO-02106,S006,PrimeParts Inc.,Tier 1,Sea,Chemicals,WH-Central,2023-01-15,2023-02-05,2023-02-05,2023,1,Q1,Jan,21,0,1,1993,1993,0,0.0,34.08,67921.44,1
PO-02107,S002,BlueStar Freight,Tier 1,Rail,Chemicals,WH-West,2023-01-15,2023-01-25,2023-01-25,2023,1,Q1,Jan,10,0,1,1770,1770,0,0.0,476.16,842803.2,1
PO-02108,S004,Global Parts Ltd,Tier 1,Air,Chemicals,WH-East,2023-01-16,2023-01-24,2023-01-24,2023,1,Q1,Jan,8,0,1,1842,1842,0,0.0,225.52,415407.84,1
PO-02109,S008,Northern Logistics,Tier 3,Rail,Spare Parts,WH-Central,2023-01-16,2023-01-31,2023-01-31,2023,1,Q1,Jan,15,0,1,1833,1833,0,0.0,381.64,699546.12,1
PO-02110,S007,Swift Carriers,Tier 2,Road,Electronics,WH-Central,2023-01-16,2023-01-22,2023-02-01,2023,1,Q1,Jan,6,10,0,1431,1431,0,0.0,214.3,306663.3,1
PO-02111,S008,Northern Logistics,Tier 3,Rail,Packaging,WH-West,2023-01-16,2023-01-31,2023-01-31,2023,1,Q1,Jan,15,0,1,285,285,0,0.0,481.78,137307.3,1
PO-02112,S009,Eastside Components,Tier 2,Sea,Components,WH-West,2023-01-16,2023-01-23,2023-01-23,2023,1,Q1,Jan,7,0,1,57,57,0,0.0,449.7,25632.9,1
PO-02113,S007,Swift Carriers,Tier 2,Road,Textiles,WH-East,2023-01-16,2023-01-21,2023-01-21,2023,1,Q1,Jan,5,0,1,1160,1160,0,0.0,191.75,222430.0,1
PO-02114,S004,Global Parts Ltd,Tier 1,Air,Components,WH-Central,2023-01-16,2023-01-30,2023-01-30,2023,1,Q1,Jan,14,0,1,1341,1341,0,0.0,420.64,564078.24,1
PO-02115,S005,Metro Distributors,Tier 2,Road,Textiles,WH-North,2023-01-17,2023-01-30,2023-01-30,2023,1,Q1,Jan,13,0,1,1172,1172,0,0.0,187.04,219210.88,1
PO-02116,S009,Eastside Components,Tier 2,Sea,Finished Goods,WH-West,2023-01-17,2023-01-28,2023-01-28,2023,1,Q1,Jan,11,0,1,585,585,0,0.0,482.29,282139.65,1
PO-02117,S008,Northern Logistics,Tier 3,Rail,Packaging,WH-North,2023-01-17,2023-02-02,2023-02-16,2023,1,Q1,Jan,16,14,0,1602,1602,0,0.0,311.07,498334.14,1
PO-02118,S004,Global Parts Ltd,Tier 1,Air,Finished Goods,WH-North,2023-01-18,2023-01-21,2023-01-21,2023,1,Q1,Jan,3,0,1,163,163,0,0.0,120.76,19683.88,1
PO-02119,S010,Reliable Goods Co.,Tier 3,Road,Textiles,WH-North,2023-01-18,2023-01-30,2023-02-10,2023,1,Q1,Jan,12,11,0,1224,1224,0,0.0,334.38,409281.12,1
PO-02120,S001,FastTrack Logistics,Tier 1,Road,Finished Goods,WH-East,2023-01-18,2023-02-04,2023-02-04,2023,1,Q1,Jan,17,0,1,1613,1613,0,0.0,406.48,655652.24,1
PO-02121,S008,Northern Logistics,Tier 3,Rail,Spare Parts,WH-East,2023-01-19,2023-01-27,2023-02-05,2023,1,Q1,Jan,8,9,0,987,987,0,0.0,91.6,90409.2,1
PO-02122,S008,Northern Logistics,Tier 3,Rail,Textiles,WH-East,2023-01-19,2023-01-31,2023-02-04,2023,1,Q1,Jan,12,4,0,650,650,0,0.0,476.19,309523.5,1
PO-02123,S004,Global Parts Ltd,Tier 1,Air,Spare Parts,WH-South,2023-01-19,2023-02-06,2023-02-06,2023,1,Q1,Jan,18,0,1,1567,1567,0,0.0,207.16,324619.72,1
PO-02124,S006,PrimeParts Inc.,Tier 1,Sea,Packaging,WH-East,2023-01-19,2023-01-26,2023-01-26,2023,1,Q1,Jan,7,0,1,752,752,0,0.0,402.81,302913.12,1
PO-02125,S005,Metro Distributors,Tier 2,Road,Components,WH-Central,2023-01-19,2023-01-22,2023-02-03,2023,1,Q1,Jan,3,12,0,603,603,0,0.0,99.92,60251.76,1
PO-02126,S001,FastTrack Logistics,Tier 1,Road,Raw Materials,WH-West,2023-01-19,2023-02-03,2023-02-11,2023,1,Q1,Jan,15,8,0,1063,1063,0,0.0,361.69,384476.47,1
PO-02127,S005,Metro Distributors,Tier 2,Road,Textiles,WH-South,2023-01-20,2023-02-03,2023-02-03,2023,1,Q1,Jan,14,0,1,1507,1507,0,0.0,179.22,270084.54,1
PO-02128,S003,Apex Supply Co.,Tier 2,Road,Spare Parts,WH-East,2023-01-20,2023-01-26,2023-01-26,2023,1,Q1,Jan,6,0,1,471,436,35,7.43,97.08,45724.68,0
PO-02129,S008,Northern Logistics,Tier 3,Rail,Packaging,WH-East,2023-01-20,2023-01-25,2023-01-25,2023,1,Q1,Jan,5,0,1,505,505,0,0.0,91.94,46429.7,1
PO-02130,S006,PrimeParts Inc.,Tier 1,Sea,Textiles,WH-Central,2023-01-20,2023-02-07,2023-02-07,2023,1,Q1,Jan,18,0,1,1557,1557,0,0.0,85.31,132827.67,1
PO-02131,S009,Eastside Components,Tier 2,Sea,Spare Parts,WH-South,2023-01-20,2023-02-04,2023-02-04,2023,1,Q1,Jan,15,0,1,1930,1930,0,0.0,86.23,166423.9,1
PO-02132,S006,PrimeParts Inc.,Tier 1,Sea,Spare Parts,WH-North,2023-01-20,2023-02-09,2023-02-14,2023,1,Q1,Jan,20,5,0,1744,1744,0,0.0,96.23,167825.12,1
PO-02133,S006,PrimeParts Inc.,Tier 1,Sea,Spare Parts,WH-East,2023-01-20,2023-02-08,2023-02-08,2023,1,Q1,Jan,19,0,1,1022,1022,0,0.0,485.8,496487.6,1
PO-02134,S005,Metro Distributors,Tier 2,Road,Spare Parts,WH-North,2023-01-21,2023-02-06,2023-02-07,2023,1,Q1,Jan,16,1,0,1948,1948,0,0.0,338.67,659729.16,1
PO-02135,S001,FastTrack Logistics,Tier 1,Road,Spare Parts,WH-Central,2023-01-21,2023-01-28,2023-01-28,2023,1,Q1,Jan,7,0,1,1138,1138,0,0.0,439.12,499718.56,1
PO-02136,S003,Apex Supply Co.,Tier 2,Road,Chemicals,WH-North,2023-01-21,2023-01-25,2023-01-25,2023,1,Q1,Jan,4,0,1,465,465,0,0.0,160.18,74483.7,1
PO-02137,S007,Swift Carriers,Tier 2,Road,Chemicals,WH-North,2023-01-21,2023-02-05,2023-02-05,2023,1,Q1,Jan,15,0,1,118,118,0,0.0,291.97,34452.46,1
PO-02138,S002,BlueStar Freight,Tier 1,Rail,Chemicals,WH-Central,2023-01-21,2023-01-28,2023-01-28,2023,1,Q1,Jan,7,0,1,1541,1541,0,0.0,340.13,524140.33,1
PO-02139,S010,Reliable Goods Co.,Tier 3,Road,Chemicals,WH-East,2023-01-21,2023-02-04,2023-02-04,2023,1,Q1,Jan,14,0,1,127,116,11,8.66,305.42,38788.34,0
PO-02140,S008,Northern Logistics,Tier 3,Rail,Components,WH-East,2023-01-22,2023-01-27,2023-01-27,2023,1,Q1,Jan,5,0,1,157,157,0,0.0,254.23,39914.11,1
PO-02141,S006,PrimeParts Inc.,Tier 1,Sea,Chemicals,WH-North,2023-01-22,2023-01-26,2023-01-26,2023,1,Q1,Jan,4,0,1,1476,1476,0,0.0,496.86,733365.36,1
PO-02142,S010,Reliable Goods Co.,Tier 3,Road,Electronics,WH-Central,2023-01-22,2023-01-28,2023-02-05,2023,1,Q1,Jan,6,8,0,1052,1052,0,0.0,221.37,232881.24,1
PO-02143,S007,Swift Carriers,Tier 2,Road,Finished Goods,WH-South,2023-01-22,2023-02-03,2023-02-03,2023,1,Q1,Jan,12,0,1,230,230,0,0.0,471.27,108392.1,1
PO-02144,S005,Metro Distributors,Tier 2,Road,Finished Goods,WH-North,2023-01-22,2023-01-26,2023-01-26,2023,1,Q1,Jan,4,0,1,437,437,0,0.0,49.05,21434.85,1
PO-02145,S007,Swift Carriers,Tier 2,Road,Packaging,WH-East,2023-01-23,2023-02-13,2023-02-13,2023,1,Q1,Jan,21,0,1,58,58,0,0.0,44.88,2603.04,1
PO-02146,S007,Swift Carriers,Tier 2,Road,Textiles,WH-East,2023-01-23,2023-02-03,2023-02-03,2023,1,Q1,Jan,11,0,1,979,979,0,0.0,178.49,174741.71,1
PO-02147,S005,Metro Distributors,Tier 2,Road,Chemicals,WH-West,2023-01-23,2023-01-30,2023-01-30,2023,1,Q1,Jan,7,0,1,1749,1749,0,0.0,245.76,429834.24,1
PO-02148,S008,Northern Logistics,Tier 3,Rail,Finished Goods,WH-South,2023-01-24,2023-01-31,2023-01-31,2023,1,Q1,Jan,7,0,1,507,507,0,0.0,437.15,221635.05,1
PO-02149,S008,Northern Logistics,Tier 3,Rail,Packaging,WH-North,2023-01-24,2023-02-08,2023-02-08,2023,1,Q1,Jan,15,0,1,1819,1819,0,0.0,334.16,607837.04,1
PO-02150,S007,Swift Carriers,Tier 2,Road,Raw Materials,WH-East,2023-01-24,2023-02-03,2023-02-03,2023,1,Q1,Jan,10,0,1,1835,1835,0,0.0,487.48,894525.8,1
PO-02151,S003,Apex Supply Co.,Tier 2,Road,Textiles,WH-Central,2023-01-25,2023-02-12,2023-02-12,2023,1,Q1,Jan,18,0,1,604,604,0,0.0,67.27,40631.08,1
PO-02152,S008,Northern Logistics,Tier 3,Rail,Electronics,WH-West,2023-01-25,2023-02-08,2023-02-08,2023,1,Q1,Jan,14,0,1,848,777,71,8.37,320.22,271546.56,0
PO-02153,S007,Swift Carriers,Tier 2,Road,Textiles,WH-South,2023-01-25,2023-02-12,2023-02-12,2023,1,Q1,Jan,18,0,1,1018,1018,0,0.0,489.63,498443.34,1
PO-02154,S004,Global Parts Ltd,Tier 1,Air,Textiles,WH-North,2023-01-25,2023-01-28,2023-02-09,2023,1,Q1,Jan,3,12,0,1867,1867,0,0.0,186.85,348848.95,1
PO-02155,S009,Eastside Components,Tier 2,Sea,Components,WH-Central,2023-01-25,2023-02-10,2023-02-10,2023,1,Q1,Jan,16,0,1,1980,1980,0,0.0,380.9,754182.0,1
PO-02156,S004,Global Parts Ltd,Tier 1,Air,Raw Materials,WH-Central,2023-01-25,2023-02-04,2023-02-04,2023,1,Q1,Jan,10,0,1,159,159,0,0.0,120.38,19140.42,1
PO-02157,S002,BlueStar Freight,Tier 1,Rail,Textiles,WH-South,2023-01-25,2023-01-31,2023-01-31,2023,1,Q1,Jan,6,0,1,1828,1828,0,0.0,372.4,680747.2,1
PO-02158,S009,Eastside Components,Tier 2,Sea,Finished Goods,WH-North,2023-01-26,2023-02-02,2023-02-02,2023,1,Q1,Jan,7,0,1,676,676,0,0.0,155.02,104793.52,1
PO-02159,S010,Reliable Goods Co.,Tier 3,Road,Components,WH-West,2023-01-26,2023-02-01,2023-02-12,2023,1,Q1,Jan,6,11,0,80,69,11,13.75,458.33,36666.4,0
PO-02160,S001,FastTrack Logistics,Tier 1,Road,Components,WH-Central,2023-01-26,2023-02-04,2023-02-04,2023,1,Q1,Jan,9,0,1,1213,1213,0,0.0,36.04,43716.52,1
PO-02161,S010,Reliable Goods Co.,Tier 3,Road,Electronics,WH-South,2023-01-26,2023-02-11,2023-02-19,2023,1,Q1,Jan,16,8,0,505,505,0,0.0,394.93,199439.65,1
PO-02162,S010,Reliable Goods Co.,Tier 3,Road,Textiles,WH-West,2023-01-26,2023-02-02,2023-02-02,2023,1,Q1,Jan,7,0,1,926,926,0,0.0,44.8,41484.8,1
PO-02163,S006,PrimeParts Inc.,Tier 1,Sea,Components,WH-South,2023-01-27,2023-02-13,2023-02-13,2023,1,Q1,Jan,17,0,1,185,185,0,0.0,180.77,33442.45,1
PO-02164,S010,Reliable Goods Co.,Tier 3,Road,Chemicals,WH-South,2023-01-27,2023-02-01,2023-02-11,2023,1,Q1,Jan,5,10,0,1414,1414,0,0.0,379.28,536301.92,1
PO-02165,S007,Swift Carriers,Tier 2,Road,Spare Parts,WH-North,2023-01-27,2023-02-04,2023-02-04,2023,1,Q1,Jan,8,0,1,1399,1399,0,0.0,347.9,486712.1,1
PO-02166,S001,FastTrack Logistics,Tier 1,Road,Components,WH-East,2023-01-28,2023-02-18,2023-03-04,2023,1,Q1,Jan,21,14,0,1227,1227,0,0.0,404.08,495806.16,1
PO-02167,S004,Global Parts Ltd,Tier 1,Air,Packaging,WH-North,2023-01-28,2023-02-08,2023-02-08,2023,1,Q1,Jan,11,0,1,1261,1179,82,6.5,294.78,371717.58,0
PO-02168,S004,Global Parts Ltd,Tier 1,Air,Chemicals,WH-West,2023-01-28,2023-02-18,2023-02-18,2023,1,Q1,Jan,21,0,1,1677,1677,0,0.0,387.72,650206.44,1
PO-02169,S004,Global Parts Ltd,Tier 1,Air,Finished Goods,WH-South,2023-01-28,2023-02-03,2023-02-03,2023,1,Q1,Jan,6,0,1,1815,1815,0,0.0,324.69,589312.35,1
PO-02170,S005,Metro Distributors,Tier 2,Road,Textiles,WH-South,2023-01-28,2023-02-06,2023-02-08,2023,1,Q1,Jan,9,2,0,731,731,0,0.0,184.41,134803.71,1
PO-02171,S004,Global Parts Ltd,Tier 1,Air,Finished Goods,WH-South,2023-01-29,2023-02-08,2023-02-17,2023,1,Q1,Jan,10,9,0,1672,1672,0,0.0,51.0,85272.0,1
PO-02172,S006,PrimeParts Inc.,Tier 1,Sea,Spare Parts,WH-North,2023-01-29,2023-02-04,2023-02-04,2023,1,Q1,Jan,6,0,1,1103,1103,0,0.0,410.44,452715.32,1
PO-02173,S002,BlueStar Freight,Tier 1,Rail,Finished Goods,WH-East,2023-01-29,2023-02-15,2023-02-22,2023,1,Q1,Jan,17,7,0,1151,1151,0,0.0,178.82,205821.82,1
PO-02174,S004,Global Parts Ltd,Tier 1,Air,Raw Materials,WH-South,2023-01-29,2023-02-03,2023-02-03,2023,1,Q1,Jan,5,0,1,647,647,0,0.0,6.11,3953.17,1
PO-02175,S003,Apex Supply Co.,Tier 2,Road,Raw Materials,WH-South,2023-01-29,2023-02-16,2023-02-16,2023,1,Q1,Jan,18,0,1,270,270,0,0.0,96.54,26065.8,1
PO-02176,S001,FastTrack Logistics,Tier 1,Road,Chemicals,WH-North,2023-01-29,2023-02-19,2023-02-19,2023,1,Q1,Jan,21,0,1,1117,1117,0,0.0,398.45,445068.65,1
PO-02177,S010,Reliable Goods Co.,Tier 3,Road,Electronics,WH-West,2023-01-30,2023-02-16,2023-02-27,2023,1,Q1,Jan,17,11,0,513,496,17,3.31,474.13,243228.69,0
PO-02178,S005,Metro Distributors,Tier 2,Road,Textiles,WH-West,2023-01-30,2023-02-09,2023-02-09,2023,1,Q1,Jan,10,0,1,904,904,0,0.0,322.71,291729.84,1
PO-02179,S002,BlueStar Freight,Tier 1,Rail,Raw Materials,WH-South,2023-01-30,2023-02-16,2023-02-16,2023,1,Q1,Jan,17,0,1,790,790,0,0.0,309.95,244860.5,1
PO-02180,S005,Metro Distributors,Tier 2,Road,Chemicals,WH-East,2023-01-30,2023-02-13,2023-02-18,2023,1,Q1,Jan,14,5,0,1335,1335,0,0.0,315.59,421312.65,1
PO-02181,S003,Apex Supply Co.,Tier 2,Road,Spare Parts,WH-West,2023-01-30,2023-02-05,2023-02-05,2023,1,Q1,Jan,6,0,1,116,109,7,6.03,304.16,35282.56,0
PO-02182,S001,FastTrack Logistics,Tier 1,Road,Spare Parts,WH-West,2023-01-30,2023-02-16,2023-02-16,2023,1,Q1,Jan,17,0,1,84,84,0,0.0,63.41,5326.44,1
PO-02183,S003,Apex Supply Co.,Tier 2,Road,Packaging,WH-East,2023-01-30,2023-02-03,2023-02-03,2023,1,Q1,Jan,4,0,1,569,569,0,0.0,232.82,132474.58,1
PO-02184,S006,PrimeParts Inc.,Tier 1,Sea,Textiles,WH-North,2023-01-31,2023-02-09,2023-02-09,2023,1,Q1,Jan,9,0,1,1292,1292,0,0.0,380.16,491166.72,1
PO-02185,S002,BlueStar Freight,Tier 1,Rail,Electronics,WH-East,2023-01-31,2023-02-18,2023-02-18,2023,1,Q1,Jan,18,0,1,1112,1112,0,0.0,465.51,517647.12,1
PO-02186,S009,Eastside Components,Tier 2,Sea,Packaging,WH-North,2023-01-31,2023-02-05,2023-02-05,2023,1,Q1,Jan,5,0,1,1821,1821,0,0.0,400.52,729346.92,1
PO-02187,S003,Apex Supply Co.,Tier 2,Road,Electronics,WH-West,2023-01-31,2023-02-21,2023-02-21,2023,1,Q1,Jan,21,0,1,792,792,0,0.0,92.79,73489.68,1
PO-02188,S005,Metro Distributors,Tier 2,Road,Textiles,WH-East,2023-01-31,2023-02-11,2023-02-18,2023,1,Q1,Jan,11,7,0,118,118,0,0.0,488.62,57657.16,1
PO-02189,S006,PrimeParts Inc.,Tier 1,Sea,Components,WH-South,2023-01-31,2023-02-05,2023-02-19,2023,1,Q1,Jan,5,14,0,1676,1676,0,0.0,111.52,186907.52,1
PO-02190,S009,Eastside Components,Tier 2,Sea,Packaging,WH-South,2023-01-31,2023-02-08,2023-02-08,2023,1,Q1,Jan,8,0,1,1475,1475,0,0.0,438.5,646787.5,1
PO-02191,S010,Reliable Goods Co.,Tier 3,Road,Finished Goods,WH-South,2023-02-01,2023-02-11,2023-02-18,2023,2,Q1,Feb,10,7,0,1934,1740,194,10.03,86.24,166788.16,0
PO-02192,S010,Reliable Goods Co.,Tier 3,Road,Spare Parts,WH-North,2023-02-01,2023-02-13,2023-02-13,2023,2,Q1,Feb,12,0,1,446,446,0,0.0,139.05,62016.3,1
PO-02193,S001,FastTrack Logistics,Tier 1,Road,Packaging,WH-East,2023-02-01,2023-02-13,2023-02-13,2023,2,Q1,Feb,12,0,1,1874,1874,0,0.0,234.67,439771.58,1
PO-02194,S003,Apex Supply Co.,Tier 2,Road,Finished Goods,WH-South,2023-02-01,2023-02-15,2023-02-15,2023,2,Q1,Feb,14,0,1,698,698,0,0.0,74.69,52133.62,1
PO-02195,S001,FastTrack Logistics,Tier 1,Road,Textiles,WH-North,2023-02-01,2023-02-09,2023-02-09,2023,2,Q1,Feb,8,0,1,1305,1305,0,0.0,145.11,189368.55,1
PO-02196,S010,Reliable Goods Co.,Tier 3,Road,Components,WH-Central,2023-02-01,2023-02-12,2023-02-12,2023,2,Q1,Feb,11,0,1,472,472,0,0.0,243.86,115101.92,1
PO-02197,S003,Apex Supply Co.,Tier 2,Road,Chemicals,WH-North,2023-02-01,2023-02-16,2023-02-16,2023,2,Q1,Feb,15,0,1,679,679,0,0.0,422.97,287196.63,1
PO-02198,S006,PrimeParts Inc.,Tier 1,Sea,Chemicals,WH-South,2023-02-01,2023-02-12,2023-02-26,2023,2,Q1,Feb,11,14,0,562,562,0,0.0,446.96,251191.52,1
PO-02199,S006,PrimeParts Inc.,Tier 1,Sea,Components,WH-North,2023-02-02,2023-02-05,2023-02-05,2023,2,Q1,Feb,3,0,1,848,848,0,0.0,24.01,20360.48,1
PO-02200,S009,Eastside Components,Tier 2,Sea,Spare Parts,WH-North,2023-02-02,2023-02-05,2023-02-05,2023,2,Q1,Feb,3,0,1,357,357,0,0.0,180.24,64345.68,1
PO-02201,S004,Global Parts Ltd,Tier 1,Air,Finished Goods,WH-East,2023-02-02,2023-02-11,2023-02-11,2023,2,Q1,Feb,9,0,1,1802,1802,0,0.0,337.14,607526.28,1
PO-02202,S010,Reliable Goods Co.,Tier 3,Road,Packaging,WH-North,2023-02-02,2023-02-09,2023-02-21,2023,2,Q1,Feb,7,12,0,739,739,0,0.0,420.47,310727.33,1
PO-02203,S001,FastTrack Logistics,Tier 1,Road,Textiles,WH-East,2023-02-02,2023-02-18,2023-02-18,2023,2,Q1,Feb,16,0,1,1810,1810,0,0.0,165.61,299754.1,1
PO-02204,S002,BlueStar Freight,Tier 1,Rail,Textiles,WH-Central,2023-02-02,2023-02-21,2023-02-21,2023,2,Q1,Feb,19,0,1,1310,1310,0,0.0,496.07,649851.7,1
PO-02205,S007,Swift Carriers,Tier 2,Road,Spare Parts,WH-Central,2023-02-03,2023-02-13,2023-02-18,2023,2,Q1,Feb,10,5,0,1892,1892,0,0.0,437.24,827258.08,1
PO-02206,S009,Eastside Components,Tier 2,Sea,Packaging,WH-West,2023-02-03,2023-02-16,2023-02-16,2023,2,Q1,Feb,13,0,1,306,306,0,0.0,351.22,107473.32,1
PO-02207,S002,BlueStar Freight,Tier 1,Rail,Packaging,WH-West,2023-02-03,2023-02-12,2023-02-12,2023,2,Q1,Feb,9,0,1,1401,1401,0,0.0,344.77,483022.77,1
PO-02208,S004,Global Parts Ltd,Tier 1,Air,Chemicals,WH-North,2023-02-03,2023-02-09,2023-02-09,2023,2,Q1,Feb,6,0,1,619,619,0,0.0,408.27,252719.13,1
PO-02209,S009,Eastside Components,Tier 2,Sea,Textiles,WH-East,2023-02-03,2023-02-16,2023-02-16,2023,2,Q1,Feb,13,0,1,1824,1824,0,0.0,440.69,803818.56,1
PO-02210,S007,Swift Carriers,Tier 2,Road,Chemicals,WH-West,2023-02-03,2023-02-23,2023-02-23,2023,2,Q1,Feb,20,0,1,1337,1337,0,0.0,195.77,261744.49,1
PO-02211,S002,BlueStar Freight,Tier 1,Rail,Textiles,WH-West,2023-02-03,2023-02-20,2023-02-26,2023,2,Q1,Feb,17,6,0,1069,1069,0,0.0,255.34,272958.46,1
PO-02212,S001,FastTrack Logistics,Tier 1,Road,Components,WH-East,2023-02-03,2023-02-21,2023-03-01,2023,2,Q1,Feb,18,8,0,838,838,0,0.0,243.79,204296.02,1
PO-02213,S009,Eastside Components,Tier 2,Sea,Spare Parts,WH-North,2023-02-04,2023-02-20,2023-02-20,2023,2,Q1,Feb,16,0,1,312,312,0,0.0,227.89,71101.68,1
PO-02214,S008,Northern Logistics,Tier 3,Rail,Components,WH-Central,2023-02-04,2023-02-14,2023-02-14,2023,2,Q1,Feb,10,0,1,1502,1502,0,0.0,112.79,169410.58,1
PO-02215,S005,Metro Distributors,Tier 2,Road,Chemicals,WH-North,2023-02-04,2023-02-23,2023-03-01,2023,2,Q1,Feb,19,6,0,1872,1872,0,0.0,216.1,404539.2,1
PO-02216,S008,Northern Logistics,Tier 3,Rail,Components,WH-Central,2023-02-04,2023-02-22,2023-02-22,2023,2,Q1,Feb,18,0,1,279,279,0,0.0,388.15,108293.85,1
PO-02217,S001,FastTrack Logistics,Tier 1,Road,Packaging,WH-Central,2023-02-05,2023-02-25,2023-02-25,2023,2,Q1,Feb,20,0,1,867,867,0,0.0,221.85,192343.95,1
PO-02218,S002,BlueStar Freight,Tier 1,Rail,Textiles,WH-North,2023-02-05,2023-02-17,2023-02-17,2023,2,Q1,Feb,12,0,1,622,622,0,0.0,156.73,97486.06,1
PO-02219,S007,Swift Carriers,Tier 2,Road,Raw Materials,WH-Central,2023-02-05,2023-02-09,2023-02-09,2023,2,Q1,Feb,4,0,1,1494,1494,0,0.0,167.08,249617.52,1
PO-02220,S001,FastTrack Logistics,Tier 1,Road,Textiles,WH-West,2023-02-05,2023-02-14,2023-02-14,2023,2,Q1,Feb,9,0,1,887,887,0,0.0,357.86,317421.82,1
PO-02221,S006,PrimeParts Inc.,Tier 1,Sea,Electronics,WH-North,2023-02-05,2023-02-23,2023-02-23,2023,2,Q1,Feb,18,0,1,1310,1310,0,0.0,415.74,544619.4,1
PO-02222,S003,Apex Supply Co.,Tier 2,Road,Raw Materials,WH-East,2023-02-05,2023-02-15,2023-02-15,2023,2,Q1,Feb,10,0,1,745,745,0,0.0,460.89,343363.05,1
PO-02223,S003,Apex Supply Co.,Tier 2,Road,Chemicals,WH-North,2023-02-05,2023-02-10,2023-02-23,2023,2,Q1,Feb,5,13,0,1574,1524,50,3.18,344.79,542699.46,0
PO-02224,S010,Reliable Goods Co.,Tier 3,Road,Finished Goods,WH-Central,2023-02-06,2023-02-15,2023-02-15,2023,2,Q1,Feb,9,0,1,115,115,0,0.0,22.31,2565.65,1
PO-02225,S006,PrimeParts Inc.,Tier 1,Sea,Spare Parts,WH-East,2023-02-06,2023-02-27,2023-02-27,2023,2,Q1,Feb,21,0,1,1415,1415,0,0.0,275.47,389790.05,1
PO-02226,S004,Global Parts Ltd,Tier 1,Air,Spare Parts,WH-South,2023-02-06,2023-02-24,2023-02-24,2023,2,Q1,Feb,18,0,1,1041,1041,0,0.0,390.65,406666.65,1
PO-02227,S009,Eastside Components,Tier 2,Sea,Finished Goods,WH-North,2023-02-06,2023-02-20,2023-02-20,2023,2,Q1,Feb,14,0,1,1299,1299,0,0.0,484.1,628845.9,1
PO-02228,S009,Eastside Components,Tier 2,Sea,Electronics,WH-West,2023-02-06,2023-02-27,2023-02-27,2023,2,Q1,Feb,21,0,1,189,189,0,0.0,210.52,39788.28,1
PO-02229,S005,Metro Distributors,Tier 2,Road,Components,WH-Central,2023-02-06,2023-02-16,2023-02-16,2023,2,Q1,Feb,10,0,1,1905,1905,0,0.0,101.76,193852.8,1
PO-02230,S007,Swift Carriers,Tier 2,Road,Chemicals,WH-North,2023-02-07,2023-02-13,2023-02-13,2023,2,Q1,Feb,6,0,1,443,443,0,0.0,17.08,7566.44,1
PO-02231,S003,Apex Supply Co.,Tier 2,Road,Electronics,WH-East,2023-02-07,2023-02-11,2023-02-11,2023,2,Q1,Feb,4,0,1,1254,1231,23,1.83,368.48,462073.92,0
PO-02232,S010,Reliable Goods Co.,Tier 3,Road,Packaging,WH-North,2023-02-07,2023-02-20,2023-02-20,2023,2,Q1,Feb,13,0,1,1973,1973,0,0.0,317.14,625717.22,1
PO-02233,S003,Apex Supply Co.,Tier 2,Road,Textiles,WH-Central,2023-02-07,2023-02-11,2023-02-21,2023,2,Q1,Feb,4,10,0,317,317,0,0.0,327.01,103662.17,1
PO-02234,S010,Reliable Goods Co.,Tier 3,Road,Electronics,WH-Central,2023-02-07,2023-02-14,2023-02-22,2023,2,Q1,Feb,7,8,0,293,293,0,0.0,389.31,114067.83,1
PO-02235,S002,BlueStar Freight,Tier 1,Rail,Textiles,WH-East,2023-02-08,2023-02-18,2023-02-18,2023,2,Q1,Feb,10,0,1,1668,1668,0,0.0,103.39,172454.52,1
PO-02236,S009,Eastside Components,Tier 2,Sea,Spare Parts,WH-North,2023-02-08,2023-02-20,2023-03-05,2023,2,Q1,Feb,12,13,0,1090,1090,0,0.0,94.33,102819.7,1
PO-02237,S001,FastTrack Logistics,Tier 1,Road,Finished Goods,WH-South,2023-02-08,2023-02-11,2023-02-11,2023,2,Q1,Feb,3,0,1,176,176,0,0.0,347.6,61177.6,1
PO-02238,S005,Metro Distributors,Tier 2,Road,Electronics,WH-Central,2023-02-08,2023-02-13,2023-02-21,2023,2,Q1,Feb,5,8,0,1101,1101,0,0.0,171.13,188414.13,1
PO-02239,S006,PrimeParts Inc.,Tier 1,Sea,Textiles,WH-North,2023-02-08,2023-02-13,2023-02-13,2023,2,Q1,Feb,5,0,1,918,918,0,0.0,93.73,86044.14,1
PO-02240,S009,Eastside Components,Tier 2,Sea,Chemicals,WH-West,2023-02-08,2023-02-24,2023-02-24,2023,2,Q1,Feb,16,0,1,1269,1269,0,0.0,61.4,77916.6,1
PO-02241,S004,Global Parts Ltd,Tier 1,Air,Textiles,WH-Central,2023-02-08,2023-02-21,2023-02-21,2023,2,Q1,Feb,13,0,1,566,566,0,0.0,112.04,63414.64,1
PO-02242,S002,BlueStar Freight,Tier 1,Rail,Raw Materials,WH-Central,2023-02-08,2023-02-18,2023-02-18,2023,2,Q1,Feb,10,0,1,165,165,0,0.0,478.28,78916.2,1
PO-02243,S008,Northern Logistics,Tier 3,Rail,Chemicals,WH-Central,2023-02-09,2023-02-16,2023-02-16,2023,2,Q1,Feb,7,0,1,163,163,0,0.0,275.73,44943.99,1
PO-02244,S001,FastTrack Logistics,Tier 1,Road,Electronics,WH-North,2023-02-09,2023-02-26,2023-02-26,2023,2,Q1,Feb,17,0,1,112,112,0,0.0,36.4,4076.8,1
PO-02245,S007,Swift Carriers,Tier 2,Road,Packaging,WH-East,2023-02-09,2023-02-27,2023-02-27,2023,2,Q1,Feb,18,0,1,1651,1651,0,0.0,321.22,530334.22,1
PO-02246,S004,Global Parts Ltd,Tier 1,Air,Finished Goods,WH-South,2023-02-09,2023-02-19,2023-02-19,2023,2,Q1,Feb,10,0,1,1709,1709,0,0.0,207.34,354344.06,1
PO-02247,S001,FastTrack Logistics,Tier 1,Road,Textiles,WH-West,2023-02-09,2023-02-23,2023-02-23,2023,2,Q1,Feb,14,0,1,1100,1100,0,0.0,366.04,402644.0,1
PO-02248,S004,Global Parts Ltd,Tier 1,Air,Components,WH-East,2023-02-09,2023-02-26,2023-02-26,2023,2,Q1,Feb,17,0,1,240,240,0,0.0,191.38,45931.2,1
PO-02249,S008,Northern Logistics,Tier 3,Rail,Chemicals,WH-North,2023-02-10,2023-02-19,2023-02-19,2023,2,Q1,Feb,9,0,1,1397,1397,0,0.0,101.99,142480.03,1
PO-02250,S009,Eastside Components,Tier 2,Sea,Finished Goods,WH-East,2023-02-10,2023-02-19,2023-02-19,2023,2,Q1,Feb,9,0,1,1386,1386,0,0.0,14.2,19681.2,1
PO-02251,S007,Swift Carriers,Tier 2,Road,Chemicals,WH-South,2023-02-10,2023-02-14,2023-02-18,2023,2,Q1,Feb,4,4,0,608,608,0,0.0,151.46,92087.68,1
PO-02252,S006,PrimeParts Inc.,Tier 1,Sea,Finished Goods,WH-Central,2023-02-10,2023-02-23,2023-02-23,2023,2,Q1,Feb,13,0,1,445,445,0,0.0,411.06,182921.7,1
PO-02253,S006,PrimeParts Inc.,Tier 1,Sea,Finished Goods,WH-East,2023-02-10,2023-02-18,2023-02-18,2023,2,Q1,Feb,8,0,1,1138,1138,0,0.0,227.74,259168.12,1
PO-02254,S007,Swift Carriers,Tier 2,Road,Spare Parts,WH-East,2023-02-11,2023-02-27,2023-02-27,2023,2,Q1,Feb,16,0,1,1153,1153,0,0.0,171.17,197359.01,1
PO-02255,S008,Northern Logistics,Tier 3,Rail,Electronics,WH-East,2023-02-11,2023-02-24,2023-02-26,2023,2,Q1,Feb,13,2,0,637,637,0,0.0,469.07,298797.59,1
PO-02256,S002,BlueStar Freight,Tier 1,Rail,Raw Materials,WH-East,2023-02-11,2023-02-21,2023-02-21,2023,2,Q1,Feb,10,0,1,813,813,0,0.0,108.56,88259.28,1
PO-02257,S003,Apex Supply Co.,Tier 2,Road,Electronics,WH-South,2023-02-11,2023-02-27,2023-02-27,2023,2,Q1,Feb,16,0,1,1944,1944,0,0.0,117.49,228400.56,1
PO-02258,S009,Eastside Components,Tier 2,Sea,Chemicals,WH-South,2023-02-11,2023-03-02,2023-03-02,2023,2,Q1,Feb,19,0,1,1646,1515,131,7.96,247.45,407302.7,0
PO-02259,S001,FastTrack Logistics,Tier 1,Road,Components,WH-North,2023-02-12,2023-03-05,2023-03-05,2023,2,Q1,Feb,21,0,1,791,791,0,0.0,174.53,138053.23,1
PO-02260,S003,Apex Supply Co.,Tier 2,Road,Textiles,WH-North,2023-02-12,2023-02-16,2023-02-16,2023,2,Q1,Feb,4,0,1,1975,1975,0,0.0,12.72,25122.0,1
PO-02261,S001,FastTrack Logistics,Tier 1,Road,Textiles,WH-Central,2023-02-12,2023-02-20,2023-02-20,2023,2,Q1,Feb,8,0,1,350,350,0,0.0,365.25,127837.5,1
PO-02262,S001,FastTrack Logistics,Tier 1,Road,Electronics,WH-West,2023-02-12,2023-03-02,2023-03-02,2023,2,Q1,Feb,18,0,1,894,894,0,0.0,345.95,309279.3,1
PO-02263,S009,Eastside Components,Tier 2,Sea,Components,WH-East,2023-02-13,2023-03-06,2023-03-17,2023,2,Q1,Feb,21,11,0,1361,1361,0,0.0,310.97,423230.17,1
PO-02264,S002,BlueStar Freight,Tier 1,Rail,Textiles,WH-West,2023-02-13,2023-02-22,2023-02-22,2023,2,Q1,Feb,9,0,1,1013,1013,0,0.0,336.53,340904.89,1
PO-02265,S002,BlueStar Freight,Tier 1,Rail,Textiles,WH-West,2023-02-13,2023-02-20,2023-02-20,2023,2,Q1,Feb,7,0,1,1450,1450,0,0.0,396.8,575360.0,1
PO-02266,S003,Apex Supply Co.,Tier 2,Road,Spare Parts,WH-South,2023-02-13,2023-02-25,2023-03-01,2023,2,Q1,Feb,12,4,0,1143,1143,0,0.0,239.69,273965.67,1
PO-02267,S010,Reliable Goods Co.,Tier 3,Road,Packaging,WH-North,2023-02-13,2023-03-06,2023-03-06,2023,2,Q1,Feb,21,0,1,1438,1438,0,0.0,275.52,396197.76,1
PO-02268,S003,Apex Supply Co.,Tier 2,Road,Finished Goods,WH-Central,2023-02-13,2023-02-16,2023-02-16,2023,2,Q1,Feb,3,0,1,1389,1389,0,0.0,418.94,581907.66,1
PO-02269,S007,Swift Carriers,Tier 2,Road,Finished Goods,WH-North,2023-02-14,2023-03-07,2023-03-07,2023,2,Q1,Feb,21,0,1,753,753,0,0.0,444.0,334332.0,1
PO-02270,S008,Northern Logistics,Tier 3,Rail,Raw Materials,WH-Central,2023-02-14,2023-02-17,2023-02-18,2023,2,Q1,Feb,3,1,0,1699,1699,0,0.0,420.65,714684.35,1
PO-02271,S004,Global Parts Ltd,Tier 1,Air,Packaging,WH-North,2023-02-14,2023-02-19,2023-02-19,2023,2,Q1,Feb,5,0,1,1056,1056,0,0.0,29.22,30856.32,1
PO-02272,S004,Global Parts Ltd,Tier 1,Air,Packaging,WH-South,2023-02-14,2023-03-07,2023-03-07,2023,2,Q1,Feb,21,0,1,525,525,0,0.0,410.02,215260.5,1
PO-02273,S003,Apex Supply Co.,Tier 2,Road,Components,WH-South,2023-02-14,2023-03-05,2023-03-05,2023,2,Q1,Feb,19,0,1,1196,1196,0,0.0,158.7,189805.2,1
PO-02274,S007,Swift Carriers,Tier 2,Road,Packaging,WH-East,2023-02-14,2023-02-28,2023-02-28,2023,2,Q1,Feb,14,0,1,1276,1276,0,0.0,150.5,192038.0,1
PO-02275,S001,FastTrack Logistics,Tier 1,Road,Electronics,WH-North,2023-02-14,2023-03-07,2023-03-07,2023,2,Q1,Feb,21,0,1,1750,1750,0,0.0,184.0,322000.0,1
PO-02276,S006,PrimeParts Inc.,Tier 1,Sea,Textiles,WH-South,2023-02-14,2023-02-21,2023-02-21,2023,2,Q1,Feb,7,0,1,238,238,0,0.0,233.88,55663.44,1
PO-02277,S004,Global Parts Ltd,Tier 1,Air,Electronics,WH-South,2023-02-15,2023-02-24,2023-02-24,2023,2,Q1,Feb,9,0,1,204,204,0,0.0,326.57,66620.28,1
PO-02278,S007,Swift Carriers,Tier 2,Road,Finished Goods,WH-East,2023-02-15,2023-02-18,2023-02-18,2023,2,Q1,Feb,3,0,1,1913,1913,0,0.0,87.79,167942.27,1
PO-02279,S010,Reliable Goods Co.,Tier 3,Road,Textiles,WH-East,2023-02-15,2023-02-24,2023-03-03,2023,2,Q1,Feb,9,7,0,434,434,0,0.0,34.0,14756.0,1
PO-02280,S006,PrimeParts Inc.,Tier 1,Sea,Packaging,WH-Central,2023-02-15,2023-02-27,2023-02-27,2023,2,Q1,Feb,12,0,1,1246,1246,0,0.0,403.65,502947.9,1
PO-02281,S003,Apex Supply Co.,Tier 2,Road,Chemicals,WH-South,2023-02-15,2023-03-01,2023-03-01,2023,2,Q1,Feb,14,0,1,1224,1224,0,0.0,199.03,243612.72,1
PO-02282,S009,Eastside Components,Tier 2,Sea,Finished Goods,WH-West,2023-02-16,2023-03-02,2023-03-02,2023,2,Q1,Feb,14,0,1,834,834,0,0.0,259.91,216764.94,1
PO-02283,S001,FastTrack Logistics,Tier 1,Road,Electronics,WH-South,2023-02-16,2023-03-04,2023-03-11,2023,2,Q1,Feb,16,7,0,620,620,0,0.0,231.69,143647.8,1
PO-02284,S007,Swift Carriers,Tier 2,Road,Spare Parts,WH-West,2023-02-16,2023-03-06,2023-03-06,2023,2,Q1,Feb,18,0,1,277,277,0,0.0,345.09,95589.93,1
PO-02285,S010,Reliable Goods Co.,Tier 3,Road,Electronics,WH-Central,2023-02-16,2023-02-21,2023-03-02,2023,2,Q1,Feb,5,9,0,991,991,0,0.0,184.48,182819.68,1
PO-02286,S005,Metro Distributors,Tier 2,Road,Components,WH-North,2023-02-16,2023-02-27,2023-03-11,2023,2,Q1,Feb,11,12,0,843,843,0,0.0,300.74,253523.82,1
PO-02287,S004,Global Parts Ltd,Tier 1,Air,Textiles,WH-South,2023-02-16,2023-03-03,2023-03-03,2023,2,Q1,Feb,15,0,1,120,120,0,0.0,495.48,59457.6,1
PO-02288,S008,Northern Logistics,Tier 3,Rail,Textiles,WH-East,2023-02-16,2023-02-26,2023-03-10,2023,2,Q1,Feb,10,12,0,75,75,0,0.0,80.56,6042.0,1
PO-02289,S003,Apex Supply Co.,Tier 2,Road,Components,WH-South,2023-02-16,2023-03-09,2023-03-09,2023,2,Q1,Feb,21,0,1,883,883,0,0.0,111.41,98375.03,1
PO-02290,S006,PrimeParts Inc.,Tier 1,Sea,Chemicals,WH-South,2023-02-17,2023-02-24,2023-02-24,2023,2,Q1,Feb,7,0,1,686,686,0,0.0,264.62,181529.32,1
PO-02291,S004,Global Parts Ltd,Tier 1,Air,Raw Materials,WH-West,2023-02-17,2023-02-20,2023-02-20,2023,2,Q1,Feb,3,0,1,627,576,51,8.13,148.71,93241.17,0
PO-02292,S006,PrimeParts Inc.,Tier 1,Sea,Spare Parts,WH-West,2023-02-17,2023-03-04,2023-03-16,2023,2,Q1,Feb,15,12,0,1466,1466,0,0.0,345.85,507016.1,1
PO-02293,S008,Northern Logistics,Tier 3,Rail,Finished Goods,WH-West,2023-02-17,2023-03-05,2023-03-13,2023,2,Q1,Feb,16,8,0,382,382,0,0.0,194.64,74352.48,1
PO-02294,S006,PrimeParts Inc.,Tier 1,Sea,Components,WH-West,2023-02-17,2023-03-01,2023-03-01,2023,2,Q1,Feb,12,0,1,1697,1697,0,0.0,279.57,474430.29,1
PO-02295,S010,Reliable Goods Co.,Tier 3,Road,Chemicals,WH-Central,2023-02-17,2023-02-21,2023-02-21,2023,2,Q1,Feb,4,0,1,1289,1242,47,3.65,64.86,83604.54,0
PO-02296,S008,Northern Logistics,Tier 3,Rail,Electronics,WH-South,2023-02-17,2023-03-07,2023-03-15,2023,2,Q1,Feb,18,8,0,745,745,0,0.0,184.36,137348.2,1
PO-02297,S003,Apex Supply Co.,Tier 2,Road,Chemicals,WH-West,2023-02-18,2023-03-07,2023-03-07,2023,2,Q1,Feb,17,0,1,712,712,0,0.0,217.88,155130.56,1
PO-02298,S009,Eastside Components,Tier 2,Sea,Spare Parts,WH-North,2023-02-18,2023-03-11,2023-03-11,2023,2,Q1,Feb,21,0,1,1393,1393,0,0.0,438.24,610468.32,1
PO-02299,S004,Global Parts Ltd,Tier 1,Air,Textiles,WH-South,2023-02-18,2023-02-25,2023-03-04,2023,2,Q1,Feb,7,7,0,745,745,0,0.0,402.15,299601.75,1
PO-02300,S009,Eastside Components,Tier 2,Sea,Raw Materials,WH-South,2023-02-18,2023-03-03,2023-03-03,2023,2,Q1,Feb,13,0,1,1921,1861,60,3.12,324.39,623153.19,0
PO-02301,S009,Eastside Components,Tier 2,Sea,Spare Parts,WH-South,2023-02-18,2023-03-06,2023-03-06,2023,2,Q1,Feb,16,0,1,1779,1745,34,1.91,235.72,419345.88,0
PO-02302,S006,PrimeParts Inc.,Tier 1,Sea,Raw Materials,WH-West,2023-02-19,2023-03-05,2023-03-05,2023,2,Q1,Feb,14,0,1,556,556,0,0.0,493.04,274130.24,1
PO-02303,S001,FastTrack Logistics,Tier 1,Road,Textiles,WH-South,2023-02-19,2023-02-26,2023-02-26,2023,2,Q1,Feb,7,0,1,1413,1413,0,0.0,48.61,68685.93,1
PO-02304,S001,FastTrack Logistics,Tier 1,Road,Packaging,WH-West,2023-02-19,2023-03-02,2023-03-02,2023,2,Q1,Feb,11,0,1,1444,1444,0,0.0,160.18,231299.92,1
PO-02305,S010,Reliable Goods Co.,Tier 3,Road,Components,WH-North,2023-02-19,2023-02-23,2023-02-23,2023,2,Q1,Feb,4,0,1,416,416,0,0.0,7.38,3070.08,1
PO-02306,S007,Swift Carriers,Tier 2,Road,Packaging,WH-Central,2023-02-19,2023-03-07,2023-03-11,2023,2,Q1,Feb,16,4,0,1935,1935,0,0.0,437.34,846252.9,1
PO-02307,S002,BlueStar Freight,Tier 1,Rail,Chemicals,WH-South,2023-02-20,2023-03-02,2023-03-16,2023,2,Q1,Feb,10,14,0,634,634,0,0.0,447.25,283556.5,1
PO-02308,S003,Apex Supply Co.,Tier 2,Road,Finished Goods,WH-South,2023-02-20,2023-02-26,2023-03-06,2023,2,Q1,Feb,6,8,0,876,876,0,0.0,473.76,415013.76,1
PO-02309,S004,Global Parts Ltd,Tier 1,Air,Textiles,WH-Central,2023-02-20,2023-03-02,2023-03-02,2023,2,Q1,Feb,10,0,1,1941,1941,0,0.0,138.09,268032.69,1
PO-02310,S001,FastTrack Logistics,Tier 1,Road,Electronics,WH-East,2023-02-20,2023-03-04,2023-03-04,2023,2,Q1,Feb,12,0,1,263,263,0,0.0,103.1,27115.3,1
PO-02311,S006,PrimeParts Inc.,Tier 1,Sea,Electronics,WH-Central,2023-02-21,2023-03-09,2023-03-11,2023,2,Q1,Feb,16,2,0,194,194,0,0.0,305.96,59356.24,1
PO-02312,S002,BlueStar Freight,Tier 1,Rail,Raw Materials,WH-North,2023-02-21,2023-03-06,2023-03-06,2023,2,Q1,Feb,13,0,1,1367,1367,0,0.0,459.33,627904.11,1
PO-02313,S007,Swift Carriers,Tier 2,Road,Electronics,WH-West,2023-02-21,2023-02-24,2023-02-24,2023,2,Q1,Feb,3,0,1,298,298,0,0.0,301.82,89942.36,1
PO-02314,S010,Reliable Goods Co.,Tier 3,Road,Electronics,WH-North,2023-02-21,2023-03-12,2023-03-18,2023,2,Q1,Feb,19,6,0,420,420,0,0.0,32.18,13515.6,1
PO-02315,S003,Apex Supply Co.,Tier 2,Road,Packaging,WH-West,2023-02-21,2023-03-13,2023-03-15,2023,2,Q1,Feb,20,2,0,1695,1695,0,0.0,455.25,771648.75,1
PO-02316,S008,Northern Logistics,Tier 3,Rail,Chemicals,WH-North,2023-02-21,2023-02-26,2023-03-06,2023,2,Q1,Feb,5,8,0,506,506,0,0.0,293.83,148677.98,1
PO-02317,S001,FastTrack Logistics,Tier 1,Road,Electronics,WH-South,2023-02-22,2023-03-05,2023-03-05,2023,2,Q1,Feb,11,0,1,977,977,0,0.0,270.23,264014.71,1
PO-02318,S001,FastTrack Logistics,Tier 1,Road,Electronics,WH-East,2023-02-22,2023-03-02,2023-03-02,2023,2,Q1,Feb,8,0,1,1852,1852,0,0.0,224.67,416088.84,1
PO-02319,S010,Reliable Goods Co.,Tier 3,Road,Textiles,WH-East,2023-02-22,2023-03-09,2023-03-13,2023,2,Q1,Feb,15,4,0,1286,1286,0,0.0,328.41,422335.26,1
PO-02320,S005,Metro Distributors,Tier 2,Road,Components,WH-South,2023-02-22,2023-03-08,2023-03-08,2023,2,Q1,Feb,14,0,1,1430,1430,0,0.0,499.76,714656.8,1
PO-02321,S006,PrimeParts Inc.,Tier 1,Sea,Chemicals,WH-South,2023-02-22,2023-03-03,2023-03-13,2023,2,Q1,Feb,9,10,0,658,658,0,0.0,195.41,128579.78,1
PO-02322,S009,Eastside Components,Tier 2,Sea,Electronics,WH-North,2023-02-22,2023-03-15,2023-03-15,2023,2,Q1,Feb,21,0,1,1311,1311,0,0.0,264.21,346379.31,1
PO-02323,S002,BlueStar Freight,Tier 1,Rail,Packaging,WH-South,2023-02-22,2023-03-04,2023-03-04,2023,2,Q1,Feb,10,0,1,1330,1330,0,0.0,446.21,593459.3,1
PO-02324,S007,Swift Carriers,Tier 2,Road,Raw Materials,WH-West,2023-02-22,2023-02-26,2023-03-11,2023,2,Q1,Feb,4,13,0,1433,1433,0,0.0,84.01,120386.33,1
PO-02325,S006,PrimeParts Inc.,Tier 1,Sea,Packaging,WH-East,2023-02-23,2023-03-14,2023-03-14,2023,2,Q1,Feb,19,0,1,811,811,0,0.0,213.93,173497.23,1
PO-02326,S008,Northern Logistics,Tier 3,Rail,Textiles,WH-West,2023-02-23,2023-03-01,2023-03-14,2023,2,Q1,Feb,6,13,0,414,414,0,0.0,123.44,51104.16,1
PO-02327,S009,Eastside Components,Tier 2,Sea,Textiles,WH-Central,2023-02-23,2023-03-03,2023-03-13,2023,2,Q1,Feb,8,10,0,492,492,0,0.0,67.1,33013.2,1
PO-02328,S005,Metro Distributors,Tier 2,Road,Finished Goods,WH-West,2023-02-23,2023-03-08,2023-03-08,2023,2,Q1,Feb,13,0,1,163,163,0,0.0,60.78,9907.14,1
PO-02329,S008,Northern Logistics,Tier 3,Rail,Chemicals,WH-North,2023-02-23,2023-03-05,2023-03-05,2023,2,Q1,Feb,10,0,1,131,116,15,11.45,79.82,10456.42,0
PO-02330,S010,Reliable Goods Co.,Tier 3,Road,Electronics,WH-West,2023-02-23,2023-03-09,2023-03-14,2023,2,Q1,Feb,14,5,0,602,602,0,0.0,271.99,163737.98,1
PO-02331,S010,Reliable Goods Co.,Tier 3,Road,Textiles,WH-South,2023-02-23,2023-03-06,2023-03-06,2023,2,Q1,Feb,11,0,1,1642,1642,0,0.0,181.5,298023.0,1
PO-02332,S008,Northern Logistics,Tier 3,Rail,Finished Goods,WH-South,2023-02-24,2023-02-28,2023-02-28,2023,2,Q1,Feb,4,0,1,1038,1038,0,0.0,284.6,295414.8,1
PO-02333,S006,PrimeParts Inc.,Tier 1,Sea,Packaging,WH-South,2023-02-24,2023-03-12,2023-03-12,2023,2,Q1,Feb,16,0,1,321,321,0,0.0,188.55,60524.55,1
PO-02334,S007,Swift Carriers,Tier 2,Road,Components,WH-South,2023-02-24,2023-03-03,2023-03-03,2023,2,Q1,Feb,7,0,1,1259,1259,0,0.0,401.69,505727.71,1
PO-02335,S008,Northern Logistics,Tier 3,Rail,Electronics,WH-West,2023-02-25,2023-03-03,2023-03-13,2023,2,Q1,Feb,6,10,0,1183,1183,0,0.0,399.84,473010.72,1
PO-02336,S007,Swift Carriers,Tier 2,Road,Raw Materials,WH-Central,2023-02-25,2023-03-04,2023-03-15,2023,2,Q1,Feb,7,11,0,571,546,25,4.38,426.68,243634.28,0
PO-02337,S007,Swift Carriers,Tier 2,Road,Components,WH-East,2023-02-25,2023-03-14,2023-03-14,2023,2,Q1,Feb,17,0,1,1178,1178,0,0.0,95.9,112970.2,1
PO-02338,S008,Northern Logistics,Tier 3,Rail,Electronics,WH-West,2023-02-26,2023-03-09,2023-03-20,2023,2,Q1,Feb,11,11,0,1777,1777,0,0.0,81.88,145500.76,1
PO-02339,S002,BlueStar Freight,Tier 1,Rail,Spare Parts,WH-West,2023-02-26,2023-03-03,2023-03-03,2023,2,Q1,Feb,5,0,1,1071,1071,0,0.0,334.58,358335.18,1
PO-02340,S008,Northern Logistics,Tier 3,Rail,Finished Goods,WH-Central,2023-02-26,2023-03-01,2023-03-01,2023,2,Q1,Feb,3,0,1,1791,1633,158,8.82,405.64,726501.24,0
PO-02341,S006,PrimeParts Inc.,Tier 1,Sea,Packaging,WH-North,2023-02-26,2023-03-10,2023-03-10,2023,2,Q1,Feb,12,0,1,753,713,40,5.31,307.49,231539.97,0
PO-02342,S010,Reliable Goods Co.,Tier 3,Road,Chemicals,WH-North,2023-02-27,2023-03-07,2023-03-07,2023,2,Q1,Feb,8,0,1,1959,1959,0,0.0,230.1,450765.9,1
PO-02343,S008,Northern Logistics,Tier 3,Rail,Electronics,WH-North,2023-02-27,2023-03-18,2023-03-21,2023,2,Q1,Feb,19,3,0,1383,1383,0,0.0,420.6,581689.8,1
PO-02344,S009,Eastside Components,Tier 2,Sea,Raw Materials,WH-East,2023-02-27,2023-03-19,2023-03-19,2023,2,Q1,Feb,20,0,1,1681,1681,0,0.0,452.42,760518.02,1
PO-02345,S002,BlueStar Freight,Tier 1,Rail,Chemicals,WH-West,2023-02-27,2023-03-02,2023-03-02,2023,2,Q1,Feb,3,0,1,1494,1494,0,0.0,304.81,455386.14,1
PO-02346,S004,Global Parts Ltd,Tier 1,Air,Packaging,WH-West,2023-02-27,2023-03-09,2023-03-09,2023,2,Q1,Feb,10,0,1,299,299,0,0.0,223.04,66688.96,1
PO-02347,S002,BlueStar Freight,Tier 1,Rail,Textiles,WH-South,2023-02-27,2023-03-19,2023-03-19,2023,2,Q1,Feb,20,0,1,1460,1460,0,0.0,282.35,412231.0,1
PO-02348,S007,Swift Carriers,Tier 2,Road,Components,WH-Central,2023-02-27,2023-03-10,2023-03-10,2023,2,Q1,Feb,11,0,1,530,530,0,0.0,22.45,11898.5,1
PO-02349,S002,BlueStar Freight,Tier 1,Rail,Packaging,WH-West,2023-02-28,2023-03-08,2023-03-08,2023,2,Q1,Feb,8,0,1,1805,1805,0,0.0,495.8,894919.0,1
PO-02350,S004,Global Parts Ltd,Tier 1,Air,Finished Goods,WH-Central,2023-02-28,2023-03-20,2023-03-20,2023,2,Q1,Feb,20,0,1,128,128,0,0.0,309.56,39623.68,1
PO-02351,S001,FastTrack Logistics,Tier 1,Road,Chemicals,WH-East,2023-02-28,2023-03-18,2023-03-18,2023,2,Q1,Feb,18,0,1,162,162,0,0.0,240.75,39001.5,1
PO-02352,S009,Eastside Components,Tier 2,Sea,Components,WH-North,2023-02-28,2023-03-06,2023-03-06,2023,2,Q1,Feb,6,0,1,842,842,0,0.0,56.47,47547.74,1
PO-02353,S006,PrimeParts Inc.,Tier 1,Sea,Textiles,WH-North,2023-02-28,2023-03-18,2023-03-18,2023,2,Q1,Feb,18,0,1,1416,1416,0,0.0,259.78,367848.48,1
PO-02354,S008,Northern Logistics,Tier 3,Rail,Components,WH-North,2023-02-28,2023-03-05,2023-03-11,2023,2,Q1,Feb,5,6,0,980,980,0,0.0,159.47,156280.6,1
PO-02355,S005,Metro Distributors,Tier 2,Road,Finished Goods,WH-North,2023-03-01,2023-03-05,2023-03-05,2023,3,Q1,Mar,4,0,1,530,530,0,0.0,489.06,259201.8,1
PO-02356,S007,Swift Carriers,Tier 2,Road,Chemicals,WH-East,2023-03-01,2023-03-18,2023-03-18,2023,3,Q1,Mar,17,0,1,643,643,0,0.0,38.68,24871.24,1
PO-02357,S004,Global Parts Ltd,Tier 1,Air,Spare Parts,WH-East,2023-03-01,2023-03-07,2023-03-17,2023,3,Q1,Mar,6,10,0,1768,1768,0,0.0,58.68,103746.24,1
PO-02358,S010,Reliable Goods Co.,Tier 3,Road,Spare Parts,WH-East,2023-03-02,2023-03-06,2023-03-07,2023,3,Q1,Mar,4,1,0,1503,1503,0,0.0,373.2,560919.6,1
PO-02359,S003,Apex Supply Co.,Tier 2,Road,Spare Parts,WH-Central,2023-03-02,2023-03-20,2023-03-20,2023,3,Q1,Mar,18,0,1,1184,1184,0,0.0,81.84,96898.56,1
PO-02360,S008,Northern Logistics,Tier 3,Rail,Textiles,WH-Central,2023-03-02,2023-03-16,2023-03-16,2023,3,Q1,Mar,14,0,1,724,724,0,0.0,52.62,38096.88,1
PO-02361,S002,BlueStar Freight,Tier 1,Rail,Electronics,WH-East,2023-03-02,2023-03-08,2023-03-08,2023,3,Q1,Mar,6,0,1,469,469,0,0.0,187.28,87834.32,1
PO-02362,S010,Reliable Goods Co.,Tier 3,Road,Components,WH-West,2023-03-02,2023-03-06,2023-03-06,2023,3,Q1,Mar,4,0,1,1100,1100,0,0.0,387.96,426756.0,1
PO-02363,S009,Eastside Components,Tier 2,Sea,Textiles,WH-North,2023-03-03,2023-03-16,2023-03-16,2023,3,Q1,Mar,13,0,1,184,184,0,0.0,490.53,90257.52,1
PO-02364,S005,Metro Distributors,Tier 2,Road,Packaging,WH-Central,2023-03-03,2023-03-13,2023-03-13,2023,3,Q1,Mar,10,0,1,1925,1925,0,0.0,471.64,907907.0,1
PO-02365,S007,Swift Carriers,Tier 2,Road,Packaging,WH-South,2023-03-03,2023-03-17,2023-03-29,2023,3,Q1,Mar,14,12,0,141,141,0,0.0,184.51,26015.91,1
PO-02366,S009,Eastside Components,Tier 2,Sea,Components,WH-South,2023-03-03,2023-03-14,2023-03-18,2023,3,Q1,Mar,11,4,0,945,945,0,0.0,85.27,80580.15,1
PO-02367,S009,Eastside Components,Tier 2,Sea,Raw Materials,WH-Central,2023-03-03,2023-03-22,2023-03-22,2023,3,Q1,Mar,19,0,1,743,743,0,0.0,468.92,348407.56,1
PO-02368,S002,BlueStar Freight,Tier 1,Rail,Spare Parts,WH-North,2023-03-03,2023-03-14,2023-03-14,2023,3,Q1,Mar,11,0,1,1675,1675,0,0.0,367.32,615261.0,1
PO-02369,S002,BlueStar Freight,Tier 1,Rail,Finished Goods,WH-South,2023-03-03,2023-03-24,2023-03-28,2023,3,Q1,Mar,21,4,0,1529,1529,0,0.0,60.88,93085.52,1
PO-02370,S002,BlueStar Freight,Tier 1,Rail,Chemicals,WH-East,2023-03-04,2023-03-08,2023-03-08,2023,3,Q1,Mar,4,0,1,1143,1143,0,0.0,42.2,48234.6,1
PO-02371,S009,Eastside Components,Tier 2,Sea,Raw Materials,WH-Central,2023-03-04,2023-03-24,2023-03-24,2023,3,Q1,Mar,20,0,1,772,772,0,0.0,79.3,61219.6,1
PO-02372,S009,Eastside Components,Tier 2,Sea,Packaging,WH-Central,2023-03-04,2023-03-12,2023-03-21,2023,3,Q1,Mar,8,9,0,697,697,0,0.0,394.1,274687.7,1
PO-02373,S008,Northern Logistics,Tier 3,Rail,Raw Materials,WH-East,2023-03-04,2023-03-18,2023-03-18,2023,3,Q1,Mar,14,0,1,597,597,0,0.0,184.95,110415.15,1
PO-02374,S009,Eastside Components,Tier 2,Sea,Textiles,WH-East,2023-03-04,2023-03-22,2023-03-22,2023,3,Q1,Mar,18,0,1,1745,1745,0,0.0,20.93,36522.85,1
PO-02375,S003,Apex Supply Co.,Tier 2,Road,Electronics,WH-North,2023-03-04,2023-03-23,2023-03-23,2023,3,Q1,Mar,19,0,1,462,462,0,0.0,481.13,222282.06,1
PO-02376,S009,Eastside Components,Tier 2,Sea,Spare Parts,WH-South,2023-03-04,2023-03-23,2023-03-23,2023,3,Q1,Mar,19,0,1,626,626,0,0.0,385.35,241229.1,1
PO-02377,S001,FastTrack Logistics,Tier 1,Road,Chemicals,WH-East,2023-03-05,2023-03-14,2023-03-14,2023,3,Q1,Mar,9,0,1,1675,1675,0,0.0,323.21,541376.75,1
PO-02378,S006,PrimeParts Inc.,Tier 1,Sea,Raw Materials,WH-South,2023-03-05,2023-03-21,2023-03-21,2023,3,Q1,Mar,16,0,1,973,907,66,6.78,496.4,482997.2,0
PO-02379,S005,Metro Distributors,Tier 2,Road,Finished Goods,WH-East,2023-03-05,2023-03-17,2023-03-17,2023,3,Q1,Mar,12,0,1,1282,1282,0,0.0,266.89,342152.98,1
PO-02380,S004,Global Parts Ltd,Tier 1,Air,Raw Materials,WH-North,2023-03-06,2023-03-17,2023-03-17,2023,3,Q1,Mar,11,0,1,116,116,0,0.0,493.59,57256.44,1
PO-02381,S003,Apex Supply Co.,Tier 2,Road,Finished Goods,WH-North,2023-03-06,2023-03-14,2023-03-14,2023,3,Q1,Mar,8,0,1,875,875,0,0.0,124.2,108675.0,1
PO-02382,S010,Reliable Goods Co.,Tier 3,Road,Finished Goods,WH-West,2023-03-06,2023-03-23,2023-03-23,2023,3,Q1,Mar,17,0,1,713,713,0,0.0,55.21,39364.73,1
PO-02383,S006,PrimeParts Inc.,Tier 1,Sea,Raw Materials,WH-South,2023-03-06,2023-03-14,2023-03-14,2023,3,Q1,Mar,8,0,1,926,926,0,0.0,254.92,236055.92,1
PO-02384,S009,Eastside Components,Tier 2,Sea,Finished Goods,WH-West,2023-03-07,2023-03-12,2023-03-12,2023,3,Q1,Mar,5,0,1,1200,1200,0,0.0,287.55,345060.0,1
PO-02385,S007,Swift Carriers,Tier 2,Road,Spare Parts,WH-North,2023-03-07,2023-03-22,2023-03-24,2023,3,Q1,Mar,15,2,0,1154,1154,0,0.0,193.85,223702.9,1
PO-02386,S003,Apex Supply Co.,Tier 2,Road,Electronics,WH-South,2023-03-07,2023-03-12,2023-03-16,2023,3,Q1,Mar,5,4,0,1940,1940,0,0.0,498.28,966663.2,1
PO-02387,S005,Metro Distributors,Tier 2,Road,Components,WH-Central,2023-03-07,2023-03-14,2023-03-14,2023,3,Q1,Mar,7,0,1,1803,1803,0,0.0,26.95,48590.85,1
PO-02388,S009,Eastside Components,Tier 2,Sea,Chemicals,WH-West,2023-03-08,2023-03-27,2023-03-27,2023,3,Q1,Mar,19,0,1,970,970,0,0.0,128.93,125062.1,1
PO-02389,S007,Swift Carriers,Tier 2,Road,Packaging,WH-South,2023-03-08,2023-03-25,2023-03-25,2023,3,Q1,Mar,17,0,1,1039,1039,0,0.0,406.42,422270.38,1
PO-02390,S008,Northern Logistics,Tier 3,Rail,Packaging,WH-Central,2023-03-08,2023-03-16,2023-03-16,2023,3,Q1,Mar,8,0,1,1038,1038,0,0.0,339.91,352826.58,1
PO-02391,S008,Northern Logistics,Tier 3,Rail,Finished Goods,WH-Central,2023-03-08,2023-03-26,2023-03-26,2023,3,Q1,Mar,18,0,1,706,706,0,0.0,188.15,132833.9,1
PO-02392,S010,Reliable Goods Co.,Tier 3,Road,Chemicals,WH-North,2023-03-08,2023-03-24,2023-03-24,2023,3,Q1,Mar,16,0,1,1018,1018,0,0.0,423.9,431530.2,1
PO-02393,S006,PrimeParts Inc.,Tier 1,Sea,Spare Parts,WH-East,2023-03-08,2023-03-16,2023-03-16,2023,3,Q1,Mar,8,0,1,779,779,0,0.0,125.05,97413.95,1
PO-02394,S004,Global Parts Ltd,Tier 1,Air,Textiles,WH-East,2023-03-08,2023-03-13,2023-03-18,2023,3,Q1,Mar,5,5,0,1622,1622,0,0.0,39.75,64474.5,1
PO-02395,S006,PrimeParts Inc.,Tier 1,Sea,Packaging,WH-North,2023-03-08,2023-03-24,2023-03-24,2023,3,Q1,Mar,16,0,1,1581,1581,0,0.0,277.46,438664.26,1
PO-02396,S003,Apex Supply Co.,Tier 2,Road,Finished Goods,WH-South,2023-03-09,2023-03-26,2023-03-26,2023,3,Q1,Mar,17,0,1,1909,1909,0,0.0,5.16,9850.44,1
PO-02397,S010,Reliable Goods Co.,Tier 3,Road,Spare Parts,WH-North,2023-03-09,2023-03-22,2023-03-22,2023,3,Q1,Mar,13,0,1,683,683,0,0.0,422.42,288512.86,1
PO-02398,S003,Apex Supply Co.,Tier 2,Road,Electronics,WH-North,2023-03-09,2023-03-18,2023-03-20,2023,3,Q1,Mar,9,2,0,1584,1584,0,0.0,98.58,156150.72,1
PO-02399,S010,Reliable Goods Co.,Tier 3,Road,Electronics,WH-West,2023-03-10,2023-03-28,2023-03-28,2023,3,Q1,Mar,18,0,1,140,140,0,0.0,469.48,65727.2,1
PO-02400,S003,Apex Supply Co.,Tier 2,Road,Spare Parts,WH-North,2023-03-10,2023-03-14,2023-03-14,2023,3,Q1,Mar,4,0,1,571,571,0,0.0,30.69,17523.99,1
PO-02401,S005,Metro Distributors,Tier 2,Road,Electronics,WH-Central,2023-03-10,2023-03-19,2023-03-19,2023,3,Q1,Mar,9,0,1,1688,1688,0,0.0,261.83,441969.04,1
PO-02402,S007,Swift Carriers,Tier 2,Road,Spare Parts,WH-East,2023-03-10,2023-03-27,2023-04-03,2023,3,Q1,Mar,17,7,0,730,730,0,0.0,356.47,260223.1,1
PO-02403,S006,PrimeParts Inc.,Tier 1,Sea,Spare Parts,WH-Central,2023-03-11,2023-03-28,2023-04-02,2023,3,Q1,Mar,17,5,0,138,138,0,0.0,76.94,10617.72,1
PO-02404,S003,Apex Supply Co.,Tier 2,Road,Raw Materials,WH-East,2023-03-11,2023-03-18,2023-03-18,2023,3,Q1,Mar,7,0,1,693,693,0,0.0,54.94,38073.42,1
PO-02405,S004,Global Parts Ltd,Tier 1,Air,Textiles,WH-East,2023-03-11,2023-03-24,2023-03-24,2023,3,Q1,Mar,13,0,1,1181,1181,0,0.0,474.03,559829.43,1
PO-02406,S008,Northern Logistics,Tier 3,Rail,Components,WH-West,2023-03-11,2023-03-21,2023-03-21,2023,3,Q1,Mar,10,0,1,1781,1781,0,0.0,337.95,601888.95,1
PO-02407,S003,Apex Supply Co.,Tier 2,Road,Textiles,WH-South,2023-03-11,2023-04-01,2023-04-01,2023,3,Q1,Mar,21,0,1,735,735,0,0.0,138.1,101503.5,1
PO-02408,S007,Swift Carriers,Tier 2,Road,Textiles,WH-East,2023-03-11,2023-03-29,2023-03-29,2023,3,Q1,Mar,18,0,1,1978,1978,0,0.0,83.2,164569.6,1
PO-02409,S004,Global Parts Ltd,Tier 1,Air,Components,WH-West,2023-03-12,2023-03-24,2023-03-24,2023,3,Q1,Mar,12,0,1,924,924,0,0.0,200.58,185335.92,1
PO-02410,S009,Eastside Components,Tier 2,Sea,Finished Goods,WH-East,2023-03-12,2023-03-16,2023-03-16,2023,3,Q1,Mar,4,0,1,1484,1484,0,0.0,278.59,413427.56,1
PO-02411,S002,BlueStar Freight,Tier 1,Rail,Finished Goods,WH-West,2023-03-12,2023-03-22,2023-03-22,2023,3,Q1,Mar,10,0,1,1169,1169,0,0.0,17.63,20609.47,1
PO-02412,S002,BlueStar Freight,Tier 1,Rail,Components,WH-West,2023-03-12,2023-03-30,2023-03-30,2023,3,Q1,Mar,18,0,1,1344,1344,0,0.0,90.04,121013.76,1
PO-02413,S006,PrimeParts Inc.,Tier 1,Sea,Raw Materials,WH-East,2023-03-12,2023-04-02,2023-04-02,2023,3,Q1,Mar,21,0,1,1961,1961,0,0.0,251.19,492583.59,1
PO-02414,S010,Reliable Goods Co.,Tier 3,Road,Electronics,WH-East,2023-03-12,2023-03-15,2023-03-29,2023,3,Q1,Mar,3,14,0,1118,1118,0,0.0,41.93,46877.74,1
PO-02415,S005,Metro Distributors,Tier 2,Road,Textiles,WH-North,2023-03-12,2023-03-20,2023-04-03,2023,3,Q1,Mar,8,14,0,135,126,9,6.67,484.95,65468.25,0
PO-02416,S001,FastTrack Logistics,Tier 1,Road,Raw Materials,WH-Central,2023-03-12,2023-03-18,2023-03-18,2023,3,Q1,Mar,6,0,1,1700,1700,0,0.0,93.86,159562.0,1
PO-02417,S003,Apex Supply Co.,Tier 2,Road,Electronics,WH-North,2023-03-13,2023-03-21,2023-03-21,2023,3,Q1,Mar,8,0,1,1550,1550,0,0.0,421.19,652844.5,1
PO-02418,S002,BlueStar Freight,Tier 1,Rail,Chemicals,WH-East,2023-03-13,2023-03-31,2023-03-31,2023,3,Q1,Mar,18,0,1,94,94,0,0.0,419.62,39444.28,1
PO-02419,S009,Eastside Components,Tier 2,Sea,Electronics,WH-East,2023-03-13,2023-03-30,2023-03-30,2023,3,Q1,Mar,17,0,1,1705,1591,114,6.69,349.96,596681.8,0
PO-02420,S005,Metro Distributors,Tier 2,Road,Spare Parts,WH-North,2023-03-13,2023-04-02,2023-04-04,2023,3,Q1,Mar,20,2,0,927,927,0,0.0,354.45,328575.15,1
PO-02421,S006,PrimeParts Inc.,Tier 1,Sea,Chemicals,WH-East,2023-03-14,2023-03-27,2023-03-27,2023,3,Q1,Mar,13,0,1,1953,1953,0,0.0,232.55,454170.15,1
PO-02422,S006,PrimeParts Inc.,Tier 1,Sea,Packaging,WH-West,2023-03-14,2023-04-01,2023-04-01,2023,3,Q1,Mar,18,0,1,1187,1187,0,0.0,342.98,407117.26,1
PO-02423,S006,PrimeParts Inc.,Tier 1,Sea,Chemicals,WH-North,2023-03-14,2023-03-29,2023-03-29,2023,3,Q1,Mar,15,0,1,655,655,0,0.0,254.93,166979.15,1
PO-02424,S009,Eastside Components,Tier 2,Sea,Components,WH-North,2023-03-15,2023-03-19,2023-03-19,2023,3,Q1,Mar,4,0,1,1809,1789,20,1.11,250.57,453281.13,0
PO-02425,S005,Metro Distributors,Tier 2,Road,Chemicals,WH-Central,2023-03-15,2023-03-29,2023-03-29,2023,3,Q1,Mar,14,0,1,1177,1177,0,0.0,58.72,69113.44,1
PO-02426,S001,FastTrack Logistics,Tier 1,Road,Finished Goods,WH-West,2023-03-15,2023-03-23,2023-03-23,2023,3,Q1,Mar,8,0,1,1723,1723,0,0.0,57.21,98572.83,1
PO-02427,S003,Apex Supply Co.,Tier 2,Road,Spare Parts,WH-North,2023-03-15,2023-04-04,2023-04-04,2023,3,Q1,Mar,20,0,1,564,564,0,0.0,491.1,276980.4,1
PO-02428,S002,BlueStar Freight,Tier 1,Rail,Finished Goods,WH-North,2023-03-15,2023-03-20,2023-03-20,2023,3,Q1,Mar,5,0,1,1638,1638,0,0.0,300.59,492366.42,1
PO-02429,S010,Reliable Goods Co.,Tier 3,Road,Components,WH-Central,2023-03-15,2023-04-01,2023-04-01,2023,3,Q1,Mar,17,0,1,1643,1643,0,0.0,285.6,469240.8,1
PO-02430,S001,FastTrack Logistics,Tier 1,Road,Textiles,WH-East,2023-03-15,2023-03-24,2023-03-24,2023,3,Q1,Mar,9,0,1,1249,1249,0,0.0,126.5,157998.5,1
PO-02431,S003,Apex Supply Co.,Tier 2,Road,Electronics,WH-South,2023-03-15,2023-03-22,2023-03-22,2023,3,Q1,Mar,7,0,1,1195,1195,0,0.0,292.05,348999.75,1
PO-02432,S003,Apex Supply Co.,Tier 2,Road,Electronics,WH-North,2023-03-16,2023-03-31,2023-03-31,2023,3,Q1,Mar,15,0,1,1561,1561,0,0.0,128.22,200151.42,1
PO-02433,S007,Swift Carriers,Tier 2,Road,Components,WH-Central,2023-03-16,2023-03-19,2023-03-19,2023,3,Q1,Mar,3,0,1,511,511,0,0.0,95.03,48560.33,1
PO-02434,S001,FastTrack Logistics,Tier 1,Road,Finished Goods,WH-Central,2023-03-16,2023-03-26,2023-03-26,2023,3,Q1,Mar,10,0,1,668,668,0,0.0,274.81,183573.08,1
PO-02435,S001,FastTrack Logistics,Tier 1,Road,Components,WH-North,2023-03-16,2023-03-20,2023-03-20,2023,3,Q1,Mar,4,0,1,408,408,0,0.0,188.29,76822.32,1
PO-02436,S005,Metro Distributors,Tier 2,Road,Electronics,WH-North,2023-03-16,2023-03-26,2023-04-08,2023,3,Q1,Mar,10,13,0,851,851,0,0.0,102.31,87065.81,1
PO-02437,S009,Eastside Components,Tier 2,Sea,Raw Materials,WH-West,2023-03-16,2023-03-28,2023-03-28,2023,3,Q1,Mar,12,0,1,111,111,0,0.0,200.01,22201.11,1
PO-02438,S006,PrimeParts Inc.,Tier 1,Sea,Raw Materials,WH-North,2023-03-16,2023-03-31,2023-04-03,2023,3,Q1,Mar,15,3,0,724,724,0,0.0,412.36,298548.64,1
PO-02439,S008,Northern Logistics,Tier 3,Rail,Components,WH-North,2023-03-17,2023-03-27,2023-04-01,2023,3,Q1,Mar,10,5,0,300,300,0,0.0,241.59,72477.0,1
PO-02440,S003,Apex Supply Co.,Tier 2,Road,Raw Materials,WH-East,2023-03-17,2023-03-30,2023-03-30,2023,3,Q1,Mar,13,0,1,505,505,0,0.0,230.95,116629.75,1
PO-02441,S010,Reliable Goods Co.,Tier 3,Road,Packaging,WH-West,2023-03-17,2023-03-20,2023-03-20,2023,3,Q1,Mar,3,0,1,1385,1385,0,0.0,291.05,403104.25,1
PO-02442,S003,Apex Supply Co.,Tier 2,Road,Packaging,WH-West,2023-03-18,2023-04-06,2023-04-06,2023,3,Q1,Mar,19,0,1,265,265,0,0.0,456.4,120946.0,1
PO-02443,S009,Eastside Components,Tier 2,Sea,Textiles,WH-East,2023-03-18,2023-04-06,2023-04-06,2023,3,Q1,Mar,19,0,1,870,870,0,0.0,189.78,165108.6,1
PO-02444,S004,Global Parts Ltd,Tier 1,Air,Textiles,WH-East,2023-03-18,2023-04-01,2023-04-01,2023,3,Q1,Mar,14,0,1,1265,1265,0,0.0,213.77,270419.05,1
PO-02445,S009,Eastside Components,Tier 2,Sea,Finished Goods,WH-West,2023-03-18,2023-04-02,2023-04-02,2023,3,Q1,Mar,15,0,1,274,274,0,0.0,95.21,26087.54,1
PO-02446,S006,PrimeParts Inc.,Tier 1,Sea,Finished Goods,WH-Central,2023-03-19,2023-03-24,2023-03-24,2023,3,Q1,Mar,5,0,1,108,108,0,0.0,88.44,9551.52,1
PO-02447,S002,BlueStar Freight,Tier 1,Rail,Spare Parts,WH-Central,2023-03-19,2023-03-26,2023-03-26,2023,3,Q1,Mar,7,0,1,1359,1359,0,0.0,269.78,366631.02,1
PO-02448,S002,BlueStar Freight,Tier 1,Rail,Spare Parts,WH-East,2023-03-19,2023-03-29,2023-03-29,2023,3,Q1,Mar,10,0,1,450,450,0,0.0,75.41,33934.5,1
PO-02449,S008,Northern Logistics,Tier 3,Rail,Electronics,WH-West,2023-03-19,2023-04-03,2023-04-03,2023,3,Q1,Mar,15,0,1,1315,1315,0,0.0,220.45,289891.75,1
PO-02450,S008,Northern Logistics,Tier 3,Rail,Textiles,WH-South,2023-03-19,2023-03-30,2023-04-12,2023,3,Q1,Mar,11,13,0,206,186,20,9.71,259.15,53384.9,0
PO-02451,S004,Global Parts Ltd,Tier 1,Air,Chemicals,WH-East,2023-03-19,2023-03-29,2023-04-03,2023,3,Q1,Mar,10,5,0,159,159,0,0.0,260.04,41346.36,1
PO-02452,S007,Swift Carriers,Tier 2,Road,Packaging,WH-East,2023-03-19,2023-03-29,2023-04-03,2023,3,Q1,Mar,10,5,0,144,144,0,0.0,481.78,69376.32,1
PO-02453,S008,Northern Logistics,Tier 3,Rail,Chemicals,WH-South,2023-03-20,2023-03-30,2023-03-30,2023,3,Q1,Mar,10,0,1,356,356,0,0.0,33.9,12068.4,1
PO-02454,S008,Northern Logistics,Tier 3,Rail,Spare Parts,WH-South,2023-03-20,2023-04-05,2023-04-05,2023,3,Q1,Mar,16,0,1,433,433,0,0.0,327.89,141976.37,1
PO-02455,S010,Reliable Goods Co.,Tier 3,Road,Chemicals,WH-Central,2023-03-20,2023-03-30,2023-04-07,2023,3,Q1,Mar,10,8,0,595,595,0,0.0,17.98,10698.1,1
PO-02456,S004,Global Parts Ltd,Tier 1,Air,Electronics,WH-South,2023-03-21,2023-04-03,2023-04-03,2023,3,Q1,Mar,13,0,1,393,393,0,0.0,355.17,139581.81,1
PO-02457,S010,Reliable Goods Co.,Tier 3,Road,Chemicals,WH-Central,2023-03-21,2023-03-27,2023-03-27,2023,3,Q1,Mar,6,0,1,103,103,0,0.0,408.88,42114.64,1
PO-02458,S007,Swift Carriers,Tier 2,Road,Packaging,WH-West,2023-03-21,2023-03-27,2023-03-28,2023,3,Q1,Mar,6,1,0,821,821,0,0.0,438.16,359729.36,1
PO-02459,S009,Eastside Components,Tier 2,Sea,Chemicals,WH-South,2023-03-21,2023-04-03,2023-04-03,2023,3,Q1,Mar,13,0,1,1177,1177,0,0.0,283.06,333161.62,1
PO-02460,S004,Global Parts Ltd,Tier 1,Air,Electronics,WH-North,2023-03-21,2023-04-04,2023-04-04,2023,3,Q1,Mar,14,0,1,982,982,0,0.0,379.48,372649.36,1
PO-02461,S003,Apex Supply Co.,Tier 2,Road,Electronics,WH-North,2023-03-21,2023-03-24,2023-03-24,2023,3,Q1,Mar,3,0,1,1052,1052,0,0.0,273.34,287553.68,1
PO-02462,S004,Global Parts Ltd,Tier 1,Air,Packaging,WH-South,2023-03-22,2023-03-30,2023-03-30,2023,3,Q1,Mar,8,0,1,1292,1292,0,0.0,329.46,425662.32,1
PO-02463,S008,Northern Logistics,Tier 3,Rail,Spare Parts,WH-Central,2023-03-22,2023-04-06,2023-04-06,2023,3,Q1,Mar,15,0,1,1942,1684,258,13.29,485.68,943190.56,0
PO-02464,S009,Eastside Components,Tier 2,Sea,Chemicals,WH-West,2023-03-22,2023-03-30,2023-04-12,2023,3,Q1,Mar,8,13,0,1869,1869,0,0.0,316.93,592342.17,1
PO-02465,S004,Global Parts Ltd,Tier 1,Air,Chemicals,WH-East,2023-03-22,2023-03-31,2023-03-31,2023,3,Q1,Mar,9,0,1,1501,1501,0,0.0,155.3,233105.3,1
PO-02466,S009,Eastside Components,Tier 2,Sea,Finished Goods,WH-South,2023-03-22,2023-03-30,2023-04-07,2023,3,Q1,Mar,8,8,0,186,183,3,1.61,419.77,78077.22,0
PO-02467,S009,Eastside Components,Tier 2,Sea,Finished Goods,WH-West,2023-03-22,2023-04-08,2023-04-08,2023,3,Q1,Mar,17,0,1,457,457,0,0.0,120.82,55214.74,1
PO-02468,S008,Northern Logistics,Tier 3,Rail,Textiles,WH-West,2023-03-22,2023-04-05,2023-04-15,2023,3,Q1,Mar,14,10,0,320,320,0,0.0,372.37,119158.4,1
PO-02469,S001,FastTrack Logistics,Tier 1,Road,Chemicals,WH-South,2023-03-22,2023-04-03,2023-04-03,2023,3,Q1,Mar,12,0,1,522,522,0,0.0,337.36,176101.92,1
PO-02470,S006,PrimeParts Inc.,Tier 1,Sea,Packaging,WH-South,2023-03-23,2023-03-29,2023-03-29,2023,3,Q1,Mar,6,0,1,540,540,0,0.0,443.44,239457.6,1
PO-02471,S004,Global Parts Ltd,Tier 1,Air,Components,WH-South,2023-03-23,2023-03-29,2023-03-29,2023,3,Q1,Mar,6,0,1,1977,1977,0,0.0,390.96,772927.92,1
PO-02472,S009,Eastside Components,Tier 2,Sea,Raw Materials,WH-West,2023-03-23,2023-03-27,2023-03-27,2023,3,Q1,Mar,4,0,1,1829,1829,0,0.0,365.16,667877.64,1
PO-02473,S007,Swift Carriers,Tier 2,Road,Textiles,WH-North,2023-03-23,2023-03-31,2023-04-05,2023,3,Q1,Mar,8,5,0,683,683,0,0.0,157.59,107633.97,1
PO-02474,S005,Metro Distributors,Tier 2,Road,Raw Materials,WH-North,2023-03-23,2023-04-08,2023-04-08,2023,3,Q1,Mar,16,0,1,623,623,0,0.0,341.43,212710.89,1
PO-02475,S002,BlueStar Freight,Tier 1,Rail,Packaging,WH-Central,2023-03-23,2023-04-01,2023-04-01,2023,3,Q1,Mar,9,0,1,1580,1580,0,0.0,446.12,704869.6,1
PO-02476,S008,Northern Logistics,Tier 3,Rail,Textiles,WH-South,2023-03-24,2023-04-13,2023-04-13,2023,3,Q1,Mar,20,0,1,399,399,0,0.0,300.26,119803.74,1
PO-02477,S009,Eastside Components,Tier 2,Sea,Electronics,WH-Central,2023-03-24,2023-04-06,2023-04-06,2023,3,Q1,Mar,13,0,1,195,195,0,0.0,319.76,62353.2,1
PO-02478,S008,Northern Logistics,Tier 3,Rail,Raw Materials,WH-West,2023-03-24,2023-04-01,2023-04-01,2023,3,Q1,Mar,8,0,1,1055,1055,0,0.0,51.66,54501.3,1
PO-02479,S010,Reliable Goods Co.,Tier 3,Road,Textiles,WH-North,2023-03-25,2023-03-31,2023-04-11,2023,3,Q1,Mar,6,11,0,1068,1068,0,0.0,227.17,242617.56,1
PO-02480,S004,Global Parts Ltd,Tier 1,Air,Finished Goods,WH-West,2023-03-25,2023-04-13,2023-04-13,2023,3,Q1,Mar,19,0,1,1529,1529,0,0.0,366.72,560714.88,1
PO-02481,S002,BlueStar Freight,Tier 1,Rail,Spare Parts,WH-North,2023-03-25,2023-04-01,2023-04-03,2023,3,Q1,Mar,7,2,0,1762,1762,0,0.0,188.89,332824.18,1
PO-02482,S001,FastTrack Logistics,Tier 1,Road,Textiles,WH-West,2023-03-26,2023-04-01,2023-04-10,2023,3,Q1,Mar,6,9,0,1434,1434,0,0.0,153.03,219445.02,1
PO-02483,S001,FastTrack Logistics,Tier 1,Road,Textiles,WH-South,2023-03-26,2023-04-15,2023-04-15,2023,3,Q1,Mar,20,0,1,1324,1324,0,0.0,300.42,397756.08,1
PO-02484,S003,Apex Supply Co.,Tier 2,Road,Packaging,WH-North,2023-03-26,2023-04-10,2023-04-18,2023,3,Q1,Mar,15,8,0,1113,1113,0,0.0,357.68,398097.84,1
PO-02485,S002,BlueStar Freight,Tier 1,Rail,Packaging,WH-South,2023-03-27,2023-04-12,2023-04-12,2023,3,Q1,Mar,16,0,1,782,782,0,0.0,375.19,293398.58,1
PO-02486,S004,Global Parts Ltd,Tier 1,Air,Packaging,WH-West,2023-03-27,2023-04-16,2023-04-16,2023,3,Q1,Mar,20,0,1,1901,1901,0,0.0,383.69,729394.69,1
PO-02487,S004,Global Parts Ltd,Tier 1,Air,Finished Goods,WH-East,2023-03-27,2023-04-01,2023-04-01,2023,3,Q1,Mar,5,0,1,1514,1514,0,0.0,287.43,435169.02,1
PO-02488,S002,BlueStar Freight,Tier 1,Rail,Chemicals,WH-West,2023-03-27,2023-04-02,2023-04-02,2023,3,Q1,Mar,6,0,1,439,439,0,0.0,51.8,22740.2,1
PO-02489,S001,FastTrack Logistics,Tier 1,Road,Packaging,WH-Central,2023-03-27,2023-04-03,2023-04-03,2023,3,Q1,Mar,7,0,1,295,295,0,0.0,128.24,37830.8,1
PO-02490,S008,Northern Logistics,Tier 3,Rail,Raw Materials,WH-West,2023-03-28,2023-04-18,2023-04-23,2023,3,Q1,Mar,21,5,0,450,450,0,0.0,128.13,57658.5,1
PO-02491,S008,Northern Logistics,Tier 3,Rail,Raw Materials,WH-West,2023-03-28,2023-04-16,2023-04-16,2023,3,Q1,Mar,19,0,1,453,453,0,0.0,335.93,152176.29,1
PO-02492,S008,Northern Logistics,Tier 3,Rail,Components,WH-Central,2023-03-28,2023-04-11,2023-04-25,2023,3,Q1,Mar,14,14,0,701,695,6,0.86,483.26,338765.26,0
PO-02493,S002,BlueStar Freight,Tier 1,Rail,Raw Materials,WH-Central,2023-03-28,2023-04-05,2023-04-05,2023,3,Q1,Mar,8,0,1,1560,1560,0,0.0,44.24,69014.4,1
PO-02494,S007,Swift Carriers,Tier 2,Road,Spare Parts,WH-Central,2023-03-28,2023-04-05,2023-04-05,2023,3,Q1,Mar,8,0,1,161,161,0,0.0,288.74,46487.14,1
PO-02495,S007,Swift Carriers,Tier 2,Road,Textiles,WH-West,2023-03-29,2023-04-13,2023-04-13,2023,3,Q1,Mar,15,0,1,1919,1919,0,0.0,315.87,606154.53,1
PO-02496,S003,Apex Supply Co.,Tier 2,Road,Packaging,WH-Central,2023-03-29,2023-04-18,2023-04-26,2023,3,Q1,Mar,20,8,0,1152,1152,0,0.0,488.75,563040.0,1
PO-02497,S006,PrimeParts Inc.,Tier 1,Sea,Electronics,WH-West,2023-03-29,2023-04-09,2023-04-09,2023,3,Q1,Mar,11,0,1,682,682,0,0.0,389.82,265857.24,1
PO-02498,S009,Eastside Components,Tier 2,Sea,Packaging,WH-North,2023-03-29,2023-04-11,2023-04-11,2023,3,Q1,Mar,13,0,1,1080,1080,0,0.0,313.16,338212.8,1
PO-02499,S002,BlueStar Freight,Tier 1,Rail,Spare Parts,WH-South,2023-03-29,2023-04-18,2023-04-18,2023,3,Q1,Mar,20,0,1,753,753,0,0.0,128.35,96647.55,1
PO-02500,S009,Eastside Components,Tier 2,Sea,Components,WH-South,2023-03-29,2023-04-17,2023-04-17,2023,3,Q1,Mar,19,0,1,527,527,0,0.0,335.63,176877.01,1
PO-02501,S005,Metro Distributors,Tier 2,Road,Components,WH-West,2023-03-29,2023-04-13,2023-04-13,2023,3,Q1,Mar,15,0,1,1371,1213,158,11.52,161.22,221032.62,0
PO-02502,S004,Global Parts Ltd,Tier 1,Air,Packaging,WH-Central,2023-03-30,2023-04-04,2023-04-04,2023,3,Q1,Mar,5,0,1,1765,1765,0,0.0,220.95,389976.75,1
PO-02503,S009,Eastside Components,Tier 2,Sea,Raw Materials,WH-East,2023-03-30,2023-04-15,2023-04-15,2023,3,Q1,Mar,16,0,1,1125,1125,0,0.0,381.3,428962.5,1
PO-02504,S006,PrimeParts Inc.,Tier 1,Sea,Chemicals,WH-Central,2023-03-30,2023-04-02,2023-04-16,2023,3,Q1,Mar,3,14,0,1376,1376,0,0.0,169.88,233754.88,1
PO-02505,S009,Eastside Components,Tier 2,Sea,Raw Materials,WH-East,2023-03-30,2023-04-05,2023-04-05,2023,3,Q1,Mar,6,0,1,1150,1150,0,0.0,401.83,462104.5,1
PO-02506,S006,PrimeParts Inc.,Tier 1,Sea,Spare Parts,WH-East,2023-03-30,2023-04-17,2023-04-17,2023,3,Q1,Mar,18,0,1,433,433,0,0.0,266.34,115325.22,1
PO-02507,S010,Reliable Goods Co.,Tier 3,Road,Spare Parts,WH-West,2023-03-31,2023-04-15,2023-04-15,2023,3,Q1,Mar,15,0,1,1772,1772,0,0.0,402.3,712875.6,1
PO-02508,S007,Swift Carriers,Tier 2,Road,Textiles,WH-East,2023-03-31,2023-04-08,2023-04-08,2023,3,Q1,Mar,8,0,1,1528,1528,0,0.0,182.03,278141.84,1
PO-02509,S010,Reliable Goods Co.,Tier 3,Road,Components,WH-South,2023-03-31,2023-04-05,2023-04-07,2023,3,Q1,Mar,5,2,0,1153,1153,0,0.0,124.05,143029.65,1
PO-02510,S004,Global Parts Ltd,Tier 1,Air,Components,WH-Central,2023-03-31,2023-04-14,2023-04-14,2023,3,Q1,Mar,14,0,1,493,493,0,0.0,263.66,129984.38,1
PO-02511,S003,Apex Supply Co.,Tier 2,Road,Packaging,WH-East,2023-03-31,2023-04-03,2023-04-03,2023,3,Q1,Mar,3,0,1,1733,1733,0,0.0,70.35,121916.55,1
PO-02512,S003,Apex Supply Co.,Tier 2,Road,Spare Parts,WH-Central,2023-03-31,2023-04-20,2023-04-20,2023,3,Q1,Mar,20,0,1,639,639,0,0.0,348.2,222499.8,1
PO-02513,S002,BlueStar Freight,Tier 1,Rail,Finished Goods,WH-Central,2023-03-31,2023-04-09,2023-04-09,2023,3,Q1,Mar,9,0,1,1374,1374,0,0.0,108.77,149449.98,1
PO-02514,S007,Swift Carriers,Tier 2,Road,Packaging,WH-North,2023-04-01,2023-04-10,2023-04-10,2023,4,Q2,Apr,9,0,1,1679,1679,0,0.0,309.54,519717.66,1
PO-02515,S002,BlueStar Freight,Tier 1,Rail,Spare Parts,WH-West,2023-04-01,2023-04-22,2023-04-22,2023,4,Q2,Apr,21,0,1,1170,1170,0,0.0,73.44,85924.8,1
PO-02516,S010,Reliable Goods Co.,Tier 3,Road,Components,WH-South,2023-04-01,2023-04-04,2023-04-04,2023,4,Q2,Apr,3,0,1,1771,1771,0,0.0,447.12,791849.52,1
PO-02517,S002,BlueStar Freight,Tier 1,Rail,Components,WH-West,2023-04-01,2023-04-17,2023-04-17,2023,4,Q2,Apr,16,0,1,1753,1753,0,0.0,225.02,394460.06,1
PO-02518,S010,Reliable Goods Co.,Tier 3,Road,Packaging,WH-North,2023-04-01,2023-04-20,2023-05-03,2023,4,Q2,Apr,19,13,0,1199,1199,0,0.0,182.47,218781.53,1
PO-02519,S009,Eastside Components,Tier 2,Sea,Components,WH-West,2023-04-01,2023-04-04,2023-04-07,2023,4,Q2,Apr,3,3,0,657,657,0,0.0,362.7,238293.9,1
PO-02520,S006,PrimeParts Inc.,Tier 1,Sea,Components,WH-North,2023-04-01,2023-04-09,2023-04-09,2023,4,Q2,Apr,8,0,1,580,580,0,0.0,228.05,132269.0,1
PO-02521,S010,Reliable Goods Co.,Tier 3,Road,Packaging,WH-Central,2023-04-02,2023-04-16,2023-04-16,2023,4,Q2,Apr,14,0,1,1448,1260,188,12.98,494.31,715760.88,0
PO-02522,S005,Metro Distributors,Tier 2,Road,Chemicals,WH-North,2023-04-02,2023-04-11,2023-04-18,2023,4,Q2,Apr,9,7,0,1601,1601,0,0.0,380.9,609820.9,1
PO-02523,S002,BlueStar Freight,Tier 1,Rail,Textiles,WH-East,2023-04-02,2023-04-21,2023-04-21,2023,4,Q2,Apr,19,0,1,653,563,90,13.78,234.29,152991.37,0
PO-02524,S003,Apex Supply Co.,Tier 2,Road,Raw Materials,WH-East,2023-04-02,2023-04-06,2023-04-06,2023,4,Q2,Apr,4,0,1,1811,1811,0,0.0,218.83,396301.13,1
PO-02525,S010,Reliable Goods Co.,Tier 3,Road,Textiles,WH-East,2023-04-02,2023-04-09,2023-04-18,2023,4,Q2,Apr,7,9,0,1833,1833,0,0.0,427.21,783075.93,1
PO-02526,S002,BlueStar Freight,Tier 1,Rail,Spare Parts,WH-South,2023-04-03,2023-04-13,2023-04-13,2023,4,Q2,Apr,10,0,1,1801,1801,0,0.0,118.18,212842.18,1
PO-02527,S002,BlueStar Freight,Tier 1,Rail,Raw Materials,WH-East,2023-04-03,2023-04-24,2023-04-24,2023,4,Q2,Apr,21,0,1,1216,1216,0,0.0,91.26,110972.16,1
PO-02528,S005,Metro Distributors,Tier 2,Road,Packaging,WH-East,2023-04-03,2023-04-14,2023-04-14,2023,4,Q2,Apr,11,0,1,300,300,0,0.0,54.26,16278.0,1
PO-02529,S005,Metro Distributors,Tier 2,Road,Raw Materials,WH-Central,2023-04-04,2023-04-07,2023-04-07,2023,4,Q2,Apr,3,0,1,376,376,0,0.0,201.88,75906.88,1
PO-02530,S009,Eastside Components,Tier 2,Sea,Components,WH-East,2023-04-04,2023-04-15,2023-04-15,2023,4,Q2,Apr,11,0,1,52,52,0,0.0,415.39,21600.28,1
PO-02531,S004,Global Parts Ltd,Tier 1,Air,Finished Goods,WH-Central,2023-04-04,2023-04-09,2023-04-09,2023,4,Q2,Apr,5,0,1,1795,1795,0,0.0,33.02,59270.9,1
PO-02532,S007,Swift Carriers,Tier 2,Road,Electronics,WH-North,2023-04-05,2023-04-25,2023-04-25,2023,4,Q2,Apr,20,0,1,196,176,20,10.2,279.61,54803.56,0
PO-02533,S008,Northern Logistics,Tier 3,Rail,Spare Parts,WH-South,2023-04-05,2023-04-09,2023-04-10,2023,4,Q2,Apr,4,1,0,746,746,0,0.0,417.28,311290.88,1
PO-02534,S010,Reliable Goods Co.,Tier 3,Road,Raw Materials,WH-South,2023-04-05,2023-04-18,2023-04-18,2023,4,Q2,Apr,13,0,1,1616,1616,0,0.0,230.63,372698.08,1
PO-02535,S008,Northern Logistics,Tier 3,Rail,Chemicals,WH-West,2023-04-05,2023-04-14,2023-04-23,2023,4,Q2,Apr,9,9,0,1889,1889,0,0.0,261.09,493199.01,1
PO-02536,S010,Reliable Goods Co.,Tier 3,Road,Spare Parts,WH-West,2023-04-05,2023-04-17,2023-04-27,2023,4,Q2,Apr,12,10,0,317,317,0,0.0,333.12,105599.04,1
PO-02537,S008,Northern Logistics,Tier 3,Rail,Components,WH-North,2023-04-05,2023-04-24,2023-05-08,2023,4,Q2,Apr,19,14,0,1138,1138,0,0.0,52.12,59312.56,1
PO-02538,S008,Northern Logistics,Tier 3,Rail,Spare Parts,WH-East,2023-04-05,2023-04-23,2023-05-02,2023,4,Q2,Apr,18,9,0,1773,1630,143,8.07,145.7,258326.1,0
PO-02539,S009,Eastside Components,Tier 2,Sea,Packaging,WH-South,2023-04-05,2023-04-12,2023-04-23,2023,4,Q2,Apr,7,11,0,1315,1315,0,0.0,258.5,339927.5,1
PO-02540,S008,Northern Logistics,Tier 3,Rail,Components,WH-South,2023-04-06,2023-04-13,2023-04-13,2023,4,Q2,Apr,7,0,1,169,145,24,14.2,299.94,50689.86,0
PO-02541,S007,Swift Carriers,Tier 2,Road,Finished Goods,WH-South,2023-04-06,2023-04-21,2023-04-21,2023,4,Q2,Apr,15,0,1,788,788,0,0.0,201.8,159018.4,1
PO-02542,S009,Eastside Components,Tier 2,Sea,Electronics,WH-East,2023-04-06,2023-04-16,2023-04-19,2023,4,Q2,Apr,10,3,0,898,898,0,0.0,120.54,108244.92,1
PO-02543,S007,Swift Carriers,Tier 2,Road,Electronics,WH-South,2023-04-07,2023-04-16,2023-04-16,2023,4,Q2,Apr,9,0,1,1089,1089,0,0.0,256.93,279796.77,1
PO-02544,S003,Apex Supply Co.,Tier 2,Road,Chemicals,WH-North,2023-04-07,2023-04-27,2023-04-27,2023,4,Q2,Apr,20,0,1,705,705,0,0.0,299.22,210950.1,1
PO-02545,S001,FastTrack Logistics,Tier 1,Road,Electronics,WH-East,2023-04-07,2023-04-15,2023-04-15,2023,4,Q2,Apr,8,0,1,1254,1254,0,0.0,314.19,393994.26,1
PO-02546,S003,Apex Supply Co.,Tier 2,Road,Finished Goods,WH-West,2023-04-07,2023-04-17,2023-04-29,2023,4,Q2,Apr,10,12,0,1476,1476,0,0.0,348.18,513913.68,1
PO-02547,S003,Apex Supply Co.,Tier 2,Road,Finished Goods,WH-North,2023-04-07,2023-04-15,2023-04-23,2023,4,Q2,Apr,8,8,0,196,196,0,0.0,435.61,85379.56,1
PO-02548,S005,Metro Distributors,Tier 2,Road,Finished Goods,WH-East,2023-04-07,2023-04-14,2023-04-14,2023,4,Q2,Apr,7,0,1,582,552,30,5.15,259.26,150889.32,0
PO-02549,S004,Global Parts Ltd,Tier 1,Air,Spare Parts,WH-Central,2023-04-07,2023-04-10,2023-04-10,2023,4,Q2,Apr,3,0,1,1994,1994,0,0.0,240.57,479696.58,1
PO-02550,S003,Apex Supply Co.,Tier 2,Road,Electronics,WH-West,2023-04-07,2023-04-27,2023-04-27,2023,4,Q2,Apr,20,0,1,1426,1426,0,0.0,196.65,280422.9,1
PO-02551,S009,Eastside Components,Tier 2,Sea,Spare Parts,WH-North,2023-04-08,2023-04-13,2023-04-17,2023,4,Q2,Apr,5,4,0,1038,1038,0,0.0,252.51,262105.38,1
PO-02552,S002,BlueStar Freight,Tier 1,Rail,Raw Materials,WH-North,2023-04-08,2023-04-24,2023-04-24,2023,4,Q2,Apr,16,0,1,702,702,0,0.0,202.01,141811.02,1
PO-02553,S001,FastTrack Logistics,Tier 1,Road,Electronics,WH-South,2023-04-08,2023-04-24,2023-04-24,2023,4,Q2,Apr,16,0,1,638,638,0,0.0,380.13,242522.94,1
PO-02554,S008,Northern Logistics,Tier 3,Rail,Spare Parts,WH-West,2023-04-08,2023-04-25,2023-04-30,2023,4,Q2,Apr,17,5,0,1118,1118,0,0.0,349.07,390260.26,1
PO-02555,S001,FastTrack Logistics,Tier 1,Road,Packaging,WH-Central,2023-04-08,2023-04-25,2023-05-06,2023,4,Q2,Apr,17,11,0,233,233,0,0.0,56.47,13157.51,1
PO-02556,S005,Metro Distributors,Tier 2,Road,Packaging,WH-Central,2023-04-09,2023-04-16,2023-04-16,2023,4,Q2,Apr,7,0,1,236,217,19,8.05,472.61,111535.96,0
PO-02557,S001,FastTrack Logistics,Tier 1,Road,Components,WH-East,2023-04-09,2023-04-19,2023-04-21,2023,4,Q2,Apr,10,2,0,1037,1037,0,0.0,283.8,294300.6,1
PO-02558,S008,Northern Logistics,Tier 3,Rail,Raw Materials,WH-East,2023-04-09,2023-04-20,2023-04-20,2023,4,Q2,Apr,11,0,1,1881,1881,0,0.0,200.14,376463.34,1
PO-02559,S005,Metro Distributors,Tier 2,Road,Electronics,WH-West,2023-04-09,2023-04-19,2023-04-21,2023,4,Q2,Apr,10,2,0,920,920,0,0.0,409.83,377043.6,1
PO-02560,S001,FastTrack Logistics,Tier 1,Road,Chemicals,WH-East,2023-04-09,2023-04-29,2023-04-29,2023,4,Q2,Apr,20,0,1,1388,1388,0,0.0,399.9,555061.2,1
PO-02561,S009,Eastside Components,Tier 2,Sea,Spare Parts,WH-North,2023-04-09,2023-04-19,2023-04-19,2023,4,Q2,Apr,10,0,1,1510,1510,0,0.0,496.81,750183.1,1
PO-02562,S006,PrimeParts Inc.,Tier 1,Sea,Textiles,WH-Central,2023-04-09,2023-04-12,2023-04-12,2023,4,Q2,Apr,3,0,1,1813,1813,0,0.0,458.71,831641.23,1
PO-02563,S009,Eastside Components,Tier 2,Sea,Spare Parts,WH-East,2023-04-09,2023-04-16,2023-04-16,2023,4,Q2,Apr,7,0,1,506,506,0,0.0,499.54,252767.24,1
PO-02564,S010,Reliable Goods Co.,Tier 3,Road,Spare Parts,WH-South,2023-04-10,2023-04-24,2023-04-24,2023,4,Q2,Apr,14,0,1,1875,1865,10,0.53,5.07,9506.25,0
PO-02565,S007,Swift Carriers,Tier 2,Road,Finished Goods,WH-Central,2023-04-10,2023-04-20,2023-04-20,2023,4,Q2,Apr,10,0,1,1867,1867,0,0.0,251.51,469569.17,1
PO-02566,S001,FastTrack Logistics,Tier 1,Road,Electronics,WH-West,2023-04-10,2023-04-16,2023-04-16,2023,4,Q2,Apr,6,0,1,218,218,0,0.0,285.83,62310.94,1
PO-02567,S007,Swift Carriers,Tier 2,Road,Raw Materials,WH-North,2023-04-11,2023-04-29,2023-04-29,2023,4,Q2,Apr,18,0,1,352,352,0,0.0,493.04,173550.08,1
PO-02568,S006,PrimeParts Inc.,Tier 1,Sea,Textiles,WH-West,2023-04-11,2023-04-30,2023-05-08,2023,4,Q2,Apr,19,8,0,763,743,20,2.62,392.24,299279.12,0
PO-02569,S004,Global Parts Ltd,Tier 1,Air,Electronics,WH-North,2023-04-11,2023-04-26,2023-04-26,2023,4,Q2,Apr,15,0,1,1448,1448,0,0.0,121.2,175497.6,1
PO-02570,S002,BlueStar Freight,Tier 1,Rail,Chemicals,WH-East,2023-04-11,2023-04-29,2023-04-29,2023,4,Q2,Apr,18,0,1,1289,1289,0,0.0,348.47,449177.83,1
PO-02571,S001,FastTrack Logistics,Tier 1,Road,Packaging,WH-North,2023-04-11,2023-04-22,2023-04-22,2023,4,Q2,Apr,11,0,1,1293,1293,0,0.0,207.82,268711.26,1
PO-02572,S001,FastTrack Logistics,Tier 1,Road,Textiles,WH-Central,2023-04-11,2023-04-20,2023-04-20,2023,4,Q2,Apr,9,0,1,1214,1214,0,0.0,222.25,269811.5,1
PO-02573,S001,FastTrack Logistics,Tier 1,Road,Finished Goods,WH-West,2023-04-12,2023-04-29,2023-04-29,2023,4,Q2,Apr,17,0,1,1994,1994,0,0.0,488.28,973630.32,1
PO-02574,S003,Apex Supply Co.,Tier 2,Road,Packaging,WH-South,2023-04-12,2023-05-03,2023-05-03,2023,4,Q2,Apr,21,0,1,948,948,0,0.0,465.6,441388.8,1
PO-02575,S006,PrimeParts Inc.,Tier 1,Sea,Packaging,WH-North,2023-04-12,2023-04-25,2023-04-25,2023,4,Q2,Apr,13,0,1,874,874,0,0.0,12.57,10986.18,1
PO-02576,S003,Apex Supply Co.,Tier 2,Road,Packaging,WH-North,2023-04-12,2023-04-15,2023-04-22,2023,4,Q2,Apr,3,7,0,1354,1354,0,0.0,250.37,339000.98,1
PO-02577,S005,Metro Distributors,Tier 2,Road,Finished Goods,WH-West,2023-04-12,2023-04-24,2023-05-06,2023,4,Q2,Apr,12,12,0,1820,1820,0,0.0,53.77,97861.4,1
PO-02578,S007,Swift Carriers,Tier 2,Road,Raw Materials,WH-North,2023-04-12,2023-04-15,2023-04-29,2023,4,Q2,Apr,3,14,0,198,174,24,12.12,102.8,20354.4,0
PO-02579,S008,Northern Logistics,Tier 3,Rail,Textiles,WH-East,2023-04-12,2023-04-20,2023-04-20,2023,4,Q2,Apr,8,0,1,607,607,0,0.0,439.98,267067.86,1
PO-02580,S008,Northern Logistics,Tier 3,Rail,Electronics,WH-West,2023-04-12,2023-04-28,2023-04-28,2023,4,Q2,Apr,16,0,1,1083,1083,0,0.0,46.06,49882.98,1
PO-02581,S002,BlueStar Freight,Tier 1,Rail,Spare Parts,WH-South,2023-04-13,2023-05-01,2023-05-01,2023,4,Q2,Apr,18,0,1,985,985,0,0.0,156.02,153679.7,1
PO-02582,S008,Northern Logistics,Tier 3,Rail,Spare Parts,WH-West,2023-04-13,2023-04-22,2023-04-29,2023,4,Q2,Apr,9,7,0,1565,1565,0,0.0,106.79,167126.35,1
PO-02583,S008,Northern Logistics,Tier 3,Rail,Finished Goods,WH-South,2023-04-13,2023-05-03,2023-05-03,2023,4,Q2,Apr,20,0,1,432,432,0,0.0,21.11,9119.52,1
PO-02584,S002,BlueStar Freight,Tier 1,Rail,Electronics,WH-North,2023-04-13,2023-05-03,2023-05-03,2023,4,Q2,Apr,20,0,1,912,912,0,0.0,256.93,234320.16,1
PO-02585,S001,FastTrack Logistics,Tier 1,Road,Textiles,WH-North,2023-04-13,2023-04-25,2023-04-25,2023,4,Q2,Apr,12,0,1,924,924,0,0.0,453.38,418923.12,1
PO-02586,S009,Eastside Components,Tier 2,Sea,Packaging,WH-Central,2023-04-13,2023-05-01,2023-05-01,2023,4,Q2,Apr,18,0,1,1312,1312,0,0.0,175.96,230859.52,1
PO-02587,S003,Apex Supply Co.,Tier 2,Road,Raw Materials,WH-West,2023-04-14,2023-04-17,2023-04-17,2023,4,Q2,Apr,3,0,1,856,856,0,0.0,238.6,204241.6,1
PO-02588,S002,BlueStar Freight,Tier 1,Rail,Packaging,WH-Central,2023-04-14,2023-05-04,2023-05-04,2023,4,Q2,Apr,20,0,1,1222,1222,0,0.0,51.95,63482.9,1
PO-02589,S004,Global Parts Ltd,Tier 1,Air,Spare Parts,WH-South,2023-04-14,2023-04-17,2023-04-17,2023,4,Q2,Apr,3,0,1,354,354,0,0.0,406.37,143854.98,1
PO-02590,S001,FastTrack Logistics,Tier 1,Road,Textiles,WH-North,2023-04-14,2023-04-28,2023-04-28,2023,4,Q2,Apr,14,0,1,74,74,0,0.0,15.04,1112.96,1
PO-02591,S002,BlueStar Freight,Tier 1,Rail,Components,WH-South,2023-04-14,2023-04-23,2023-04-23,2023,4,Q2,Apr,9,0,1,303,303,0,0.0,374.03,113331.09,1
PO-02592,S001,FastTrack Logistics,Tier 1,Road,Textiles,WH-Central,2023-04-14,2023-04-29,2023-04-29,2023,4,Q2,Apr,15,0,1,626,626,0,0.0,204.89,128261.14,1
PO-02593,S002,BlueStar Freight,Tier 1,Rail,Textiles,WH-North,2023-04-15,2023-04-26,2023-04-26,2023,4,Q2,Apr,11,0,1,82,82,0,0.0,331.48,27181.36,1
PO-02594,S003,Apex Supply Co.,Tier 2,Road,Chemicals,WH-West,2023-04-15,2023-04-19,2023-04-19,2023,4,Q2,Apr,4,0,1,1705,1705,0,0.0,10.75,18328.75,1
PO-02595,S005,Metro Distributors,Tier 2,Road,Chemicals,WH-Central,2023-04-15,2023-04-29,2023-04-29,2023,4,Q2,Apr,14,0,1,1021,1021,0,0.0,433.44,442542.24,1
PO-02596,S010,Reliable Goods Co.,Tier 3,Road,Electronics,WH-North,2023-04-15,2023-04-25,2023-04-30,2023,4,Q2,Apr,10,5,0,1360,1360,0,0.0,291.47,396399.2,1
PO-02597,S008,Northern Logistics,Tier 3,Rail,Packaging,WH-Central,2023-04-15,2023-04-24,2023-04-24,2023,4,Q2,Apr,9,0,1,181,181,0,0.0,165.8,30009.8,1
PO-02598,S004,Global Parts Ltd,Tier 1,Air,Finished Goods,WH-Central,2023-04-15,2023-05-03,2023-05-03,2023,4,Q2,Apr,18,0,1,1745,1745,0,0.0,114.96,200605.2,1
PO-02599,S002,BlueStar Freight,Tier 1,Rail,Components,WH-East,2023-04-15,2023-05-01,2023-05-01,2023,4,Q2,Apr,16,0,1,1319,1319,0,0.0,50.77,66965.63,1
PO-02600,S002,BlueStar Freight,Tier 1,Rail,Textiles,WH-West,2023-04-15,2023-04-28,2023-04-28,2023,4,Q2,Apr,13,0,1,1180,1180,0,0.0,344.87,406946.6,1
PO-02601,S003,Apex Supply Co.,Tier 2,Road,Components,WH-North,2023-04-16,2023-04-24,2023-04-24,2023,4,Q2,Apr,8,0,1,1329,1329,0,0.0,279.61,371601.69,1
PO-02602,S008,Northern Logistics,Tier 3,Rail,Spare Parts,WH-Central,2023-04-16,2023-04-26,2023-04-26,2023,4,Q2,Apr,10,0,1,1467,1467,0,0.0,202.41,296935.47,1
PO-02603,S010,Reliable Goods Co.,Tier 3,Road,Textiles,WH-South,2023-04-16,2023-04-29,2023-04-29,2023,4,Q2,Apr,13,0,1,504,504,0,0.0,171.84,86607.36,1
PO-02604,S002,BlueStar Freight,Tier 1,Rail,Electronics,WH-East,2023-04-16,2023-04-28,2023-04-28,2023,4,Q2,Apr,12,0,1,1773,1773,0,0.0,479.52,850188.96,1
PO-02605,S010,Reliable Goods Co.,Tier 3,Road,Finished Goods,WH-South,2023-04-16,2023-05-05,2023-05-05,2023,4,Q2,Apr,19,0,1,1830,1830,0,0.0,106.44,194785.2,1
PO-02606,S008,Northern Logistics,Tier 3,Rail,Spare Parts,WH-North,2023-04-16,2023-05-06,2023-05-15,2023,4,Q2,Apr,20,9,0,292,292,0,0.0,103.83,30318.36,1
PO-02607,S002,BlueStar Freight,Tier 1,Rail,Chemicals,WH-East,2023-04-16,2023-05-07,2023-05-09,2023,4,Q2,Apr,21,2,0,1167,1167,0,0.0,403.55,470942.85,1
PO-02608,S007,Swift Carriers,Tier 2,Road,Chemicals,WH-Central,2023-04-16,2023-04-27,2023-04-27,2023,4,Q2,Apr,11,0,1,1916,1916,0,0.0,125.57,240592.12,1
PO-02609,S003,Apex Supply Co.,Tier 2,Road,Textiles,WH-West,2023-04-17,2023-05-03,2023-05-03,2023,4,Q2,Apr,16,0,1,101,101,0,0.0,179.3,18109.3,1
PO-02610,S006,PrimeParts Inc.,Tier 1,Sea,Finished Goods,WH-East,2023-04-17,2023-04-21,2023-04-21,2023,4,Q2,Apr,4,0,1,1572,1572,0,0.0,334.86,526399.92,1
PO-02611,S001,FastTrack Logistics,Tier 1,Road,Spare Parts,WH-Central,2023-04-17,2023-04-27,2023-04-27,2023,4,Q2,Apr,10,0,1,627,627,0,0.0,345.16,216415.32,1
PO-02612,S008,Northern Logistics,Tier 3,Rail,Textiles,WH-South,2023-04-17,2023-04-29,2023-05-04,2023,4,Q2,Apr,12,5,0,1307,1307,0,0.0,301.0,393407.0,1
PO-02613,S002,BlueStar Freight,Tier 1,Rail,Raw Materials,WH-Central,2023-04-17,2023-05-06,2023-05-07,2023,4,Q2,Apr,19,1,0,1212,1212,0,0.0,318.9,386506.8,1
PO-02614,S009,Eastside Components,Tier 2,Sea,Raw Materials,WH-West,2023-04-17,2023-04-26,2023-04-26,2023,4,Q2,Apr,9,0,1,346,346,0,0.0,154.26,53373.96,1
PO-02615,S004,Global Parts Ltd,Tier 1,Air,Packaging,WH-South,2023-04-17,2023-04-29,2023-04-29,2023,4,Q2,Apr,12,0,1,1851,1851,0,0.0,54.42,100731.42,1
PO-02616,S010,Reliable Goods Co.,Tier 3,Road,Chemicals,WH-Central,2023-04-17,2023-05-01,2023-05-01,2023,4,Q2,Apr,14,0,1,775,775,0,0.0,421.25,326468.75,1
PO-02617,S007,Swift Carriers,Tier 2,Road,Electronics,WH-East,2023-04-18,2023-04-29,2023-04-29,2023,4,Q2,Apr,11,0,1,681,681,0,0.0,304.69,207493.89,1
PO-02618,S003,Apex Supply Co.,Tier 2,Road,Chemicals,WH-West,2023-04-18,2023-04-27,2023-05-07,2023,4,Q2,Apr,9,10,0,1558,1558,0,0.0,127.77,199065.66,1
PO-02619,S002,BlueStar Freight,Tier 1,Rail,Textiles,WH-Central,2023-04-18,2023-04-26,2023-04-26,2023,4,Q2,Apr,8,0,1,1622,1622,0,0.0,492.13,798234.86,1
PO-02620,S005,Metro Distributors,Tier 2,Road,Textiles,WH-Central,2023-04-19,2023-04-24,2023-04-24,2023,4,Q2,Apr,5,0,1,1047,1047,0,0.0,394.32,412853.04,1
PO-02621,S010,Reliable Goods Co.,Tier 3,Road,Spare Parts,WH-West,2023-04-19,2023-05-03,2023-05-04,2023,4,Q2,Apr,14,1,0,1241,1150,91,7.33,330.96,410721.36,0
PO-02622,S006,PrimeParts Inc.,Tier 1,Sea,Chemicals,WH-East,2023-04-19,2023-05-10,2023-05-24,2023,4,Q2,Apr,21,14,0,1775,1775,0,0.0,112.38,199474.5,1
PO-02623,S007,Swift Carriers,Tier 2,Road,Components,WH-West,2023-04-19,2023-05-09,2023-05-16,2023,4,Q2,Apr,20,7,0,1822,1590,232,12.73,185.79,338509.38,0
PO-02624,S007,Swift Carriers,Tier 2,Road,Raw Materials,WH-Central,2023-04-19,2023-04-27,2023-04-27,2023,4,Q2,Apr,8,0,1,214,214,0,0.0,141.81,30347.34,1
PO-02625,S003,Apex Supply Co.,Tier 2,Road,Finished Goods,WH-West,2023-04-19,2023-05-07,2023-05-07,2023,4,Q2,Apr,18,0,1,333,333,0,0.0,372.9,124175.7,1
PO-02626,S004,Global Parts Ltd,Tier 1,Air,Chemicals,WH-West,2023-04-19,2023-04-27,2023-04-27,2023,4,Q2,Apr,8,0,1,67,67,0,0.0,442.34,29636.78,1
PO-02627,S007,Swift Carriers,Tier 2,Road,Spare Parts,WH-North,2023-04-20,2023-05-10,2023-05-10,2023,4,Q2,Apr,20,0,1,1059,1059,0,0.0,173.63,183874.17,1
PO-02628,S004,Global Parts Ltd,Tier 1,Air,Chemicals,WH-Central,2023-04-20,2023-04-30,2023-04-30,2023,4,Q2,Apr,10,0,1,363,363,0,0.0,125.44,45534.72,1
PO-02629,S005,Metro Distributors,Tier 2,Road,Raw Materials,WH-Central,2023-04-20,2023-04-26,2023-05-08,2023,4,Q2,Apr,6,12,0,874,874,0,0.0,197.64,172737.36,1
PO-02630,S006,PrimeParts Inc.,Tier 1,Sea,Spare Parts,WH-South,2023-04-20,2023-04-24,2023-04-24,2023,4,Q2,Apr,4,0,1,1795,1795,0,0.0,51.17,91850.15,1
PO-02631,S001,FastTrack Logistics,Tier 1,Road,Raw Materials,WH-South,2023-04-20,2023-04-29,2023-04-29,2023,4,Q2,Apr,9,0,1,939,939,0,0.0,393.95,369919.05,1
PO-02632,S001,FastTrack Logistics,Tier 1,Road,Chemicals,WH-East,2023-04-20,2023-05-06,2023-05-06,2023,4,Q2,Apr,16,0,1,1871,1871,0,0.0,241.51,451865.21,1
PO-02633,S007,Swift Carriers,Tier 2,Road,Textiles,WH-West,2023-04-20,2023-04-25,2023-04-25,2023,4,Q2,Apr,5,0,1,1440,1440,0,0.0,231.78,333763.2,1
PO-02634,S010,Reliable Goods Co.,Tier 3,Road,Components,WH-North,2023-04-20,2023-04-27,2023-05-11,2023,4,Q2,Apr,7,14,0,277,277,0,0.0,397.83,110198.91,1
PO-02635,S010,Reliable Goods Co.,Tier 3,Road,Spare Parts,WH-West,2023-04-21,2023-05-05,2023-05-19,2023,4,Q2,Apr,14,14,0,1574,1574,0,0.0,56.51,88946.74,1
PO-02636,S001,FastTrack Logistics,Tier 1,Road,Finished Goods,WH-East,2023-04-21,2023-05-03,2023-05-03,2023,4,Q2,Apr,12,0,1,494,494,0,0.0,175.07,86484.58,1
PO-02637,S003,Apex Supply Co.,Tier 2,Road,Finished Goods,WH-East,2023-04-21,2023-05-02,2023-05-06,2023,4,Q2,Apr,11,4,0,408,408,0,0.0,117.34,47874.72,1
PO-02638,S004,Global Parts Ltd,Tier 1,Air,Textiles,WH-West,2023-04-22,2023-05-07,2023-05-07,2023,4,Q2,Apr,15,0,1,1467,1467,0,0.0,126.8,186015.6,1
PO-02639,S009,Eastside Components,Tier 2,Sea,Packaging,WH-South,2023-04-22,2023-05-06,2023-05-06,2023,4,Q2,Apr,14,0,1,715,715,0,0.0,212.42,151880.3,1
PO-02640,S008,Northern Logistics,Tier 3,Rail,Components,WH-South,2023-04-22,2023-04-29,2023-04-29,2023,4,Q2,Apr,7,0,1,969,969,0,0.0,463.64,449267.16,1
PO-02641,S004,Global Parts Ltd,Tier 1,Air,Textiles,WH-Central,2023-04-22,2023-04-25,2023-04-25,2023,4,Q2,Apr,3,0,1,979,979,0,0.0,48.01,47001.79,1
PO-02642,S005,Metro Distributors,Tier 2,Road,Textiles,WH-South,2023-04-23,2023-05-08,2023-05-08,2023,4,Q2,Apr,15,0,1,959,959,0,0.0,308.53,295880.27,1
PO-02643,S003,Apex Supply Co.,Tier 2,Road,Finished Goods,WH-West,2023-04-23,2023-05-07,2023-05-13,2023,4,Q2,Apr,14,6,0,959,959,0,0.0,165.21,158436.39,1
PO-02644,S001,FastTrack Logistics,Tier 1,Road,Textiles,WH-West,2023-04-23,2023-05-08,2023-05-08,2023,4,Q2,Apr,15,0,1,959,959,0,0.0,199.54,191358.86,1
PO-02645,S006,PrimeParts Inc.,Tier 1,Sea,Chemicals,WH-West,2023-04-23,2023-04-30,2023-04-30,2023,4,Q2,Apr,7,0,1,992,992,0,0.0,376.36,373349.12,1
PO-02646,S009,Eastside Components,Tier 2,Sea,Finished Goods,WH-Central,2023-04-23,2023-05-07,2023-05-07,2023,4,Q2,Apr,14,0,1,197,197,0,0.0,37.43,7373.71,1
PO-02647,S010,Reliable Goods Co.,Tier 3,Road,Chemicals,WH-Central,2023-04-23,2023-05-03,2023-05-04,2023,4,Q2,Apr,10,1,0,158,158,0,0.0,263.49,41631.42,1
PO-02648,S007,Swift Carriers,Tier 2,Road,Raw Materials,WH-South,2023-04-23,2023-05-08,2023-05-08,2023,4,Q2,Apr,15,0,1,303,303,0,0.0,237.2,71871.6,1
PO-02649,S010,Reliable Goods Co.,Tier 3,Road,Components,WH-Central,2023-04-24,2023-05-10,2023-05-10,2023,4,Q2,Apr,16,0,1,105,105,0,0.0,37.79,3967.95,1
PO-02650,S010,Reliable Goods Co.,Tier 3,Road,Raw Materials,WH-South,2023-04-24,2023-05-04,2023-05-04,2023,4,Q2,Apr,10,0,1,1759,1759,0,0.0,317.26,558060.34,1
PO-02651,S003,Apex Supply Co.,Tier 2,Road,Raw Materials,WH-North,2023-04-24,2023-04-28,2023-05-08,2023,4,Q2,Apr,4,10,0,189,183,6,3.17,20.47,3868.83,0
PO-02652,S003,Apex Supply Co.,Tier 2,Road,Electronics,WH-Central,2023-04-24,2023-05-04,2023-05-04,2023,4,Q2,Apr,10,0,1,1103,1103,0,0.0,197.75,218118.25,1
PO-02653,S001,FastTrack Logistics,Tier 1,Road,Components,WH-East,2023-04-24,2023-05-04,2023-05-04,2023,4,Q2,Apr,10,0,1,115,115,0,0.0,276.03,31743.45,1
PO-02654,S007,Swift Carriers,Tier 2,Road,Finished Goods,WH-West,2023-04-24,2023-05-13,2023-05-19,2023,4,Q2,Apr,19,6,0,1669,1669,0,0.0,206.69,344965.61,1
PO-02655,S010,Reliable Goods Co.,Tier 3,Road,Finished Goods,WH-East,2023-04-24,2023-05-10,2023-05-13,2023,4,Q2,Apr,16,3,0,728,728,0,0.0,14.2,10337.6,1
PO-02656,S009,Eastside Components,Tier 2,Sea,Spare Parts,WH-West,2023-04-25,2023-04-28,2023-05-06,2023,4,Q2,Apr,3,8,0,290,290,0,0.0,388.14,112560.6,1
PO-02657,S002,BlueStar Freight,Tier 1,Rail,Chemicals,WH-North,2023-04-25,2023-05-10,2023-05-20,2023,4,Q2,Apr,15,10,0,1973,1973,0,0.0,256.88,506824.24,1
PO-02658,S007,Swift Carriers,Tier 2,Road,Components,WH-Central,2023-04-25,2023-05-12,2023-05-12,2023,4,Q2,Apr,17,0,1,953,953,0,0.0,220.76,210384.28,1
PO-02659,S008,Northern Logistics,Tier 3,Rail,Packaging,WH-North,2023-04-25,2023-05-03,2023-05-03,2023,4,Q2,Apr,8,0,1,412,412,0,0.0,384.51,158418.12,1
PO-02660,S004,Global Parts Ltd,Tier 1,Air,Electronics,WH-North,2023-04-26,2023-05-04,2023-05-05,2023,4,Q2,Apr,8,1,0,485,485,0,0.0,99.91,48456.35,1
PO-02661,S010,Reliable Goods Co.,Tier 3,Road,Textiles,WH-Central,2023-04-26,2023-05-14,2023-05-14,2023,4,Q2,Apr,18,0,1,1087,1087,0,0.0,453.3,492737.1,1
PO-02662,S007,Swift Carriers,Tier 2,Road,Textiles,WH-South,2023-04-26,2023-05-17,2023-05-17,2023,4,Q2,Apr,21,0,1,258,258,0,0.0,393.87,101618.46,1
PO-02663,S004,Global Parts Ltd,Tier 1,Air,Raw Materials,WH-West,2023-04-26,2023-05-08,2023-05-08,2023,4,Q2,Apr,12,0,1,1482,1482,0,0.0,482.06,714412.92,1
PO-02664,S004,Global Parts Ltd,Tier 1,Air,Textiles,WH-West,2023-04-26,2023-05-10,2023-05-17,2023,4,Q2,Apr,14,7,0,803,803,0,0.0,168.01,134912.03,1
PO-02665,S005,Metro Distributors,Tier 2,Road,Raw Materials,WH-South,2023-04-26,2023-05-05,2023-05-05,2023,4,Q2,Apr,9,0,1,823,823,0,0.0,390.66,321513.18,1
PO-02666,S003,Apex Supply Co.,Tier 2,Road,Components,WH-East,2023-04-26,2023-05-16,2023-05-29,2023,4,Q2,Apr,20,13,0,1468,1468,0,0.0,320.5,470494.0,1
PO-02667,S008,Northern Logistics,Tier 3,Rail,Raw Materials,WH-South,2023-04-27,2023-05-16,2023-05-16,2023,4,Q2,Apr,19,0,1,59,59,0,0.0,213.77,12612.43,1
PO-02668,S007,Swift Carriers,Tier 2,Road,Raw Materials,WH-South,2023-04-27,2023-05-12,2023-05-15,2023,4,Q2,Apr,15,3,0,1608,1608,0,0.0,480.65,772885.2,1
PO-02669,S002,BlueStar Freight,Tier 1,Rail,Packaging,WH-East,2023-04-27,2023-05-12,2023-05-12,2023,4,Q2,Apr,15,0,1,1749,1749,0,0.0,401.64,702468.36,1
PO-02670,S003,Apex Supply Co.,Tier 2,Road,Chemicals,WH-East,2023-04-27,2023-05-11,2023-05-11,2023,4,Q2,Apr,14,0,1,906,906,0,0.0,450.62,408261.72,1
PO-02671,S002,BlueStar Freight,Tier 1,Rail,Textiles,WH-Central,2023-04-27,2023-05-03,2023-05-03,2023,4,Q2,Apr,6,0,1,1932,1932,0,0.0,7.11,13736.52,1
PO-02672,S010,Reliable Goods Co.,Tier 3,Road,Raw Materials,WH-East,2023-04-27,2023-05-11,2023-05-15,2023,4,Q2,Apr,14,4,0,622,622,0,0.0,442.94,275508.68,1
PO-02673,S003,Apex Supply Co.,Tier 2,Road,Chemicals,WH-South,2023-04-27,2023-04-30,2023-05-12,2023,4,Q2,Apr,3,12,0,1598,1598,0,0.0,36.46,58263.08,1
PO-02674,S001,FastTrack Logistics,Tier 1,Road,Finished Goods,WH-Central,2023-04-27,2023-05-14,2023-05-14,2023,4,Q2,Apr,17,0,1,478,478,0,0.0,461.55,220620.9,1
PO-02675,S006,PrimeParts Inc.,Tier 1,Sea,Raw Materials,WH-North,2023-04-28,2023-05-02,2023-05-02,2023,4,Q2,Apr,4,0,1,119,119,0,0.0,163.68,19477.92,1
PO-02676,S003,Apex Supply Co.,Tier 2,Road,Textiles,WH-West,2023-04-28,2023-05-17,2023-05-22,2023,4,Q2,Apr,19,5,0,1029,1007,22,2.14,379.88,390896.52,0
PO-02677,S010,Reliable Goods Co.,Tier 3,Road,Chemicals,WH-North,2023-04-28,2023-05-08,2023-05-08,2023,4,Q2,Apr,10,0,1,183,183,0,0.0,97.17,17782.11,1
PO-02678,S004,Global Parts Ltd,Tier 1,Air,Electronics,WH-Central,2023-04-28,2023-05-12,2023-05-12,2023,4,Q2,Apr,14,0,1,1061,1061,0,0.0,311.28,330268.08,1
PO-02679,S003,Apex Supply Co.,Tier 2,Road,Finished Goods,WH-Central,2023-04-28,2023-05-12,2023-05-12,2023,4,Q2,Apr,14,0,1,978,978,0,0.0,469.73,459395.94,1
PO-02680,S006,PrimeParts Inc.,Tier 1,Sea,Textiles,WH-East,2023-04-28,2023-05-19,2023-05-20,2023,4,Q2,Apr,21,1,0,711,711,0,0.0,494.76,351774.36,1
PO-02681,S010,Reliable Goods Co.,Tier 3,Road,Spare Parts,WH-East,2023-04-28,2023-05-15,2023-05-15,2023,4,Q2,Apr,17,0,1,1683,1683,0,0.0,320.95,540158.85,1
PO-02682,S004,Global Parts Ltd,Tier 1,Air,Electronics,WH-South,2023-04-28,2023-05-14,2023-05-14,2023,4,Q2,Apr,16,0,1,863,863,0,0.0,60.61,52306.43,1
PO-02683,S003,Apex Supply Co.,Tier 2,Road,Electronics,WH-East,2023-04-29,2023-05-19,2023-05-19,2023,4,Q2,Apr,20,0,1,1101,1101,0,0.0,160.99,177249.99,1
PO-02684,S005,Metro Distributors,Tier 2,Road,Components,WH-West,2023-04-29,2023-05-07,2023-05-12,2023,4,Q2,Apr,8,5,0,981,981,0,0.0,134.02,131473.62,1
PO-02685,S001,FastTrack Logistics,Tier 1,Road,Textiles,WH-Central,2023-04-29,2023-05-16,2023-05-16,2023,4,Q2,Apr,17,0,1,683,683,0,0.0,208.96,142719.68,1
PO-02686,S002,BlueStar Freight,Tier 1,Rail,Finished Goods,WH-South,2023-04-29,2023-05-20,2023-05-20,2023,4,Q2,Apr,21,0,1,287,287,0,0.0,284.08,81530.96,1
PO-02687,S007,Swift Carriers,Tier 2,Road,Components,WH-East,2023-04-29,2023-05-10,2023-05-16,2023,4,Q2,Apr,11,6,0,624,624,0,0.0,23.62,14738.88,1
PO-02688,S010,Reliable Goods Co.,Tier 3,Road,Components,WH-East,2023-04-30,2023-05-15,2023-05-15,2023,4,Q2,Apr,15,0,1,1832,1832,0,0.0,111.11,203553.52,1
PO-02689,S008,Northern Logistics,Tier 3,Rail,Components,WH-South,2023-04-30,2023-05-07,2023-05-07,2023,4,Q2,Apr,7,0,1,1577,1346,231,14.65,210.55,332037.35,0
PO-02690,S007,Swift Carriers,Tier 2,Road,Chemicals,WH-North,2023-04-30,2023-05-13,2023-05-13,2023,4,Q2,Apr,13,0,1,479,479,0,0.0,337.56,161691.24,1
PO-02691,S010,Reliable Goods Co.,Tier 3,Road,Spare Parts,WH-East,2023-04-30,2023-05-17,2023-05-17,2023,4,Q2,Apr,17,0,1,1032,1032,0,0.0,263.83,272272.56,1
PO-02692,S007,Swift Carriers,Tier 2,Road,Packaging,WH-West,2023-04-30,2023-05-13,2023-05-25,2023,4,Q2,Apr,13,12,0,1888,1888,0,0.0,219.56,414529.28,1
PO-02693,S005,Metro Distributors,Tier 2,Road,Chemicals,WH-South,2023-04-30,2023-05-04,2023-05-04,2023,4,Q2,Apr,4,0,1,1459,1459,0,0.0,171.17,249737.03,1
PO-02694,S002,BlueStar Freight,Tier 1,Rail,Components,WH-West,2023-04-30,2023-05-14,2023-05-14,2023,4,Q2,Apr,14,0,1,1215,1215,0,0.0,115.06,139797.9,1
PO-02695,S005,Metro Distributors,Tier 2,Road,Electronics,WH-South,2023-04-30,2023-05-18,2023-05-18,2023,4,Q2,Apr,18,0,1,298,298,0,0.0,274.89,81917.22,1
PO-02696,S008,Northern Logistics,Tier 3,Rail,Chemicals,WH-Central,2023-05-01,2023-05-17,2023-05-23,2023,5,Q2,May,16,6,0,84,84,0,0.0,366.22,30762.48,1
PO-02697,S006,PrimeParts Inc.,Tier 1,Sea,Raw Materials,WH-West,2023-05-01,2023-05-10,2023-05-10,2023,5,Q2,May,9,0,1,564,564,0,0.0,267.67,150965.88,1
PO-02698,S010,Reliable Goods Co.,Tier 3,Road,Raw Materials,WH-East,2023-05-01,2023-05-17,2023-05-30,2023,5,Q2,May,16,13,0,1935,1935,0,0.0,446.98,864906.3,1
PO-02699,S005,Metro Distributors,Tier 2,Road,Spare Parts,WH-South,2023-05-01,2023-05-04,2023-05-11,2023,5,Q2,May,3,7,0,1290,1290,0,0.0,345.19,445295.1,1
PO-02700,S005,Metro Distributors,Tier 2,Road,Raw Materials,WH-West,2023-05-01,2023-05-12,2023-05-12,2023,5,Q2,May,11,0,1,362,362,0,0.0,222.52,80552.24,1
PO-02701,S005,Metro Distributors,Tier 2,Road,Components,WH-North,2023-05-01,2023-05-06,2023-05-06,2023,5,Q2,May,5,0,1,84,84,0,0.0,235.72,19800.48,1
PO-02702,S005,Metro Distributors,Tier 2,Road,Raw Materials,WH-North,2023-05-02,2023-05-20,2023-05-20,2023,5,Q2,May,18,0,1,370,370,0,0.0,355.96,131705.2,1
PO-02703,S010,Reliable Goods Co.,Tier 3,Road,Components,WH-West,2023-05-02,2023-05-19,2023-05-19,2023,5,Q2,May,17,0,1,1998,1998,0,0.0,269.54,538540.92,1
PO-02704,S007,Swift Carriers,Tier 2,Road,Spare Parts,WH-Central,2023-05-02,2023-05-14,2023-05-19,2023,5,Q2,May,12,5,0,151,151,0,0.0,107.0,16157.0,1
PO-02705,S009,Eastside Components,Tier 2,Sea,Raw Materials,WH-East,2023-05-02,2023-05-17,2023-05-17,2023,5,Q2,May,15,0,1,1992,1992,0,0.0,111.66,222426.72,1
PO-02706,S007,Swift Carriers,Tier 2,Road,Electronics,WH-South,2023-05-02,2023-05-20,2023-05-30,2023,5,Q2,May,18,10,0,589,589,0,0.0,5.58,3286.62,1
PO-02707,S010,Reliable Goods Co.,Tier 3,Road,Components,WH-West,2023-05-02,2023-05-21,2023-05-21,2023,5,Q2,May,19,0,1,439,439,0,0.0,474.61,208353.79,1
PO-02708,S005,Metro Distributors,Tier 2,Road,Electronics,WH-North,2023-05-02,2023-05-13,2023-05-13,2023,5,Q2,May,11,0,1,1293,1293,0,0.0,334.27,432211.11,1
PO-02709,S009,Eastside Components,Tier 2,Sea,Spare Parts,WH-West,2023-05-03,2023-05-07,2023-05-07,2023,5,Q2,May,4,0,1,1853,1604,249,13.44,173.48,321458.44,0
PO-02710,S008,Northern Logistics,Tier 3,Rail,Raw Materials,WH-South,2023-05-03,2023-05-09,2023-05-19,2023,5,Q2,May,6,10,0,1477,1477,0,0.0,42.5,62772.5,1
PO-02711,S001,FastTrack Logistics,Tier 1,Road,Finished Goods,WH-Central,2023-05-03,2023-05-20,2023-05-20,2023,5,Q2,May,17,0,1,540,540,0,0.0,96.9,52326.0,1
PO-02712,S002,BlueStar Freight,Tier 1,Rail,Spare Parts,WH-Central,2023-05-03,2023-05-23,2023-05-23,2023,5,Q2,May,20,0,1,225,225,0,0.0,82.2,18495.0,1
PO-02713,S010,Reliable Goods Co.,Tier 3,Road,Chemicals,WH-West,2023-05-04,2023-05-23,2023-05-30,2023,5,Q2,May,19,7,0,121,121,0,0.0,248.48,30066.08,1
PO-02714,S001,FastTrack Logistics,Tier 1,Road,Textiles,WH-East,2023-05-04,2023-05-22,2023-05-23,2023,5,Q2,May,18,1,0,1084,1084,0,0.0,38.19,41397.96,1
PO-02715,S003,Apex Supply Co.,Tier 2,Road,Textiles,WH-South,2023-05-04,2023-05-11,2023-05-11,2023,5,Q2,May,7,0,1,1339,1214,125,9.34,30.54,40893.06,0
PO-02716,S002,BlueStar Freight,Tier 1,Rail,Raw Materials,WH-South,2023-05-05,2023-05-25,2023-05-25,2023,5,Q2,May,20,0,1,69,69,0,0.0,184.78,12749.82,1
PO-02717,S009,Eastside Components,Tier 2,Sea,Textiles,WH-West,2023-05-05,2023-05-17,2023-05-17,2023,5,Q2,May,12,0,1,532,532,0,0.0,215.28,114528.96,1
PO-02718,S003,Apex Supply Co.,Tier 2,Road,Electronics,WH-East,2023-05-05,2023-05-18,2023-05-18,2023,5,Q2,May,13,0,1,1566,1566,0,0.0,37.52,58756.32,1
PO-02719,S002,BlueStar Freight,Tier 1,Rail,Electronics,WH-South,2023-05-06,2023-05-24,2023-05-24,2023,5,Q2,May,18,0,1,1136,1136,0,0.0,59.5,67592.0,1
PO-02720,S009,Eastside Components,Tier 2,Sea,Chemicals,WH-South,2023-05-06,2023-05-19,2023-05-19,2023,5,Q2,May,13,0,1,252,252,0,0.0,353.29,89029.08,1
PO-02721,S003,Apex Supply Co.,Tier 2,Road,Chemicals,WH-South,2023-05-06,2023-05-15,2023-05-15,2023,5,Q2,May,9,0,1,1183,1183,0,0.0,92.99,110007.17,1
PO-02722,S006,PrimeParts Inc.,Tier 1,Sea,Spare Parts,WH-East,2023-05-06,2023-05-26,2023-05-26,2023,5,Q2,May,20,0,1,1198,1198,0,0.0,176.4,211327.2,1
PO-02723,S003,Apex Supply Co.,Tier 2,Road,Packaging,WH-West,2023-05-06,2023-05-21,2023-06-02,2023,5,Q2,May,15,12,0,1835,1835,0,0.0,264.62,485577.7,1
PO-02724,S008,Northern Logistics,Tier 3,Rail,Packaging,WH-Central,2023-05-06,2023-05-16,2023-05-27,2023,5,Q2,May,10,11,0,228,202,26,11.4,434.16,98988.48,0
PO-02725,S003,Apex Supply Co.,Tier 2,Road,Textiles,WH-West,2023-05-06,2023-05-22,2023-05-22,2023,5,Q2,May,16,0,1,1054,1054,0,0.0,14.81,15609.74,1
PO-02726,S004,Global Parts Ltd,Tier 1,Air,Spare Parts,WH-West,2023-05-07,2023-05-27,2023-06-06,2023,5,Q2,May,20,10,0,108,108,0,0.0,448.37,48423.96,1
PO-02727,S008,Northern Logistics,Tier 3,Rail,Electronics,WH-East,2023-05-07,2023-05-25,2023-05-25,2023,5,Q2,May,18,0,1,1257,1257,0,0.0,384.37,483153.09,1
PO-02728,S009,Eastside Components,Tier 2,Sea,Textiles,WH-West,2023-05-07,2023-05-18,2023-05-27,2023,5,Q2,May,11,9,0,522,522,0,0.0,363.82,189914.04,1
PO-02729,S009,Eastside Components,Tier 2,Sea,Electronics,WH-Central,2023-05-07,2023-05-21,2023-05-21,2023,5,Q2,May,14,0,1,415,415,0,0.0,182.99,75940.85,1
PO-02730,S008,Northern Logistics,Tier 3,Rail,Chemicals,WH-Central,2023-05-07,2023-05-17,2023-05-17,2023,5,Q2,May,10,0,1,770,770,0,0.0,23.7,18249.0,1
PO-02731,S001,FastTrack Logistics,Tier 1,Road,Components,WH-West,2023-05-07,2023-05-14,2023-05-14,2023,5,Q2,May,7,0,1,663,663,0,0.0,341.55,226447.65,1
PO-02732,S002,BlueStar Freight,Tier 1,Rail,Raw Materials,WH-Central,2023-05-08,2023-05-16,2023-05-16,2023,5,Q2,May,8,0,1,206,206,0,0.0,238.12,49052.72,1
PO-02733,S005,Metro Distributors,Tier 2,Road,Spare Parts,WH-West,2023-05-08,2023-05-21,2023-05-21,2023,5,Q2,May,13,0,1,1497,1497,0,0.0,56.71,84894.87,1
PO-02734,S004,Global Parts Ltd,Tier 1,Air,Raw Materials,WH-Central,2023-05-08,2023-05-22,2023-05-30,2023,5,Q2,May,14,8,0,969,969,0,0.0,240.92,233451.48,1
PO-02735,S001,FastTrack Logistics,Tier 1,Road,Packaging,WH-Central,2023-05-08,2023-05-28,2023-05-28,2023,5,Q2,May,20,0,1,1900,1900,0,0.0,231.6,440040.0,1
PO-02736,S006,PrimeParts Inc.,Tier 1,Sea,Raw Materials,WH-East,2023-05-08,2023-05-21,2023-05-21,2023,5,Q2,May,13,0,1,1318,1318,0,0.0,361.53,476496.54,1
PO-02737,S005,Metro Distributors,Tier 2,Road,Electronics,WH-South,2023-05-08,2023-05-25,2023-05-25,2023,5,Q2,May,17,0,1,199,199,0,0.0,380.94,75807.06,1
PO-02738,S006,PrimeParts Inc.,Tier 1,Sea,Chemicals,WH-South,2023-05-09,2023-05-12,2023-05-12,2023,5,Q2,May,3,0,1,499,499,0,0.0,394.54,196875.46,1
PO-02739,S002,BlueStar Freight,Tier 1,Rail,Electronics,WH-North,2023-05-09,2023-05-29,2023-05-30,2023,5,Q2,May,20,1,0,977,977,0,0.0,181.9,177716.3,1
PO-02740,S008,Northern Logistics,Tier 3,Rail,Packaging,WH-South,2023-05-09,2023-05-14,2023-05-14,2023,5,Q2,May,5,0,1,663,663,0,0.0,41.15,27282.45,1
PO-02741,S002,BlueStar Freight,Tier 1,Rail,Chemicals,WH-Central,2023-05-09,2023-05-15,2023-05-15,2023,5,Q2,May,6,0,1,1190,1190,0,0.0,17.17,20432.3,1
PO-02742,S001,FastTrack Logistics,Tier 1,Road,Components,WH-Central,2023-05-09,2023-05-19,2023-05-31,2023,5,Q2,May,10,12,0,380,380,0,0.0,30.12,11445.6,1
PO-02743,S008,Northern Logistics,Tier 3,Rail,Components,WH-East,2023-05-09,2023-05-17,2023-05-17,2023,5,Q2,May,8,0,1,947,808,139,14.68,394.13,373241.11,0
PO-02744,S005,Metro Distributors,Tier 2,Road,Finished Goods,WH-Central,2023-05-09,2023-05-26,2023-05-26,2023,5,Q2,May,17,0,1,1252,1252,0,0.0,341.09,427044.68,1
PO-02745,S009,Eastside Components,Tier 2,Sea,Components,WH-South,2023-05-10,2023-05-20,2023-05-20,2023,5,Q2,May,10,0,1,215,215,0,0.0,156.36,33617.4,1
PO-02746,S003,Apex Supply Co.,Tier 2,Road,Finished Goods,WH-North,2023-05-10,2023-05-27,2023-05-27,2023,5,Q2,May,17,0,1,1454,1454,0,0.0,274.33,398875.82,1
PO-02747,S009,Eastside Components,Tier 2,Sea,Chemicals,WH-South,2023-05-10,2023-05-21,2023-05-25,2023,5,Q2,May,11,4,0,1279,1279,0,0.0,72.03,92126.37,1
PO-02748,S008,Northern Logistics,Tier 3,Rail,Packaging,WH-East,2023-05-10,2023-05-21,2023-05-25,2023,5,Q2,May,11,4,0,1478,1430,48,3.25,339.26,501426.28,0
PO-02749,S005,Metro Distributors,Tier 2,Road,Raw Materials,WH-West,2023-05-10,2023-05-20,2023-05-20,2023,5,Q2,May,10,0,1,208,208,0,0.0,35.59,7402.72,1
PO-02750,S010,Reliable Goods Co.,Tier 3,Road,Textiles,WH-Central,2023-05-10,2023-05-25,2023-06-04,2023,5,Q2,May,15,10,0,398,346,52,13.07,55.62,22136.76,0
PO-02751,S001,FastTrack Logistics,Tier 1,Road,Packaging,WH-West,2023-05-10,2023-05-30,2023-05-30,2023,5,Q2,May,20,0,1,1113,1113,0,0.0,200.55,223212.15,1
PO-02752,S002,BlueStar Freight,Tier 1,Rail,Chemicals,WH-West,2023-05-10,2023-05-18,2023-05-18,2023,5,Q2,May,8,0,1,473,473,0,0.0,496.54,234863.42,1
PO-02753,S005,Metro Distributors,Tier 2,Road,Chemicals,WH-South,2023-05-11,2023-05-23,2023-05-23,2023,5,Q2,May,12,0,1,1658,1658,0,0.0,6.3,10445.4,1
PO-02754,S002,BlueStar Freight,Tier 1,Rail,Textiles,WH-East,2023-05-11,2023-05-16,2023-05-16,2023,5,Q2,May,5,0,1,1050,1050,0,0.0,330.33,346846.5,1
PO-02755,S003,Apex Supply Co.,Tier 2,Road,Packaging,WH-West,2023-05-11,2023-05-24,2023-05-24,2023,5,Q2,May,13,0,1,1612,1612,0,0.0,26.42,42589.04,1
PO-02756,S006,PrimeParts Inc.,Tier 1,Sea,Packaging,WH-East,2023-05-11,2023-05-22,2023-05-22,2023,5,Q2,May,11,0,1,632,632,0,0.0,126.72,80087.04,1
PO-02757,S001,FastTrack Logistics,Tier 1,Road,Packaging,WH-North,2023-05-11,2023-05-16,2023-05-16,2023,5,Q2,May,5,0,1,1927,1927,0,0.0,118.08,227540.16,1
PO-02758,S009,Eastside Components,Tier 2,Sea,Electronics,WH-North,2023-05-11,2023-05-17,2023-05-17,2023,5,Q2,May,6,0,1,1018,1018,0,0.0,473.55,482073.9,1
PO-02759,S003,Apex Supply Co.,Tier 2,Road,Electronics,WH-West,2023-05-12,2023-05-30,2023-05-30,2023,5,Q2,May,18,0,1,1137,1137,0,0.0,421.02,478699.74,1
PO-02760,S008,Northern Logistics,Tier 3,Rail,Textiles,WH-East,2023-05-12,2023-05-30,2023-05-30,2023,5,Q2,May,18,0,1,96,96,0,0.0,342.34,32864.64,1
PO-02761,S006,PrimeParts Inc.,Tier 1,Sea,Chemicals,WH-West,2023-05-12,2023-05-17,2023-05-30,2023,5,Q2,May,5,13,0,510,510,0,0.0,16.74,8537.4,1
PO-02762,S006,PrimeParts Inc.,Tier 1,Sea,Finished Goods,WH-North,2023-05-12,2023-05-28,2023-05-28,2023,5,Q2,May,16,0,1,1847,1847,0,0.0,122.84,226885.48,1
PO-02763,S005,Metro Distributors,Tier 2,Road,Raw Materials,WH-North,2023-05-12,2023-06-02,2023-06-02,2023,5,Q2,May,21,0,1,703,703,0,0.0,449.87,316258.61,1
PO-02764,S002,BlueStar Freight,Tier 1,Rail,Electronics,WH-North,2023-05-13,2023-06-01,2023-06-01,2023,5,Q2,May,19,0,1,250,250,0,0.0,120.72,30180.0,1
PO-02765,S003,Apex Supply Co.,Tier 2,Road,Raw Materials,WH-West,2023-05-13,2023-05-25,2023-05-25,2023,5,Q2,May,12,0,1,68,68,0,0.0,412.19,28028.92,1
PO-02766,S005,Metro Distributors,Tier 2,Road,Packaging,WH-North,2023-05-13,2023-05-19,2023-05-19,2023,5,Q2,May,6,0,1,1971,1971,0,0.0,219.74,433107.54,1
PO-02767,S008,Northern Logistics,Tier 3,Rail,Raw Materials,WH-East,2023-05-13,2023-05-17,2023-05-20,2023,5,Q2,May,4,3,0,1744,1744,0,0.0,490.65,855693.6,1
PO-02768,S002,BlueStar Freight,Tier 1,Rail,Components,WH-North,2023-05-13,2023-05-23,2023-05-27,2023,5,Q2,May,10,4,0,89,89,0,0.0,56.15,4997.35,1
PO-02769,S003,Apex Supply Co.,Tier 2,Road,Components,WH-South,2023-05-13,2023-05-22,2023-05-22,2023,5,Q2,May,9,0,1,863,863,0,0.0,208.13,179616.19,1
PO-02770,S002,BlueStar Freight,Tier 1,Rail,Spare Parts,WH-East,2023-05-14,2023-05-24,2023-06-01,2023,5,Q2,May,10,8,0,1495,1495,0,0.0,457.45,683887.75,1
PO-02771,S004,Global Parts Ltd,Tier 1,Air,Textiles,WH-East,2023-05-14,2023-05-25,2023-05-25,2023,5,Q2,May,11,0,1,1935,1935,0,0.0,30.97,59926.95,1
PO-02772,S007,Swift Carriers,Tier 2,Road,Components,WH-West,2023-05-14,2023-05-27,2023-05-27,2023,5,Q2,May,13,0,1,275,275,0,0.0,124.35,34196.25,1
PO-02773,S006,PrimeParts Inc.,Tier 1,Sea,Raw Materials,WH-Central,2023-05-14,2023-05-22,2023-05-22,2023,5,Q2,May,8,0,1,728,728,0,0.0,439.26,319781.28,1
PO-02774,S006,PrimeParts Inc.,Tier 1,Sea,Spare Parts,WH-Central,2023-05-15,2023-06-03,2023-06-15,2023,5,Q2,May,19,12,0,1258,1258,0,0.0,480.53,604506.74,1
PO-02775,S009,Eastside Components,Tier 2,Sea,Components,WH-Central,2023-05-15,2023-05-31,2023-05-31,2023,5,Q2,May,16,0,1,911,911,0,0.0,384.7,350461.7,1
PO-02776,S001,FastTrack Logistics,Tier 1,Road,Electronics,WH-West,2023-05-15,2023-05-27,2023-05-27,2023,5,Q2,May,12,0,1,658,658,0,0.0,455.65,299817.7,1
PO-02777,S003,Apex Supply Co.,Tier 2,Road,Chemicals,WH-South,2023-05-15,2023-05-24,2023-06-01,2023,5,Q2,May,9,8,0,287,287,0,0.0,77.59,22268.33,1
PO-02778,S009,Eastside Components,Tier 2,Sea,Electronics,WH-West,2023-05-16,2023-06-06,2023-06-06,2023,5,Q2,May,21,0,1,1358,1358,0,0.0,448.89,609592.62,1
PO-02779,S002,BlueStar Freight,Tier 1,Rail,Components,WH-South,2023-05-16,2023-05-19,2023-05-19,2023,5,Q2,May,3,0,1,906,906,0,0.0,418.44,379106.64,1
PO-02780,S002,BlueStar Freight,Tier 1,Rail,Spare Parts,WH-West,2023-05-16,2023-06-05,2023-06-05,2023,5,Q2,May,20,0,1,1077,1077,0,0.0,379.78,409023.06,1
PO-02781,S009,Eastside Components,Tier 2,Sea,Packaging,WH-West,2023-05-16,2023-05-25,2023-05-25,2023,5,Q2,May,9,0,1,169,169,0,0.0,52.89,8938.41,1
PO-02782,S002,BlueStar Freight,Tier 1,Rail,Textiles,WH-Central,2023-05-16,2023-06-06,2023-06-06,2023,5,Q2,May,21,0,1,274,274,0,0.0,42.72,11705.28,1
PO-02783,S006,PrimeParts Inc.,Tier 1,Sea,Textiles,WH-Central,2023-05-17,2023-05-29,2023-05-29,2023,5,Q2,May,12,0,1,822,822,0,0.0,87.72,72105.84,1
PO-02784,S009,Eastside Components,Tier 2,Sea,Raw Materials,WH-Central,2023-05-17,2023-05-29,2023-05-29,2023,5,Q2,May,12,0,1,1333,1333,0,0.0,35.96,47934.68,1
PO-02785,S002,BlueStar Freight,Tier 1,Rail,Electronics,WH-East,2023-05-17,2023-05-22,2023-05-22,2023,5,Q2,May,5,0,1,1030,1030,0,0.0,246.95,254358.5,1
PO-02786,S006,PrimeParts Inc.,Tier 1,Sea,Textiles,WH-Central,2023-05-17,2023-05-24,2023-05-24,2023,5,Q2,May,7,0,1,638,638,0,0.0,495.56,316167.28,1
PO-02787,S006,PrimeParts Inc.,Tier 1,Sea,Finished Goods,WH-West,2023-05-17,2023-05-22,2023-05-22,2023,5,Q2,May,5,0,1,1799,1799,0,0.0,155.93,280518.07,1
PO-02788,S007,Swift Carriers,Tier 2,Road,Components,WH-Central,2023-05-17,2023-06-07,2023-06-07,2023,5,Q2,May,21,0,1,598,598,0,0.0,69.62,41632.76,1
PO-02789,S007,Swift Carriers,Tier 2,Road,Textiles,WH-West,2023-05-18,2023-05-31,2023-06-14,2023,5,Q2,May,13,14,0,1948,1948,0,0.0,171.98,335017.04,1
PO-02790,S009,Eastside Components,Tier 2,Sea,Components,WH-West,2023-05-18,2023-05-31,2023-06-07,2023,5,Q2,May,13,7,0,1790,1790,0,0.0,352.84,631583.6,1
PO-02791,S009,Eastside Components,Tier 2,Sea,Chemicals,WH-East,2023-05-18,2023-05-24,2023-05-24,2023,5,Q2,May,6,0,1,1512,1512,0,0.0,376.97,569978.64,1
PO-02792,S004,Global Parts Ltd,Tier 1,Air,Spare Parts,WH-North,2023-05-18,2023-05-23,2023-05-23,2023,5,Q2,May,5,0,1,75,75,0,0.0,74.25,5568.75,1
PO-02793,S002,BlueStar Freight,Tier 1,Rail,Spare Parts,WH-West,2023-05-18,2023-05-25,2023-05-25,2023,5,Q2,May,7,0,1,850,850,0,0.0,48.37,41114.5,1
PO-02794,S010,Reliable Goods Co.,Tier 3,Road,Textiles,WH-East,2023-05-19,2023-06-03,2023-06-10,2023,5,Q2,May,15,7,0,1828,1828,0,0.0,358.83,655941.24,1
PO-02795,S001,FastTrack Logistics,Tier 1,Road,Spare Parts,WH-North,2023-05-19,2023-05-23,2023-05-23,2023,5,Q2,May,4,0,1,1633,1633,0,0.0,451.47,737250.51,1
PO-02796,S008,Northern Logistics,Tier 3,Rail,Spare Parts,WH-South,2023-05-19,2023-06-09,2023-06-14,2023,5,Q2,May,21,5,0,1328,1328,0,0.0,228.01,302797.28,1
PO-02797,S009,Eastside Components,Tier 2,Sea,Chemicals,WH-North,2023-05-19,2023-06-02,2023-06-02,2023,5,Q2,May,14,0,1,1828,1828,0,0.0,382.46,699136.88,1
PO-02798,S004,Global Parts Ltd,Tier 1,Air,Packaging,WH-Central,2023-05-20,2023-05-27,2023-05-27,2023,5,Q2,May,7,0,1,1999,1999,0,0.0,420.61,840799.39,1
PO-02799,S007,Swift Carriers,Tier 2,Road,Textiles,WH-South,2023-05-20,2023-06-01,2023-06-01,2023,5,Q2,May,12,0,1,462,462,0,0.0,136.43,63030.66,1
PO-02800,S006,PrimeParts Inc.,Tier 1,Sea,Raw Materials,WH-North,2023-05-20,2023-05-23,2023-05-23,2023,5,Q2,May,3,0,1,1066,1066,0,0.0,202.16,215502.56,1
PO-02801,S004,Global Parts Ltd,Tier 1,Air,Raw Materials,WH-East,2023-05-21,2023-05-25,2023-05-25,2023,5,Q2,May,4,0,1,335,335,0,0.0,284.73,95384.55,1
PO-02802,S001,FastTrack Logistics,Tier 1,Road,Spare Parts,WH-South,2023-05-21,2023-06-10,2023-06-10,2023,5,Q2,May,20,0,1,1854,1854,0,0.0,179.67,333108.18,1
PO-02803,S003,Apex Supply Co.,Tier 2,Road,Electronics,WH-East,2023-05-21,2023-06-03,2023-06-03,2023,5,Q2,May,13,0,1,757,757,0,0.0,267.43,202444.51,1
PO-02804,S004,Global Parts Ltd,Tier 1,Air,Electronics,WH-South,2023-05-21,2023-06-10,2023-06-10,2023,5,Q2,May,20,0,1,177,177,0,0.0,350.47,62033.19,1
PO-02805,S001,FastTrack Logistics,Tier 1,Road,Electronics,WH-East,2023-05-21,2023-06-06,2023-06-06,2023,5,Q2,May,16,0,1,1490,1490,0,0.0,271.59,404669.1,1
PO-02806,S009,Eastside Components,Tier 2,Sea,Finished Goods,WH-South,2023-05-22,2023-05-30,2023-05-30,2023,5,Q2,May,8,0,1,688,688,0,0.0,395.17,271876.96,1
PO-02807,S005,Metro Distributors,Tier 2,Road,Electronics,WH-South,2023-05-22,2023-06-01,2023-06-13,2023,5,Q2,May,10,12,0,1365,1365,0,0.0,172.1,234916.5,1
PO-02808,S005,Metro Distributors,Tier 2,Road,Finished Goods,WH-North,2023-05-22,2023-06-06,2023-06-08,2023,5,Q2,May,15,2,0,735,735,0,0.0,359.89,264519.15,1
PO-02809,S009,Eastside Components,Tier 2,Sea,Packaging,WH-South,2023-05-22,2023-05-31,2023-05-31,2023,5,Q2,May,9,0,1,569,569,0,0.0,38.41,21855.29,1
PO-02810,S009,Eastside Components,Tier 2,Sea,Textiles,WH-West,2023-05-22,2023-06-09,2023-06-09,2023,5,Q2,May,18,0,1,1873,1873,0,0.0,95.31,178515.63,1
PO-02811,S004,Global Parts Ltd,Tier 1,Air,Finished Goods,WH-East,2023-05-22,2023-05-25,2023-06-02,2023,5,Q2,May,3,8,0,100,100,0,0.0,242.84,24284.0,1
PO-02812,S002,BlueStar Freight,Tier 1,Rail,Packaging,WH-East,2023-05-22,2023-06-04,2023-06-04,2023,5,Q2,May,13,0,1,1161,1161,0,0.0,449.56,521939.16,1
PO-02813,S003,Apex Supply Co.,Tier 2,Road,Finished Goods,WH-Central,2023-05-22,2023-05-27,2023-05-27,2023,5,Q2,May,5,0,1,599,599,0,0.0,274.17,164227.83,1
PO-02814,S008,Northern Logistics,Tier 3,Rail,Textiles,WH-South,2023-05-23,2023-06-05,2023-06-16,2023,5,Q2,May,13,11,0,1467,1467,0,0.0,120.99,177492.33,1
PO-02815,S008,Northern Logistics,Tier 3,Rail,Chemicals,WH-North,2023-05-23,2023-06-05,2023-06-05,2023,5,Q2,May,13,0,1,1978,1978,0,0.0,104.15,206008.7,1
PO-02816,S003,Apex Supply Co.,Tier 2,Road,Electronics,WH-West,2023-05-23,2023-05-26,2023-05-26,2023,5,Q2,May,3,0,1,1773,1773,0,0.0,43.69,77462.37,1
PO-02817,S008,Northern Logistics,Tier 3,Rail,Electronics,WH-South,2023-05-23,2023-05-29,2023-05-29,2023,5,Q2,May,6,0,1,1184,1184,0,0.0,420.05,497339.2,1
PO-02818,S004,Global Parts Ltd,Tier 1,Air,Packaging,WH-South,2023-05-24,2023-06-10,2023-06-10,2023,5,Q2,May,17,0,1,1876,1876,0,0.0,40.26,75527.76,1
PO-02819,S004,Global Parts Ltd,Tier 1,Air,Components,WH-North,2023-05-24,2023-05-31,2023-05-31,2023,5,Q2,May,7,0,1,1547,1547,0,0.0,160.4,248138.8,1
PO-02820,S002,BlueStar Freight,Tier 1,Rail,Finished Goods,WH-Central,2023-05-24,2023-06-03,2023-06-03,2023,5,Q2,May,10,0,1,80,80,0,0.0,421.65,33732.0,1
PO-02821,S006,PrimeParts Inc.,Tier 1,Sea,Components,WH-North,2023-05-24,2023-06-13,2023-06-13,2023,5,Q2,May,20,0,1,1083,1083,0,0.0,56.63,61330.29,1
PO-02822,S008,Northern Logistics,Tier 3,Rail,Chemicals,WH-East,2023-05-24,2023-06-09,2023-06-09,2023,5,Q2,May,16,0,1,1965,1965,0,0.0,251.26,493725.9,1
PO-02823,S002,BlueStar Freight,Tier 1,Rail,Components,WH-North,2023-05-24,2023-05-29,2023-05-29,2023,5,Q2,May,5,0,1,1440,1440,0,0.0,410.91,591710.4,1
PO-02824,S007,Swift Carriers,Tier 2,Road,Textiles,WH-Central,2023-05-24,2023-06-07,2023-06-07,2023,5,Q2,May,14,0,1,733,733,0,0.0,215.61,158042.13,1
PO-02825,S010,Reliable Goods Co.,Tier 3,Road,Raw Materials,WH-East,2023-05-25,2023-06-05,2023-06-05,2023,5,Q2,May,11,0,1,118,116,2,1.69,112.5,13275.0,0
PO-02826,S005,Metro Distributors,Tier 2,Road,Electronics,WH-East,2023-05-25,2023-06-04,2023-06-04,2023,5,Q2,May,10,0,1,1727,1727,0,0.0,388.56,671043.12,1
PO-02827,S002,BlueStar Freight,Tier 1,Rail,Finished Goods,WH-North,2023-05-25,2023-06-09,2023-06-09,2023,5,Q2,May,15,0,1,1126,1126,0,0.0,210.61,237146.86,1
PO-02828,S003,Apex Supply Co.,Tier 2,Road,Finished Goods,WH-South,2023-05-26,2023-06-15,2023-06-15,2023,5,Q2,May,20,0,1,1548,1548,0,0.0,148.9,230497.2,1
PO-02829,S010,Reliable Goods Co.,Tier 3,Road,Textiles,WH-North,2023-05-26,2023-06-11,2023-06-11,2023,5,Q2,May,16,0,1,1872,1604,268,14.32,380.58,712445.76,0
PO-02830,S002,BlueStar Freight,Tier 1,Rail,Textiles,WH-East,2023-05-26,2023-06-09,2023-06-09,2023,5,Q2,May,14,0,1,1862,1862,0,0.0,124.93,232619.66,1
PO-02831,S005,Metro Distributors,Tier 2,Road,Finished Goods,WH-East,2023-05-26,2023-06-10,2023-06-11,2023,5,Q2,May,15,1,0,720,668,52,7.22,354.16,254995.2,0
PO-02832,S002,BlueStar Freight,Tier 1,Rail,Spare Parts,WH-East,2023-05-26,2023-05-31,2023-05-31,2023,5,Q2,May,5,0,1,748,748,0,0.0,15.62,11683.76,1
PO-02833,S004,Global Parts Ltd,Tier 1,Air,Spare Parts,WH-North,2023-05-26,2023-06-08,2023-06-11,2023,5,Q2,May,13,3,0,661,661,0,0.0,286.22,189191.42,1
PO-02834,S002,BlueStar Freight,Tier 1,Rail,Electronics,WH-East,2023-05-26,2023-06-13,2023-06-13,2023,5,Q2,May,18,0,1,283,283,0,0.0,467.18,132211.94,1
PO-02835,S004,Global Parts Ltd,Tier 1,Air,Packaging,WH-North,2023-05-26,2023-06-08,2023-06-08,2023,5,Q2,May,13,0,1,1067,1067,0,0.0,119.87,127901.29,1
PO-02836,S004,Global Parts Ltd,Tier 1,Air,Packaging,WH-East,2023-05-27,2023-05-30,2023-06-13,2023,5,Q2,May,3,14,0,1403,1403,0,0.0,97.33,136553.99,1
PO-02837,S004,Global Parts Ltd,Tier 1,Air,Finished Goods,WH-East,2023-05-27,2023-05-31,2023-05-31,2023,5,Q2,May,4,0,1,868,868,0,0.0,254.46,220871.28,1
PO-02838,S005,Metro Distributors,Tier 2,Road,Textiles,WH-West,2023-05-27,2023-06-06,2023-06-06,2023,5,Q2,May,10,0,1,375,375,0,0.0,229.25,85968.75,1
PO-02839,S004,Global Parts Ltd,Tier 1,Air,Components,WH-East,2023-05-27,2023-06-17,2023-06-17,2023,5,Q2,May,21,0,1,1494,1494,0,0.0,369.67,552286.98,1
PO-02840,S009,Eastside Components,Tier 2,Sea,Packaging,WH-East,2023-05-28,2023-06-12,2023-06-12,2023,5,Q2,May,15,0,1,1850,1850,0,0.0,308.12,570022.0,1
PO-02841,S004,Global Parts Ltd,Tier 1,Air,Finished Goods,WH-West,2023-05-28,2023-06-14,2023-06-14,2023,5,Q2,May,17,0,1,763,763,0,0.0,494.64,377410.32,1
PO-02842,S004,Global Parts Ltd,Tier 1,Air,Chemicals,WH-West,2023-05-28,2023-06-11,2023-06-11,2023,5,Q2,May,14,0,1,1465,1465,0,0.0,345.82,506626.3,1
PO-02843,S004,Global Parts Ltd,Tier 1,Air,Components,WH-South,2023-05-29,2023-06-08,2023-06-08,2023,5,Q2,May,10,0,1,153,150,3,1.96,123.51,18897.03,0
PO-02844,S004,Global Parts Ltd,Tier 1,Air,Finished Goods,WH-Central,2023-05-29,2023-06-01,2023-06-01,2023,5,Q2,May,3,0,1,1342,1342,0,0.0,126.16,169306.72,1
PO-02845,S010,Reliable Goods Co.,Tier 3,Road,Components,WH-North,2023-05-29,2023-06-17,2023-06-30,2023,5,Q2,May,19,13,0,711,711,0,0.0,173.05,123038.55,1
PO-02846,S010,Reliable Goods Co.,Tier 3,Road,Components,WH-East,2023-05-29,2023-06-09,2023-06-09,2023,5,Q2,May,11,0,1,309,309,0,0.0,5.28,1631.52,1
PO-02847,S005,Metro Distributors,Tier 2,Road,Textiles,WH-East,2023-05-29,2023-06-09,2023-06-09,2023,5,Q2,May,11,0,1,322,322,0,0.0,409.5,131859.0,1
PO-02848,S008,Northern Logistics,Tier 3,Rail,Textiles,WH-Central,2023-05-29,2023-06-15,2023-06-22,2023,5,Q2,May,17,7,0,1885,1885,0,0.0,464.7,875959.5,1
PO-02849,S003,Apex Supply Co.,Tier 2,Road,Electronics,WH-South,2023-05-30,2023-06-13,2023-06-26,2023,5,Q2,May,14,13,0,655,655,0,0.0,297.96,195163.8,1
PO-02850,S002,BlueStar Freight,Tier 1,Rail,Spare Parts,WH-South,2023-05-30,2023-06-05,2023-06-11,2023,5,Q2,May,6,6,0,300,300,0,0.0,349.43,104829.0,1
PO-02851,S009,Eastside Components,Tier 2,Sea,Spare Parts,WH-East,2023-05-30,2023-06-20,2023-06-20,2023,5,Q2,May,21,0,1,333,333,0,0.0,172.47,57432.51,1
PO-02852,S009,Eastside Components,Tier 2,Sea,Chemicals,WH-West,2023-05-30,2023-06-02,2023-06-08,2023,5,Q2,May,3,6,0,100,100,0,0.0,52.29,5229.0,1
PO-02853,S002,BlueStar Freight,Tier 1,Rail,Packaging,WH-East,2023-05-30,2023-06-20,2023-06-20,2023,5,Q2,May,21,0,1,1838,1838,0,0.0,210.28,386494.64,1
PO-02854,S005,Metro Distributors,Tier 2,Road,Packaging,WH-Central,2023-05-30,2023-06-09,2023-06-09,2023,5,Q2,May,10,0,1,1436,1436,0,0.0,399.5,573682.0,1
PO-02855,S003,Apex Supply Co.,Tier 2,Road,Packaging,WH-East,2023-05-30,2023-06-17,2023-06-17,2023,5,Q2,May,18,0,1,1581,1581,0,0.0,241.93,382491.33,1
PO-02856,S004,Global Parts Ltd,Tier 1,Air,Packaging,WH-North,2023-05-30,2023-06-14,2023-06-14,2023,5,Q2,May,15,0,1,661,661,0,0.0,114.54,75710.94,1
PO-02857,S003,Apex Supply Co.,Tier 2,Road,Packaging,WH-West,2023-05-31,2023-06-07,2023-06-07,2023,5,Q2,May,7,0,1,880,880,0,0.0,269.4,237072.0,1
PO-02858,S010,Reliable Goods Co.,Tier 3,Road,Spare Parts,WH-Central,2023-05-31,2023-06-08,2023-06-08,2023,5,Q2,May,8,0,1,473,473,0,0.0,266.69,126144.37,1
PO-02859,S005,Metro Distributors,Tier 2,Road,Packaging,WH-West,2023-05-31,2023-06-03,2023-06-04,2023,5,Q2,May,3,1,0,1924,1924,0,0.0,151.6,291678.4,1
PO-02860,S005,Metro Distributors,Tier 2,Road,Textiles,WH-Central,2023-05-31,2023-06-18,2023-06-18,2023,5,Q2,May,18,0,1,970,970,0,0.0,204.79,198646.3,1
PO-02861,S003,Apex Supply Co.,Tier 2,Road,Chemicals,WH-West,2023-05-31,2023-06-14,2023-06-14,2023,5,Q2,May,14,0,1,1984,1984,0,0.0,230.97,458244.48,1
PO-02862,S009,Eastside Components,Tier 2,Sea,Packaging,WH-North,2023-05-31,2023-06-17,2023-06-17,2023,5,Q2,May,17,0,1,1498,1498,0,0.0,404.0,605192.0,1
PO-02863,S010,Reliable Goods Co.,Tier 3,Road,Packaging,WH-North,2023-06-01,2023-06-21,2023-06-21,2023,6,Q2,Jun,20,0,1,1862,1771,91,4.89,214.89,400125.18,0
PO-02864,S002,BlueStar Freight,Tier 1,Rail,Textiles,WH-West,2023-06-01,2023-06-05,2023-06-05,2023,6,Q2,Jun,4,0,1,545,545,0,0.0,142.72,77782.4,1
PO-02865,S010,Reliable Goods Co.,Tier 3,Road,Spare Parts,WH-East,2023-06-01,2023-06-14,2023-06-16,2023,6,Q2,Jun,13,2,0,1120,988,132,11.79,36.44,40812.8,0
PO-02866,S007,Swift Carriers,Tier 2,Road,Electronics,WH-South,2023-06-01,2023-06-13,2023-06-17,2023,6,Q2,Jun,12,4,0,124,124,0,0.0,241.14,29901.36,1
PO-02867,S002,BlueStar Freight,Tier 1,Rail,Spare Parts,WH-East,2023-06-02,2023-06-21,2023-06-21,2023,6,Q2,Jun,19,0,1,238,238,0,0.0,187.99,44741.62,1
PO-02868,S010,Reliable Goods Co.,Tier 3,Road,Raw Materials,WH-East,2023-06-02,2023-06-05,2023-06-05,2023,6,Q2,Jun,3,0,1,270,270,0,0.0,343.84,92836.8,1
PO-02869,S004,Global Parts Ltd,Tier 1,Air,Textiles,WH-Central,2023-06-02,2023-06-07,2023-06-07,2023,6,Q2,Jun,5,0,1,747,747,0,0.0,7.34,5482.98,1
PO-02870,S008,Northern Logistics,Tier 3,Rail,Spare Parts,WH-South,2023-06-03,2023-06-20,2023-06-20,2023,6,Q2,Jun,17,0,1,295,295,0,0.0,134.6,39707.0,1
PO-02871,S001,FastTrack Logistics,Tier 1,Road,Chemicals,WH-South,2023-06-03,2023-06-06,2023-06-06,2023,6,Q2,Jun,3,0,1,907,907,0,0.0,236.73,214714.11,1
PO-02872,S008,Northern Logistics,Tier 3,Rail,Packaging,WH-East,2023-06-03,2023-06-15,2023-06-16,2023,6,Q2,Jun,12,1,0,602,602,0,0.0,494.76,297845.52,1
PO-02873,S008,Northern Logistics,Tier 3,Rail,Spare Parts,WH-North,2023-06-03,2023-06-21,2023-06-21,2023,6,Q2,Jun,18,0,1,697,697,0,0.0,370.97,258566.09,1
PO-02874,S004,Global Parts Ltd,Tier 1,Air,Chemicals,WH-North,2023-06-03,2023-06-08,2023-06-08,2023,6,Q2,Jun,5,0,1,1922,1922,0,0.0,297.65,572083.3,1
PO-02875,S002,BlueStar Freight,Tier 1,Rail,Raw Materials,WH-North,2023-06-04,2023-06-13,2023-06-13,2023,6,Q2,Jun,9,0,1,1150,1150,0,0.0,409.34,470741.0,1
PO-02876,S002,BlueStar Freight,Tier 1,Rail,Components,WH-North,2023-06-04,2023-06-17,2023-06-17,2023,6,Q2,Jun,13,0,1,971,971,0,0.0,426.65,414277.15,1
PO-02877,S010,Reliable Goods Co.,Tier 3,Road,Chemicals,WH-East,2023-06-04,2023-06-25,2023-06-27,2023,6,Q2,Jun,21,2,0,1644,1637,7,0.43,15.44,25383.36,0
PO-02878,S008,Northern Logistics,Tier 3,Rail,Electronics,WH-North,2023-06-04,2023-06-12,2023-06-12,2023,6,Q2,Jun,8,0,1,633,633,0,0.0,289.36,183164.88,1
PO-02879,S006,PrimeParts Inc.,Tier 1,Sea,Electronics,WH-West,2023-06-04,2023-06-10,2023-06-10,2023,6,Q2,Jun,6,0,1,693,693,0,0.0,11.04,7650.72,1
PO-02880,S003,Apex Supply Co.,Tier 2,Road,Raw Materials,WH-Central,2023-06-04,2023-06-19,2023-06-19,2023,6,Q2,Jun,15,0,1,664,664,0,0.0,27.41,18200.24,1
PO-02881,S003,Apex Supply Co.,Tier 2,Road,Raw Materials,WH-South,2023-06-04,2023-06-24,2023-07-02,2023,6,Q2,Jun,20,8,0,1081,1081,0,0.0,66.72,72124.32,1
PO-02882,S002,BlueStar Freight,Tier 1,Rail,Textiles,WH-South,2023-06-05,2023-06-13,2023-06-13,2023,6,Q2,Jun,8,0,1,1310,1310,0,0.0,172.82,226394.2,1
PO-02883,S001,FastTrack Logistics,Tier 1,Road,Raw Materials,WH-North,2023-06-05,2023-06-24,2023-06-24,2023,6,Q2,Jun,19,0,1,96,96,0,0.0,178.16,17103.36,1
PO-02884,S007,Swift Carriers,Tier 2,Road,Chemicals,WH-West,2023-06-05,2023-06-18,2023-07-02,2023,6,Q2,Jun,13,14,0,555,555,0,0.0,303.44,168409.2,1
PO-02885,S006,PrimeParts Inc.,Tier 1,Sea,Raw Materials,WH-South,2023-06-05,2023-06-16,2023-06-16,2023,6,Q2,Jun,11,0,1,1519,1519,0,0.0,310.39,471482.41,1
PO-02886,S005,Metro Distributors,Tier 2,Road,Packaging,WH-North,2023-06-05,2023-06-23,2023-06-23,2023,6,Q2,Jun,18,0,1,1910,1910,0,0.0,273.62,522614.2,1
PO-02887,S003,Apex Supply Co.,Tier 2,Road,Raw Materials,WH-West,2023-06-05,2023-06-26,2023-06-26,2023,6,Q2,Jun,21,0,1,1759,1759,0,0.0,349.07,614014.13,1
PO-02888,S010,Reliable Goods Co.,Tier 3,Road,Textiles,WH-Central,2023-06-06,2023-06-18,2023-06-18,2023,6,Q2,Jun,12,0,1,1587,1587,0,0.0,90.97,144369.39,1
PO-02889,S010,Reliable Goods Co.,Tier 3,Road,Chemicals,WH-East,2023-06-06,2023-06-16,2023-06-16,2023,6,Q2,Jun,10,0,1,1257,1115,142,11.3,412.64,518688.48,0
PO-02890,S010,Reliable Goods Co.,Tier 3,Road,Chemicals,WH-Central,2023-06-06,2023-06-25,2023-07-09,2023,6,Q2,Jun,19,14,0,1001,1001,0,0.0,89.55,89639.55,1
PO-02891,S010,Reliable Goods Co.,Tier 3,Road,Finished Goods,WH-Central,2023-06-07,2023-06-20,2023-06-20,2023,6,Q2,Jun,13,0,1,213,213,0,0.0,102.73,21881.49,1
PO-02892,S008,Northern Logistics,Tier 3,Rail,Components,WH-East,2023-06-07,2023-06-19,2023-06-19,2023,6,Q2,Jun,12,0,1,1393,1393,0,0.0,473.36,659390.48,1
PO-02893,S003,Apex Supply Co.,Tier 2,Road,Electronics,WH-West,2023-06-07,2023-06-27,2023-07-03,2023,6,Q2,Jun,20,6,0,1613,1613,0,0.0,169.87,274000.31,1
PO-02894,S008,Northern Logistics,Tier 3,Rail,Raw Materials,WH-West,2023-06-07,2023-06-10,2023-06-10,2023,6,Q2,Jun,3,0,1,614,614,0,0.0,37.99,23325.86,1
PO-02895,S003,Apex Supply Co.,Tier 2,Road,Packaging,WH-West,2023-06-07,2023-06-14,2023-06-14,2023,6,Q2,Jun,7,0,1,936,936,0,0.0,224.16,209813.76,1
PO-02896,S006,PrimeParts Inc.,Tier 1,Sea,Packaging,WH-East,2023-06-07,2023-06-28,2023-06-28,2023,6,Q2,Jun,21,0,1,1578,1578,0,0.0,74.1,116929.8,1
PO-02897,S004,Global Parts Ltd,Tier 1,Air,Spare Parts,WH-Central,2023-06-07,2023-06-18,2023-06-18,2023,6,Q2,Jun,11,0,1,847,847,0,0.0,158.78,134486.66,1
PO-02898,S003,Apex Supply Co.,Tier 2,Road,Packaging,WH-East,2023-06-08,2023-06-28,2023-06-28,2023,6,Q2,Jun,20,0,1,631,631,0,0.0,344.08,217114.48,1
PO-02899,S010,Reliable Goods Co.,Tier 3,Road,Raw Materials,WH-North,2023-06-08,2023-06-20,2023-06-27,2023,6,Q2,Jun,12,7,0,1370,1370,0,0.0,334.08,457689.6,1
PO-02900,S010,Reliable Goods Co.,Tier 3,Road,Textiles,WH-West,2023-06-08,2023-06-13,2023-06-13,2023,6,Q2,Jun,5,0,1,1706,1706,0,0.0,253.85,433068.1,1
PO-02901,S008,Northern Logistics,Tier 3,Rail,Packaging,WH-East,2023-06-08,2023-06-25,2023-06-28,2023,6,Q2,Jun,17,3,0,1427,1427,0,0.0,456.88,651967.76,1
PO-02902,S007,Swift Carriers,Tier 2,Road,Finished Goods,WH-South,2023-06-08,2023-06-20,2023-06-20,2023,6,Q2,Jun,12,0,1,737,737,0,0.0,30.1,22183.7,1
PO-02903,S005,Metro Distributors,Tier 2,Road,Finished Goods,WH-West,2023-06-08,2023-06-21,2023-07-05,2023,6,Q2,Jun,13,14,0,604,530,74,12.25,357.59,215984.36,0
PO-02904,S005,Metro Distributors,Tier 2,Road,Electronics,WH-East,2023-06-09,2023-06-23,2023-07-02,2023,6,Q2,Jun,14,9,0,492,492,0,0.0,353.89,174113.88,1
PO-02905,S010,Reliable Goods Co.,Tier 3,Road,Finished Goods,WH-Central,2023-06-09,2023-06-28,2023-07-08,2023,6,Q2,Jun,19,10,0,647,647,0,0.0,437.26,282907.22,1
PO-02906,S007,Swift Carriers,Tier 2,Road,Chemicals,WH-South,2023-06-09,2023-06-28,2023-06-28,2023,6,Q2,Jun,19,0,1,568,526,42,7.39,214.77,121989.36,0
PO-02907,S007,Swift Carriers,Tier 2,Road,Textiles,WH-East,2023-06-09,2023-06-19,2023-06-19,2023,6,Q2,Jun,10,0,1,238,238,0,0.0,353.31,84087.78,1
PO-02908,S004,Global Parts Ltd,Tier 1,Air,Packaging,WH-West,2023-06-10,2023-06-27,2023-06-27,2023,6,Q2,Jun,17,0,1,1387,1387,0,0.0,322.72,447612.64,1
PO-02909,S003,Apex Supply Co.,Tier 2,Road,Chemicals,WH-North,2023-06-10,2023-06-13,2023-06-13,2023,6,Q2,Jun,3,0,1,1664,1664,0,0.0,430.28,715985.92,1
PO-02910,S004,Global Parts Ltd,Tier 1,Air,Chemicals,WH-Central,2023-06-10,2023-06-13,2023-06-13,2023,6,Q2,Jun,3,0,1,168,168,0,0.0,400.35,67258.8,1
PO-02911,S004,Global Parts Ltd,Tier 1,Air,Textiles,WH-West,2023-06-10,2023-06-19,2023-06-19,2023,6,Q2,Jun,9,0,1,1213,1213,0,0.0,434.61,527181.93,1
PO-02912,S009,Eastside Components,Tier 2,Sea,Packaging,WH-East,2023-06-10,2023-06-16,2023-06-16,2023,6,Q2,Jun,6,0,1,661,661,0,0.0,219.67,145201.87,1
PO-02913,S010,Reliable Goods Co.,Tier 3,Road,Finished Goods,WH-Central,2023-06-10,2023-06-19,2023-06-20,2023,6,Q2,Jun,9,1,0,1567,1567,0,0.0,297.34,465931.78,1
PO-02914,S007,Swift Carriers,Tier 2,Road,Chemicals,WH-East,2023-06-10,2023-06-18,2023-06-21,2023,6,Q2,Jun,8,3,0,771,771,0,0.0,330.44,254769.24,1
PO-02915,S004,Global Parts Ltd,Tier 1,Air,Chemicals,WH-East,2023-06-10,2023-06-15,2023-06-15,2023,6,Q2,Jun,5,0,1,119,119,0,0.0,259.32,30859.08,1
PO-02916,S003,Apex Supply Co.,Tier 2,Road,Chemicals,WH-North,2023-06-11,2023-06-23,2023-06-26,2023,6,Q2,Jun,12,3,0,1836,1836,0,0.0,452.43,830661.48,1
PO-02917,S006,PrimeParts Inc.,Tier 1,Sea,Spare Parts,WH-East,2023-06-11,2023-06-27,2023-06-30,2023,6,Q2,Jun,16,3,0,857,857,0,0.0,324.02,277685.14,1
PO-02918,S004,Global Parts Ltd,Tier 1,Air,Textiles,WH-East,2023-06-11,2023-06-22,2023-06-22,2023,6,Q2,Jun,11,0,1,608,608,0,0.0,66.14,40213.12,1
PO-02919,S009,Eastside Components,Tier 2,Sea,Components,WH-South,2023-06-11,2023-06-17,2023-06-17,2023,6,Q2,Jun,6,0,1,1349,1157,192,14.23,359.05,484358.45,0
PO-02920,S008,Northern Logistics,Tier 3,Rail,Components,WH-East,2023-06-11,2023-06-24,2023-07-05,2023,6,Q2,Jun,13,11,0,503,503,0,0.0,395.07,198720.21,1
PO-02921,S006,PrimeParts Inc.,Tier 1,Sea,Textiles,WH-West,2023-06-11,2023-06-22,2023-06-22,2023,6,Q2,Jun,11,0,1,107,107,0,0.0,373.88,40005.16,1
PO-02922,S006,PrimeParts Inc.,Tier 1,Sea,Components,WH-West,2023-06-11,2023-06-30,2023-06-30,2023,6,Q2,Jun,19,0,1,381,381,0,0.0,82.92,31592.52,1
PO-02923,S001,FastTrack Logistics,Tier 1,Road,Electronics,WH-North,2023-06-11,2023-06-30,2023-06-30,2023,6,Q2,Jun,19,0,1,1195,1195,0,0.0,277.86,332042.7,1
PO-02924,S008,Northern Logistics,Tier 3,Rail,Spare Parts,WH-East,2023-06-12,2023-06-23,2023-06-23,2023,6,Q2,Jun,11,0,1,1517,1517,0,0.0,121.53,184361.01,1
PO-02925,S007,Swift Carriers,Tier 2,Road,Raw Materials,WH-East,2023-06-12,2023-06-18,2023-06-18,2023,6,Q2,Jun,6,0,1,303,303,0,0.0,154.89,46931.67,1
PO-02926,S007,Swift Carriers,Tier 2,Road,Electronics,WH-North,2023-06-12,2023-06-18,2023-06-18,2023,6,Q2,Jun,6,0,1,194,194,0,0.0,36.04,6991.76,1
PO-02927,S009,Eastside Components,Tier 2,Sea,Raw Materials,WH-East,2023-06-12,2023-06-15,2023-06-28,2023,6,Q2,Jun,3,13,0,263,246,17,6.46,175.8,46235.4,0
PO-02928,S004,Global Parts Ltd,Tier 1,Air,Electronics,WH-North,2023-06-12,2023-06-18,2023-06-18,2023,6,Q2,Jun,6,0,1,1819,1819,0,0.0,434.12,789664.28,1
PO-02929,S009,Eastside Components,Tier 2,Sea,Spare Parts,WH-East,2023-06-12,2023-07-02,2023-07-02,2023,6,Q2,Jun,20,0,1,1848,1848,0,0.0,284.54,525829.92,1
PO-02930,S010,Reliable Goods Co.,Tier 3,Road,Textiles,WH-South,2023-06-13,2023-07-02,2023-07-02,2023,6,Q2,Jun,19,0,1,1697,1697,0,0.0,85.6,145263.2,1
PO-02931,S001,FastTrack Logistics,Tier 1,Road,Textiles,WH-East,2023-06-13,2023-06-27,2023-06-27,2023,6,Q2,Jun,14,0,1,998,998,0,0.0,457.25,456335.5,1
PO-02932,S008,Northern Logistics,Tier 3,Rail,Electronics,WH-East,2023-06-13,2023-07-01,2023-07-01,2023,6,Q2,Jun,18,0,1,1219,1219,0,0.0,383.53,467523.07,1
PO-02933,S008,Northern Logistics,Tier 3,Rail,Chemicals,WH-Central,2023-06-13,2023-07-02,2023-07-08,2023,6,Q2,Jun,19,6,0,1095,1095,0,0.0,152.88,167403.6,1
PO-02934,S002,BlueStar Freight,Tier 1,Rail,Textiles,WH-Central,2023-06-13,2023-06-16,2023-06-16,2023,6,Q2,Jun,3,0,1,367,367,0,0.0,310.93,114111.31,1
PO-02935,S009,Eastside Components,Tier 2,Sea,Raw Materials,WH-North,2023-06-13,2023-06-20,2023-06-20,2023,6,Q2,Jun,7,0,1,1941,1941,0,0.0,249.03,483367.23,1
PO-02936,S002,BlueStar Freight,Tier 1,Rail,Components,WH-South,2023-06-14,2023-06-22,2023-06-22,2023,6,Q2,Jun,8,0,1,559,559,0,0.0,225.42,126009.78,1
PO-02937,S008,Northern Logistics,Tier 3,Rail,Electronics,WH-South,2023-06-14,2023-06-23,2023-06-27,2023,6,Q2,Jun,9,4,0,451,451,0,0.0,426.44,192324.44,1
PO-02938,S006,PrimeParts Inc.,Tier 1,Sea,Textiles,WH-West,2023-06-14,2023-06-25,2023-06-25,2023,6,Q2,Jun,11,0,1,1663,1663,0,0.0,429.7,714591.1,1
PO-02939,S004,Global Parts Ltd,Tier 1,Air,Spare Parts,WH-West,2023-06-14,2023-07-03,2023-07-03,2023,6,Q2,Jun,19,0,1,1686,1686,0,0.0,222.53,375185.58,1
PO-02940,S005,Metro Distributors,Tier 2,Road,Finished Goods,WH-North,2023-06-14,2023-06-27,2023-06-27,2023,6,Q2,Jun,13,0,1,333,333,0,0.0,293.8,97835.4,1
PO-02941,S005,Metro Distributors,Tier 2,Road,Packaging,WH-South,2023-06-14,2023-06-20,2023-07-04,2023,6,Q2,Jun,6,14,0,557,557,0,0.0,358.8,199851.6,1
PO-02942,S007,Swift Carriers,Tier 2,Road,Textiles,WH-North,2023-06-15,2023-06-28,2023-07-05,2023,6,Q2,Jun,13,7,0,405,405,0,0.0,284.64,115279.2,1
PO-02943,S009,Eastside Components,Tier 2,Sea,Raw Materials,WH-West,2023-06-15,2023-06-21,2023-06-21,2023,6,Q2,Jun,6,0,1,1433,1433,0,0.0,280.04,401297.32,1
PO-02944,S004,Global Parts Ltd,Tier 1,Air,Packaging,WH-Central,2023-06-15,2023-06-19,2023-06-19,2023,6,Q2,Jun,4,0,1,84,84,0,0.0,365.15,30672.6,1
PO-02945,S010,Reliable Goods Co.,Tier 3,Road,Chemicals,WH-Central,2023-06-15,2023-06-29,2023-07-04,2023,6,Q2,Jun,14,5,0,113,113,0,0.0,251.52,28421.76,1
PO-02946,S010,Reliable Goods Co.,Tier 3,Road,Finished Goods,WH-East,2023-06-16,2023-07-05,2023-07-18,2023,6,Q2,Jun,19,13,0,440,440,0,0.0,490.13,215657.2,1
PO-02947,S008,Northern Logistics,Tier 3,Rail,Spare Parts,WH-North,2023-06-16,2023-06-29,2023-07-07,2023,6,Q2,Jun,13,8,0,1570,1570,0,0.0,425.62,668223.4,1
PO-02948,S009,Eastside Components,Tier 2,Sea,Chemicals,WH-West,2023-06-16,2023-07-05,2023-07-05,2023,6,Q2,Jun,19,0,1,217,217,0,0.0,110.87,24058.79,1
PO-02949,S002,BlueStar Freight,Tier 1,Rail,Spare Parts,WH-North,2023-06-16,2023-06-25,2023-06-25,2023,6,Q2,Jun,9,0,1,1449,1449,0,0.0,265.43,384608.07,1
PO-02950,S004,Global Parts Ltd,Tier 1,Air,Electronics,WH-East,2023-06-16,2023-06-30,2023-06-30,2023,6,Q2,Jun,14,0,1,238,238,0,0.0,410.75,97758.5,1
PO-02951,S009,Eastside Components,Tier 2,Sea,Packaging,WH-South,2023-06-16,2023-06-28,2023-07-06,2023,6,Q2,Jun,12,8,0,843,843,0,0.0,22.86,19270.98,1
PO-02952,S004,Global Parts Ltd,Tier 1,Air,Textiles,WH-West,2023-06-16,2023-06-30,2023-06-30,2023,6,Q2,Jun,14,0,1,200,200,0,0.0,118.03,23606.0,1
PO-02953,S008,Northern Logistics,Tier 3,Rail,Textiles,WH-North,2023-06-16,2023-06-20,2023-06-23,2023,6,Q2,Jun,4,3,0,1784,1784,0,0.0,16.9,30149.6,1
PO-02954,S010,Reliable Goods Co.,Tier 3,Road,Chemicals,WH-West,2023-06-17,2023-06-30,2023-06-30,2023,6,Q2,Jun,13,0,1,529,469,60,11.34,498.02,263452.58,0
PO-02955,S007,Swift Carriers,Tier 2,Road,Finished Goods,WH-East,2023-06-17,2023-07-04,2023-07-04,2023,6,Q2,Jun,17,0,1,713,713,0,0.0,110.23,78593.99,1
PO-02956,S005,Metro Distributors,Tier 2,Road,Electronics,WH-East,2023-06-17,2023-06-28,2023-07-09,2023,6,Q2,Jun,11,11,0,119,119,0,0.0,464.21,55240.99,1
PO-02957,S002,BlueStar Freight,Tier 1,Rail,Electronics,WH-East,2023-06-17,2023-07-03,2023-07-03,2023,6,Q2,Jun,16,0,1,272,272,0,0.0,11.02,2997.44,1
PO-02958,S008,Northern Logistics,Tier 3,Rail,Finished Goods,WH-South,2023-06-18,2023-06-22,2023-06-22,2023,6,Q2,Jun,4,0,1,457,457,0,0.0,186.41,85189.37,1
PO-02959,S010,Reliable Goods Co.,Tier 3,Road,Finished Goods,WH-West,2023-06-18,2023-06-24,2023-07-06,2023,6,Q2,Jun,6,12,0,1482,1482,0,0.0,33.25,49276.5,1
PO-02960,S005,Metro Distributors,Tier 2,Road,Finished Goods,WH-East,2023-06-18,2023-06-21,2023-06-21,2023,6,Q2,Jun,3,0,1,1556,1556,0,0.0,455.32,708477.92,1
PO-02961,S007,Swift Carriers,Tier 2,Road,Raw Materials,WH-West,2023-06-18,2023-06-21,2023-06-21,2023,6,Q2,Jun,3,0,1,1762,1762,0,0.0,363.57,640610.34,1
PO-02962,S008,Northern Logistics,Tier 3,Rail,Raw Materials,WH-Central,2023-06-18,2023-06-28,2023-07-09,2023,6,Q2,Jun,10,11,0,940,940,0,0.0,362.49,340740.6,1
PO-02963,S006,PrimeParts Inc.,Tier 1,Sea,Electronics,WH-Central,2023-06-18,2023-07-09,2023-07-09,2023,6,Q2,Jun,21,0,1,1431,1217,214,14.95,415.07,593965.17,0
PO-02964,S008,Northern Logistics,Tier 3,Rail,Spare Parts,WH-Central,2023-06-19,2023-06-26,2023-06-26,2023,6,Q2,Jun,7,0,1,1456,1456,0,0.0,411.51,599158.56,1
PO-02965,S009,Eastside Components,Tier 2,Sea,Textiles,WH-East,2023-06-19,2023-07-02,2023-07-15,2023,6,Q2,Jun,13,13,0,842,842,0,0.0,63.29,53290.18,1
PO-02966,S005,Metro Distributors,Tier 2,Road,Spare Parts,WH-North,2023-06-19,2023-06-23,2023-06-23,2023,6,Q2,Jun,4,0,1,1997,1997,0,0.0,392.42,783662.74,1
PO-02967,S001,FastTrack Logistics,Tier 1,Road,Chemicals,WH-West,2023-06-19,2023-06-24,2023-06-24,2023,6,Q2,Jun,5,0,1,456,456,0,0.0,136.11,62066.16,1
PO-02968,S001,FastTrack Logistics,Tier 1,Road,Packaging,WH-East,2023-06-19,2023-06-22,2023-06-22,2023,6,Q2,Jun,3,0,1,259,259,0,0.0,206.02,53359.18,1
PO-02969,S004,Global Parts Ltd,Tier 1,Air,Packaging,WH-South,2023-06-19,2023-06-26,2023-06-26,2023,6,Q2,Jun,7,0,1,689,610,79,11.47,49.54,34133.06,0
PO-02970,S008,Northern Logistics,Tier 3,Rail,Spare Parts,WH-Central,2023-06-19,2023-07-02,2023-07-02,2023,6,Q2,Jun,13,0,1,1169,1169,0,0.0,462.16,540265.04,1
PO-02971,S007,Swift Carriers,Tier 2,Road,Chemicals,WH-Central,2023-06-19,2023-06-29,2023-06-29,2023,6,Q2,Jun,10,0,1,1657,1657,0,0.0,180.8,299585.6,1
PO-02972,S008,Northern Logistics,Tier 3,Rail,Finished Goods,WH-South,2023-06-20,2023-07-03,2023-07-03,2023,6,Q2,Jun,13,0,1,1110,1110,0,0.0,63.98,71017.8,1
PO-02973,S004,Global Parts Ltd,Tier 1,Air,Packaging,WH-North,2023-06-20,2023-06-29,2023-06-29,2023,6,Q2,Jun,9,0,1,140,140,0,0.0,243.23,34052.2,1
PO-02974,S008,Northern Logistics,Tier 3,Rail,Electronics,WH-North,2023-06-20,2023-06-27,2023-06-27,2023,6,Q2,Jun,7,0,1,387,387,0,0.0,490.71,189904.77,1
PO-02975,S005,Metro Distributors,Tier 2,Road,Textiles,WH-South,2023-06-21,2023-07-01,2023-07-01,2023,6,Q2,Jun,10,0,1,1912,1912,0,0.0,415.56,794550.72,1
PO-02976,S004,Global Parts Ltd,Tier 1,Air,Finished Goods,WH-South,2023-06-21,2023-06-25,2023-06-25,2023,6,Q2,Jun,4,0,1,630,630,0,0.0,432.8,272664.0,1
PO-02977,S006,PrimeParts Inc.,Tier 1,Sea,Electronics,WH-West,2023-06-21,2023-06-29,2023-06-29,2023,6,Q2,Jun,8,0,1,880,880,0,0.0,486.01,427688.8,1
PO-02978,S001,FastTrack Logistics,Tier 1,Road,Electronics,WH-West,2023-06-21,2023-07-08,2023-07-08,2023,6,Q2,Jun,17,0,1,545,511,34,6.24,414.04,225651.8,0
PO-02979,S002,BlueStar Freight,Tier 1,Rail,Electronics,WH-East,2023-06-21,2023-07-06,2023-07-18,2023,6,Q2,Jun,15,12,0,523,523,0,0.0,302.05,157972.15,1
PO-02980,S010,Reliable Goods Co.,Tier 3,Road,Chemicals,WH-North,2023-06-21,2023-06-29,2023-06-29,2023,6,Q2,Jun,8,0,1,438,438,0,0.0,215.35,94323.3,1
PO-02981,S004,Global Parts Ltd,Tier 1,Air,Raw Materials,WH-Central,2023-06-21,2023-06-28,2023-07-07,2023,6,Q2,Jun,7,9,0,1633,1633,0,0.0,199.75,326191.75,1
PO-02982,S009,Eastside Components,Tier 2,Sea,Spare Parts,WH-East,2023-06-22,2023-06-27,2023-06-27,2023,6,Q2,Jun,5,0,1,1405,1405,0,0.0,314.37,441689.85,1
PO-02983,S004,Global Parts Ltd,Tier 1,Air,Raw Materials,WH-East,2023-06-22,2023-06-28,2023-06-28,2023,6,Q2,Jun,6,0,1,62,53,9,14.52,158.18,9807.16,0
PO-02984,S008,Northern Logistics,Tier 3,Rail,Textiles,WH-Central,2023-06-22,2023-07-01,2023-07-01,2023,6,Q2,Jun,9,0,1,790,790,0,0.0,113.15,89388.5,1
PO-02985,S001,FastTrack Logistics,Tier 1,Road,Components,WH-Central,2023-06-22,2023-07-07,2023-07-07,2023,6,Q2,Jun,15,0,1,441,441,0,0.0,187.25,82577.25,1
PO-02986,S004,Global Parts Ltd,Tier 1,Air,Finished Goods,WH-East,2023-06-22,2023-06-30,2023-06-30,2023,6,Q2,Jun,8,0,1,1778,1778,0,0.0,49.15,87388.7,1
PO-02987,S009,Eastside Components,Tier 2,Sea,Textiles,WH-North,2023-06-22,2023-07-02,2023-07-02,2023,6,Q2,Jun,10,0,1,509,509,0,0.0,87.51,44542.59,1
PO-02988,S003,Apex Supply Co.,Tier 2,Road,Finished Goods,WH-Central,2023-06-22,2023-07-08,2023-07-21,2023,6,Q2,Jun,16,13,0,1817,1817,0,0.0,314.42,571301.14,1
PO-02989,S007,Swift Carriers,Tier 2,Road,Components,WH-East,2023-06-23,2023-07-03,2023-07-03,2023,6,Q2,Jun,10,0,1,1026,1026,0,0.0,409.79,420444.54,1
PO-02990,S006,PrimeParts Inc.,Tier 1,Sea,Packaging,WH-South,2023-06-23,2023-07-08,2023-07-08,2023,6,Q2,Jun,15,0,1,1155,1155,0,0.0,483.69,558661.95,1
PO-02991,S005,Metro Distributors,Tier 2,Road,Spare Parts,WH-East,2023-06-23,2023-07-04,2023-07-04,2023,6,Q2,Jun,11,0,1,476,415,61,12.82,206.79,98432.04,0
PO-02992,S005,Metro Distributors,Tier 2,Road,Raw Materials,WH-East,2023-06-23,2023-07-13,2023-07-23,2023,6,Q2,Jun,20,10,0,127,127,0,0.0,329.28,41818.56,1
PO-02993,S002,BlueStar Freight,Tier 1,Rail,Textiles,WH-South,2023-06-23,2023-07-05,2023-07-05,2023,6,Q2,Jun,12,0,1,707,707,0,0.0,21.48,15186.36,1
PO-02994,S004,Global Parts Ltd,Tier 1,Air,Chemicals,WH-Central,2023-06-23,2023-07-14,2023-07-14,2023,6,Q2,Jun,21,0,1,1622,1622,0,0.0,225.49,365744.78,1
PO-02995,S010,Reliable Goods Co.,Tier 3,Road,Packaging,WH-North,2023-06-23,2023-06-29,2023-07-09,2023,6,Q2,Jun,6,10,0,1127,1127,0,0.0,414.51,467152.77,1
PO-02996,S002,BlueStar Freight,Tier 1,Rail,Spare Parts,WH-East,2023-06-24,2023-07-11,2023-07-11,2023,6,Q2,Jun,17,0,1,1052,1052,0,0.0,151.79,159683.08,1
PO-02997,S001,FastTrack Logistics,Tier 1,Road,Chemicals,WH-North,2023-06-24,2023-06-30,2023-06-30,2023,6,Q2,Jun,6,0,1,1360,1227,133,9.78,115.35,156876.0,0
PO-02998,S004,Global Parts Ltd,Tier 1,Air,Raw Materials,WH-South,2023-06-24,2023-07-01,2023-07-01,2023,6,Q2,Jun,7,0,1,1900,1900,0,0.0,161.79,307401.0,1
PO-02999,S004,Global Parts Ltd,Tier 1,Air,Chemicals,WH-West,2023-06-24,2023-06-29,2023-06-29,2023,6,Q2,Jun,5,0,1,1709,1709,0,0.0,186.92,319446.28,1
PO-03000,S006,PrimeParts Inc.,Tier 1,Sea,Packaging,WH-East,2023-06-25,2023-07-09,2023-07-09,2023,6,Q2,Jun,14,0,1,1737,1737,0,0.0,94.28,163764.36,1
PO-03001,S008,Northern Logistics,Tier 3,Rail,Packaging,WH-West,2023-06-25,2023-07-14,2023-07-14,2023,6,Q2,Jun,19,0,1,1391,1391,0,0.0,51.31,71372.21,1
PO-03002,S003,Apex Supply Co.,Tier 2,Road,Spare Parts,WH-North,2023-06-25,2023-07-04,2023-07-04,2023,6,Q2,Jun,9,0,1,1519,1519,0,0.0,414.98,630354.62,1
PO-03003,S010,Reliable Goods Co.,Tier 3,Road,Packaging,WH-Central,2023-06-25,2023-07-09,2023-07-09,2023,6,Q2,Jun,14,0,1,1742,1742,0,0.0,345.01,601007.42,1
PO-03004,S007,Swift Carriers,Tier 2,Road,Electronics,WH-North,2023-06-26,2023-07-17,2023-07-17,2023,6,Q2,Jun,21,0,1,1713,1713,0,0.0,378.39,648182.07,1
PO-03005,S004,Global Parts Ltd,Tier 1,Air,Packaging,WH-Central,2023-06-26,2023-07-05,2023-07-05,2023,6,Q2,Jun,9,0,1,577,577,0,0.0,421.32,243101.64,1
PO-03006,S009,Eastside Components,Tier 2,Sea,Chemicals,WH-South,2023-06-26,2023-07-07,2023-07-07,2023,6,Q2,Jun,11,0,1,1640,1640,0,0.0,108.14,177349.6,1
PO-03007,S007,Swift Carriers,Tier 2,Road,Packaging,WH-Central,2023-06-26,2023-07-09,2023-07-09,2023,6,Q2,Jun,13,0,1,486,486,0,0.0,54.07,26278.02,1
PO-03008,S003,Apex Supply Co.,Tier 2,Road,Finished Goods,WH-North,2023-06-26,2023-07-16,2023-07-30,2023,6,Q2,Jun,20,14,0,198,198,0,0.0,411.5,81477.0,1
PO-03009,S007,Swift Carriers,Tier 2,Road,Packaging,WH-Central,2023-06-26,2023-07-11,2023-07-11,2023,6,Q2,Jun,15,0,1,366,366,0,0.0,147.14,53853.24,1
PO-03010,S008,Northern Logistics,Tier 3,Rail,Spare Parts,WH-South,2023-06-26,2023-07-17,2023-07-17,2023,6,Q2,Jun,21,0,1,219,219,0,0.0,204.13,44704.47,1
PO-03011,S002,BlueStar Freight,Tier 1,Rail,Spare Parts,WH-North,2023-06-27,2023-06-30,2023-06-30,2023,6,Q2,Jun,3,0,1,896,833,63,7.03,48.93,43841.28,0
PO-03012,S003,Apex Supply Co.,Tier 2,Road,Finished Goods,WH-West,2023-06-27,2023-07-03,2023-07-03,2023,6,Q2,Jun,6,0,1,1830,1830,0,0.0,224.91,411585.3,1
PO-03013,S003,Apex Supply Co.,Tier 2,Road,Components,WH-South,2023-06-27,2023-07-15,2023-07-15,2023,6,Q2,Jun,18,0,1,1843,1843,0,0.0,312.16,575310.88,1
PO-03014,S009,Eastside Components,Tier 2,Sea,Finished Goods,WH-West,2023-06-27,2023-07-03,2023-07-03,2023,6,Q2,Jun,6,0,1,1436,1436,0,0.0,381.58,547948.88,1
PO-03015,S005,Metro Distributors,Tier 2,Road,Finished Goods,WH-North,2023-06-28,2023-07-03,2023-07-03,2023,6,Q2,Jun,5,0,1,1529,1529,0,0.0,251.24,384145.96,1
PO-03016,S005,Metro Distributors,Tier 2,Road,Textiles,WH-Central,2023-06-28,2023-07-13,2023-07-13,2023,6,Q2,Jun,15,0,1,1517,1517,0,0.0,343.11,520497.87,1
PO-03017,S005,Metro Distributors,Tier 2,Road,Raw Materials,WH-Central,2023-06-28,2023-07-01,2023-07-04,2023,6,Q2,Jun,3,3,0,272,272,0,0.0,149.18,40576.96,1
PO-03018,S009,Eastside Components,Tier 2,Sea,Components,WH-East,2023-06-28,2023-07-16,2023-07-16,2023,6,Q2,Jun,18,0,1,1081,1081,0,0.0,146.22,158063.82,1
PO-03019,S004,Global Parts Ltd,Tier 1,Air,Packaging,WH-North,2023-06-28,2023-07-06,2023-07-06,2023,6,Q2,Jun,8,0,1,404,404,0,0.0,254.93,102991.72,1
PO-03020,S003,Apex Supply Co.,Tier 2,Road,Components,WH-North,2023-06-28,2023-07-07,2023-07-07,2023,6,Q2,Jun,9,0,1,709,709,0,0.0,427.36,302998.24,1
PO-03021,S003,Apex Supply Co.,Tier 2,Road,Packaging,WH-West,2023-06-28,2023-07-06,2023-07-06,2023,6,Q2,Jun,8,0,1,1541,1541,0,0.0,369.77,569815.57,1
PO-03022,S003,Apex Supply Co.,Tier 2,Road,Chemicals,WH-North,2023-06-29,2023-07-05,2023-07-05,2023,6,Q2,Jun,6,0,1,1269,1269,0,0.0,358.38,454784.22,1
PO-03023,S002,BlueStar Freight,Tier 1,Rail,Spare Parts,WH-Central,2023-06-29,2023-07-02,2023-07-02,2023,6,Q2,Jun,3,0,1,1156,1156,0,0.0,59.9,69244.4,1
PO-03024,S004,Global Parts Ltd,Tier 1,Air,Electronics,WH-Central,2023-06-29,2023-07-14,2023-07-14,2023,6,Q2,Jun,15,0,1,779,779,0,0.0,176.58,137555.82,1
PO-03025,S008,Northern Logistics,Tier 3,Rail,Components,WH-Central,2023-06-29,2023-07-05,2023-07-10,2023,6,Q2,Jun,6,5,0,142,142,0,0.0,5.44,772.48,1
PO-03026,S010,Reliable Goods Co.,Tier 3,Road,Spare Parts,WH-North,2023-06-29,2023-07-19,2023-07-19,2023,6,Q2,Jun,20,0,1,1998,1998,0,0.0,175.73,351108.54,1
PO-03027,S010,Reliable Goods Co.,Tier 3,Road,Electronics,WH-South,2023-06-29,2023-07-19,2023-08-02,2023,6,Q2,Jun,20,14,0,1001,1001,0,0.0,312.21,312522.21,1
PO-03028,S002,BlueStar Freight,Tier 1,Rail,Components,WH-Central,2023-06-29,2023-07-08,2023-07-08,2023,6,Q2,Jun,9,0,1,1871,1871,0,0.0,176.66,330530.86,1
PO-03029,S005,Metro Distributors,Tier 2,Road,Components,WH-South,2023-06-30,2023-07-03,2023-07-03,2023,6,Q2,Jun,3,0,1,681,681,0,0.0,189.86,129294.66,1
PO-03030,S004,Global Parts Ltd,Tier 1,Air,Raw Materials,WH-South,2023-06-30,2023-07-12,2023-07-12,2023,6,Q2,Jun,12,0,1,1903,1903,0,0.0,92.04,175152.12,1
PO-03031,S005,Metro Distributors,Tier 2,Road,Electronics,WH-South,2023-06-30,2023-07-14,2023-07-14,2023,6,Q2,Jun,14,0,1,579,579,0,0.0,237.86,137720.94,1
PO-03032,S002,BlueStar Freight,Tier 1,Rail,Packaging,WH-West,2023-06-30,2023-07-12,2023-07-12,2023,6,Q2,Jun,12,0,1,1384,1384,0,0.0,227.87,315372.08,1
PO-03033,S009,Eastside Components,Tier 2,Sea,Components,WH-North,2023-06-30,2023-07-07,2023-07-07,2023,6,Q2,Jun,7,0,1,818,818,0,0.0,412.27,337236.86,1
PO-03034,S003,Apex Supply Co.,Tier 2,Road,Finished Goods,WH-East,2023-06-30,2023-07-13,2023-07-13,2023,6,Q2,Jun,13,0,1,1430,1430,0,0.0,87.13,124595.9,1
PO-03035,S002,BlueStar Freight,Tier 1,Rail,Packaging,WH-West,2023-06-30,2023-07-04,2023-07-04,2023,6,Q2,Jun,4,0,1,398,398,0,0.0,279.79,111356.42,1
PO-03036,S009,Eastside Components,Tier 2,Sea,Packaging,WH-North,2023-07-01,2023-07-21,2023-07-21,2023,7,Q3,Jul,20,0,1,1922,1922,0,0.0,125.74,241672.28,1
PO-03037,S006,PrimeParts Inc.,Tier 1,Sea,Spare Parts,WH-West,2023-07-01,2023-07-19,2023-07-19,2023,7,Q3,Jul,18,0,1,496,496,0,0.0,301.15,149370.4,1
PO-03038,S004,Global Parts Ltd,Tier 1,Air,Finished Goods,WH-East,2023-07-01,2023-07-09,2023-07-09,2023,7,Q3,Jul,8,0,1,648,648,0,0.0,328.32,212751.36,1
PO-03039,S007,Swift Carriers,Tier 2,Road,Textiles,WH-West,2023-07-01,2023-07-16,2023-07-18,2023,7,Q3,Jul,15,2,0,1794,1794,0,0.0,111.74,200461.56,1
PO-03040,S005,Metro Distributors,Tier 2,Road,Components,WH-Central,2023-07-01,2023-07-13,2023-07-13,2023,7,Q3,Jul,12,0,1,876,779,97,11.07,28.41,24887.16,0
PO-03041,S010,Reliable Goods Co.,Tier 3,Road,Packaging,WH-North,2023-07-01,2023-07-11,2023-07-25,2023,7,Q3,Jul,10,14,0,368,368,0,0.0,278.05,102322.4,1
PO-03042,S001,FastTrack Logistics,Tier 1,Road,Components,WH-West,2023-07-01,2023-07-08,2023-07-08,2023,7,Q3,Jul,7,0,1,313,313,0,0.0,402.52,125988.76,1
PO-03043,S010,Reliable Goods Co.,Tier 3,Road,Packaging,WH-South,2023-07-02,2023-07-12,2023-07-18,2023,7,Q3,Jul,10,6,0,962,962,0,0.0,318.86,306743.32,1
PO-03044,S010,Reliable Goods Co.,Tier 3,Road,Textiles,WH-Central,2023-07-02,2023-07-20,2023-07-21,2023,7,Q3,Jul,18,1,0,1410,1410,0,0.0,30.04,42356.4,1
PO-03045,S007,Swift Carriers,Tier 2,Road,Finished Goods,WH-Central,2023-07-02,2023-07-08,2023-07-08,2023,7,Q3,Jul,6,0,1,498,498,0,0.0,436.93,217591.14,1
PO-03046,S003,Apex Supply Co.,Tier 2,Road,Finished Goods,WH-Central,2023-07-02,2023-07-10,2023-07-10,2023,7,Q3,Jul,8,0,1,537,537,0,0.0,466.21,250354.77,1
PO-03047,S008,Northern Logistics,Tier 3,Rail,Components,WH-West,2023-07-02,2023-07-07,2023-07-19,2023,7,Q3,Jul,5,12,0,1194,1194,0,0.0,32.17,38410.98,1
PO-03048,S001,FastTrack Logistics,Tier 1,Road,Chemicals,WH-Central,2023-07-03,2023-07-08,2023-07-08,2023,7,Q3,Jul,5,0,1,112,112,0,0.0,250.12,28013.44,1
PO-03049,S008,Northern Logistics,Tier 3,Rail,Packaging,WH-East,2023-07-03,2023-07-10,2023-07-10,2023,7,Q3,Jul,7,0,1,238,238,0,0.0,384.85,91594.3,1
PO-03050,S005,Metro Distributors,Tier 2,Road,Raw Materials,WH-South,2023-07-03,2023-07-18,2023-07-18,2023,7,Q3,Jul,15,0,1,860,860,0,0.0,456.55,392633.0,1
PO-03051,S008,Northern Logistics,Tier 3,Rail,Packaging,WH-East,2023-07-03,2023-07-22,2023-07-22,2023,7,Q3,Jul,19,0,1,1379,1379,0,0.0,354.71,489145.09,1
PO-03052,S002,BlueStar Freight,Tier 1,Rail,Raw Materials,WH-East,2023-07-03,2023-07-10,2023-07-21,2023,7,Q3,Jul,7,11,0,69,69,0,0.0,42.38,2924.22,1
PO-03053,S005,Metro Distributors,Tier 2,Road,Finished Goods,WH-Central,2023-07-03,2023-07-13,2023-07-27,2023,7,Q3,Jul,10,14,0,860,860,0,0.0,400.83,344713.8,1
PO-03054,S001,FastTrack Logistics,Tier 1,Road,Finished Goods,WH-South,2023-07-04,2023-07-18,2023-07-18,2023,7,Q3,Jul,14,0,1,1351,1351,0,0.0,119.52,161471.52,1
PO-03055,S005,Metro Distributors,Tier 2,Road,Packaging,WH-South,2023-07-04,2023-07-17,2023-07-17,2023,7,Q3,Jul,13,0,1,493,448,45,9.13,432.57,213257.01,0
PO-03056,S010,Reliable Goods Co.,Tier 3,Road,Textiles,WH-Central,2023-07-04,2023-07-19,2023-07-31,2023,7,Q3,Jul,15,12,0,348,348,0,0.0,421.21,146581.08,1
PO-03057,S006,PrimeParts Inc.,Tier 1,Sea,Chemicals,WH-North,2023-07-04,2023-07-24,2023-07-24,2023,7,Q3,Jul,20,0,1,1944,1944,0,0.0,80.05,155617.2,1
PO-03058,S010,Reliable Goods Co.,Tier 3,Road,Spare Parts,WH-North,2023-07-04,2023-07-12,2023-07-12,2023,7,Q3,Jul,8,0,1,1066,1066,0,0.0,91.19,97208.54,1
PO-03059,S006,PrimeParts Inc.,Tier 1,Sea,Chemicals,WH-East,2023-07-04,2023-07-12,2023-07-12,2023,7,Q3,Jul,8,0,1,379,379,0,0.0,289.59,109754.61,1
PO-03060,S002,BlueStar Freight,Tier 1,Rail,Textiles,WH-Central,2023-07-04,2023-07-08,2023-07-08,2023,7,Q3,Jul,4,0,1,722,722,0,0.0,430.41,310756.02,1
PO-03061,S004,Global Parts Ltd,Tier 1,Air,Spare Parts,WH-East,2023-07-05,2023-07-26,2023-07-26,2023,7,Q3,Jul,21,0,1,97,97,0,0.0,473.54,45933.38,1
PO-03062,S010,Reliable Goods Co.,Tier 3,Road,Finished Goods,WH-North,2023-07-05,2023-07-12,2023-07-12,2023,7,Q3,Jul,7,0,1,503,503,0,0.0,490.81,246877.43,1
PO-03063,S001,FastTrack Logistics,Tier 1,Road,Electronics,WH-West,2023-07-05,2023-07-08,2023-07-08,2023,7,Q3,Jul,3,0,1,792,792,0,0.0,342.14,270974.88,1
PO-03064,S010,Reliable Goods Co.,Tier 3,Road,Components,WH-South,2023-07-06,2023-07-20,2023-07-20,2023,7,Q3,Jul,14,0,1,704,704,0,0.0,36.73,25857.92,1
PO-03065,S010,Reliable Goods Co.,Tier 3,Road,Textiles,WH-Central,2023-07-06,2023-07-20,2023-07-20,2023,7,Q3,Jul,14,0,1,1222,1222,0,0.0,383.6,468759.2,1
PO-03066,S009,Eastside Components,Tier 2,Sea,Electronics,WH-East,2023-07-06,2023-07-25,2023-07-25,2023,7,Q3,Jul,19,0,1,635,635,0,0.0,342.37,217404.95,1
PO-03067,S007,Swift Carriers,Tier 2,Road,Spare Parts,WH-East,2023-07-06,2023-07-25,2023-08-02,2023,7,Q3,Jul,19,8,0,1491,1491,0,0.0,495.86,739327.26,1
PO-03068,S005,Metro Distributors,Tier 2,Road,Spare Parts,WH-West,2023-07-06,2023-07-15,2023-07-15,2023,7,Q3,Jul,9,0,1,822,822,0,0.0,118.38,97308.36,1
PO-03069,S007,Swift Carriers,Tier 2,Road,Chemicals,WH-West,2023-07-06,2023-07-27,2023-07-27,2023,7,Q3,Jul,21,0,1,1239,1239,0,0.0,447.04,553882.56,1
PO-03070,S001,FastTrack Logistics,Tier 1,Road,Finished Goods,WH-Central,2023-07-06,2023-07-23,2023-07-23,2023,7,Q3,Jul,17,0,1,1328,1328,0,0.0,282.16,374708.48,1
PO-03071,S002,BlueStar Freight,Tier 1,Rail,Raw Materials,WH-Central,2023-07-06,2023-07-12,2023-07-12,2023,7,Q3,Jul,6,0,1,1454,1454,0,0.0,276.57,402132.78,1
PO-03072,S009,Eastside Components,Tier 2,Sea,Electronics,WH-West,2023-07-07,2023-07-28,2023-07-28,2023,7,Q3,Jul,21,0,1,1566,1509,57,3.64,225.91,353775.06,0
PO-03073,S003,Apex Supply Co.,Tier 2,Road,Packaging,WH-East,2023-07-07,2023-07-19,2023-07-19,2023,7,Q3,Jul,12,0,1,291,291,0,0.0,428.26,124623.66,1
PO-03074,S002,BlueStar Freight,Tier 1,Rail,Textiles,WH-North,2023-07-07,2023-07-22,2023-07-29,2023,7,Q3,Jul,15,7,0,1717,1717,0,0.0,329.31,565425.27,1
PO-03075,S005,Metro Distributors,Tier 2,Road,Chemicals,WH-East,2023-07-07,2023-07-14,2023-07-14,2023,7,Q3,Jul,7,0,1,319,319,0,0.0,254.21,81092.99,1
PO-03076,S007,Swift Carriers,Tier 2,Road,Spare Parts,WH-South,2023-07-08,2023-07-28,2023-08-03,2023,7,Q3,Jul,20,6,0,741,662,79,10.66,131.41,97374.81,0
PO-03077,S005,Metro Distributors,Tier 2,Road,Electronics,WH-North,2023-07-08,2023-07-20,2023-07-20,2023,7,Q3,Jul,12,0,1,393,393,0,0.0,320.92,126121.56,1
PO-03078,S010,Reliable Goods Co.,Tier 3,Road,Textiles,WH-East,2023-07-08,2023-07-23,2023-07-23,2023,7,Q3,Jul,15,0,1,1972,1972,0,0.0,487.32,960995.04,1
PO-03079,S009,Eastside Components,Tier 2,Sea,Spare Parts,WH-East,2023-07-08,2023-07-13,2023-07-13,2023,7,Q3,Jul,5,0,1,1448,1448,0,0.0,14.04,20329.92,1
PO-03080,S008,Northern Logistics,Tier 3,Rail,Finished Goods,WH-West,2023-07-08,2023-07-14,2023-07-26,2023,7,Q3,Jul,6,12,0,525,525,0,0.0,163.47,85821.75,1
PO-03081,S006,PrimeParts Inc.,Tier 1,Sea,Chemicals,WH-South,2023-07-08,2023-07-29,2023-07-29,2023,7,Q3,Jul,21,0,1,771,771,0,0.0,23.66,18241.86,1
PO-03082,S005,Metro Distributors,Tier 2,Road,Finished Goods,WH-East,2023-07-08,2023-07-23,2023-07-25,2023,7,Q3,Jul,15,2,0,1068,1068,0,0.0,468.64,500507.52,1
PO-03083,S010,Reliable Goods Co.,Tier 3,Road,Textiles,WH-West,2023-07-08,2023-07-14,2023-07-19,2023,7,Q3,Jul,6,5,0,1510,1510,0,0.0,98.01,147995.1,1
PO-03084,S008,Northern Logistics,Tier 3,Rail,Components,WH-Central,2023-07-09,2023-07-20,2023-07-23,2023,7,Q3,Jul,11,3,0,470,470,0,0.0,43.69,20534.3,1
PO-03085,S010,Reliable Goods Co.,Tier 3,Road,Textiles,WH-East,2023-07-09,2023-07-14,2023-07-14,2023,7,Q3,Jul,5,0,1,1528,1528,0,0.0,260.78,398471.84,1
PO-03086,S007,Swift Carriers,Tier 2,Road,Textiles,WH-Central,2023-07-09,2023-07-18,2023-07-23,2023,7,Q3,Jul,9,5,0,1845,1733,112,6.07,215.56,397708.2,0
PO-03087,S004,Global Parts Ltd,Tier 1,Air,Textiles,WH-West,2023-07-09,2023-07-12,2023-07-12,2023,7,Q3,Jul,3,0,1,1489,1489,0,0.0,159.73,237837.97,1
PO-03088,S005,Metro Distributors,Tier 2,Road,Electronics,WH-North,2023-07-09,2023-07-13,2023-07-13,2023,7,Q3,Jul,4,0,1,424,424,0,0.0,139.68,59224.32,1
PO-03089,S009,Eastside Components,Tier 2,Sea,Textiles,WH-East,2023-07-09,2023-07-21,2023-07-21,2023,7,Q3,Jul,12,0,1,748,748,0,0.0,175.6,131348.8,1
PO-03090,S003,Apex Supply Co.,Tier 2,Road,Finished Goods,WH-North,2023-07-09,2023-07-14,2023-07-14,2023,7,Q3,Jul,5,0,1,143,143,0,0.0,339.34,48525.62,1
PO-03091,S007,Swift Carriers,Tier 2,Road,Electronics,WH-West,2023-07-10,2023-07-19,2023-07-25,2023,7,Q3,Jul,9,6,0,1957,1822,135,6.9,441.21,863447.97,0
PO-03092,S002,BlueStar Freight,Tier 1,Rail,Electronics,WH-North,2023-07-10,2023-07-31,2023-07-31,2023,7,Q3,Jul,21,0,1,986,986,0,0.0,432.66,426602.76,1
PO-03093,S001,FastTrack Logistics,Tier 1,Road,Spare Parts,WH-Central,2023-07-10,2023-07-31,2023-07-31,2023,7,Q3,Jul,21,0,1,578,578,0,0.0,277.69,160504.82,1
PO-03094,S009,Eastside Components,Tier 2,Sea,Spare Parts,WH-South,2023-07-10,2023-07-30,2023-08-11,2023,7,Q3,Jul,20,12,0,468,468,0,0.0,328.88,153915.84,1
PO-03095,S008,Northern Logistics,Tier 3,Rail,Chemicals,WH-Central,2023-07-10,2023-07-15,2023-07-27,2023,7,Q3,Jul,5,12,0,1898,1898,0,0.0,13.77,26135.46,1
PO-03096,S005,Metro Distributors,Tier 2,Road,Electronics,WH-North,2023-07-10,2023-07-14,2023-07-14,2023,7,Q3,Jul,4,0,1,1938,1938,0,0.0,379.24,734967.12,1
PO-03097,S002,BlueStar Freight,Tier 1,Rail,Electronics,WH-East,2023-07-10,2023-07-28,2023-07-28,2023,7,Q3,Jul,18,0,1,1716,1716,0,0.0,471.52,809128.32,1
PO-03098,S009,Eastside Components,Tier 2,Sea,Spare Parts,WH-South,2023-07-10,2023-07-31,2023-08-07,2023,7,Q3,Jul,21,7,0,1986,1986,0,0.0,453.88,901405.68,1
PO-03099,S004,Global Parts Ltd,Tier 1,Air,Textiles,WH-Central,2023-07-11,2023-07-29,2023-07-29,2023,7,Q3,Jul,18,0,1,774,774,0,0.0,180.19,139467.06,1
PO-03100,S007,Swift Carriers,Tier 2,Road,Finished Goods,WH-South,2023-07-11,2023-07-15,2023-07-15,2023,7,Q3,Jul,4,0,1,1085,1085,0,0.0,220.65,239405.25,1
PO-03101,S009,Eastside Components,Tier 2,Sea,Textiles,WH-North,2023-07-11,2023-07-25,2023-07-25,2023,7,Q3,Jul,14,0,1,882,882,0,0.0,55.47,48924.54,1
PO-03102,S006,PrimeParts Inc.,Tier 1,Sea,Spare Parts,WH-South,2023-07-11,2023-07-31,2023-07-31,2023,7,Q3,Jul,20,0,1,532,532,0,0.0,428.7,228068.4,1
PO-03103,S002,BlueStar Freight,Tier 1,Rail,Raw Materials,WH-South,2023-07-11,2023-07-16,2023-07-16,2023,7,Q3,Jul,5,0,1,958,958,0,0.0,194.48,186311.84,1
PO-03104,S006,PrimeParts Inc.,Tier 1,Sea,Spare Parts,WH-North,2023-07-12,2023-07-31,2023-07-31,2023,7,Q3,Jul,19,0,1,157,157,0,0.0,52.79,8288.03,1
PO-03105,S005,Metro Distributors,Tier 2,Road,Packaging,WH-West,2023-07-12,2023-07-17,2023-07-17,2023,7,Q3,Jul,5,0,1,885,885,0,0.0,181.48,160609.8,1
PO-03106,S006,PrimeParts Inc.,Tier 1,Sea,Electronics,WH-North,2023-07-12,2023-07-29,2023-07-29,2023,7,Q3,Jul,17,0,1,264,232,32,12.12,220.26,58148.64,0
PO-03107,S007,Swift Carriers,Tier 2,Road,Raw Materials,WH-Central,2023-07-12,2023-08-02,2023-08-02,2023,7,Q3,Jul,21,0,1,1893,1893,0,0.0,180.37,341440.41,1
PO-03108,S005,Metro Distributors,Tier 2,Road,Electronics,WH-North,2023-07-12,2023-07-18,2023-07-27,2023,7,Q3,Jul,6,9,0,1940,1915,25,1.29,446.86,866908.4,0
PO-03109,S001,FastTrack Logistics,Tier 1,Road,Finished Goods,WH-North,2023-07-12,2023-07-20,2023-07-20,2023,7,Q3,Jul,8,0,1,1364,1364,0,0.0,448.73,612067.72,1
PO-03110,S001,FastTrack Logistics,Tier 1,Road,Packaging,WH-South,2023-07-13,2023-07-20,2023-07-20,2023,7,Q3,Jul,7,0,1,1197,1197,0,0.0,181.84,217662.48,1
PO-03111,S001,FastTrack Logistics,Tier 1,Road,Chemicals,WH-East,2023-07-13,2023-07-26,2023-07-26,2023,7,Q3,Jul,13,0,1,1955,1955,0,0.0,16.09,31455.95,1
PO-03112,S004,Global Parts Ltd,Tier 1,Air,Spare Parts,WH-North,2023-07-13,2023-07-31,2023-08-08,2023,7,Q3,Jul,18,8,0,1573,1573,0,0.0,364.24,572949.52,1
PO-03113,S002,BlueStar Freight,Tier 1,Rail,Finished Goods,WH-Central,2023-07-14,2023-07-27,2023-07-27,2023,7,Q3,Jul,13,0,1,696,696,0,0.0,94.93,66071.28,1
PO-03114,S006,PrimeParts Inc.,Tier 1,Sea,Finished Goods,WH-East,2023-07-14,2023-07-20,2023-07-20,2023,7,Q3,Jul,6,0,1,614,614,0,0.0,102.71,63063.94,1
PO-03115,S003,Apex Supply Co.,Tier 2,Road,Finished Goods,WH-Central,2023-07-14,2023-08-02,2023-08-02,2023,7,Q3,Jul,19,0,1,1611,1611,0,0.0,98.78,159134.58,1
PO-03116,S002,BlueStar Freight,Tier 1,Rail,Finished Goods,WH-North,2023-07-14,2023-07-31,2023-07-31,2023,7,Q3,Jul,17,0,1,1266,1266,0,0.0,282.74,357948.84,1
PO-03117,S005,Metro Distributors,Tier 2,Road,Electronics,WH-West,2023-07-14,2023-07-30,2023-07-30,2023,7,Q3,Jul,16,0,1,476,476,0,0.0,200.59,95480.84,1
PO-03118,S006,PrimeParts Inc.,Tier 1,Sea,Finished Goods,WH-South,2023-07-15,2023-08-04,2023-08-04,2023,7,Q3,Jul,20,0,1,351,351,0,0.0,23.33,8188.83,1
PO-03119,S009,Eastside Components,Tier 2,Sea,Electronics,WH-Central,2023-07-15,2023-07-28,2023-07-28,2023,7,Q3,Jul,13,0,1,871,871,0,0.0,396.24,345125.04,1
PO-03120,S009,Eastside Components,Tier 2,Sea,Raw Materials,WH-North,2023-07-15,2023-07-31,2023-07-31,2023,7,Q3,Jul,16,0,1,1077,1077,0,0.0,275.97,297219.69,1
PO-03121,S007,Swift Carriers,Tier 2,Road,Electronics,WH-Central,2023-07-15,2023-07-31,2023-08-03,2023,7,Q3,Jul,16,3,0,588,588,0,0.0,20.47,12036.36,1
PO-03122,S001,FastTrack Logistics,Tier 1,Road,Packaging,WH-Central,2023-07-15,2023-07-26,2023-07-26,2023,7,Q3,Jul,11,0,1,794,794,0,0.0,268.99,213578.06,1
PO-03123,S004,Global Parts Ltd,Tier 1,Air,Spare Parts,WH-Central,2023-07-15,2023-07-18,2023-07-18,2023,7,Q3,Jul,3,0,1,1252,1252,0,0.0,263.32,329676.64,1
PO-03124,S006,PrimeParts Inc.,Tier 1,Sea,Electronics,WH-South,2023-07-16,2023-07-20,2023-07-30,2023,7,Q3,Jul,4,10,0,954,954,0,0.0,384.3,366622.2,1
PO-03125,S009,Eastside Components,Tier 2,Sea,Components,WH-South,2023-07-16,2023-08-06,2023-08-06,2023,7,Q3,Jul,21,0,1,1250,1250,0,0.0,399.86,499825.0,1
PO-03126,S009,Eastside Components,Tier 2,Sea,Spare Parts,WH-Central,2023-07-16,2023-08-04,2023-08-04,2023,7,Q3,Jul,19,0,1,1976,1976,0,0.0,394.75,780026.0,1
PO-03127,S008,Northern Logistics,Tier 3,Rail,Electronics,WH-North,2023-07-16,2023-07-26,2023-07-26,2023,7,Q3,Jul,10,0,1,1588,1588,0,0.0,195.13,309866.44,1
PO-03128,S006,PrimeParts Inc.,Tier 1,Sea,Raw Materials,WH-North,2023-07-16,2023-08-04,2023-08-04,2023,7,Q3,Jul,19,0,1,969,969,0,0.0,480.99,466079.31,1
PO-03129,S005,Metro Distributors,Tier 2,Road,Electronics,WH-North,2023-07-16,2023-07-25,2023-07-25,2023,7,Q3,Jul,9,0,1,1316,1316,0,0.0,311.63,410105.08,1
PO-03130,S001,FastTrack Logistics,Tier 1,Road,Electronics,WH-East,2023-07-16,2023-07-31,2023-07-31,2023,7,Q3,Jul,15,0,1,423,423,0,0.0,26.66,11277.18,1
PO-03131,S002,BlueStar Freight,Tier 1,Rail,Raw Materials,WH-West,2023-07-17,2023-08-03,2023-08-14,2023,7,Q3,Jul,17,11,0,799,799,0,0.0,169.91,135758.09,1
PO-03132,S008,Northern Logistics,Tier 3,Rail,Electronics,WH-North,2023-07-17,2023-07-25,2023-07-31,2023,7,Q3,Jul,8,6,0,999,999,0,0.0,405.21,404804.79,1
PO-03133,S004,Global Parts Ltd,Tier 1,Air,Finished Goods,WH-Central,2023-07-17,2023-07-30,2023-07-30,2023,7,Q3,Jul,13,0,1,1806,1806,0,0.0,384.4,694226.4,1
PO-03134,S005,Metro Distributors,Tier 2,Road,Chemicals,WH-North,2023-07-18,2023-07-26,2023-07-26,2023,7,Q3,Jul,8,0,1,441,441,0,0.0,5.92,2610.72,1
PO-03135,S004,Global Parts Ltd,Tier 1,Air,Textiles,WH-East,2023-07-18,2023-08-08,2023-08-08,2023,7,Q3,Jul,21,0,1,1803,1803,0,0.0,446.27,804624.81,1
PO-03136,S001,FastTrack Logistics,Tier 1,Road,Electronics,WH-East,2023-07-18,2023-07-22,2023-07-22,2023,7,Q3,Jul,4,0,1,1059,1059,0,0.0,495.73,524978.07,1
PO-03137,S001,FastTrack Logistics,Tier 1,Road,Packaging,WH-North,2023-07-18,2023-07-26,2023-07-26,2023,7,Q3,Jul,8,0,1,715,715,0,0.0,184.57,131967.55,1
PO-03138,S010,Reliable Goods Co.,Tier 3,Road,Packaging,WH-East,2023-07-19,2023-07-30,2023-08-03,2023,7,Q3,Jul,11,4,0,1104,1104,0,0.0,367.73,405973.92,1
PO-03139,S002,BlueStar Freight,Tier 1,Rail,Textiles,WH-South,2023-07-19,2023-07-26,2023-07-26,2023,7,Q3,Jul,7,0,1,1553,1553,0,0.0,100.87,156651.11,1
PO-03140,S010,Reliable Goods Co.,Tier 3,Road,Chemicals,WH-South,2023-07-19,2023-07-23,2023-08-06,2023,7,Q3,Jul,4,14,0,1439,1439,0,0.0,71.08,102284.12,1
PO-03141,S010,Reliable Goods Co.,Tier 3,Road,Textiles,WH-West,2023-07-19,2023-07-24,2023-07-27,2023,7,Q3,Jul,5,3,0,808,794,14,1.73,215.65,174245.2,0
PO-03142,S008,Northern Logistics,Tier 3,Rail,Textiles,WH-South,2023-07-20,2023-08-05,2023-08-05,2023,7,Q3,Jul,16,0,1,101,101,0,0.0,87.25,8812.25,1
PO-03143,S009,Eastside Components,Tier 2,Sea,Chemicals,WH-East,2023-07-20,2023-07-23,2023-07-23,2023,7,Q3,Jul,3,0,1,682,682,0,0.0,59.83,40804.06,1
PO-03144,S010,Reliable Goods Co.,Tier 3,Road,Components,WH-South,2023-07-20,2023-08-02,2023-08-02,2023,7,Q3,Jul,13,0,1,724,724,0,0.0,69.75,50499.0,1
PO-03145,S002,BlueStar Freight,Tier 1,Rail,Chemicals,WH-North,2023-07-20,2023-08-01,2023-08-02,2023,7,Q3,Jul,12,1,0,1744,1744,0,0.0,184.21,321262.24,1
PO-03146,S008,Northern Logistics,Tier 3,Rail,Packaging,WH-East,2023-07-20,2023-08-07,2023-08-09,2023,7,Q3,Jul,18,2,0,1398,1350,48,3.43,431.34,603013.32,0
PO-03147,S006,PrimeParts Inc.,Tier 1,Sea,Spare Parts,WH-East,2023-07-20,2023-08-03,2023-08-03,2023,7,Q3,Jul,14,0,1,1486,1486,0,0.0,462.13,686725.18,1
PO-03148,S001,FastTrack Logistics,Tier 1,Road,Spare Parts,WH-Central,2023-07-20,2023-07-23,2023-07-23,2023,7,Q3,Jul,3,0,1,1533,1533,0,0.0,306.52,469895.16,1
PO-03149,S009,Eastside Components,Tier 2,Sea,Textiles,WH-Central,2023-07-20,2023-08-09,2023-08-09,2023,7,Q3,Jul,20,0,1,1642,1642,0,0.0,205.86,338022.12,1
PO-03150,S006,PrimeParts Inc.,Tier 1,Sea,Spare Parts,WH-East,2023-07-21,2023-08-03,2023-08-05,2023,7,Q3,Jul,13,2,0,1070,1070,0,0.0,215.75,230852.5,1
PO-03151,S002,BlueStar Freight,Tier 1,Rail,Spare Parts,WH-Central,2023-07-21,2023-07-25,2023-07-25,2023,7,Q3,Jul,4,0,1,414,414,0,0.0,380.87,157680.18,1
PO-03152,S003,Apex Supply Co.,Tier 2,Road,Chemicals,WH-North,2023-07-21,2023-08-07,2023-08-15,2023,7,Q3,Jul,17,8,0,1149,1149,0,0.0,200.12,229937.88,1
PO-03153,S010,Reliable Goods Co.,Tier 3,Road,Spare Parts,WH-East,2023-07-21,2023-08-11,2023-08-11,2023,7,Q3,Jul,21,0,1,1812,1812,0,0.0,306.52,555414.24,1
PO-03154,S002,BlueStar Freight,Tier 1,Rail,Electronics,WH-West,2023-07-22,2023-08-05,2023-08-18,2023,7,Q3,Jul,14,13,0,806,806,0,0.0,451.09,363578.54,1
PO-03155,S001,FastTrack Logistics,Tier 1,Road,Components,WH-West,2023-07-22,2023-08-08,2023-08-08,2023,7,Q3,Jul,17,0,1,1252,1252,0,0.0,348.6,436447.2,1
PO-03156,S010,Reliable Goods Co.,Tier 3,Road,Spare Parts,WH-South,2023-07-22,2023-07-30,2023-08-02,2023,7,Q3,Jul,8,3,0,1095,1095,0,0.0,429.85,470685.75,1
PO-03157,S004,Global Parts Ltd,Tier 1,Air,Packaging,WH-East,2023-07-23,2023-08-12,2023-08-12,2023,7,Q3,Jul,20,0,1,875,875,0,0.0,264.35,231306.25,1
PO-03158,S002,BlueStar Freight,Tier 1,Rail,Raw Materials,WH-Central,2023-07-23,2023-07-26,2023-07-26,2023,7,Q3,Jul,3,0,1,1061,1061,0,0.0,6.01,6376.61,1
PO-03159,S005,Metro Distributors,Tier 2,Road,Spare Parts,WH-North,2023-07-23,2023-08-13,2023-08-13,2023,7,Q3,Jul,21,0,1,982,982,0,0.0,54.0,53028.0,1
PO-03160,S003,Apex Supply Co.,Tier 2,Road,Chemicals,WH-East,2023-07-24,2023-08-10,2023-08-16,2023,7,Q3,Jul,17,6,0,929,929,0,0.0,448.23,416405.67,1
PO-03161,S003,Apex Supply Co.,Tier 2,Road,Components,WH-North,2023-07-24,2023-08-02,2023-08-02,2023,7,Q3,Jul,9,0,1,1278,1278,0,0.0,141.58,180939.24,1
PO-03162,S009,Eastside Components,Tier 2,Sea,Electronics,WH-Central,2023-07-24,2023-08-13,2023-08-13,2023,7,Q3,Jul,20,0,1,834,834,0,0.0,342.34,285511.56,1
PO-03163,S003,Apex Supply Co.,Tier 2,Road,Components,WH-Central,2023-07-24,2023-08-01,2023-08-04,2023,7,Q3,Jul,8,3,0,1156,1083,73,6.31,220.67,255094.52,0
PO-03164,S001,FastTrack Logistics,Tier 1,Road,Raw Materials,WH-South,2023-07-24,2023-08-07,2023-08-07,2023,7,Q3,Jul,14,0,1,1807,1807,0,0.0,413.1,746471.7,1
PO-03165,S009,Eastside Components,Tier 2,Sea,Spare Parts,WH-West,2023-07-25,2023-07-28,2023-07-28,2023,7,Q3,Jul,3,0,1,602,602,0,0.0,61.6,37083.2,1
PO-03166,S010,Reliable Goods Co.,Tier 3,Road,Spare Parts,WH-South,2023-07-25,2023-08-10,2023-08-10,2023,7,Q3,Jul,16,0,1,990,990,0,0.0,120.72,119512.8,1
PO-03167,S004,Global Parts Ltd,Tier 1,Air,Finished Goods,WH-Central,2023-07-25,2023-08-13,2023-08-13,2023,7,Q3,Jul,19,0,1,598,598,0,0.0,142.49,85209.02,1
PO-03168,S007,Swift Carriers,Tier 2,Road,Electronics,WH-Central,2023-07-25,2023-08-08,2023-08-17,2023,7,Q3,Jul,14,9,0,1237,1237,0,0.0,455.62,563601.94,1
PO-03169,S009,Eastside Components,Tier 2,Sea,Textiles,WH-North,2023-07-25,2023-08-07,2023-08-07,2023,7,Q3,Jul,13,0,1,1373,1373,0,0.0,289.81,397909.13,1
PO-03170,S004,Global Parts Ltd,Tier 1,Air,Packaging,WH-South,2023-07-25,2023-08-01,2023-08-01,2023,7,Q3,Jul,7,0,1,1897,1897,0,0.0,26.28,49853.16,1
PO-03171,S004,Global Parts Ltd,Tier 1,Air,Spare Parts,WH-North,2023-07-25,2023-08-13,2023-08-13,2023,7,Q3,Jul,19,0,1,1158,1158,0,0.0,95.08,110102.64,1
PO-03172,S009,Eastside Components,Tier 2,Sea,Finished Goods,WH-South,2023-07-25,2023-08-09,2023-08-09,2023,7,Q3,Jul,15,0,1,1182,1182,0,0.0,148.07,175018.74,1
PO-03173,S005,Metro Distributors,Tier 2,Road,Raw Materials,WH-Central,2023-07-26,2023-08-16,2023-08-16,2023,7,Q3,Jul,21,0,1,1880,1880,0,0.0,15.28,28726.4,1
PO-03174,S001,FastTrack Logistics,Tier 1,Road,Chemicals,WH-Central,2023-07-26,2023-08-14,2023-08-14,2023,7,Q3,Jul,19,0,1,1098,1098,0,0.0,228.4,250783.2,1
PO-03175,S003,Apex Supply Co.,Tier 2,Road,Spare Parts,WH-North,2023-07-26,2023-08-10,2023-08-10,2023,7,Q3,Jul,15,0,1,402,402,0,0.0,83.27,33474.54,1
PO-03176,S008,Northern Logistics,Tier 3,Rail,Packaging,WH-Central,2023-07-26,2023-08-11,2023-08-15,2023,7,Q3,Jul,16,4,0,1594,1594,0,0.0,212.2,338246.8,1
PO-03177,S006,PrimeParts Inc.,Tier 1,Sea,Finished Goods,WH-East,2023-07-26,2023-08-11,2023-08-11,2023,7,Q3,Jul,16,0,1,1991,1991,0,0.0,366.99,730677.09,1
PO-03178,S007,Swift Carriers,Tier 2,Road,Packaging,WH-South,2023-07-27,2023-08-07,2023-08-18,2023,7,Q3,Jul,11,11,0,1954,1954,0,0.0,386.86,755924.44,1
PO-03179,S002,BlueStar Freight,Tier 1,Rail,Electronics,WH-North,2023-07-27,2023-08-04,2023-08-04,2023,7,Q3,Jul,8,0,1,1173,1173,0,0.0,175.55,205920.15,1
PO-03180,S007,Swift Carriers,Tier 2,Road,Electronics,WH-West,2023-07-27,2023-08-15,2023-08-15,2023,7,Q3,Jul,19,0,1,1750,1750,0,0.0,333.28,583240.0,1
PO-03181,S009,Eastside Components,Tier 2,Sea,Spare Parts,WH-Central,2023-07-27,2023-08-15,2023-08-15,2023,7,Q3,Jul,19,0,1,928,928,0,0.0,70.25,65192.0,1
PO-03182,S001,FastTrack Logistics,Tier 1,Road,Components,WH-East,2023-07-27,2023-08-09,2023-08-09,2023,7,Q3,Jul,13,0,1,1895,1895,0,0.0,21.91,41519.45,1
PO-03183,S001,FastTrack Logistics,Tier 1,Road,Spare Parts,WH-North,2023-07-27,2023-08-13,2023-08-13,2023,7,Q3,Jul,17,0,1,587,587,0,0.0,6.05,3551.35,1
PO-03184,S001,FastTrack Logistics,Tier 1,Road,Finished Goods,WH-Central,2023-07-27,2023-08-14,2023-08-14,2023,7,Q3,Jul,18,0,1,708,708,0,0.0,494.29,349957.32,1
PO-03185,S004,Global Parts Ltd,Tier 1,Air,Components,WH-East,2023-07-28,2023-08-16,2023-08-16,2023,7,Q3,Jul,19,0,1,1315,1315,0,0.0,489.86,644165.9,1
PO-03186,S004,Global Parts Ltd,Tier 1,Air,Components,WH-South,2023-07-28,2023-08-05,2023-08-05,2023,7,Q3,Jul,8,0,1,1564,1564,0,0.0,207.98,325280.72,1
PO-03187,S003,Apex Supply Co.,Tier 2,Road,Finished Goods,WH-Central,2023-07-28,2023-08-18,2023-08-18,2023,7,Q3,Jul,21,0,1,378,378,0,0.0,324.16,122532.48,1
PO-03188,S007,Swift Carriers,Tier 2,Road,Electronics,WH-West,2023-07-29,2023-08-16,2023-08-16,2023,7,Q3,Jul,18,0,1,281,281,0,0.0,311.59,87556.79,1
PO-03189,S003,Apex Supply Co.,Tier 2,Road,Components,WH-South,2023-07-29,2023-08-18,2023-08-18,2023,7,Q3,Jul,20,0,1,222,222,0,0.0,102.36,22723.92,1
PO-03190,S007,Swift Carriers,Tier 2,Road,Spare Parts,WH-South,2023-07-29,2023-08-16,2023-08-28,2023,7,Q3,Jul,18,12,0,1821,1821,0,0.0,425.95,775654.95,1
PO-03191,S008,Northern Logistics,Tier 3,Rail,Finished Goods,WH-West,2023-07-29,2023-08-10,2023-08-13,2023,7,Q3,Jul,12,3,0,1577,1577,0,0.0,374.64,590807.28,1
PO-03192,S003,Apex Supply Co.,Tier 2,Road,Finished Goods,WH-West,2023-07-29,2023-08-05,2023-08-05,2023,7,Q3,Jul,7,0,1,1912,1912,0,0.0,404.22,772868.64,1
PO-03193,S006,PrimeParts Inc.,Tier 1,Sea,Spare Parts,WH-Central,2023-07-29,2023-08-07,2023-08-15,2023,7,Q3,Jul,9,8,0,807,807,0,0.0,216.79,174949.53,1
PO-03194,S008,Northern Logistics,Tier 3,Rail,Finished Goods,WH-South,2023-07-29,2023-08-02,2023-08-16,2023,7,Q3,Jul,4,14,0,1865,1865,0,0.0,222.13,414272.45,1
PO-03195,S010,Reliable Goods Co.,Tier 3,Road,Electronics,WH-Central,2023-07-30,2023-08-17,2023-08-17,2023,7,Q3,Jul,18,0,1,1716,1716,0,0.0,343.43,589325.88,1
PO-03196,S006,PrimeParts Inc.,Tier 1,Sea,Electronics,WH-Central,2023-07-30,2023-08-10,2023-08-10,2023,7,Q3,Jul,11,0,1,1009,1009,0,0.0,85.13,85896.17,1
PO-03197,S006,PrimeParts Inc.,Tier 1,Sea,Components,WH-Central,2023-07-30,2023-08-02,2023-08-02,2023,7,Q3,Jul,3,0,1,1489,1489,0,0.0,124.27,185038.03,1
PO-03198,S005,Metro Distributors,Tier 2,Road,Components,WH-North,2023-07-30,2023-08-04,2023-08-04,2023,7,Q3,Jul,5,0,1,498,424,74,14.86,206.19,102682.62,0
PO-03199,S008,Northern Logistics,Tier 3,Rail,Finished Goods,WH-Central,2023-07-31,2023-08-07,2023-08-19,2023,7,Q3,Jul,7,12,0,1407,1407,0,0.0,149.78,210740.46,1
PO-03200,S007,Swift Carriers,Tier 2,Road,Packaging,WH-Central,2023-07-31,2023-08-11,2023-08-11,2023,7,Q3,Jul,11,0,1,782,782,0,0.0,421.39,329526.98,1
PO-03201,S007,Swift Carriers,Tier 2,Road,Chemicals,WH-East,2023-07-31,2023-08-10,2023-08-19,2023,7,Q3,Jul,10,9,0,1486,1486,0,0.0,236.86,351973.96,1
PO-03202,S009,Eastside Components,Tier 2,Sea,Finished Goods,WH-West,2023-07-31,2023-08-11,2023-08-24,2023,7,Q3,Jul,11,13,0,828,828,0,0.0,459.83,380739.24,1
PO-03203,S005,Metro Distributors,Tier 2,Road,Spare Parts,WH-Central,2023-07-31,2023-08-21,2023-08-24,2023,7,Q3,Jul,21,3,0,937,937,0,0.0,200.54,187905.98,1
PO-03204,S003,Apex Supply Co.,Tier 2,Road,Textiles,WH-Central,2023-07-31,2023-08-10,2023-08-24,2023,7,Q3,Jul,10,14,0,932,932,0,0.0,440.06,410135.92,1
PO-03205,S002,BlueStar Freight,Tier 1,Rail,Textiles,WH-West,2023-07-31,2023-08-09,2023-08-09,2023,7,Q3,Jul,9,0,1,129,129,0,0.0,177.47,22893.63,1
PO-03206,S001,FastTrack Logistics,Tier 1,Road,Raw Materials,WH-South,2023-08-01,2023-08-09,2023-08-09,2023,8,Q3,Aug,8,0,1,1686,1686,0,0.0,208.71,351885.06,1
PO-03207,S009,Eastside Components,Tier 2,Sea,Chemicals,WH-East,2023-08-01,2023-08-09,2023-08-09,2023,8,Q3,Aug,8,0,1,1887,1887,0,0.0,30.33,57232.71,1
PO-03208,S004,Global Parts Ltd,Tier 1,Air,Chemicals,WH-North,2023-08-01,2023-08-17,2023-08-31,2023,8,Q3,Aug,16,14,0,1272,1272,0,0.0,151.12,192224.64,1
PO-03209,S010,Reliable Goods Co.,Tier 3,Road,Raw Materials,WH-South,2023-08-01,2023-08-06,2023-08-06,2023,8,Q3,Aug,5,0,1,499,499,0,0.0,119.33,59545.67,1
PO-03210,S004,Global Parts Ltd,Tier 1,Air,Electronics,WH-Central,2023-08-01,2023-08-13,2023-08-20,2023,8,Q3,Aug,12,7,0,713,713,0,0.0,130.06,92732.78,1
PO-03211,S009,Eastside Components,Tier 2,Sea,Raw Materials,WH-North,2023-08-02,2023-08-19,2023-08-19,2023,8,Q3,Aug,17,0,1,202,198,4,1.98,322.52,65149.04,0
PO-03212,S010,Reliable Goods Co.,Tier 3,Road,Spare Parts,WH-West,2023-08-02,2023-08-07,2023-08-07,2023,8,Q3,Aug,5,0,1,394,394,0,0.0,91.42,36019.48,1
PO-03213,S003,Apex Supply Co.,Tier 2,Road,Packaging,WH-South,2023-08-02,2023-08-09,2023-08-09,2023,8,Q3,Aug,7,0,1,917,917,0,0.0,267.02,244857.34,1
PO-03214,S004,Global Parts Ltd,Tier 1,Air,Finished Goods,WH-East,2023-08-03,2023-08-17,2023-08-17,2023,8,Q3,Aug,14,0,1,1455,1455,0,0.0,175.4,255207.0,1
PO-03215,S001,FastTrack Logistics,Tier 1,Road,Electronics,WH-South,2023-08-03,2023-08-06,2023-08-06,2023,8,Q3,Aug,3,0,1,61,61,0,0.0,390.99,23850.39,1
PO-03216,S008,Northern Logistics,Tier 3,Rail,Packaging,WH-West,2023-08-03,2023-08-10,2023-08-18,2023,8,Q3,Aug,7,8,0,772,772,0,0.0,246.25,190105.0,1
PO-03217,S004,Global Parts Ltd,Tier 1,Air,Packaging,WH-North,2023-08-03,2023-08-21,2023-08-21,2023,8,Q3,Aug,18,0,1,372,372,0,0.0,351.13,130620.36,1
PO-03218,S005,Metro Distributors,Tier 2,Road,Raw Materials,WH-North,2023-08-04,2023-08-15,2023-08-15,2023,8,Q3,Aug,11,0,1,567,567,0,0.0,235.36,133449.12,1
PO-03219,S009,Eastside Components,Tier 2,Sea,Finished Goods,WH-Central,2023-08-04,2023-08-09,2023-08-09,2023,8,Q3,Aug,5,0,1,1749,1749,0,0.0,32.63,57069.87,1
PO-03220,S010,Reliable Goods Co.,Tier 3,Road,Textiles,WH-Central,2023-08-04,2023-08-17,2023-08-17,2023,8,Q3,Aug,13,0,1,1299,1299,0,0.0,113.27,147137.73,1
PO-03221,S009,Eastside Components,Tier 2,Sea,Textiles,WH-North,2023-08-05,2023-08-23,2023-08-23,2023,8,Q3,Aug,18,0,1,346,346,0,0.0,49.11,16992.06,1
PO-03222,S003,Apex Supply Co.,Tier 2,Road,Components,WH-East,2023-08-05,2023-08-12,2023-08-12,2023,8,Q3,Aug,7,0,1,1237,1237,0,0.0,476.23,589096.51,1
PO-03223,S005,Metro Distributors,Tier 2,Road,Spare Parts,WH-West,2023-08-05,2023-08-25,2023-08-25,2023,8,Q3,Aug,20,0,1,488,488,0,0.0,120.41,58760.08,1
PO-03224,S001,FastTrack Logistics,Tier 1,Road,Finished Goods,WH-West,2023-08-06,2023-08-19,2023-08-19,2023,8,Q3,Aug,13,0,1,1046,1046,0,0.0,369.86,386873.56,1
PO-03225,S010,Reliable Goods Co.,Tier 3,Road,Finished Goods,WH-Central,2023-08-06,2023-08-10,2023-08-15,2023,8,Q3,Aug,4,5,0,576,576,0,0.0,176.56,101698.56,1
PO-03226,S003,Apex Supply Co.,Tier 2,Road,Textiles,WH-West,2023-08-06,2023-08-19,2023-08-24,2023,8,Q3,Aug,13,5,0,899,899,0,0.0,338.69,304482.31,1
PO-03227,S003,Apex Supply Co.,Tier 2,Road,Finished Goods,WH-Central,2023-08-06,2023-08-13,2023-08-13,2023,8,Q3,Aug,7,0,1,871,871,0,0.0,370.53,322731.63,1
PO-03228,S010,Reliable Goods Co.,Tier 3,Road,Packaging,WH-North,2023-08-06,2023-08-10,2023-08-10,2023,8,Q3,Aug,4,0,1,644,644,0,0.0,211.4,136141.6,1
PO-03229,S008,Northern Logistics,Tier 3,Rail,Chemicals,WH-West,2023-08-06,2023-08-25,2023-09-07,2023,8,Q3,Aug,19,13,0,685,685,0,0.0,344.52,235996.2,1
PO-03230,S009,Eastside Components,Tier 2,Sea,Electronics,WH-East,2023-08-06,2023-08-09,2023-08-19,2023,8,Q3,Aug,3,10,0,294,294,0,0.0,430.29,126505.26,1
PO-03231,S006,PrimeParts Inc.,Tier 1,Sea,Textiles,WH-South,2023-08-06,2023-08-24,2023-08-24,2023,8,Q3,Aug,18,0,1,396,396,0,0.0,59.05,23383.8,1
PO-03232,S003,Apex Supply Co.,Tier 2,Road,Electronics,WH-Central,2023-08-07,2023-08-11,2023-08-11,2023,8,Q3,Aug,4,0,1,602,602,0,0.0,342.32,206076.64,1
PO-03233,S004,Global Parts Ltd,Tier 1,Air,Spare Parts,WH-South,2023-08-07,2023-08-26,2023-08-26,2023,8,Q3,Aug,19,0,1,564,564,0,0.0,494.63,278971.32,1
PO-03234,S006,PrimeParts Inc.,Tier 1,Sea,Textiles,WH-East,2023-08-07,2023-08-22,2023-08-22,2023,8,Q3,Aug,15,0,1,1198,1198,0,0.0,247.74,296792.52,1
PO-03235,S007,Swift Carriers,Tier 2,Road,Finished Goods,WH-North,2023-08-07,2023-08-17,2023-08-17,2023,8,Q3,Aug,10,0,1,1995,1995,0,0.0,335.52,669362.4,1
PO-03236,S005,Metro Distributors,Tier 2,Road,Electronics,WH-North,2023-08-07,2023-08-22,2023-08-22,2023,8,Q3,Aug,15,0,1,303,303,0,0.0,111.67,33836.01,1
PO-03237,S001,FastTrack Logistics,Tier 1,Road,Components,WH-South,2023-08-07,2023-08-16,2023-08-16,2023,8,Q3,Aug,9,0,1,635,635,0,0.0,318.7,202374.5,1
PO-03238,S001,FastTrack Logistics,Tier 1,Road,Chemicals,WH-East,2023-08-08,2023-08-15,2023-08-15,2023,8,Q3,Aug,7,0,1,1997,1997,0,0.0,418.49,835724.53,1
PO-03239,S004,Global Parts Ltd,Tier 1,Air,Raw Materials,WH-Central,2023-08-08,2023-08-27,2023-08-27,2023,8,Q3,Aug,19,0,1,70,70,0,0.0,294.06,20584.2,1
PO-03240,S004,Global Parts Ltd,Tier 1,Air,Raw Materials,WH-South,2023-08-08,2023-08-17,2023-08-17,2023,8,Q3,Aug,9,0,1,229,229,0,0.0,174.85,40040.65,1
PO-03241,S007,Swift Carriers,Tier 2,Road,Raw Materials,WH-Central,2023-08-08,2023-08-12,2023-08-12,2023,8,Q3,Aug,4,0,1,400,400,0,0.0,404.86,161944.0,1
PO-03242,S010,Reliable Goods Co.,Tier 3,Road,Packaging,WH-West,2023-08-08,2023-08-11,2023-08-11,2023,8,Q3,Aug,3,0,1,1045,1045,0,0.0,415.0,433675.0,1
PO-03243,S005,Metro Distributors,Tier 2,Road,Spare Parts,WH-East,2023-08-08,2023-08-21,2023-08-21,2023,8,Q3,Aug,13,0,1,1956,1956,0,0.0,499.82,977647.92,1
PO-03244,S002,BlueStar Freight,Tier 1,Rail,Textiles,WH-North,2023-08-09,2023-08-15,2023-08-15,2023,8,Q3,Aug,6,0,1,127,127,0,0.0,133.25,16922.75,1
PO-03245,S009,Eastside Components,Tier 2,Sea,Spare Parts,WH-South,2023-08-09,2023-08-27,2023-08-27,2023,8,Q3,Aug,18,0,1,587,587,0,0.0,106.36,62433.32,1
PO-03246,S004,Global Parts Ltd,Tier 1,Air,Components,WH-East,2023-08-09,2023-08-15,2023-08-15,2023,8,Q3,Aug,6,0,1,1533,1533,0,0.0,322.37,494193.21,1
PO-03247,S004,Global Parts Ltd,Tier 1,Air,Textiles,WH-West,2023-08-09,2023-08-15,2023-08-15,2023,8,Q3,Aug,6,0,1,1922,1922,0,0.0,466.38,896382.36,1
PO-03248,S006,PrimeParts Inc.,Tier 1,Sea,Electronics,WH-South,2023-08-10,2023-08-18,2023-08-18,2023,8,Q3,Aug,8,0,1,1136,1136,0,0.0,378.61,430100.96,1
PO-03249,S001,FastTrack Logistics,Tier 1,Road,Packaging,WH-West,2023-08-10,2023-08-19,2023-08-19,2023,8,Q3,Aug,9,0,1,1857,1857,0,0.0,15.0,27855.0,1
PO-03250,S005,Metro Distributors,Tier 2,Road,Packaging,WH-South,2023-08-10,2023-08-16,2023-08-21,2023,8,Q3,Aug,6,5,0,848,848,0,0.0,263.28,223261.44,1
PO-03251,S004,Global Parts Ltd,Tier 1,Air,Components,WH-West,2023-08-10,2023-08-29,2023-08-29,2023,8,Q3,Aug,19,0,1,1296,1296,0,0.0,326.11,422638.56,1
PO-03252,S006,PrimeParts Inc.,Tier 1,Sea,Components,WH-South,2023-08-11,2023-08-25,2023-08-25,2023,8,Q3,Aug,14,0,1,493,493,0,0.0,363.42,179166.06,1
PO-03253,S009,Eastside Components,Tier 2,Sea,Electronics,WH-East,2023-08-11,2023-08-18,2023-08-27,2023,8,Q3,Aug,7,9,0,611,611,0,0.0,132.64,81043.04,1
PO-03254,S002,BlueStar Freight,Tier 1,Rail,Chemicals,WH-South,2023-08-11,2023-08-27,2023-08-27,2023,8,Q3,Aug,16,0,1,1123,1123,0,0.0,406.23,456196.29,1
PO-03255,S008,Northern Logistics,Tier 3,Rail,Electronics,WH-South,2023-08-11,2023-09-01,2023-09-01,2023,8,Q3,Aug,21,0,1,645,645,0,0.0,319.43,206032.35,1
PO-03256,S001,FastTrack Logistics,Tier 1,Road,Raw Materials,WH-West,2023-08-11,2023-08-18,2023-08-18,2023,8,Q3,Aug,7,0,1,1798,1798,0,0.0,80.32,144415.36,1
PO-03257,S006,PrimeParts Inc.,Tier 1,Sea,Packaging,WH-Central,2023-08-11,2023-08-23,2023-08-23,2023,8,Q3,Aug,12,0,1,1916,1675,241,12.58,65.24,124999.84,0
PO-03258,S002,BlueStar Freight,Tier 1,Rail,Textiles,WH-North,2023-08-11,2023-08-14,2023-08-14,2023,8,Q3,Aug,3,0,1,1911,1911,0,0.0,36.44,69636.84,1
PO-03259,S007,Swift Carriers,Tier 2,Road,Raw Materials,WH-East,2023-08-12,2023-08-23,2023-08-23,2023,8,Q3,Aug,11,0,1,603,603,0,0.0,202.86,122324.58,1
PO-03260,S007,Swift Carriers,Tier 2,Road,Components,WH-Central,2023-08-12,2023-08-26,2023-09-01,2023,8,Q3,Aug,14,6,0,190,190,0,0.0,471.26,89539.4,1
PO-03261,S007,Swift Carriers,Tier 2,Road,Finished Goods,WH-East,2023-08-12,2023-08-23,2023-08-23,2023,8,Q3,Aug,11,0,1,640,640,0,0.0,382.05,244512.0,1
PO-03262,S001,FastTrack Logistics,Tier 1,Road,Raw Materials,WH-South,2023-08-12,2023-08-30,2023-08-30,2023,8,Q3,Aug,18,0,1,1174,1174,0,0.0,432.86,508177.64,1
PO-03263,S010,Reliable Goods Co.,Tier 3,Road,Raw Materials,WH-North,2023-08-12,2023-08-18,2023-09-01,2023,8,Q3,Aug,6,14,0,1455,1455,0,0.0,273.94,398582.7,1
PO-03264,S003,Apex Supply Co.,Tier 2,Road,Electronics,WH-West,2023-08-12,2023-08-28,2023-08-28,2023,8,Q3,Aug,16,0,1,1410,1410,0,0.0,441.79,622923.9,1
PO-03265,S003,Apex Supply Co.,Tier 2,Road,Electronics,WH-South,2023-08-13,2023-08-20,2023-08-20,2023,8,Q3,Aug,7,0,1,1752,1752,0,0.0,326.85,572641.2,1
PO-03266,S006,PrimeParts Inc.,Tier 1,Sea,Finished Goods,WH-North,2023-08-13,2023-08-29,2023-08-29,2023,8,Q3,Aug,16,0,1,824,824,0,0.0,482.2,397332.8,1
PO-03267,S003,Apex Supply Co.,Tier 2,Road,Textiles,WH-South,2023-08-13,2023-08-25,2023-08-25,2023,8,Q3,Aug,12,0,1,594,594,0,0.0,190.76,113311.44,1
PO-03268,S008,Northern Logistics,Tier 3,Rail,Textiles,WH-West,2023-08-14,2023-08-28,2023-08-28,2023,8,Q3,Aug,14,0,1,774,774,0,0.0,100.58,77848.92,1
PO-03269,S009,Eastside Components,Tier 2,Sea,Electronics,WH-Central,2023-08-14,2023-08-28,2023-08-28,2023,8,Q3,Aug,14,0,1,67,67,0,0.0,41.38,2772.46,1
PO-03270,S010,Reliable Goods Co.,Tier 3,Road,Electronics,WH-Central,2023-08-14,2023-08-27,2023-08-27,2023,8,Q3,Aug,13,0,1,1629,1629,0,0.0,311.72,507791.88,1
PO-03271,S004,Global Parts Ltd,Tier 1,Air,Finished Goods,WH-West,2023-08-14,2023-08-26,2023-09-01,2023,8,Q3,Aug,12,6,0,1178,1178,0,0.0,493.96,581884.88,1
PO-03272,S010,Reliable Goods Co.,Tier 3,Road,Finished Goods,WH-East,2023-08-14,2023-08-27,2023-08-27,2023,8,Q3,Aug,13,0,1,695,695,0,0.0,49.61,34478.95,1
PO-03273,S010,Reliable Goods Co.,Tier 3,Road,Raw Materials,WH-West,2023-08-15,2023-08-21,2023-08-21,2023,8,Q3,Aug,6,0,1,694,694,0,0.0,325.16,225661.04,1
PO-03274,S001,FastTrack Logistics,Tier 1,Road,Raw Materials,WH-North,2023-08-15,2023-08-23,2023-08-23,2023,8,Q3,Aug,8,0,1,1757,1757,0,0.0,389.6,684527.2,1
PO-03275,S008,Northern Logistics,Tier 3,Rail,Raw Materials,WH-North,2023-08-15,2023-08-19,2023-08-19,2023,8,Q3,Aug,4,0,1,1226,1109,117,9.54,450.22,551969.72,0
PO-03276,S009,Eastside Components,Tier 2,Sea,Raw Materials,WH-East,2023-08-16,2023-09-01,2023-09-01,2023,8,Q3,Aug,16,0,1,114,114,0,0.0,393.47,44855.58,1
PO-03277,S004,Global Parts Ltd,Tier 1,Air,Components,WH-North,2023-08-16,2023-08-30,2023-09-08,2023,8,Q3,Aug,14,9,0,1521,1521,0,0.0,324.67,493823.07,1
PO-03278,S007,Swift Carriers,Tier 2,Road,Chemicals,WH-Central,2023-08-16,2023-08-21,2023-08-21,2023,8,Q3,Aug,5,0,1,487,487,0,0.0,108.01,52600.87,1
PO-03279,S002,BlueStar Freight,Tier 1,Rail,Spare Parts,WH-North,2023-08-16,2023-08-19,2023-08-19,2023,8,Q3,Aug,3,0,1,916,916,0,0.0,206.78,189410.48,1
PO-03280,S004,Global Parts Ltd,Tier 1,Air,Chemicals,WH-East,2023-08-16,2023-09-01,2023-09-15,2023,8,Q3,Aug,16,14,0,1172,1172,0,0.0,478.25,560509.0,1
PO-03281,S010,Reliable Goods Co.,Tier 3,Road,Finished Goods,WH-South,2023-08-16,2023-08-26,2023-08-26,2023,8,Q3,Aug,10,0,1,1444,1316,128,8.86,436.31,630031.64,0
PO-03282,S008,Northern Logistics,Tier 3,Rail,Textiles,WH-South,2023-08-16,2023-08-29,2023-08-29,2023,8,Q3,Aug,13,0,1,553,553,0,0.0,246.29,136198.37,1
PO-03283,S010,Reliable Goods Co.,Tier 3,Road,Raw Materials,WH-West,2023-08-17,2023-09-02,2023-09-10,2023,8,Q3,Aug,16,8,0,1430,1430,0,0.0,343.03,490532.9,1
PO-03284,S003,Apex Supply Co.,Tier 2,Road,Finished Goods,WH-West,2023-08-17,2023-08-31,2023-09-03,2023,8,Q3,Aug,14,3,0,1918,1918,0,0.0,169.32,324755.76,1
PO-03285,S006,PrimeParts Inc.,Tier 1,Sea,Chemicals,WH-West,2023-08-17,2023-08-20,2023-08-20,2023,8,Q3,Aug,3,0,1,682,682,0,0.0,261.51,178349.82,1
PO-03286,S010,Reliable Goods Co.,Tier 3,Road,Textiles,WH-East,2023-08-17,2023-09-02,2023-09-02,2023,8,Q3,Aug,16,0,1,1235,1235,0,0.0,392.67,484947.45,1
PO-03287,S006,PrimeParts Inc.,Tier 1,Sea,Electronics,WH-East,2023-08-17,2023-09-05,2023-09-05,2023,8,Q3,Aug,19,0,1,1681,1681,0,0.0,429.17,721434.77,1
PO-03288,S007,Swift Carriers,Tier 2,Road,Raw Materials,WH-East,2023-08-17,2023-08-27,2023-09-06,2023,8,Q3,Aug,10,10,0,189,189,0,0.0,480.37,90789.93,1
PO-03289,S004,Global Parts Ltd,Tier 1,Air,Chemicals,WH-West,2023-08-18,2023-09-01,2023-09-06,2023,8,Q3,Aug,14,5,0,666,666,0,0.0,488.38,325261.08,1
PO-03290,S002,BlueStar Freight,Tier 1,Rail,Electronics,WH-East,2023-08-18,2023-08-22,2023-08-22,2023,8,Q3,Aug,4,0,1,1422,1422,0,0.0,183.89,261491.58,1
PO-03291,S005,Metro Distributors,Tier 2,Road,Electronics,WH-South,2023-08-18,2023-09-01,2023-09-07,2023,8,Q3,Aug,14,6,0,981,981,0,0.0,68.42,67120.02,1
PO-03292,S010,Reliable Goods Co.,Tier 3,Road,Electronics,WH-West,2023-08-19,2023-08-23,2023-08-29,2023,8,Q3,Aug,4,6,0,611,528,83,13.58,160.08,97808.88,0
PO-03293,S005,Metro Distributors,Tier 2,Road,Finished Goods,WH-North,2023-08-19,2023-08-29,2023-09-06,2023,8,Q3,Aug,10,8,0,760,760,0,0.0,73.86,56133.6,1
PO-03294,S008,Northern Logistics,Tier 3,Rail,Spare Parts,WH-West,2023-08-19,2023-08-30,2023-08-30,2023,8,Q3,Aug,11,0,1,1045,998,47,4.5,435.94,455557.3,0
PO-03295,S002,BlueStar Freight,Tier 1,Rail,Finished Goods,WH-North,2023-08-19,2023-08-22,2023-08-22,2023,8,Q3,Aug,3,0,1,1954,1954,0,0.0,442.04,863746.16,1
PO-03296,S003,Apex Supply Co.,Tier 2,Road,Components,WH-West,2023-08-20,2023-08-25,2023-08-25,2023,8,Q3,Aug,5,0,1,1648,1648,0,0.0,475.18,783096.64,1
PO-03297,S003,Apex Supply Co.,Tier 2,Road,Packaging,WH-West,2023-08-20,2023-08-24,2023-08-24,2023,8,Q3,Aug,4,0,1,1584,1584,0,0.0,440.31,697451.04,1
PO-03298,S006,PrimeParts Inc.,Tier 1,Sea,Packaging,WH-West,2023-08-20,2023-09-05,2023-09-05,2023,8,Q3,Aug,16,0,1,1695,1695,0,0.0,295.45,500787.75,1
PO-03299,S005,Metro Distributors,Tier 2,Road,Raw Materials,WH-North,2023-08-21,2023-08-27,2023-08-27,2023,8,Q3,Aug,6,0,1,1806,1725,81,4.49,289.89,523541.34,0
PO-03300,S009,Eastside Components,Tier 2,Sea,Electronics,WH-Central,2023-08-21,2023-09-10,2023-09-10,2023,8,Q3,Aug,20,0,1,1609,1572,37,2.3,326.03,524582.27,0
PO-03301,S006,PrimeParts Inc.,Tier 1,Sea,Finished Goods,WH-West,2023-08-21,2023-08-27,2023-08-27,2023,8,Q3,Aug,6,0,1,1291,1291,0,0.0,142.84,184406.44,1
PO-03302,S009,Eastside Components,Tier 2,Sea,Textiles,WH-East,2023-08-22,2023-08-30,2023-08-30,2023,8,Q3,Aug,8,0,1,773,773,0,0.0,54.9,42437.7,1
PO-03303,S009,Eastside Components,Tier 2,Sea,Packaging,WH-Central,2023-08-22,2023-09-02,2023-09-02,2023,8,Q3,Aug,11,0,1,817,817,0,0.0,431.75,352739.75,1
PO-03304,S003,Apex Supply Co.,Tier 2,Road,Chemicals,WH-West,2023-08-22,2023-08-26,2023-08-26,2023,8,Q3,Aug,4,0,1,1869,1869,0,0.0,453.96,848451.24,1
PO-03305,S004,Global Parts Ltd,Tier 1,Air,Spare Parts,WH-South,2023-08-22,2023-09-04,2023-09-04,2023,8,Q3,Aug,13,0,1,1366,1366,0,0.0,313.87,428746.42,1
PO-03306,S004,Global Parts Ltd,Tier 1,Air,Finished Goods,WH-West,2023-08-23,2023-08-26,2023-08-26,2023,8,Q3,Aug,3,0,1,1498,1498,0,0.0,453.86,679882.28,1
PO-03307,S003,Apex Supply Co.,Tier 2,Road,Components,WH-West,2023-08-23,2023-08-29,2023-08-29,2023,8,Q3,Aug,6,0,1,273,273,0,0.0,496.76,135615.48,1
PO-03308,S008,Northern Logistics,Tier 3,Rail,Raw Materials,WH-North,2023-08-23,2023-09-03,2023-09-17,2023,8,Q3,Aug,11,14,0,483,483,0,0.0,54.89,26511.87,1
PO-03309,S006,PrimeParts Inc.,Tier 1,Sea,Chemicals,WH-Central,2023-08-23,2023-08-31,2023-08-31,2023,8,Q3,Aug,8,0,1,253,253,0,0.0,392.92,99408.76,1
PO-03310,S003,Apex Supply Co.,Tier 2,Road,Chemicals,WH-Central,2023-08-24,2023-09-11,2023-09-11,2023,8,Q3,Aug,18,0,1,1651,1651,0,0.0,388.32,641116.32,1
PO-03311,S004,Global Parts Ltd,Tier 1,Air,Spare Parts,WH-North,2023-08-24,2023-09-13,2023-09-13,2023,8,Q3,Aug,20,0,1,1539,1539,0,0.0,35.34,54388.26,1
PO-03312,S009,Eastside Components,Tier 2,Sea,Electronics,WH-Central,2023-08-24,2023-09-11,2023-09-11,2023,8,Q3,Aug,18,0,1,1366,1366,0,0.0,150.13,205077.58,1
PO-03313,S001,FastTrack Logistics,Tier 1,Road,Packaging,WH-West,2023-08-24,2023-09-05,2023-09-05,2023,8,Q3,Aug,12,0,1,1336,1336,0,0.0,467.25,624246.0,1
PO-03314,S009,Eastside Components,Tier 2,Sea,Chemicals,WH-West,2023-08-24,2023-09-03,2023-09-03,2023,8,Q3,Aug,10,0,1,1098,1098,0,0.0,158.89,174461.22,1
PO-03315,S001,FastTrack Logistics,Tier 1,Road,Electronics,WH-Central,2023-08-24,2023-09-09,2023-09-09,2023,8,Q3,Aug,16,0,1,1278,1278,0,0.0,165.22,211151.16,1
PO-03316,S002,BlueStar Freight,Tier 1,Rail,Electronics,WH-Central,2023-08-25,2023-09-05,2023-09-05,2023,8,Q3,Aug,11,0,1,482,482,0,0.0,479.51,231123.82,1
PO-03317,S009,Eastside Components,Tier 2,Sea,Raw Materials,WH-South,2023-08-25,2023-09-03,2023-09-03,2023,8,Q3,Aug,9,0,1,927,927,0,0.0,353.01,327240.27,1
PO-03318,S002,BlueStar Freight,Tier 1,Rail,Electronics,WH-Central,2023-08-25,2023-09-03,2023-09-10,2023,8,Q3,Aug,9,7,0,1392,1392,0,0.0,46.0,64032.0,1
PO-03319,S008,Northern Logistics,Tier 3,Rail,Textiles,WH-East,2023-08-25,2023-09-10,2023-09-10,2023,8,Q3,Aug,16,0,1,1322,1322,0,0.0,307.51,406528.22,1
PO-03320,S006,PrimeParts Inc.,Tier 1,Sea,Chemicals,WH-North,2023-08-26,2023-09-04,2023-09-04,2023,8,Q3,Aug,9,0,1,1658,1658,0,0.0,237.81,394288.98,1
PO-03321,S002,BlueStar Freight,Tier 1,Rail,Packaging,WH-South,2023-08-26,2023-09-03,2023-09-03,2023,8,Q3,Aug,8,0,1,1205,1205,0,0.0,132.87,160108.35,1
PO-03322,S002,BlueStar Freight,Tier 1,Rail,Finished Goods,WH-Central,2023-08-26,2023-08-29,2023-08-29,2023,8,Q3,Aug,3,0,1,313,294,19,6.07,115.68,36207.84,0
PO-03323,S010,Reliable Goods Co.,Tier 3,Road,Packaging,WH-West,2023-08-27,2023-09-11,2023-09-11,2023,8,Q3,Aug,15,0,1,553,553,0,0.0,403.84,223323.52,1
PO-03324,S002,BlueStar Freight,Tier 1,Rail,Textiles,WH-South,2023-08-27,2023-09-16,2023-09-16,2023,8,Q3,Aug,20,0,1,1089,1089,0,0.0,339.27,369465.03,1
PO-03325,S002,BlueStar Freight,Tier 1,Rail,Textiles,WH-West,2023-08-27,2023-09-09,2023-09-09,2023,8,Q3,Aug,13,0,1,1734,1734,0,0.0,287.79,499027.86,1
PO-03326,S001,FastTrack Logistics,Tier 1,Road,Finished Goods,WH-East,2023-08-28,2023-09-09,2023-09-09,2023,8,Q3,Aug,12,0,1,775,775,0,0.0,122.83,95193.25,1
PO-03327,S009,Eastside Components,Tier 2,Sea,Finished Goods,WH-Central,2023-08-28,2023-09-06,2023-09-06,2023,8,Q3,Aug,9,0,1,1901,1901,0,0.0,162.75,309387.75,1
PO-03328,S004,Global Parts Ltd,Tier 1,Air,Components,WH-South,2023-08-28,2023-09-05,2023-09-05,2023,8,Q3,Aug,8,0,1,90,90,0,0.0,153.49,13814.1,1
PO-03329,S005,Metro Distributors,Tier 2,Road,Textiles,WH-East,2023-08-28,2023-09-05,2023-09-05,2023,8,Q3,Aug,8,0,1,223,223,0,0.0,367.71,81999.33,1
PO-03330,S006,PrimeParts Inc.,Tier 1,Sea,Spare Parts,WH-West,2023-08-29,2023-09-03,2023-09-03,2023,8,Q3,Aug,5,0,1,625,625,0,0.0,144.48,90300.0,1
PO-03331,S004,Global Parts Ltd,Tier 1,Air,Packaging,WH-West,2023-08-29,2023-09-06,2023-09-06,2023,8,Q3,Aug,8,0,1,98,98,0,0.0,268.12,26275.76,1
PO-03332,S001,FastTrack Logistics,Tier 1,Road,Textiles,WH-East,2023-08-29,2023-09-02,2023-09-02,2023,8,Q3,Aug,4,0,1,1234,1234,0,0.0,87.01,107370.34,1
PO-03333,S003,Apex Supply Co.,Tier 2,Road,Electronics,WH-East,2023-08-29,2023-09-12,2023-09-12,2023,8,Q3,Aug,14,0,1,1697,1697,0,0.0,455.9,773662.3,1
PO-03334,S008,Northern Logistics,Tier 3,Rail,Chemicals,WH-Central,2023-08-29,2023-09-06,2023-09-06,2023,8,Q3,Aug,8,0,1,775,775,0,0.0,101.7,78817.5,1
PO-03335,S007,Swift Carriers,Tier 2,Road,Electronics,WH-Central,2023-08-30,2023-09-04,2023-09-04,2023,8,Q3,Aug,5,0,1,230,230,0,0.0,324.92,74731.6,1
PO-03336,S008,Northern Logistics,Tier 3,Rail,Electronics,WH-North,2023-08-30,2023-09-02,2023-09-11,2023,8,Q3,Aug,3,9,0,113,113,0,0.0,362.9,41007.7,1
PO-03337,S006,PrimeParts Inc.,Tier 1,Sea,Raw Materials,WH-North,2023-08-30,2023-09-18,2023-09-18,2023,8,Q3,Aug,19,0,1,186,186,0,0.0,190.37,35408.82,1
PO-03338,S009,Eastside Components,Tier 2,Sea,Chemicals,WH-East,2023-08-31,2023-09-15,2023-09-25,2023,8,Q3,Aug,15,10,0,1601,1601,0,0.0,375.79,601639.79,1
PO-03339,S005,Metro Distributors,Tier 2,Road,Spare Parts,WH-South,2023-08-31,2023-09-17,2023-09-20,2023,8,Q3,Aug,17,3,0,522,522,0,0.0,182.95,95499.9,1
PO-03340,S001,FastTrack Logistics,Tier 1,Road,Spare Parts,WH-West,2023-08-31,2023-09-08,2023-09-08,2023,8,Q3,Aug,8,0,1,1896,1896,0,0.0,271.79,515313.84,1
PO-03341,S003,Apex Supply Co.,Tier 2,Road,Textiles,WH-West,2023-08-31,2023-09-18,2023-09-18,2023,8,Q3,Aug,18,0,1,1262,1262,0,0.0,36.4,45936.8,1
PO-03342,S009,Eastside Components,Tier 2,Sea,Finished Goods,WH-South,2023-08-31,2023-09-17,2023-09-17,2023,8,Q3,Aug,17,0,1,492,492,0,0.0,99.6,49003.2,1
PO-03343,S001,FastTrack Logistics,Tier 1,Road,Spare Parts,WH-South,2023-08-31,2023-09-12,2023-09-12,2023,8,Q3,Aug,12,0,1,1638,1638,0,0.0,150.4,246355.2,1
PO-03344,S001,FastTrack Logistics,Tier 1,Road,Chemicals,WH-East,2023-09-01,2023-09-15,2023-09-15,2023,9,Q3,Sep,14,0,1,96,96,0,0.0,200.8,19276.8,1
PO-03345,S006,PrimeParts Inc.,Tier 1,Sea,Packaging,WH-East,2023-09-01,2023-09-20,2023-09-20,2023,9,Q3,Sep,19,0,1,1292,1292,0,0.0,455.39,588363.88,1
PO-03346,S002,BlueStar Freight,Tier 1,Rail,Textiles,WH-Central,2023-09-01,2023-09-14,2023-09-14,2023,9,Q3,Sep,13,0,1,264,264,0,0.0,304.03,80263.92,1
PO-03347,S003,Apex Supply Co.,Tier 2,Road,Packaging,WH-South,2023-09-01,2023-09-18,2023-09-18,2023,9,Q3,Sep,17,0,1,895,895,0,0.0,207.36,185587.2,1
PO-03348,S010,Reliable Goods Co.,Tier 3,Road,Electronics,WH-West,2023-09-01,2023-09-11,2023-09-14,2023,9,Q3,Sep,10,3,0,1212,1212,0,0.0,141.91,171994.92,1
PO-03349,S003,Apex Supply Co.,Tier 2,Road,Components,WH-Central,2023-09-02,2023-09-20,2023-09-20,2023,9,Q3,Sep,18,0,1,1421,1421,0,0.0,118.92,168985.32,1
PO-03350,S006,PrimeParts Inc.,Tier 1,Sea,Finished Goods,WH-Central,2023-09-02,2023-09-18,2023-09-30,2023,9,Q3,Sep,16,12,0,1155,1155,0,0.0,15.44,17833.2,1
PO-03351,S001,FastTrack Logistics,Tier 1,Road,Finished Goods,WH-South,2023-09-02,2023-09-15,2023-09-15,2023,9,Q3,Sep,13,0,1,1748,1748,0,0.0,41.37,72314.76,1
PO-03352,S003,Apex Supply Co.,Tier 2,Road,Chemicals,WH-South,2023-09-02,2023-09-07,2023-09-07,2023,9,Q3,Sep,5,0,1,1373,1373,0,0.0,269.91,370586.43,1
PO-03353,S006,PrimeParts Inc.,Tier 1,Sea,Finished Goods,WH-Central,2023-09-03,2023-09-12,2023-09-12,2023,9,Q3,Sep,9,0,1,968,968,0,0.0,303.02,293323.36,1
PO-03354,S001,FastTrack Logistics,Tier 1,Road,Chemicals,WH-East,2023-09-03,2023-09-07,2023-09-07,2023,9,Q3,Sep,4,0,1,1182,1182,0,0.0,374.03,442103.46,1
PO-03355,S010,Reliable Goods Co.,Tier 3,Road,Electronics,WH-Central,2023-09-03,2023-09-23,2023-09-23,2023,9,Q3,Sep,20,0,1,1041,1041,0,0.0,111.98,116571.18,1
PO-03356,S001,FastTrack Logistics,Tier 1,Road,Raw Materials,WH-Central,2023-09-03,2023-09-10,2023-09-10,2023,9,Q3,Sep,7,0,1,1934,1934,0,0.0,450.16,870609.44,1
PO-03357,S001,FastTrack Logistics,Tier 1,Road,Chemicals,WH-Central,2023-09-04,2023-09-24,2023-09-24,2023,9,Q3,Sep,20,0,1,686,686,0,0.0,127.39,87389.54,1
PO-03358,S006,PrimeParts Inc.,Tier 1,Sea,Raw Materials,WH-West,2023-09-04,2023-09-08,2023-09-13,2023,9,Q3,Sep,4,5,0,1467,1467,0,0.0,415.01,608819.67,1
PO-03359,S002,BlueStar Freight,Tier 1,Rail,Components,WH-West,2023-09-04,2023-09-11,2023-09-11,2023,9,Q3,Sep,7,0,1,209,209,0,0.0,288.77,60352.93,1
PO-03360,S009,Eastside Components,Tier 2,Sea,Raw Materials,WH-West,2023-09-04,2023-09-07,2023-09-07,2023,9,Q3,Sep,3,0,1,697,697,0,0.0,334.7,233285.9,1
PO-03361,S001,FastTrack Logistics,Tier 1,Road,Chemicals,WH-South,2023-09-04,2023-09-21,2023-09-21,2023,9,Q3,Sep,17,0,1,1005,1005,0,0.0,278.9,280294.5,1
PO-03362,S007,Swift Carriers,Tier 2,Road,Electronics,WH-West,2023-09-04,2023-09-18,2023-09-30,2023,9,Q3,Sep,14,12,0,286,258,28,9.79,379.59,108562.74,0
PO-03363,S010,Reliable Goods Co.,Tier 3,Road,Finished Goods,WH-Central,2023-09-05,2023-09-18,2023-09-29,2023,9,Q3,Sep,13,11,0,1774,1774,0,0.0,152.71,270907.54,1
PO-03364,S004,Global Parts Ltd,Tier 1,Air,Spare Parts,WH-South,2023-09-05,2023-09-19,2023-09-19,2023,9,Q3,Sep,14,0,1,1210,1210,0,0.0,146.9,177749.0,1
PO-03365,S004,Global Parts Ltd,Tier 1,Air,Electronics,WH-West,2023-09-05,2023-09-11,2023-09-11,2023,9,Q3,Sep,6,0,1,355,355,0,0.0,6.49,2303.95,1
PO-03366,S008,Northern Logistics,Tier 3,Rail,Raw Materials,WH-East,2023-09-06,2023-09-16,2023-09-16,2023,9,Q3,Sep,10,0,1,822,822,0,0.0,227.25,186799.5,1
PO-03367,S010,Reliable Goods Co.,Tier 3,Road,Packaging,WH-Central,2023-09-06,2023-09-11,2023-09-11,2023,9,Q3,Sep,5,0,1,1421,1421,0,0.0,444.94,632259.74,1
PO-03368,S008,Northern Logistics,Tier 3,Rail,Textiles,WH-North,2023-09-06,2023-09-15,2023-09-15,2023,9,Q3,Sep,9,0,1,740,692,48,6.49,10.04,7429.6,0
PO-03369,S004,Global Parts Ltd,Tier 1,Air,Raw Materials,WH-East,2023-09-06,2023-09-10,2023-09-10,2023,9,Q3,Sep,4,0,1,286,286,0,0.0,99.45,28442.7,1
PO-03370,S003,Apex Supply Co.,Tier 2,Road,Chemicals,WH-South,2023-09-07,2023-09-22,2023-09-22,2023,9,Q3,Sep,15,0,1,1093,1093,0,0.0,150.12,164081.16,1
PO-03371,S006,PrimeParts Inc.,Tier 1,Sea,Electronics,WH-West,2023-09-07,2023-09-14,2023-09-14,2023,9,Q3,Sep,7,0,1,228,228,0,0.0,398.8,90926.4,1
PO-03372,S005,Metro Distributors,Tier 2,Road,Chemicals,WH-Central,2023-09-07,2023-09-11,2023-09-11,2023,9,Q3,Sep,4,0,1,682,682,0,0.0,455.05,310344.1,1
PO-03373,S010,Reliable Goods Co.,Tier 3,Road,Spare Parts,WH-West,2023-09-07,2023-09-25,2023-10-02,2023,9,Q3,Sep,18,7,0,1273,1143,130,10.21,418.27,532457.71,0
PO-03374,S002,BlueStar Freight,Tier 1,Rail,Textiles,WH-North,2023-09-07,2023-09-21,2023-09-21,2023,9,Q3,Sep,14,0,1,1093,1093,0,0.0,469.97,513677.21,1
PO-03375,S004,Global Parts Ltd,Tier 1,Air,Packaging,WH-West,2023-09-08,2023-09-14,2023-09-14,2023,9,Q3,Sep,6,0,1,52,52,0,0.0,185.66,9654.32,1
PO-03376,S005,Metro Distributors,Tier 2,Road,Spare Parts,WH-North,2023-09-08,2023-09-28,2023-10-05,2023,9,Q3,Sep,20,7,0,1950,1950,0,0.0,189.65,369817.5,1
PO-03377,S003,Apex Supply Co.,Tier 2,Road,Raw Materials,WH-North,2023-09-08,2023-09-23,2023-09-23,2023,9,Q3,Sep,15,0,1,1115,1115,0,0.0,35.58,39671.7,1
PO-03378,S001,FastTrack Logistics,Tier 1,Road,Electronics,WH-East,2023-09-08,2023-09-27,2023-09-27,2023,9,Q3,Sep,19,0,1,911,911,0,0.0,498.95,454543.45,1
PO-03379,S008,Northern Logistics,Tier 3,Rail,Chemicals,WH-West,2023-09-08,2023-09-26,2023-09-26,2023,9,Q3,Sep,18,0,1,1398,1398,0,0.0,126.45,176777.1,1
PO-03380,S002,BlueStar Freight,Tier 1,Rail,Components,WH-West,2023-09-08,2023-09-17,2023-09-17,2023,9,Q3,Sep,9,0,1,180,180,0,0.0,409.23,73661.4,1
PO-03381,S001,FastTrack Logistics,Tier 1,Road,Finished Goods,WH-Central,2023-09-08,2023-09-28,2023-09-28,2023,9,Q3,Sep,20,0,1,1678,1678,0,0.0,69.31,116302.18,1
PO-03382,S009,Eastside Components,Tier 2,Sea,Packaging,WH-North,2023-09-09,2023-09-29,2023-09-29,2023,9,Q3,Sep,20,0,1,633,633,0,0.0,16.45,10412.85,1
PO-03383,S010,Reliable Goods Co.,Tier 3,Road,Electronics,WH-West,2023-09-09,2023-09-22,2023-09-22,2023,9,Q3,Sep,13,0,1,1185,1185,0,0.0,80.43,95309.55,1
PO-03384,S005,Metro Distributors,Tier 2,Road,Textiles,WH-Central,2023-09-09,2023-09-21,2023-10-04,2023,9,Q3,Sep,12,13,0,1350,1350,0,0.0,275.07,371344.5,1
PO-03385,S004,Global Parts Ltd,Tier 1,Air,Electronics,WH-East,2023-09-09,2023-09-13,2023-09-13,2023,9,Q3,Sep,4,0,1,503,503,0,0.0,439.65,221143.95,1
PO-03386,S001,FastTrack Logistics,Tier 1,Road,Spare Parts,WH-South,2023-09-09,2023-09-20,2023-09-20,2023,9,Q3,Sep,11,0,1,1892,1892,0,0.0,407.38,770762.96,1
PO-03387,S002,BlueStar Freight,Tier 1,Rail,Spare Parts,WH-Central,2023-09-10,2023-09-27,2023-09-27,2023,9,Q3,Sep,17,0,1,1160,1160,0,0.0,441.9,512604.0,1
PO-03388,S001,FastTrack Logistics,Tier 1,Road,Textiles,WH-East,2023-09-10,2023-09-24,2023-09-24,2023,9,Q3,Sep,14,0,1,738,738,0,0.0,314.42,232041.96,1
PO-03389,S010,Reliable Goods Co.,Tier 3,Road,Chemicals,WH-North,2023-09-10,2023-09-16,2023-09-16,2023,9,Q3,Sep,6,0,1,870,870,0,0.0,428.13,372473.1,1
PO-03390,S010,Reliable Goods Co.,Tier 3,Road,Electronics,WH-North,2023-09-10,2023-09-18,2023-09-18,2023,9,Q3,Sep,8,0,1,564,564,0,0.0,267.53,150886.92,1
PO-03391,S003,Apex Supply Co.,Tier 2,Road,Textiles,WH-South,2023-09-11,2023-09-22,2023-09-22,2023,9,Q3,Sep,11,0,1,1519,1519,0,0.0,108.62,164993.78,1
PO-03392,S006,PrimeParts Inc.,Tier 1,Sea,Packaging,WH-Central,2023-09-11,2023-10-02,2023-10-04,2023,9,Q3,Sep,21,2,0,367,367,0,0.0,397.33,145820.11,1
PO-03393,S004,Global Parts Ltd,Tier 1,Air,Textiles,WH-East,2023-09-11,2023-09-23,2023-09-23,2023,9,Q3,Sep,12,0,1,1881,1881,0,0.0,128.86,242385.66,1
PO-03394,S010,Reliable Goods Co.,Tier 3,Road,Electronics,WH-North,2023-09-11,2023-09-19,2023-09-28,2023,9,Q3,Sep,8,9,0,1415,1415,0,0.0,374.13,529393.95,1
PO-03395,S008,Northern Logistics,Tier 3,Rail,Spare Parts,WH-West,2023-09-11,2023-09-21,2023-09-22,2023,9,Q3,Sep,10,1,0,1042,947,95,9.12,286.22,298241.24,0
PO-03396,S004,Global Parts Ltd,Tier 1,Air,Packaging,WH-East,2023-09-12,2023-09-28,2023-10-09,2023,9,Q3,Sep,16,11,0,1529,1529,0,0.0,186.28,284822.12,1
PO-03397,S006,PrimeParts Inc.,Tier 1,Sea,Chemicals,WH-West,2023-09-12,2023-09-15,2023-09-15,2023,9,Q3,Sep,3,0,1,408,408,0,0.0,404.19,164909.52,1
PO-03398,S009,Eastside Components,Tier 2,Sea,Chemicals,WH-East,2023-09-12,2023-09-30,2023-09-30,2023,9,Q3,Sep,18,0,1,1209,1209,0,0.0,165.35,199908.15,1
PO-03399,S004,Global Parts Ltd,Tier 1,Air,Raw Materials,WH-West,2023-09-12,2023-09-18,2023-09-18,2023,9,Q3,Sep,6,0,1,475,475,0,0.0,496.8,235980.0,1
PO-03400,S001,FastTrack Logistics,Tier 1,Road,Chemicals,WH-North,2023-09-12,2023-09-16,2023-09-16,2023,9,Q3,Sep,4,0,1,1026,1026,0,0.0,381.44,391357.44,1
PO-03401,S005,Metro Distributors,Tier 2,Road,Electronics,WH-West,2023-09-12,2023-09-15,2023-09-15,2023,9,Q3,Sep,3,0,1,996,996,0,0.0,479.76,477840.96,1
PO-03402,S005,Metro Distributors,Tier 2,Road,Components,WH-South,2023-09-12,2023-09-23,2023-09-23,2023,9,Q3,Sep,11,0,1,1124,1124,0,0.0,401.16,450903.84,1
PO-03403,S002,BlueStar Freight,Tier 1,Rail,Spare Parts,WH-South,2023-09-12,2023-09-26,2023-09-26,2023,9,Q3,Sep,14,0,1,1009,1009,0,0.0,164.28,165758.52,1
PO-03404,S003,Apex Supply Co.,Tier 2,Road,Textiles,WH-South,2023-09-13,2023-09-24,2023-09-24,2023,9,Q3,Sep,11,0,1,57,57,0,0.0,235.43,13419.51,1
PO-03405,S008,Northern Logistics,Tier 3,Rail,Chemicals,WH-Central,2023-09-13,2023-09-27,2023-09-27,2023,9,Q3,Sep,14,0,1,1400,1400,0,0.0,317.99,445186.0,1
PO-03406,S001,FastTrack Logistics,Tier 1,Road,Chemicals,WH-East,2023-09-13,2023-10-03,2023-10-07,2023,9,Q3,Sep,20,4,0,470,470,0,0.0,67.0,31490.0,1
PO-03407,S005,Metro Distributors,Tier 2,Road,Chemicals,WH-East,2023-09-13,2023-09-29,2023-09-29,2023,9,Q3,Sep,16,0,1,1196,1196,0,0.0,242.92,290532.32,1
PO-03408,S008,Northern Logistics,Tier 3,Rail,Packaging,WH-East,2023-09-13,2023-09-27,2023-10-07,2023,9,Q3,Sep,14,10,0,854,854,0,0.0,143.48,122531.92,1
PO-03409,S003,Apex Supply Co.,Tier 2,Road,Components,WH-South,2023-09-13,2023-09-16,2023-09-22,2023,9,Q3,Sep,3,6,0,223,223,0,0.0,200.62,44738.26,1
PO-03410,S003,Apex Supply Co.,Tier 2,Road,Raw Materials,WH-North,2023-09-13,2023-09-23,2023-09-23,2023,9,Q3,Sep,10,0,1,475,475,0,0.0,149.44,70984.0,1
PO-03411,S009,Eastside Components,Tier 2,Sea,Textiles,WH-East,2023-09-14,2023-09-21,2023-09-24,2023,9,Q3,Sep,7,3,0,288,288,0,0.0,465.46,134052.48,1
PO-03412,S008,Northern Logistics,Tier 3,Rail,Packaging,WH-East,2023-09-14,2023-09-28,2023-09-28,2023,9,Q3,Sep,14,0,1,922,922,0,0.0,22.75,20975.5,1
PO-03413,S007,Swift Carriers,Tier 2,Road,Electronics,WH-West,2023-09-14,2023-10-05,2023-10-05,2023,9,Q3,Sep,21,0,1,855,855,0,0.0,237.96,203455.8,1
PO-03414,S007,Swift Carriers,Tier 2,Road,Packaging,WH-South,2023-09-14,2023-10-04,2023-10-04,2023,9,Q3,Sep,20,0,1,830,830,0,0.0,120.31,99857.3,1
PO-03415,S008,Northern Logistics,Tier 3,Rail,Chemicals,WH-Central,2023-09-15,2023-10-04,2023-10-08,2023,9,Q3,Sep,19,4,0,956,933,23,2.41,46.17,44138.52,0
PO-03416,S004,Global Parts Ltd,Tier 1,Air,Spare Parts,WH-Central,2023-09-15,2023-09-22,2023-09-22,2023,9,Q3,Sep,7,0,1,1359,1359,0,0.0,144.08,195804.72,1
PO-03417,S009,Eastside Components,Tier 2,Sea,Textiles,WH-South,2023-09-15,2023-09-18,2023-09-18,2023,9,Q3,Sep,3,0,1,1788,1788,0,0.0,323.78,578918.64,1
PO-03418,S004,Global Parts Ltd,Tier 1,Air,Spare Parts,WH-South,2023-09-15,2023-10-06,2023-10-06,2023,9,Q3,Sep,21,0,1,290,290,0,0.0,185.78,53876.2,1
PO-03419,S005,Metro Distributors,Tier 2,Road,Raw Materials,WH-West,2023-09-15,2023-10-06,2023-10-20,2023,9,Q3,Sep,21,14,0,1924,1924,0,0.0,283.51,545473.24,1
PO-03420,S003,Apex Supply Co.,Tier 2,Road,Spare Parts,WH-South,2023-09-15,2023-09-28,2023-09-28,2023,9,Q3,Sep,13,0,1,1285,1285,0,0.0,425.65,546960.25,1
PO-03421,S010,Reliable Goods Co.,Tier 3,Road,Finished Goods,WH-West,2023-09-15,2023-09-25,2023-10-09,2023,9,Q3,Sep,10,14,0,958,958,0,0.0,86.42,82790.36,1
PO-03422,S005,Metro Distributors,Tier 2,Road,Chemicals,WH-North,2023-09-15,2023-10-06,2023-10-06,2023,9,Q3,Sep,21,0,1,1781,1781,0,0.0,288.37,513586.97,1
PO-03423,S001,FastTrack Logistics,Tier 1,Road,Spare Parts,WH-East,2023-09-16,2023-10-04,2023-10-04,2023,9,Q3,Sep,18,0,1,1806,1806,0,0.0,342.85,619187.1,1
PO-03424,S010,Reliable Goods Co.,Tier 3,Road,Raw Materials,WH-East,2023-09-16,2023-10-06,2023-10-06,2023,9,Q3,Sep,20,0,1,123,123,0,0.0,107.75,13253.25,1
PO-03425,S007,Swift Carriers,Tier 2,Road,Packaging,WH-Central,2023-09-16,2023-09-26,2023-09-29,2023,9,Q3,Sep,10,3,0,1263,1263,0,0.0,36.5,46099.5,1
PO-03426,S002,BlueStar Freight,Tier 1,Rail,Raw Materials,WH-South,2023-09-17,2023-09-20,2023-09-20,2023,9,Q3,Sep,3,0,1,845,845,0,0.0,463.16,391370.2,1
PO-03427,S002,BlueStar Freight,Tier 1,Rail,Textiles,WH-East,2023-09-17,2023-09-21,2023-09-21,2023,9,Q3,Sep,4,0,1,977,977,0,0.0,311.92,304745.84,1
PO-03428,S008,Northern Logistics,Tier 3,Rail,Electronics,WH-West,2023-09-17,2023-09-24,2023-09-24,2023,9,Q3,Sep,7,0,1,1741,1741,0,0.0,410.34,714401.94,1
PO-03429,S008,Northern Logistics,Tier 3,Rail,Finished Goods,WH-Central,2023-09-17,2023-09-25,2023-10-03,2023,9,Q3,Sep,8,8,0,1477,1477,0,0.0,156.49,231135.73,1
PO-03430,S003,Apex Supply Co.,Tier 2,Road,Chemicals,WH-South,2023-09-17,2023-10-04,2023-10-18,2023,9,Q3,Sep,17,14,0,1520,1330,190,12.5,9.44,14348.8,0
PO-03431,S010,Reliable Goods Co.,Tier 3,Road,Spare Parts,WH-South,2023-09-17,2023-10-01,2023-10-12,2023,9,Q3,Sep,14,11,0,363,363,0,0.0,255.27,92663.01,1
PO-03432,S009,Eastside Components,Tier 2,Sea,Packaging,WH-West,2023-09-17,2023-09-26,2023-09-26,2023,9,Q3,Sep,9,0,1,1459,1459,0,0.0,15.29,22308.11,1
PO-03433,S003,Apex Supply Co.,Tier 2,Road,Textiles,WH-South,2023-09-18,2023-10-05,2023-10-05,2023,9,Q3,Sep,17,0,1,1825,1825,0,0.0,28.11,51300.75,1
PO-03434,S007,Swift Carriers,Tier 2,Road,Components,WH-West,2023-09-18,2023-09-23,2023-09-23,2023,9,Q3,Sep,5,0,1,196,194,2,1.02,254.41,49864.36,0
PO-03435,S002,BlueStar Freight,Tier 1,Rail,Electronics,WH-Central,2023-09-18,2023-09-23,2023-09-23,2023,9,Q3,Sep,5,0,1,916,916,0,0.0,97.67,89465.72,1
PO-03436,S002,BlueStar Freight,Tier 1,Rail,Components,WH-South,2023-09-18,2023-10-01,2023-10-10,2023,9,Q3,Sep,13,9,0,1837,1837,0,0.0,409.92,753023.04,1
PO-03437,S005,Metro Distributors,Tier 2,Road,Textiles,WH-Central,2023-09-19,2023-09-23,2023-09-23,2023,9,Q3,Sep,4,0,1,50,50,0,0.0,419.31,20965.5,1
PO-03438,S008,Northern Logistics,Tier 3,Rail,Finished Goods,WH-South,2023-09-19,2023-10-02,2023-10-02,2023,9,Q3,Sep,13,0,1,289,289,0,0.0,230.56,66631.84,1
PO-03439,S005,Metro Distributors,Tier 2,Road,Raw Materials,WH-South,2023-09-19,2023-10-09,2023-10-23,2023,9,Q3,Sep,20,14,0,104,104,0,0.0,98.85,10280.4,1
PO-03440,S005,Metro Distributors,Tier 2,Road,Raw Materials,WH-North,2023-09-19,2023-09-26,2023-09-29,2023,9,Q3,Sep,7,3,0,428,428,0,0.0,367.25,157183.0,1
PO-03441,S004,Global Parts Ltd,Tier 1,Air,Packaging,WH-West,2023-09-19,2023-09-24,2023-09-24,2023,9,Q3,Sep,5,0,1,2000,2000,0,0.0,385.53,771060.0,1
PO-03442,S004,Global Parts Ltd,Tier 1,Air,Textiles,WH-Central,2023-09-19,2023-09-22,2023-09-22,2023,9,Q3,Sep,3,0,1,1154,1154,0,0.0,499.08,575938.32,1
PO-03443,S006,PrimeParts Inc.,Tier 1,Sea,Textiles,WH-South,2023-09-20,2023-09-28,2023-09-28,2023,9,Q3,Sep,8,0,1,1432,1432,0,0.0,154.3,220957.6,1
PO-03444,S007,Swift Carriers,Tier 2,Road,Raw Materials,WH-West,2023-09-20,2023-09-28,2023-09-28,2023,9,Q3,Sep,8,0,1,1611,1611,0,0.0,90.03,145038.33,1
PO-03445,S007,Swift Carriers,Tier 2,Road,Chemicals,WH-North,2023-09-20,2023-09-23,2023-09-23,2023,9,Q3,Sep,3,0,1,815,815,0,0.0,50.76,41369.4,1
PO-03446,S009,Eastside Components,Tier 2,Sea,Packaging,WH-South,2023-09-20,2023-09-23,2023-09-23,2023,9,Q3,Sep,3,0,1,1458,1458,0,0.0,438.42,639216.36,1
PO-03447,S005,Metro Distributors,Tier 2,Road,Finished Goods,WH-North,2023-09-20,2023-09-27,2023-09-27,2023,9,Q3,Sep,7,0,1,1035,1035,0,0.0,121.08,125317.8,1
PO-03448,S007,Swift Carriers,Tier 2,Road,Electronics,WH-East,2023-09-21,2023-10-10,2023-10-10,2023,9,Q3,Sep,19,0,1,1529,1529,0,0.0,138.52,211797.08,1
PO-03449,S010,Reliable Goods Co.,Tier 3,Road,Textiles,WH-West,2023-09-21,2023-10-09,2023-10-19,2023,9,Q3,Sep,18,10,0,796,796,0,0.0,311.17,247691.32,1
PO-03450,S010,Reliable Goods Co.,Tier 3,Road,Textiles,WH-Central,2023-09-21,2023-10-09,2023-10-19,2023,9,Q3,Sep,18,10,0,1105,1105,0,0.0,432.66,478089.3,1
PO-03451,S005,Metro Distributors,Tier 2,Road,Spare Parts,WH-Central,2023-09-21,2023-10-02,2023-10-02,2023,9,Q3,Sep,11,0,1,1589,1589,0,0.0,328.58,522113.62,1
PO-03452,S010,Reliable Goods Co.,Tier 3,Road,Components,WH-Central,2023-09-21,2023-09-28,2023-10-05,2023,9,Q3,Sep,7,7,0,1889,1889,0,0.0,71.36,134799.04,1
PO-03453,S001,FastTrack Logistics,Tier 1,Road,Raw Materials,WH-West,2023-09-22,2023-10-08,2023-10-08,2023,9,Q3,Sep,16,0,1,982,982,0,0.0,76.37,74995.34,1
PO-03454,S002,BlueStar Freight,Tier 1,Rail,Chemicals,WH-South,2023-09-22,2023-10-13,2023-10-13,2023,9,Q3,Sep,21,0,1,268,268,0,0.0,230.52,61779.36,1
PO-03455,S003,Apex Supply Co.,Tier 2,Road,Chemicals,WH-North,2023-09-22,2023-09-27,2023-09-27,2023,9,Q3,Sep,5,0,1,1891,1891,0,0.0,135.7,256608.7,1
PO-03456,S005,Metro Distributors,Tier 2,Road,Chemicals,WH-South,2023-09-22,2023-09-27,2023-09-27,2023,9,Q3,Sep,5,0,1,140,127,13,9.29,336.37,47091.8,0
PO-03457,S008,Northern Logistics,Tier 3,Rail,Spare Parts,WH-Central,2023-09-23,2023-10-08,2023-10-08,2023,9,Q3,Sep,15,0,1,771,771,0,0.0,119.61,92219.31,1
PO-03458,S008,Northern Logistics,Tier 3,Rail,Textiles,WH-South,2023-09-23,2023-10-12,2023-10-12,2023,9,Q3,Sep,19,0,1,1069,1069,0,0.0,346.12,370002.28,1
PO-03459,S007,Swift Carriers,Tier 2,Road,Finished Goods,WH-South,2023-09-23,2023-10-02,2023-10-02,2023,9,Q3,Sep,9,0,1,655,568,87,13.28,272.44,178448.2,0
PO-03460,S004,Global Parts Ltd,Tier 1,Air,Textiles,WH-East,2023-09-23,2023-09-26,2023-09-26,2023,9,Q3,Sep,3,0,1,1537,1537,0,0.0,108.05,166072.85,1
PO-03461,S008,Northern Logistics,Tier 3,Rail,Finished Goods,WH-West,2023-09-23,2023-10-02,2023-10-07,2023,9,Q3,Sep,9,5,0,1764,1764,0,0.0,292.5,515970.0,1
PO-03462,S004,Global Parts Ltd,Tier 1,Air,Textiles,WH-South,2023-09-23,2023-10-14,2023-10-25,2023,9,Q3,Sep,21,11,0,842,842,0,0.0,211.62,178184.04,1
PO-03463,S001,FastTrack Logistics,Tier 1,Road,Spare Parts,WH-West,2023-09-23,2023-10-05,2023-10-05,2023,9,Q3,Sep,12,0,1,484,484,0,0.0,124.8,60403.2,1
PO-03464,S005,Metro Distributors,Tier 2,Road,Chemicals,WH-Central,2023-09-24,2023-10-11,2023-10-12,2023,9,Q3,Sep,17,1,0,1956,1956,0,0.0,493.41,965109.96,1
PO-03465,S004,Global Parts Ltd,Tier 1,Air,Packaging,WH-South,2023-09-24,2023-10-05,2023-10-05,2023,9,Q3,Sep,11,0,1,396,378,18,4.55,178.61,70729.56,0
PO-03466,S008,Northern Logistics,Tier 3,Rail,Spare Parts,WH-East,2023-09-24,2023-09-30,2023-09-30,2023,9,Q3,Sep,6,0,1,593,593,0,0.0,488.47,289662.71,1
PO-03467,S003,Apex Supply Co.,Tier 2,Road,Textiles,WH-West,2023-09-24,2023-10-11,2023-10-11,2023,9,Q3,Sep,17,0,1,1386,1386,0,0.0,172.21,238683.06,1
PO-03468,S002,BlueStar Freight,Tier 1,Rail,Raw Materials,WH-North,2023-09-24,2023-10-13,2023-10-13,2023,9,Q3,Sep,19,0,1,427,427,0,0.0,374.24,159800.48,1
PO-03469,S004,Global Parts Ltd,Tier 1,Air,Electronics,WH-East,2023-09-25,2023-10-09,2023-10-09,2023,9,Q3,Sep,14,0,1,1030,1030,0,0.0,181.64,187089.2,1
PO-03470,S001,FastTrack Logistics,Tier 1,Road,Raw Materials,WH-South,2023-09-25,2023-10-16,2023-10-16,2023,9,Q3,Sep,21,0,1,167,167,0,0.0,71.62,11960.54,1
PO-03471,S002,BlueStar Freight,Tier 1,Rail,Electronics,WH-North,2023-09-25,2023-10-05,2023-10-05,2023,9,Q3,Sep,10,0,1,128,128,0,0.0,34.68,4439.04,1
PO-03472,S003,Apex Supply Co.,Tier 2,Road,Chemicals,WH-East,2023-09-25,2023-10-04,2023-10-04,2023,9,Q3,Sep,9,0,1,1545,1545,0,0.0,335.09,517714.05,1
PO-03473,S004,Global Parts Ltd,Tier 1,Air,Chemicals,WH-Central,2023-09-25,2023-10-10,2023-10-10,2023,9,Q3,Sep,15,0,1,431,431,0,0.0,477.92,205983.52,1
PO-03474,S004,Global Parts Ltd,Tier 1,Air,Electronics,WH-North,2023-09-25,2023-10-10,2023-10-10,2023,9,Q3,Sep,15,0,1,216,216,0,0.0,355.56,76800.96,1
PO-03475,S002,BlueStar Freight,Tier 1,Rail,Textiles,WH-West,2023-09-25,2023-10-16,2023-10-25,2023,9,Q3,Sep,21,9,0,1887,1887,0,0.0,282.1,532322.7,1
PO-03476,S002,BlueStar Freight,Tier 1,Rail,Components,WH-Central,2023-09-26,2023-10-04,2023-10-04,2023,9,Q3,Sep,8,0,1,55,55,0,0.0,98.26,5404.3,1
PO-03477,S005,Metro Distributors,Tier 2,Road,Chemicals,WH-Central,2023-09-26,2023-10-05,2023-10-05,2023,9,Q3,Sep,9,0,1,1840,1840,0,0.0,126.19,232189.6,1
PO-03478,S002,BlueStar Freight,Tier 1,Rail,Packaging,WH-North,2023-09-26,2023-10-06,2023-10-06,2023,9,Q3,Sep,10,0,1,805,805,0,0.0,111.26,89564.3,1
PO-03479,S007,Swift Carriers,Tier 2,Road,Spare Parts,WH-East,2023-09-26,2023-10-08,2023-10-09,2023,9,Q3,Sep,12,1,0,1964,1960,4,0.2,154.72,303870.08,0
PO-03480,S006,PrimeParts Inc.,Tier 1,Sea,Finished Goods,WH-North,2023-09-26,2023-10-14,2023-10-14,2023,9,Q3,Sep,18,0,1,1505,1505,0,0.0,90.11,135615.55,1
PO-03481,S010,Reliable Goods Co.,Tier 3,Road,Packaging,WH-North,2023-09-26,2023-10-09,2023-10-13,2023,9,Q3,Sep,13,4,0,291,291,0,0.0,51.43,14966.13,1
PO-03482,S010,Reliable Goods Co.,Tier 3,Road,Textiles,WH-West,2023-09-26,2023-09-30,2023-10-14,2023,9,Q3,Sep,4,14,0,1200,1200,0,0.0,80.04,96048.0,1
PO-03483,S010,Reliable Goods Co.,Tier 3,Road,Components,WH-South,2023-09-27,2023-10-09,2023-10-10,2023,9,Q3,Sep,12,1,0,759,759,0,0.0,397.82,301945.38,1
PO-03484,S006,PrimeParts Inc.,Tier 1,Sea,Textiles,WH-North,2023-09-27,2023-10-18,2023-10-18,2023,9,Q3,Sep,21,0,1,628,628,0,0.0,119.41,74989.48,1
PO-03485,S003,Apex Supply Co.,Tier 2,Road,Electronics,WH-South,2023-09-27,2023-09-30,2023-09-30,2023,9,Q3,Sep,3,0,1,1278,1278,0,0.0,367.84,470099.52,1
PO-03486,S007,Swift Carriers,Tier 2,Road,Packaging,WH-West,2023-09-27,2023-10-02,2023-10-02,2023,9,Q3,Sep,5,0,1,878,762,116,13.21,389.39,341884.42,0
PO-03487,S001,FastTrack Logistics,Tier 1,Road,Chemicals,WH-West,2023-09-27,2023-10-04,2023-10-04,2023,9,Q3,Sep,7,0,1,1530,1530,0,0.0,312.17,477620.1,1
PO-03488,S006,PrimeParts Inc.,Tier 1,Sea,Spare Parts,WH-East,2023-09-27,2023-10-15,2023-10-25,2023,9,Q3,Sep,18,10,0,488,488,0,0.0,10.84,5289.92,1
PO-03489,S004,Global Parts Ltd,Tier 1,Air,Raw Materials,WH-Central,2023-09-28,2023-10-16,2023-10-16,2023,9,Q3,Sep,18,0,1,619,619,0,0.0,336.02,207996.38,1
PO-03490,S005,Metro Distributors,Tier 2,Road,Packaging,WH-West,2023-09-28,2023-10-01,2023-10-01,2023,9,Q3,Sep,3,0,1,1464,1464,0,0.0,41.32,60492.48,1
PO-03491,S008,Northern Logistics,Tier 3,Rail,Packaging,WH-East,2023-09-28,2023-10-05,2023-10-05,2023,9,Q3,Sep,7,0,1,1668,1668,0,0.0,111.85,186565.8,1
PO-03492,S009,Eastside Components,Tier 2,Sea,Spare Parts,WH-East,2023-09-28,2023-10-09,2023-10-09,2023,9,Q3,Sep,11,0,1,832,832,0,0.0,327.63,272588.16,1
PO-03493,S004,Global Parts Ltd,Tier 1,Air,Spare Parts,WH-West,2023-09-28,2023-10-05,2023-10-05,2023,9,Q3,Sep,7,0,1,374,374,0,0.0,95.97,35892.78,1
PO-03494,S009,Eastside Components,Tier 2,Sea,Electronics,WH-East,2023-09-28,2023-10-19,2023-10-19,2023,9,Q3,Sep,21,0,1,139,139,0,0.0,473.03,65751.17,1
PO-03495,S007,Swift Carriers,Tier 2,Road,Chemicals,WH-Central,2023-09-28,2023-10-04,2023-10-04,2023,9,Q3,Sep,6,0,1,1219,1219,0,0.0,115.45,140733.55,1
PO-03496,S001,FastTrack Logistics,Tier 1,Road,Spare Parts,WH-Central,2023-09-29,2023-10-03,2023-10-03,2023,9,Q3,Sep,4,0,1,1499,1499,0,0.0,194.43,291450.57,1
PO-03497,S004,Global Parts Ltd,Tier 1,Air,Finished Goods,WH-Central,2023-09-29,2023-10-19,2023-10-19,2023,9,Q3,Sep,20,0,1,1535,1535,0,0.0,440.47,676121.45,1
PO-03498,S008,Northern Logistics,Tier 3,Rail,Textiles,WH-North,2023-09-29,2023-10-15,2023-10-28,2023,9,Q3,Sep,16,13,0,340,340,0,0.0,118.91,40429.4,1
PO-03499,S007,Swift Carriers,Tier 2,Road,Electronics,WH-Central,2023-09-29,2023-10-09,2023-10-09,2023,9,Q3,Sep,10,0,1,1507,1507,0,0.0,159.24,239974.68,1
PO-03500,S007,Swift Carriers,Tier 2,Road,Raw Materials,WH-South,2023-09-29,2023-10-10,2023-10-10,2023,9,Q3,Sep,11,0,1,101,101,0,0.0,135.11,13646.11,1
PO-03501,S009,Eastside Components,Tier 2,Sea,Components,WH-East,2023-09-30,2023-10-14,2023-10-14,2023,9,Q3,Sep,14,0,1,1834,1834,0,0.0,399.09,731931.06,1
PO-03502,S005,Metro Distributors,Tier 2,Road,Components,WH-North,2023-09-30,2023-10-14,2023-10-14,2023,9,Q3,Sep,14,0,1,1856,1856,0,0.0,459.98,853722.88,1
PO-03503,S004,Global Parts Ltd,Tier 1,Air,Electronics,WH-West,2023-09-30,2023-10-16,2023-10-16,2023,9,Q3,Sep,16,0,1,1322,1322,0,0.0,475.78,628981.16,1
PO-03504,S007,Swift Carriers,Tier 2,Road,Textiles,WH-North,2023-09-30,2023-10-03,2023-10-03,2023,9,Q3,Sep,3,0,1,144,130,14,9.72,269.32,38782.08,0
PO-03505,S007,Swift Carriers,Tier 2,Road,Spare Parts,WH-East,2023-09-30,2023-10-10,2023-10-23,2023,9,Q3,Sep,10,13,0,1111,1111,0,0.0,210.15,233476.65,1
PO-03506,S006,PrimeParts Inc.,Tier 1,Sea,Raw Materials,WH-East,2023-09-30,2023-10-17,2023-10-17,2023,9,Q3,Sep,17,0,1,1332,1332,0,0.0,85.53,113925.96,1
PO-03507,S003,Apex Supply Co.,Tier 2,Road,Electronics,WH-East,2023-09-30,2023-10-17,2023-10-19,2023,9,Q3,Sep,17,2,0,1005,1005,0,0.0,216.34,217421.7,1
PO-03508,S006,PrimeParts Inc.,Tier 1,Sea,Packaging,WH-East,2023-10-01,2023-10-04,2023-10-04,2023,10,Q4,Oct,3,0,1,703,703,0,0.0,370.7,260602.1,1
PO-03509,S010,Reliable Goods Co.,Tier 3,Road,Packaging,WH-East,2023-10-01,2023-10-22,2023-10-22,2023,10,Q4,Oct,21,0,1,1716,1716,0,0.0,427.36,733349.76,1
PO-03510,S009,Eastside Components,Tier 2,Sea,Textiles,WH-Central,2023-10-01,2023-10-13,2023-10-13,2023,10,Q4,Oct,12,0,1,445,445,0,0.0,31.73,14119.85,1
PO-03511,S009,Eastside Components,Tier 2,Sea,Electronics,WH-Central,2023-10-01,2023-10-06,2023-10-06,2023,10,Q4,Oct,5,0,1,1053,1053,0,0.0,31.28,32937.84,1
PO-03512,S003,Apex Supply Co.,Tier 2,Road,Chemicals,WH-East,2023-10-01,2023-10-04,2023-10-04,2023,10,Q4,Oct,3,0,1,747,747,0,0.0,479.67,358313.49,1
PO-03513,S005,Metro Distributors,Tier 2,Road,Electronics,WH-North,2023-10-01,2023-10-14,2023-10-14,2023,10,Q4,Oct,13,0,1,1893,1893,0,0.0,116.37,220288.41,1
PO-03514,S006,PrimeParts Inc.,Tier 1,Sea,Electronics,WH-North,2023-10-02,2023-10-23,2023-10-23,2023,10,Q4,Oct,21,0,1,438,438,0,0.0,132.64,58096.32,1
PO-03515,S006,PrimeParts Inc.,Tier 1,Sea,Packaging,WH-West,2023-10-02,2023-10-14,2023-10-14,2023,10,Q4,Oct,12,0,1,1830,1830,0,0.0,439.26,803845.8,1
PO-03516,S007,Swift Carriers,Tier 2,Road,Packaging,WH-South,2023-10-02,2023-10-12,2023-10-12,2023,10,Q4,Oct,10,0,1,346,346,0,0.0,20.96,7252.16,1
PO-03517,S004,Global Parts Ltd,Tier 1,Air,Packaging,WH-North,2023-10-02,2023-10-08,2023-10-08,2023,10,Q4,Oct,6,0,1,602,602,0,0.0,241.19,145196.38,1
PO-03518,S009,Eastside Components,Tier 2,Sea,Raw Materials,WH-North,2023-10-03,2023-10-08,2023-10-08,2023,10,Q4,Oct,5,0,1,1675,1675,0,0.0,180.18,301801.5,1
PO-03519,S007,Swift Carriers,Tier 2,Road,Components,WH-South,2023-10-03,2023-10-18,2023-10-18,2023,10,Q4,Oct,15,0,1,403,403,0,0.0,338.02,136222.06,1
PO-03520,S010,Reliable Goods Co.,Tier 3,Road,Components,WH-Central,2023-10-03,2023-10-09,2023-10-09,2023,10,Q4,Oct,6,0,1,1129,1129,0,0.0,416.29,469991.41,1
PO-03521,S010,Reliable Goods Co.,Tier 3,Road,Textiles,WH-North,2023-10-03,2023-10-11,2023-10-11,2023,10,Q4,Oct,8,0,1,347,347,0,0.0,467.8,162326.6,1
PO-03522,S007,Swift Carriers,Tier 2,Road,Spare Parts,WH-North,2023-10-03,2023-10-13,2023-10-13,2023,10,Q4,Oct,10,0,1,801,801,0,0.0,101.13,81005.13,1
PO-03523,S004,Global Parts Ltd,Tier 1,Air,Electronics,WH-North,2023-10-03,2023-10-11,2023-10-11,2023,10,Q4,Oct,8,0,1,448,448,0,0.0,18.84,8440.32,1
PO-03524,S010,Reliable Goods Co.,Tier 3,Road,Spare Parts,WH-North,2023-10-03,2023-10-23,2023-10-23,2023,10,Q4,Oct,20,0,1,1762,1658,104,5.9,210.1,370196.2,0
PO-03525,S010,Reliable Goods Co.,Tier 3,Road,Finished Goods,WH-West,2023-10-04,2023-10-25,2023-11-08,2023,10,Q4,Oct,21,14,0,1480,1480,0,0.0,439.13,649912.4,1
PO-03526,S006,PrimeParts Inc.,Tier 1,Sea,Chemicals,WH-Central,2023-10-04,2023-10-07,2023-10-13,2023,10,Q4,Oct,3,6,0,1948,1948,0,0.0,464.87,905566.76,1
PO-03527,S010,Reliable Goods Co.,Tier 3,Road,Spare Parts,WH-South,2023-10-04,2023-10-08,2023-10-08,2023,10,Q4,Oct,4,0,1,755,755,0,0.0,42.47,32064.85,1
PO-03528,S001,FastTrack Logistics,Tier 1,Road,Electronics,WH-East,2023-10-04,2023-10-24,2023-10-24,2023,10,Q4,Oct,20,0,1,1350,1350,0,0.0,417.93,564205.5,1
PO-03529,S003,Apex Supply Co.,Tier 2,Road,Spare Parts,WH-Central,2023-10-04,2023-10-15,2023-10-27,2023,10,Q4,Oct,11,12,0,1669,1669,0,0.0,394.06,657686.14,1
PO-03530,S006,PrimeParts Inc.,Tier 1,Sea,Spare Parts,WH-West,2023-10-04,2023-10-21,2023-10-21,2023,10,Q4,Oct,17,0,1,68,68,0,0.0,237.86,16174.48,1
PO-03531,S001,FastTrack Logistics,Tier 1,Road,Chemicals,WH-East,2023-10-04,2023-10-14,2023-10-14,2023,10,Q4,Oct,10,0,1,926,926,0,0.0,371.63,344129.38,1
PO-03532,S007,Swift Carriers,Tier 2,Road,Chemicals,WH-North,2023-10-04,2023-10-18,2023-10-31,2023,10,Q4,Oct,14,13,0,239,239,0,0.0,438.05,104693.95,1
PO-03533,S010,Reliable Goods Co.,Tier 3,Road,Raw Materials,WH-Central,2023-10-05,2023-10-22,2023-11-04,2023,10,Q4,Oct,17,13,0,104,104,0,0.0,481.59,50085.36,1
PO-03534,S010,Reliable Goods Co.,Tier 3,Road,Raw Materials,WH-North,2023-10-05,2023-10-17,2023-10-17,2023,10,Q4,Oct,12,0,1,769,769,0,0.0,105.09,80814.21,1
PO-03535,S008,Northern Logistics,Tier 3,Rail,Textiles,WH-West,2023-10-05,2023-10-08,2023-10-08,2023,10,Q4,Oct,3,0,1,1816,1605,211,11.62,42.85,77815.6,0
PO-03536,S007,Swift Carriers,Tier 2,Road,Packaging,WH-South,2023-10-05,2023-10-26,2023-11-05,2023,10,Q4,Oct,21,10,0,1547,1547,0,0.0,270.86,419020.42,1
PO-03537,S005,Metro Distributors,Tier 2,Road,Finished Goods,WH-North,2023-10-05,2023-10-19,2023-10-19,2023,10,Q4,Oct,14,0,1,1314,1314,0,0.0,330.13,433790.82,1
PO-03538,S010,Reliable Goods Co.,Tier 3,Road,Textiles,WH-South,2023-10-06,2023-10-10,2023-10-15,2023,10,Q4,Oct,4,5,0,1121,1029,92,8.21,275.15,308443.15,0
PO-03539,S008,Northern Logistics,Tier 3,Rail,Raw Materials,WH-South,2023-10-06,2023-10-27,2023-10-27,2023,10,Q4,Oct,21,0,1,508,508,0,0.0,450.89,229052.12,1
PO-03540,S008,Northern Logistics,Tier 3,Rail,Finished Goods,WH-North,2023-10-06,2023-10-15,2023-10-15,2023,10,Q4,Oct,9,0,1,1327,1327,0,0.0,38.56,51169.12,1
PO-03541,S008,Northern Logistics,Tier 3,Rail,Electronics,WH-North,2023-10-06,2023-10-16,2023-10-16,2023,10,Q4,Oct,10,0,1,58,58,0,0.0,39.3,2279.4,1
PO-03542,S001,FastTrack Logistics,Tier 1,Road,Spare Parts,WH-East,2023-10-07,2023-10-26,2023-10-26,2023,10,Q4,Oct,19,0,1,713,713,0,0.0,481.15,343059.95,1
PO-03543,S006,PrimeParts Inc.,Tier 1,Sea,Chemicals,WH-South,2023-10-07,2023-10-20,2023-10-20,2023,10,Q4,Oct,13,0,1,216,216,0,0.0,74.84,16165.44,1
PO-03544,S009,Eastside Components,Tier 2,Sea,Packaging,WH-North,2023-10-07,2023-10-26,2023-10-26,2023,10,Q4,Oct,19,0,1,618,618,0,0.0,414.97,256451.46,1
PO-03545,S005,Metro Distributors,Tier 2,Road,Chemicals,WH-East,2023-10-07,2023-10-19,2023-10-19,2023,10,Q4,Oct,12,0,1,1580,1580,0,0.0,59.84,94547.2,1
PO-03546,S007,Swift Carriers,Tier 2,Road,Chemicals,WH-East,2023-10-07,2023-10-25,2023-10-25,2023,10,Q4,Oct,18,0,1,1750,1750,0,0.0,168.99,295732.5,1
PO-03547,S005,Metro Distributors,Tier 2,Road,Textiles,WH-West,2023-10-08,2023-10-17,2023-10-21,2023,10,Q4,Oct,9,4,0,462,462,0,0.0,275.72,127382.64,1
PO-03548,S009,Eastside Components,Tier 2,Sea,Chemicals,WH-North,2023-10-08,2023-10-14,2023-10-14,2023,10,Q4,Oct,6,0,1,1887,1887,0,0.0,104.62,197417.94,1
PO-03549,S004,Global Parts Ltd,Tier 1,Air,Textiles,WH-South,2023-10-08,2023-10-16,2023-10-16,2023,10,Q4,Oct,8,0,1,1414,1414,0,0.0,459.97,650397.58,1
PO-03550,S008,Northern Logistics,Tier 3,Rail,Spare Parts,WH-Central,2023-10-08,2023-10-16,2023-10-16,2023,10,Q4,Oct,8,0,1,106,106,0,0.0,23.2,2459.2,1
PO-03551,S005,Metro Distributors,Tier 2,Road,Components,WH-West,2023-10-08,2023-10-11,2023-10-11,2023,10,Q4,Oct,3,0,1,283,283,0,0.0,174.7,49440.1,1
PO-03552,S010,Reliable Goods Co.,Tier 3,Road,Spare Parts,WH-Central,2023-10-08,2023-10-27,2023-10-27,2023,10,Q4,Oct,19,0,1,1612,1612,0,0.0,154.17,248522.04,1
PO-03553,S006,PrimeParts Inc.,Tier 1,Sea,Packaging,WH-East,2023-10-08,2023-10-14,2023-10-14,2023,10,Q4,Oct,6,0,1,693,693,0,0.0,355.02,246028.86,1
PO-03554,S008,Northern Logistics,Tier 3,Rail,Textiles,WH-Central,2023-10-08,2023-10-26,2023-10-26,2023,10,Q4,Oct,18,0,1,1670,1670,0,0.0,467.3,780391.0,1
PO-03555,S006,PrimeParts Inc.,Tier 1,Sea,Textiles,WH-North,2023-10-09,2023-10-30,2023-10-30,2023,10,Q4,Oct,21,0,1,1501,1501,0,0.0,452.32,678932.32,1
PO-03556,S002,BlueStar Freight,Tier 1,Rail,Electronics,WH-West,2023-10-09,2023-10-17,2023-10-17,2023,10,Q4,Oct,8,0,1,1366,1366,0,0.0,481.69,657988.54,1
PO-03557,S001,FastTrack Logistics,Tier 1,Road,Spare Parts,WH-North,2023-10-09,2023-10-28,2023-10-31,2023,10,Q4,Oct,19,3,0,1471,1471,0,0.0,216.36,318265.56,1
PO-03558,S006,PrimeParts Inc.,Tier 1,Sea,Packaging,WH-East,2023-10-10,2023-10-20,2023-10-20,2023,10,Q4,Oct,10,0,1,1192,1192,0,0.0,124.38,148260.96,1
PO-03559,S003,Apex Supply Co.,Tier 2,Road,Spare Parts,WH-North,2023-10-10,2023-10-31,2023-10-31,2023,10,Q4,Oct,21,0,1,519,514,5,0.96,474.21,246114.99,0
PO-03560,S004,Global Parts Ltd,Tier 1,Air,Spare Parts,WH-North,2023-10-10,2023-10-24,2023-10-24,2023,10,Q4,Oct,14,0,1,940,940,0,0.0,71.35,67069.0,1
PO-03561,S001,FastTrack Logistics,Tier 1,Road,Raw Materials,WH-East,2023-10-10,2023-10-30,2023-10-30,2023,10,Q4,Oct,20,0,1,1177,1177,0,0.0,324.82,382313.14,1
PO-03562,S001,FastTrack Logistics,Tier 1,Road,Electronics,WH-East,2023-10-10,2023-10-19,2023-10-19,2023,10,Q4,Oct,9,0,1,893,893,0,0.0,307.86,274918.98,1
PO-03563,S002,BlueStar Freight,Tier 1,Rail,Electronics,WH-North,2023-10-10,2023-10-29,2023-10-29,2023,10,Q4,Oct,19,0,1,1102,1102,0,0.0,461.31,508363.62,1
PO-03564,S010,Reliable Goods Co.,Tier 3,Road,Spare Parts,WH-North,2023-10-10,2023-10-23,2023-10-28,2023,10,Q4,Oct,13,5,0,619,619,0,0.0,144.52,89457.88,1
PO-03565,S006,PrimeParts Inc.,Tier 1,Sea,Chemicals,WH-West,2023-10-11,2023-10-21,2023-10-21,2023,10,Q4,Oct,10,0,1,1201,1073,128,10.66,144.86,173976.86,0
PO-03566,S010,Reliable Goods Co.,Tier 3,Road,Packaging,WH-North,2023-10-11,2023-10-30,2023-10-30,2023,10,Q4,Oct,19,0,1,1562,1562,0,0.0,77.0,120274.0,1
PO-03567,S008,Northern Logistics,Tier 3,Rail,Components,WH-North,2023-10-11,2023-10-14,2023-10-14,2023,10,Q4,Oct,3,0,1,910,910,0,0.0,301.64,274492.4,1
PO-03568,S004,Global Parts Ltd,Tier 1,Air,Packaging,WH-South,2023-10-11,2023-10-27,2023-10-27,2023,10,Q4,Oct,16,0,1,1775,1775,0,0.0,405.46,719691.5,1
PO-03569,S001,FastTrack Logistics,Tier 1,Road,Raw Materials,WH-North,2023-10-11,2023-10-22,2023-10-22,2023,10,Q4,Oct,11,0,1,1989,1989,0,0.0,246.67,490626.63,1
PO-03570,S008,Northern Logistics,Tier 3,Rail,Textiles,WH-Central,2023-10-11,2023-10-23,2023-10-24,2023,10,Q4,Oct,12,1,0,1844,1844,0,0.0,357.15,658584.6,1
PO-03571,S004,Global Parts Ltd,Tier 1,Air,Spare Parts,WH-North,2023-10-11,2023-10-27,2023-10-27,2023,10,Q4,Oct,16,0,1,1310,1310,0,0.0,488.14,639463.4,1
PO-03572,S003,Apex Supply Co.,Tier 2,Road,Spare Parts,WH-East,2023-10-12,2023-10-27,2023-10-27,2023,10,Q4,Oct,15,0,1,939,939,0,0.0,34.65,32536.35,1
PO-03573,S002,BlueStar Freight,Tier 1,Rail,Finished Goods,WH-Central,2023-10-12,2023-10-20,2023-10-20,2023,10,Q4,Oct,8,0,1,1636,1623,13,0.79,228.79,374300.44,0
PO-03574,S004,Global Parts Ltd,Tier 1,Air,Textiles,WH-West,2023-10-12,2023-10-23,2023-10-23,2023,10,Q4,Oct,11,0,1,91,91,0,0.0,187.2,17035.2,1
PO-03575,S008,Northern Logistics,Tier 3,Rail,Raw Materials,WH-East,2023-10-12,2023-10-17,2023-10-17,2023,10,Q4,Oct,5,0,1,184,184,0,0.0,49.87,9176.08,1
PO-03576,S004,Global Parts Ltd,Tier 1,Air,Packaging,WH-South,2023-10-12,2023-10-25,2023-10-25,2023,10,Q4,Oct,13,0,1,219,219,0,0.0,254.01,55628.19,1
PO-03577,S004,Global Parts Ltd,Tier 1,Air,Textiles,WH-East,2023-10-13,2023-11-02,2023-11-02,2023,10,Q4,Oct,20,0,1,553,553,0,0.0,336.37,186012.61,1
PO-03578,S007,Swift Carriers,Tier 2,Road,Packaging,WH-Central,2023-10-13,2023-10-29,2023-10-30,2023,10,Q4,Oct,16,1,0,894,894,0,0.0,62.25,55651.5,1
PO-03579,S010,Reliable Goods Co.,Tier 3,Road,Raw Materials,WH-South,2023-10-13,2023-10-26,2023-10-29,2023,10,Q4,Oct,13,3,0,657,657,0,0.0,374.03,245737.71,1
PO-03580,S002,BlueStar Freight,Tier 1,Rail,Finished Goods,WH-East,2023-10-13,2023-11-03,2023-11-03,2023,10,Q4,Oct,21,0,1,1179,1030,149,12.64,199.63,235363.77,0
PO-03581,S005,Metro Distributors,Tier 2,Road,Raw Materials,WH-West,2023-10-13,2023-10-27,2023-11-07,2023,10,Q4,Oct,14,11,0,692,692,0,0.0,359.42,248718.64,1
PO-03582,S001,FastTrack Logistics,Tier 1,Road,Finished Goods,WH-West,2023-10-13,2023-10-26,2023-10-26,2023,10,Q4,Oct,13,0,1,916,916,0,0.0,439.24,402343.84,1
PO-03583,S009,Eastside Components,Tier 2,Sea,Components,WH-West,2023-10-14,2023-10-25,2023-10-25,2023,10,Q4,Oct,11,0,1,221,221,0,0.0,306.03,67632.63,1
PO-03584,S002,BlueStar Freight,Tier 1,Rail,Chemicals,WH-North,2023-10-14,2023-10-18,2023-10-18,2023,10,Q4,Oct,4,0,1,1238,1238,0,0.0,125.42,155269.96,1
PO-03585,S002,BlueStar Freight,Tier 1,Rail,Textiles,WH-South,2023-10-14,2023-11-04,2023-11-06,2023,10,Q4,Oct,21,2,0,616,616,0,0.0,307.43,189376.88,1
PO-03586,S005,Metro Distributors,Tier 2,Road,Components,WH-East,2023-10-15,2023-10-24,2023-11-07,2023,10,Q4,Oct,9,14,0,1773,1773,0,0.0,116.33,206253.09,1
PO-03587,S008,Northern Logistics,Tier 3,Rail,Spare Parts,WH-East,2023-10-15,2023-10-28,2023-10-28,2023,10,Q4,Oct,13,0,1,568,568,0,0.0,161.85,91930.8,1
PO-03588,S003,Apex Supply Co.,Tier 2,Road,Textiles,WH-North,2023-10-15,2023-11-02,2023-11-02,2023,10,Q4,Oct,18,0,1,1757,1757,0,0.0,401.3,705084.1,1
PO-03589,S006,PrimeParts Inc.,Tier 1,Sea,Chemicals,WH-South,2023-10-15,2023-11-03,2023-11-03,2023,10,Q4,Oct,19,0,1,1874,1874,0,0.0,369.04,691580.96,1
PO-03590,S010,Reliable Goods Co.,Tier 3,Road,Spare Parts,WH-South,2023-10-15,2023-10-23,2023-11-02,2023,10,Q4,Oct,8,10,0,1161,1161,0,0.0,270.64,314213.04,1
PO-03591,S005,Metro Distributors,Tier 2,Road,Packaging,WH-West,2023-10-15,2023-10-19,2023-10-19,2023,10,Q4,Oct,4,0,1,210,210,0,0.0,190.97,40103.7,1
PO-03592,S010,Reliable Goods Co.,Tier 3,Road,Packaging,WH-South,2023-10-15,2023-10-21,2023-10-21,2023,10,Q4,Oct,6,0,1,892,892,0,0.0,325.37,290230.04,1
PO-03593,S004,Global Parts Ltd,Tier 1,Air,Textiles,WH-East,2023-10-16,2023-10-24,2023-10-24,2023,10,Q4,Oct,8,0,1,1257,1257,0,0.0,375.03,471412.71,1
PO-03594,S008,Northern Logistics,Tier 3,Rail,Chemicals,WH-East,2023-10-16,2023-10-25,2023-10-25,2023,10,Q4,Oct,9,0,1,386,386,0,0.0,221.33,85433.38,1
PO-03595,S007,Swift Carriers,Tier 2,Road,Electronics,WH-North,2023-10-16,2023-10-25,2023-10-25,2023,10,Q4,Oct,9,0,1,677,677,0,0.0,220.3,149143.1,1
PO-03596,S006,PrimeParts Inc.,Tier 1,Sea,Finished Goods,WH-East,2023-10-17,2023-10-25,2023-10-25,2023,10,Q4,Oct,8,0,1,1564,1564,0,0.0,300.58,470107.12,1
PO-03597,S009,Eastside Components,Tier 2,Sea,Electronics,WH-East,2023-10-17,2023-10-29,2023-10-29,2023,10,Q4,Oct,12,0,1,693,693,0,0.0,213.16,147719.88,1
PO-03598,S001,FastTrack Logistics,Tier 1,Road,Packaging,WH-North,2023-10-17,2023-10-23,2023-11-01,2023,10,Q4,Oct,6,9,0,1571,1571,0,0.0,187.83,295080.93,1
PO-03599,S009,Eastside Components,Tier 2,Sea,Components,WH-East,2023-10-17,2023-10-31,2023-10-31,2023,10,Q4,Oct,14,0,1,1917,1917,0,0.0,456.84,875762.28,1
PO-03600,S002,BlueStar Freight,Tier 1,Rail,Packaging,WH-South,2023-10-17,2023-10-28,2023-10-28,2023,10,Q4,Oct,11,0,1,191,191,0,0.0,339.31,64808.21,1
PO-03601,S002,BlueStar Freight,Tier 1,Rail,Packaging,WH-Central,2023-10-17,2023-11-05,2023-11-05,2023,10,Q4,Oct,19,0,1,253,253,0,0.0,153.94,38946.82,1
PO-03602,S005,Metro Distributors,Tier 2,Road,Chemicals,WH-West,2023-10-18,2023-10-21,2023-11-02,2023,10,Q4,Oct,3,12,0,1161,1161,0,0.0,127.16,147632.76,1
PO-03603,S002,BlueStar Freight,Tier 1,Rail,Finished Goods,WH-West,2023-10-18,2023-10-27,2023-11-04,2023,10,Q4,Oct,9,8,0,1197,1197,0,0.0,178.1,213185.7,1
PO-03604,S006,PrimeParts Inc.,Tier 1,Sea,Electronics,WH-South,2023-10-18,2023-11-03,2023-11-03,2023,10,Q4,Oct,16,0,1,303,303,0,0.0,217.13,65790.39,1
PO-03605,S008,Northern Logistics,Tier 3,Rail,Spare Parts,WH-North,2023-10-18,2023-10-31,2023-10-31,2023,10,Q4,Oct,13,0,1,1273,1273,0,0.0,367.71,468094.83,1
PO-03606,S005,Metro Distributors,Tier 2,Road,Electronics,WH-South,2023-10-18,2023-10-22,2023-11-02,2023,10,Q4,Oct,4,11,0,1771,1771,0,0.0,438.5,776583.5,1
PO-03607,S010,Reliable Goods Co.,Tier 3,Road,Textiles,WH-North,2023-10-19,2023-11-02,2023-11-08,2023,10,Q4,Oct,14,6,0,409,409,0,0.0,164.83,67415.47,1
PO-03608,S009,Eastside Components,Tier 2,Sea,Finished Goods,WH-South,2023-10-19,2023-11-06,2023-11-06,2023,10,Q4,Oct,18,0,1,1901,1901,0,0.0,476.97,906719.97,1
PO-03609,S002,BlueStar Freight,Tier 1,Rail,Packaging,WH-South,2023-10-19,2023-10-28,2023-10-28,2023,10,Q4,Oct,9,0,1,722,722,0,0.0,82.58,59622.76,1
PO-03610,S004,Global Parts Ltd,Tier 1,Air,Electronics,WH-West,2023-10-19,2023-10-26,2023-10-26,2023,10,Q4,Oct,7,0,1,308,308,0,0.0,397.29,122365.32,1
PO-03611,S010,Reliable Goods Co.,Tier 3,Road,Electronics,WH-West,2023-10-19,2023-11-03,2023-11-03,2023,10,Q4,Oct,15,0,1,197,193,4,2.03,350.81,69109.57,0
PO-03612,S004,Global Parts Ltd,Tier 1,Air,Spare Parts,WH-Central,2023-10-19,2023-11-03,2023-11-12,2023,10,Q4,Oct,15,9,0,1854,1854,0,0.0,123.78,229488.12,1
PO-03613,S002,BlueStar Freight,Tier 1,Rail,Textiles,WH-North,2023-10-19,2023-11-02,2023-11-02,2023,10,Q4,Oct,14,0,1,259,259,0,0.0,371.98,96342.82,1
PO-03614,S003,Apex Supply Co.,Tier 2,Road,Textiles,WH-North,2023-10-19,2023-10-27,2023-10-27,2023,10,Q4,Oct,8,0,1,414,414,0,0.0,47.72,19756.08,1
PO-03615,S003,Apex Supply Co.,Tier 2,Road,Chemicals,WH-East,2023-10-20,2023-10-29,2023-11-07,2023,10,Q4,Oct,9,9,0,1994,1994,0,0.0,403.53,804638.82,1
PO-03616,S005,Metro Distributors,Tier 2,Road,Raw Materials,WH-Central,2023-10-20,2023-10-28,2023-10-28,2023,10,Q4,Oct,8,0,1,821,821,0,0.0,34.75,28529.75,1
PO-03617,S005,Metro Distributors,Tier 2,Road,Chemicals,WH-South,2023-10-20,2023-10-29,2023-10-29,2023,10,Q4,Oct,9,0,1,1739,1739,0,0.0,146.29,254398.31,1
PO-03618,S006,PrimeParts Inc.,Tier 1,Sea,Electronics,WH-Central,2023-10-20,2023-10-25,2023-10-25,2023,10,Q4,Oct,5,0,1,1296,1296,0,0.0,52.68,68273.28,1
PO-03619,S006,PrimeParts Inc.,Tier 1,Sea,Spare Parts,WH-West,2023-10-20,2023-10-25,2023-10-25,2023,10,Q4,Oct,5,0,1,1719,1719,0,0.0,141.36,242997.84,1
PO-03620,S006,PrimeParts Inc.,Tier 1,Sea,Finished Goods,WH-West,2023-10-20,2023-11-04,2023-11-04,2023,10,Q4,Oct,15,0,1,1727,1727,0,0.0,473.26,817320.02,1
PO-03621,S010,Reliable Goods Co.,Tier 3,Road,Raw Materials,WH-North,2023-10-21,2023-11-06,2023-11-06,2023,10,Q4,Oct,16,0,1,1769,1769,0,0.0,416.83,737372.27,1
PO-03622,S009,Eastside Components,Tier 2,Sea,Packaging,WH-South,2023-10-21,2023-10-24,2023-10-24,2023,10,Q4,Oct,3,0,1,84,84,0,0.0,341.21,28661.64,1
PO-03623,S005,Metro Distributors,Tier 2,Road,Electronics,WH-East,2023-10-21,2023-10-31,2023-11-05,2023,10,Q4,Oct,10,5,0,1478,1478,0,0.0,349.58,516679.24,1
PO-03624,S008,Northern Logistics,Tier 3,Rail,Finished Goods,WH-Central,2023-10-21,2023-11-10,2023-11-12,2023,10,Q4,Oct,20,2,0,730,730,0,0.0,222.92,162731.6,1
PO-03625,S002,BlueStar Freight,Tier 1,Rail,Packaging,WH-East,2023-10-21,2023-11-05,2023-11-05,2023,10,Q4,Oct,15,0,1,1527,1527,0,0.0,445.37,680079.99,1
PO-03626,S010,Reliable Goods Co.,Tier 3,Road,Textiles,WH-South,2023-10-21,2023-11-08,2023-11-08,2023,10,Q4,Oct,18,0,1,1272,1272,0,0.0,135.77,172699.44,1
PO-03627,S008,Northern Logistics,Tier 3,Rail,Chemicals,WH-West,2023-10-22,2023-11-01,2023-11-01,2023,10,Q4,Oct,10,0,1,494,494,0,0.0,224.17,110739.98,1
PO-03628,S010,Reliable Goods Co.,Tier 3,Road,Textiles,WH-North,2023-10-22,2023-11-11,2023-11-16,2023,10,Q4,Oct,20,5,0,1719,1719,0,0.0,32.89,56537.91,1
PO-03629,S006,PrimeParts Inc.,Tier 1,Sea,Finished Goods,WH-South,2023-10-22,2023-11-04,2023-11-04,2023,10,Q4,Oct,13,0,1,1148,1148,0,0.0,49.27,56561.96,1
PO-03630,S002,BlueStar Freight,Tier 1,Rail,Spare Parts,WH-North,2023-10-22,2023-11-10,2023-11-10,2023,10,Q4,Oct,19,0,1,1408,1408,0,0.0,243.12,342312.96,1
PO-03631,S010,Reliable Goods Co.,Tier 3,Road,Raw Materials,WH-Central,2023-10-23,2023-10-31,2023-10-31,2023,10,Q4,Oct,8,0,1,282,282,0,0.0,202.77,57181.14,1
PO-03632,S005,Metro Distributors,Tier 2,Road,Electronics,WH-North,2023-10-23,2023-11-08,2023-11-12,2023,10,Q4,Oct,16,4,0,341,341,0,0.0,401.07,136764.87,1
PO-03633,S002,BlueStar Freight,Tier 1,Rail,Raw Materials,WH-Central,2023-10-23,2023-10-31,2023-10-31,2023,10,Q4,Oct,8,0,1,1114,1114,0,0.0,131.37,146346.18,1
PO-03634,S005,Metro Distributors,Tier 2,Road,Spare Parts,WH-East,2023-10-24,2023-11-02,2023-11-02,2023,10,Q4,Oct,9,0,1,1892,1892,0,0.0,263.28,498125.76,1
PO-03635,S008,Northern Logistics,Tier 3,Rail,Components,WH-South,2023-10-24,2023-11-04,2023-11-04,2023,10,Q4,Oct,11,0,1,1900,1900,0,0.0,21.18,40242.0,1
PO-03636,S002,BlueStar Freight,Tier 1,Rail,Textiles,WH-East,2023-10-24,2023-11-14,2023-11-14,2023,10,Q4,Oct,21,0,1,850,850,0,0.0,16.7,14195.0,1
PO-03637,S005,Metro Distributors,Tier 2,Road,Components,WH-Central,2023-10-24,2023-11-05,2023-11-05,2023,10,Q4,Oct,12,0,1,159,159,0,0.0,403.35,64132.65,1
PO-03638,S001,FastTrack Logistics,Tier 1,Road,Spare Parts,WH-West,2023-10-24,2023-11-05,2023-11-05,2023,10,Q4,Oct,12,0,1,746,746,0,0.0,258.7,192990.2,1
PO-03639,S003,Apex Supply Co.,Tier 2,Road,Finished Goods,WH-North,2023-10-25,2023-11-11,2023-11-11,2023,10,Q4,Oct,17,0,1,1000,1000,0,0.0,172.73,172730.0,1
PO-03640,S002,BlueStar Freight,Tier 1,Rail,Raw Materials,WH-North,2023-10-25,2023-11-02,2023-11-02,2023,10,Q4,Oct,8,0,1,1907,1907,0,0.0,78.94,150538.58,1
PO-03641,S006,PrimeParts Inc.,Tier 1,Sea,Raw Materials,WH-Central,2023-10-25,2023-11-01,2023-11-06,2023,10,Q4,Oct,7,5,0,105,105,0,0.0,72.67,7630.35,1
PO-03642,S008,Northern Logistics,Tier 3,Rail,Packaging,WH-Central,2023-10-25,2023-11-12,2023-11-21,2023,10,Q4,Oct,18,9,0,521,511,10,1.92,17.62,9180.02,0
PO-03643,S010,Reliable Goods Co.,Tier 3,Road,Raw Materials,WH-West,2023-10-26,2023-10-31,2023-11-04,2023,10,Q4,Oct,5,4,0,1175,1175,0,0.0,42.68,50149.0,1
PO-03644,S003,Apex Supply Co.,Tier 2,Road,Chemicals,WH-North,2023-10-26,2023-11-12,2023-11-20,2023,10,Q4,Oct,17,8,0,1060,1060,0,0.0,74.64,79118.4,1
PO-03645,S003,Apex Supply Co.,Tier 2,Road,Chemicals,WH-North,2023-10-26,2023-10-29,2023-11-02,2023,10,Q4,Oct,3,4,0,1984,1984,0,0.0,143.84,285378.56,1
PO-03646,S003,Apex Supply Co.,Tier 2,Road,Electronics,WH-Central,2023-10-26,2023-11-08,2023-11-08,2023,10,Q4,Oct,13,0,1,1487,1487,0,0.0,237.92,353787.04,1
PO-03647,S006,PrimeParts Inc.,Tier 1,Sea,Chemicals,WH-East,2023-10-26,2023-11-04,2023-11-04,2023,10,Q4,Oct,9,0,1,362,362,0,0.0,317.94,115094.28,1
PO-03648,S010,Reliable Goods Co.,Tier 3,Road,Textiles,WH-South,2023-10-26,2023-10-31,2023-10-31,2023,10,Q4,Oct,5,0,1,1580,1580,0,0.0,388.39,613656.2,1
PO-03649,S007,Swift Carriers,Tier 2,Road,Packaging,WH-West,2023-10-26,2023-11-04,2023-11-04,2023,10,Q4,Oct,9,0,1,1012,1012,0,0.0,380.78,385349.36,1
PO-03650,S004,Global Parts Ltd,Tier 1,Air,Textiles,WH-South,2023-10-27,2023-11-13,2023-11-14,2023,10,Q4,Oct,17,1,0,1984,1984,0,0.0,337.66,669917.44,1
PO-03651,S001,FastTrack Logistics,Tier 1,Road,Electronics,WH-South,2023-10-27,2023-11-12,2023-11-12,2023,10,Q4,Oct,16,0,1,413,413,0,0.0,280.49,115842.37,1
PO-03652,S003,Apex Supply Co.,Tier 2,Road,Chemicals,WH-North,2023-10-27,2023-11-16,2023-11-26,2023,10,Q4,Oct,20,10,0,865,865,0,0.0,106.31,91958.15,1
PO-03653,S001,FastTrack Logistics,Tier 1,Road,Electronics,WH-West,2023-10-27,2023-11-07,2023-11-07,2023,10,Q4,Oct,11,0,1,74,74,0,0.0,370.05,27383.7,1
PO-03654,S003,Apex Supply Co.,Tier 2,Road,Finished Goods,WH-Central,2023-10-27,2023-11-04,2023-11-04,2023,10,Q4,Oct,8,0,1,850,850,0,0.0,159.55,135617.5,1
PO-03655,S008,Northern Logistics,Tier 3,Rail,Packaging,WH-South,2023-10-27,2023-11-04,2023-11-17,2023,10,Q4,Oct,8,13,0,1072,1002,70,6.53,92.06,98688.32,0
PO-03656,S003,Apex Supply Co.,Tier 2,Road,Spare Parts,WH-West,2023-10-27,2023-11-13,2023-11-27,2023,10,Q4,Oct,17,14,0,472,472,0,0.0,57.87,27314.64,1
PO-03657,S003,Apex Supply Co.,Tier 2,Road,Raw Materials,WH-South,2023-10-27,2023-11-13,2023-11-13,2023,10,Q4,Oct,17,0,1,329,329,0,0.0,68.4,22503.6,1
PO-03658,S001,FastTrack Logistics,Tier 1,Road,Chemicals,WH-North,2023-10-28,2023-11-11,2023-11-11,2023,10,Q4,Oct,14,0,1,774,774,0,0.0,214.74,166208.76,1
PO-03659,S002,BlueStar Freight,Tier 1,Rail,Textiles,WH-West,2023-10-28,2023-11-10,2023-11-10,2023,10,Q4,Oct,13,0,1,1117,1117,0,0.0,390.13,435775.21,1
PO-03660,S003,Apex Supply Co.,Tier 2,Road,Electronics,WH-Central,2023-10-28,2023-11-11,2023-11-11,2023,10,Q4,Oct,14,0,1,350,350,0,0.0,74.93,26225.5,1
PO-03661,S002,BlueStar Freight,Tier 1,Rail,Electronics,WH-North,2023-10-28,2023-11-12,2023-11-12,2023,10,Q4,Oct,15,0,1,1441,1441,0,0.0,92.26,132946.66,1
PO-03662,S007,Swift Carriers,Tier 2,Road,Finished Goods,WH-North,2023-10-29,2023-11-19,2023-11-23,2023,10,Q4,Oct,21,4,0,726,622,104,14.33,29.12,21141.12,0
PO-03663,S009,Eastside Components,Tier 2,Sea,Textiles,WH-West,2023-10-29,2023-11-03,2023-11-07,2023,10,Q4,Oct,5,4,0,1949,1949,0,0.0,125.94,245457.06,1
PO-03664,S003,Apex Supply Co.,Tier 2,Road,Electronics,WH-West,2023-10-29,2023-11-12,2023-11-12,2023,10,Q4,Oct,14,0,1,471,471,0,0.0,23.19,10922.49,1
PO-03665,S009,Eastside Components,Tier 2,Sea,Finished Goods,WH-South,2023-10-29,2023-11-09,2023-11-18,2023,10,Q4,Oct,11,9,0,1260,1260,0,0.0,472.64,595526.4,1
PO-03666,S010,Reliable Goods Co.,Tier 3,Road,Raw Materials,WH-West,2023-10-29,2023-11-11,2023-11-25,2023,10,Q4,Oct,13,14,0,1350,1350,0,0.0,52.76,71226.0,1
PO-03667,S001,FastTrack Logistics,Tier 1,Road,Raw Materials,WH-West,2023-10-30,2023-11-09,2023-11-09,2023,10,Q4,Oct,10,0,1,1861,1861,0,0.0,128.89,239864.29,1
PO-03668,S008,Northern Logistics,Tier 3,Rail,Spare Parts,WH-North,2023-10-30,2023-11-08,2023-11-17,2023,10,Q4,Oct,9,9,0,425,425,0,0.0,52.19,22180.75,1
PO-03669,S007,Swift Carriers,Tier 2,Road,Packaging,WH-North,2023-10-30,2023-11-16,2023-11-16,2023,10,Q4,Oct,17,0,1,1221,1221,0,0.0,485.03,592221.63,1
PO-03670,S005,Metro Distributors,Tier 2,Road,Components,WH-North,2023-10-30,2023-11-11,2023-11-11,2023,10,Q4,Oct,12,0,1,517,517,0,0.0,346.13,178949.21,1
PO-03671,S001,FastTrack Logistics,Tier 1,Road,Finished Goods,WH-North,2023-10-30,2023-11-02,2023-11-02,2023,10,Q4,Oct,3,0,1,615,615,0,0.0,448.78,275999.7,1
PO-03672,S001,FastTrack Logistics,Tier 1,Road,Electronics,WH-West,2023-10-30,2023-11-16,2023-11-16,2023,10,Q4,Oct,17,0,1,554,554,0,0.0,353.49,195833.46,1
PO-03673,S008,Northern Logistics,Tier 3,Rail,Electronics,WH-East,2023-10-30,2023-11-07,2023-11-07,2023,10,Q4,Oct,8,0,1,152,152,0,0.0,488.32,74224.64,1
PO-03674,S004,Global Parts Ltd,Tier 1,Air,Packaging,WH-North,2023-10-30,2023-11-09,2023-11-16,2023,10,Q4,Oct,10,7,0,614,614,0,0.0,107.1,65759.4,1
PO-03675,S003,Apex Supply Co.,Tier 2,Road,Raw Materials,WH-South,2023-10-31,2023-11-18,2023-11-21,2023,10,Q4,Oct,18,3,0,964,964,0,0.0,371.29,357923.56,1
PO-03676,S008,Northern Logistics,Tier 3,Rail,Components,WH-East,2023-10-31,2023-11-06,2023-11-06,2023,10,Q4,Oct,6,0,1,1407,1407,0,0.0,261.25,367578.75,1
PO-03677,S010,Reliable Goods Co.,Tier 3,Road,Raw Materials,WH-South,2023-10-31,2023-11-15,2023-11-16,2023,10,Q4,Oct,15,1,0,117,117,0,0.0,426.95,49953.15,1
PO-03678,S003,Apex Supply Co.,Tier 2,Road,Electronics,WH-West,2023-11-01,2023-11-04,2023-11-14,2023,11,Q4,Nov,3,10,0,1286,1286,0,0.0,470.82,605474.52,1
PO-03679,S009,Eastside Components,Tier 2,Sea,Packaging,WH-West,2023-11-01,2023-11-19,2023-11-19,2023,11,Q4,Nov,18,0,1,1566,1566,0,0.0,221.18,346367.88,1
PO-03680,S002,BlueStar Freight,Tier 1,Rail,Components,WH-West,2023-11-01,2023-11-12,2023-11-23,2023,11,Q4,Nov,11,11,0,175,175,0,0.0,341.97,59844.75,1
PO-03681,S010,Reliable Goods Co.,Tier 3,Road,Spare Parts,WH-South,2023-11-01,2023-11-21,2023-11-21,2023,11,Q4,Nov,20,0,1,1350,1350,0,0.0,202.76,273726.0,1
PO-03682,S004,Global Parts Ltd,Tier 1,Air,Components,WH-East,2023-11-02,2023-11-16,2023-11-16,2023,11,Q4,Nov,14,0,1,1783,1783,0,0.0,483.67,862383.61,1
PO-03683,S006,PrimeParts Inc.,Tier 1,Sea,Raw Materials,WH-Central,2023-11-02,2023-11-07,2023-11-07,2023,11,Q4,Nov,5,0,1,1020,1020,0,0.0,36.51,37240.2,1
PO-03684,S004,Global Parts Ltd,Tier 1,Air,Electronics,WH-North,2023-11-02,2023-11-18,2023-11-18,2023,11,Q4,Nov,16,0,1,1017,1017,0,0.0,220.66,224411.22,1
PO-03685,S005,Metro Distributors,Tier 2,Road,Textiles,WH-East,2023-11-02,2023-11-07,2023-11-07,2023,11,Q4,Nov,5,0,1,1410,1410,0,0.0,130.46,183948.6,1
PO-03686,S008,Northern Logistics,Tier 3,Rail,Packaging,WH-South,2023-11-02,2023-11-05,2023-11-05,2023,11,Q4,Nov,3,0,1,1811,1811,0,0.0,355.91,644553.01,1
PO-03687,S005,Metro Distributors,Tier 2,Road,Packaging,WH-North,2023-11-03,2023-11-06,2023-11-06,2023,11,Q4,Nov,3,0,1,864,864,0,0.0,203.6,175910.4,1
PO-03688,S004,Global Parts Ltd,Tier 1,Air,Textiles,WH-South,2023-11-03,2023-11-22,2023-11-22,2023,11,Q4,Nov,19,0,1,1333,1333,0,0.0,349.99,466536.67,1
PO-03689,S007,Swift Carriers,Tier 2,Road,Raw Materials,WH-South,2023-11-03,2023-11-20,2023-11-20,2023,11,Q4,Nov,17,0,1,529,529,0,0.0,344.84,182420.36,1
PO-03690,S005,Metro Distributors,Tier 2,Road,Electronics,WH-South,2023-11-03,2023-11-22,2023-11-22,2023,11,Q4,Nov,19,0,1,794,794,0,0.0,352.44,279837.36,1
PO-03691,S007,Swift Carriers,Tier 2,Road,Spare Parts,WH-East,2023-11-03,2023-11-16,2023-11-30,2023,11,Q4,Nov,13,14,0,77,77,0,0.0,302.16,23266.32,1
PO-03692,S004,Global Parts Ltd,Tier 1,Air,Raw Materials,WH-Central,2023-11-04,2023-11-25,2023-11-25,2023,11,Q4,Nov,21,0,1,1902,1902,0,0.0,101.26,192596.52,1
PO-03693,S007,Swift Carriers,Tier 2,Road,Textiles,WH-Central,2023-11-04,2023-11-10,2023-11-17,2023,11,Q4,Nov,6,7,0,1143,1143,0,0.0,309.68,353964.24,1
PO-03694,S001,FastTrack Logistics,Tier 1,Road,Electronics,WH-West,2023-11-04,2023-11-21,2023-11-21,2023,11,Q4,Nov,17,0,1,1689,1689,0,0.0,126.32,213354.48,1
PO-03695,S005,Metro Distributors,Tier 2,Road,Packaging,WH-East,2023-11-04,2023-11-15,2023-11-28,2023,11,Q4,Nov,11,13,0,124,124,0,0.0,361.48,44823.52,1
PO-03696,S010,Reliable Goods Co.,Tier 3,Road,Finished Goods,WH-East,2023-11-04,2023-11-07,2023-11-18,2023,11,Q4,Nov,3,11,0,1823,1823,0,0.0,412.7,752352.1,1
PO-03697,S008,Northern Logistics,Tier 3,Rail,Finished Goods,WH-South,2023-11-05,2023-11-21,2023-11-22,2023,11,Q4,Nov,16,1,0,730,730,0,0.0,16.99,12402.7,1
PO-03698,S002,BlueStar Freight,Tier 1,Rail,Packaging,WH-North,2023-11-05,2023-11-18,2023-11-18,2023,11,Q4,Nov,13,0,1,1526,1453,73,4.78,217.65,332133.9,0
PO-03699,S005,Metro Distributors,Tier 2,Road,Textiles,WH-West,2023-11-05,2023-11-11,2023-11-11,2023,11,Q4,Nov,6,0,1,170,170,0,0.0,244.26,41524.2,1
PO-03700,S004,Global Parts Ltd,Tier 1,Air,Textiles,WH-West,2023-11-06,2023-11-25,2023-11-25,2023,11,Q4,Nov,19,0,1,85,85,0,0.0,12.55,1066.75,1
PO-03701,S004,Global Parts Ltd,Tier 1,Air,Spare Parts,WH-East,2023-11-06,2023-11-12,2023-11-12,2023,11,Q4,Nov,6,0,1,750,750,0,0.0,382.72,287040.0,1
PO-03702,S009,Eastside Components,Tier 2,Sea,Packaging,WH-East,2023-11-06,2023-11-14,2023-11-18,2023,11,Q4,Nov,8,4,0,58,58,0,0.0,313.95,18209.1,1
PO-03703,S009,Eastside Components,Tier 2,Sea,Electronics,WH-West,2023-11-06,2023-11-24,2023-11-24,2023,11,Q4,Nov,18,0,1,396,396,0,0.0,303.87,120332.52,1
PO-03704,S007,Swift Carriers,Tier 2,Road,Packaging,WH-West,2023-11-07,2023-11-17,2023-11-20,2023,11,Q4,Nov,10,3,0,129,129,0,0.0,360.25,46472.25,1
PO-03705,S001,FastTrack Logistics,Tier 1,Road,Raw Materials,WH-West,2023-11-07,2023-11-21,2023-11-21,2023,11,Q4,Nov,14,0,1,1525,1525,0,0.0,345.75,527268.75,1
PO-03706,S008,Northern Logistics,Tier 3,Rail,Chemicals,WH-West,2023-11-07,2023-11-25,2023-11-25,2023,11,Q4,Nov,18,0,1,1801,1625,176,9.77,198.85,358128.85,0
PO-03707,S002,BlueStar Freight,Tier 1,Rail,Packaging,WH-Central,2023-11-07,2023-11-19,2023-11-24,2023,11,Q4,Nov,12,5,0,459,459,0,0.0,12.42,5700.78,1
PO-03708,S001,FastTrack Logistics,Tier 1,Road,Raw Materials,WH-North,2023-11-07,2023-11-25,2023-11-25,2023,11,Q4,Nov,18,0,1,297,297,0,0.0,315.58,93727.26,1
PO-03709,S001,FastTrack Logistics,Tier 1,Road,Finished Goods,WH-West,2023-11-07,2023-11-14,2023-11-14,2023,11,Q4,Nov,7,0,1,396,396,0,0.0,469.06,185747.76,1
PO-03710,S008,Northern Logistics,Tier 3,Rail,Textiles,WH-South,2023-11-07,2023-11-15,2023-11-15,2023,11,Q4,Nov,8,0,1,269,269,0,0.0,114.26,30735.94,1
PO-03711,S005,Metro Distributors,Tier 2,Road,Raw Materials,WH-Central,2023-11-07,2023-11-14,2023-11-14,2023,11,Q4,Nov,7,0,1,748,748,0,0.0,287.04,214705.92,1
PO-03712,S002,BlueStar Freight,Tier 1,Rail,Spare Parts,WH-East,2023-11-08,2023-11-27,2023-11-27,2023,11,Q4,Nov,19,0,1,313,313,0,0.0,334.42,104673.46,1
PO-03713,S006,PrimeParts Inc.,Tier 1,Sea,Textiles,WH-North,2023-11-08,2023-11-14,2023-11-14,2023,11,Q4,Nov,6,0,1,591,591,0,0.0,320.55,189445.05,1
PO-03714,S003,Apex Supply Co.,Tier 2,Road,Packaging,WH-West,2023-11-08,2023-11-18,2023-11-18,2023,11,Q4,Nov,10,0,1,1472,1472,0,0.0,365.47,537971.84,1
PO-03715,S007,Swift Carriers,Tier 2,Road,Electronics,WH-West,2023-11-08,2023-11-29,2023-11-29,2023,11,Q4,Nov,21,0,1,1396,1396,0,0.0,123.65,172615.4,1
PO-03716,S005,Metro Distributors,Tier 2,Road,Components,WH-West,2023-11-08,2023-11-22,2023-11-22,2023,11,Q4,Nov,14,0,1,1139,1139,0,0.0,120.77,137557.03,1
PO-03717,S003,Apex Supply Co.,Tier 2,Road,Finished Goods,WH-West,2023-11-08,2023-11-25,2023-11-25,2023,11,Q4,Nov,17,0,1,1754,1754,0,0.0,160.15,280903.1,1
PO-03718,S009,Eastside Components,Tier 2,Sea,Textiles,WH-West,2023-11-08,2023-11-12,2023-11-12,2023,11,Q4,Nov,4,0,1,894,894,0,0.0,414.9,370920.6,1
PO-03719,S005,Metro Distributors,Tier 2,Road,Components,WH-Central,2023-11-09,2023-11-27,2023-11-27,2023,11,Q4,Nov,18,0,1,704,704,0,0.0,274.48,193233.92,1
PO-03720,S009,Eastside Components,Tier 2,Sea,Packaging,WH-North,2023-11-09,2023-11-23,2023-11-23,2023,11,Q4,Nov,14,0,1,647,647,0,0.0,124.75,80713.25,1
PO-03721,S005,Metro Distributors,Tier 2,Road,Components,WH-East,2023-11-09,2023-11-21,2023-11-21,2023,11,Q4,Nov,12,0,1,1624,1624,0,0.0,373.4,606401.6,1
PO-03722,S010,Reliable Goods Co.,Tier 3,Road,Spare Parts,WH-West,2023-11-10,2023-11-16,2023-11-16,2023,11,Q4,Nov,6,0,1,660,660,0,0.0,82.03,54139.8,1
PO-03723,S009,Eastside Components,Tier 2,Sea,Electronics,WH-West,2023-11-10,2023-11-29,2023-11-29,2023,11,Q4,Nov,19,0,1,1425,1425,0,0.0,339.73,484115.25,1
PO-03724,S002,BlueStar Freight,Tier 1,Rail,Chemicals,WH-East,2023-11-10,2023-11-14,2023-11-21,2023,11,Q4,Nov,4,7,0,1472,1472,0,0.0,444.32,654039.04,1
PO-03725,S010,Reliable Goods Co.,Tier 3,Road,Finished Goods,WH-East,2023-11-10,2023-11-25,2023-12-07,2023,11,Q4,Nov,15,12,0,782,782,0,0.0,342.73,268014.86,1
PO-03726,S005,Metro Distributors,Tier 2,Road,Raw Materials,WH-North,2023-11-10,2023-11-27,2023-11-27,2023,11,Q4,Nov,17,0,1,1861,1861,0,0.0,240.46,447496.06,1
PO-03727,S003,Apex Supply Co.,Tier 2,Road,Finished Goods,WH-West,2023-11-11,2023-11-28,2023-11-28,2023,11,Q4,Nov,17,0,1,329,329,0,0.0,393.6,129494.4,1
PO-03728,S009,Eastside Components,Tier 2,Sea,Chemicals,WH-North,2023-11-11,2023-11-24,2023-11-24,2023,11,Q4,Nov,13,0,1,1089,1089,0,0.0,315.49,343568.61,1
PO-03729,S003,Apex Supply Co.,Tier 2,Road,Finished Goods,WH-South,2023-11-11,2023-11-27,2023-12-04,2023,11,Q4,Nov,16,7,0,1960,1951,9,0.46,440.78,863928.8,0
PO-03730,S006,PrimeParts Inc.,Tier 1,Sea,Raw Materials,WH-East,2023-11-11,2023-11-28,2023-11-28,2023,11,Q4,Nov,17,0,1,859,859,0,0.0,161.51,138737.09,1
PO-03731,S007,Swift Carriers,Tier 2,Road,Packaging,WH-East,2023-11-12,2023-11-25,2023-12-03,2023,11,Q4,Nov,13,8,0,550,550,0,0.0,143.64,79002.0,1
PO-03732,S002,BlueStar Freight,Tier 1,Rail,Spare Parts,WH-South,2023-11-12,2023-11-25,2023-11-25,2023,11,Q4,Nov,13,0,1,736,736,0,0.0,367.54,270509.44,1
PO-03733,S003,Apex Supply Co.,Tier 2,Road,Electronics,WH-North,2023-11-12,2023-11-26,2023-11-26,2023,11,Q4,Nov,14,0,1,1527,1527,0,0.0,227.53,347438.31,1
PO-03734,S007,Swift Carriers,Tier 2,Road,Spare Parts,WH-North,2023-11-12,2023-11-29,2023-12-10,2023,11,Q4,Nov,17,11,0,1535,1535,0,0.0,250.76,384916.6,1
PO-03735,S009,Eastside Components,Tier 2,Sea,Electronics,WH-West,2023-11-12,2023-11-17,2023-11-30,2023,11,Q4,Nov,5,13,0,190,190,0,0.0,375.32,71310.8,1
PO-03736,S003,Apex Supply Co.,Tier 2,Road,Textiles,WH-East,2023-11-12,2023-11-26,2023-11-26,2023,11,Q4,Nov,14,0,1,91,91,0,0.0,191.84,17457.44,1
PO-03737,S010,Reliable Goods Co.,Tier 3,Road,Finished Goods,WH-Central,2023-11-12,2023-11-20,2023-11-22,2023,11,Q4,Nov,8,2,0,531,480,51,9.6,57.63,30601.53,0
PO-03738,S003,Apex Supply Co.,Tier 2,Road,Spare Parts,WH-Central,2023-11-13,2023-11-17,2023-11-17,2023,11,Q4,Nov,4,0,1,1812,1812,0,0.0,89.87,162844.44,1
PO-03739,S008,Northern Logistics,Tier 3,Rail,Finished Goods,WH-South,2023-11-13,2023-11-16,2023-11-16,2023,11,Q4,Nov,3,0,1,287,278,9,3.14,222.43,63837.41,0
PO-03740,S010,Reliable Goods Co.,Tier 3,Road,Spare Parts,WH-West,2023-11-13,2023-12-01,2023-12-02,2023,11,Q4,Nov,18,1,0,1409,1409,0,0.0,309.66,436310.94,1
PO-03741,S009,Eastside Components,Tier 2,Sea,Finished Goods,WH-East,2023-11-13,2023-12-01,2023-12-01,2023,11,Q4,Nov,18,0,1,889,889,0,0.0,44.07,39178.23,1
PO-03742,S008,Northern Logistics,Tier 3,Rail,Raw Materials,WH-South,2023-11-13,2023-11-30,2023-11-30,2023,11,Q4,Nov,17,0,1,1908,1908,0,0.0,246.08,469520.64,1
PO-03743,S002,BlueStar Freight,Tier 1,Rail,Textiles,WH-West,2023-11-14,2023-11-27,2023-11-27,2023,11,Q4,Nov,13,0,1,484,484,0,0.0,260.32,125994.88,1
PO-03744,S008,Northern Logistics,Tier 3,Rail,Spare Parts,WH-South,2023-11-14,2023-12-05,2023-12-10,2023,11,Q4,Nov,21,5,0,1392,1392,0,0.0,267.04,371719.68,1
PO-03745,S004,Global Parts Ltd,Tier 1,Air,Components,WH-South,2023-11-14,2023-12-03,2023-12-03,2023,11,Q4,Nov,19,0,1,1752,1752,0,0.0,72.91,127738.32,1
PO-03746,S008,Northern Logistics,Tier 3,Rail,Raw Materials,WH-North,2023-11-14,2023-11-23,2023-11-23,2023,11,Q4,Nov,9,0,1,1850,1740,110,5.95,278.22,514707.0,0
PO-03747,S007,Swift Carriers,Tier 2,Road,Textiles,WH-East,2023-11-15,2023-11-26,2023-12-01,2023,11,Q4,Nov,11,5,0,1386,1386,0,0.0,85.55,118572.3,1
PO-03748,S010,Reliable Goods Co.,Tier 3,Road,Packaging,WH-West,2023-11-15,2023-12-03,2023-12-15,2023,11,Q4,Nov,18,12,0,251,251,0,0.0,443.57,111336.07,1
PO-03749,S003,Apex Supply Co.,Tier 2,Road,Raw Materials,WH-North,2023-11-15,2023-11-25,2023-12-07,2023,11,Q4,Nov,10,12,0,509,509,0,0.0,379.87,193353.83,1
PO-03750,S002,BlueStar Freight,Tier 1,Rail,Raw Materials,WH-Central,2023-11-15,2023-11-20,2023-11-20,2023,11,Q4,Nov,5,0,1,1583,1583,0,0.0,67.54,106915.82,1
PO-03751,S006,PrimeParts Inc.,Tier 1,Sea,Spare Parts,WH-South,2023-11-16,2023-11-29,2023-11-29,2023,11,Q4,Nov,13,0,1,346,346,0,0.0,228.78,79157.88,1
PO-03752,S004,Global Parts Ltd,Tier 1,Air,Finished Goods,WH-East,2023-11-16,2023-11-25,2023-11-25,2023,11,Q4,Nov,9,0,1,618,618,0,0.0,364.42,225211.56,1
PO-03753,S009,Eastside Components,Tier 2,Sea,Chemicals,WH-East,2023-11-16,2023-12-01,2023-12-01,2023,11,Q4,Nov,15,0,1,1473,1473,0,0.0,471.05,693856.65,1
PO-03754,S002,BlueStar Freight,Tier 1,Rail,Chemicals,WH-East,2023-11-17,2023-11-26,2023-11-26,2023,11,Q4,Nov,9,0,1,1600,1600,0,0.0,22.14,35424.0,1
PO-03755,S007,Swift Carriers,Tier 2,Road,Chemicals,WH-West,2023-11-17,2023-12-01,2023-12-04,2023,11,Q4,Nov,14,3,0,961,961,0,0.0,439.28,422148.08,1
PO-03756,S003,Apex Supply Co.,Tier 2,Road,Raw Materials,WH-South,2023-11-17,2023-11-25,2023-11-25,2023,11,Q4,Nov,8,0,1,1093,1093,0,0.0,183.65,200729.45,1
PO-03757,S010,Reliable Goods Co.,Tier 3,Road,Packaging,WH-East,2023-11-17,2023-11-29,2023-12-08,2023,11,Q4,Nov,12,9,0,1835,1835,0,0.0,84.35,154782.25,1
PO-03758,S006,PrimeParts Inc.,Tier 1,Sea,Textiles,WH-Central,2023-11-17,2023-11-23,2023-11-23,2023,11,Q4,Nov,6,0,1,217,217,0,0.0,465.55,101024.35,1
PO-03759,S001,FastTrack Logistics,Tier 1,Road,Finished Goods,WH-North,2023-11-17,2023-12-02,2023-12-02,2023,11,Q4,Nov,15,0,1,1963,1963,0,0.0,453.58,890377.54,1
PO-03760,S008,Northern Logistics,Tier 3,Rail,Raw Materials,WH-North,2023-11-17,2023-12-07,2023-12-11,2023,11,Q4,Nov,20,4,0,1909,1765,144,7.54,299.78,572280.02,0
PO-03761,S005,Metro Distributors,Tier 2,Road,Chemicals,WH-West,2023-11-17,2023-12-07,2023-12-14,2023,11,Q4,Nov,20,7,0,469,451,18,3.84,395.78,185620.82,0
PO-03762,S010,Reliable Goods Co.,Tier 3,Road,Raw Materials,WH-South,2023-11-18,2023-11-24,2023-11-28,2023,11,Q4,Nov,6,4,0,1914,1914,0,0.0,40.0,76560.0,1
PO-03763,S005,Metro Distributors,Tier 2,Road,Textiles,WH-West,2023-11-18,2023-11-29,2023-11-29,2023,11,Q4,Nov,11,0,1,1312,1312,0,0.0,104.66,137313.92,1
PO-03764,S010,Reliable Goods Co.,Tier 3,Road,Textiles,WH-Central,2023-11-18,2023-12-08,2023-12-10,2023,11,Q4,Nov,20,2,0,642,565,77,11.99,295.4,189646.8,0
PO-03765,S010,Reliable Goods Co.,Tier 3,Road,Components,WH-Central,2023-11-19,2023-12-04,2023-12-09,2023,11,Q4,Nov,15,5,0,372,372,0,0.0,174.53,64925.16,1
PO-03766,S006,PrimeParts Inc.,Tier 1,Sea,Electronics,WH-East,2023-11-19,2023-12-07,2023-12-07,2023,11,Q4,Nov,18,0,1,1311,1311,0,0.0,322.1,422273.1,1
PO-03767,S005,Metro Distributors,Tier 2,Road,Components,WH-North,2023-11-19,2023-11-30,2023-11-30,2023,11,Q4,Nov,11,0,1,299,299,0,0.0,212.19,63444.81,1
PO-03768,S005,Metro Distributors,Tier 2,Road,Textiles,WH-Central,2023-11-19,2023-12-10,2023-12-10,2023,11,Q4,Nov,21,0,1,219,219,0,0.0,86.59,18963.21,1
PO-03769,S008,Northern Logistics,Tier 3,Rail,Finished Goods,WH-Central,2023-11-19,2023-12-07,2023-12-07,2023,11,Q4,Nov,18,0,1,1391,1391,0,0.0,330.84,460198.44,1
PO-03770,S009,Eastside Components,Tier 2,Sea,Finished Goods,WH-West,2023-11-19,2023-12-08,2023-12-13,2023,11,Q4,Nov,19,5,0,496,496,0,0.0,272.93,135373.28,1
PO-03771,S007,Swift Carriers,Tier 2,Road,Textiles,WH-South,2023-11-20,2023-12-05,2023-12-05,2023,11,Q4,Nov,15,0,1,906,906,0,0.0,246.95,223736.7,1
PO-03772,S007,Swift Carriers,Tier 2,Road,Electronics,WH-South,2023-11-20,2023-12-07,2023-12-07,2023,11,Q4,Nov,17,0,1,721,721,0,0.0,111.12,80117.52,1
PO-03773,S006,PrimeParts Inc.,Tier 1,Sea,Chemicals,WH-Central,2023-11-20,2023-11-29,2023-11-29,2023,11,Q4,Nov,9,0,1,1602,1602,0,0.0,238.94,382781.88,1
PO-03774,S001,FastTrack Logistics,Tier 1,Road,Chemicals,WH-South,2023-11-20,2023-12-04,2023-12-04,2023,11,Q4,Nov,14,0,1,1980,1980,0,0.0,109.61,217027.8,1
PO-03775,S010,Reliable Goods Co.,Tier 3,Road,Textiles,WH-West,2023-11-21,2023-11-25,2023-11-25,2023,11,Q4,Nov,4,0,1,333,333,0,0.0,160.57,53469.81,1
PO-03776,S009,Eastside Components,Tier 2,Sea,Packaging,WH-East,2023-11-21,2023-11-24,2023-11-24,2023,11,Q4,Nov,3,0,1,1299,1299,0,0.0,249.43,324009.57,1
PO-03777,S008,Northern Logistics,Tier 3,Rail,Spare Parts,WH-West,2023-11-21,2023-12-11,2023-12-11,2023,11,Q4,Nov,20,0,1,1187,1187,0,0.0,90.78,107755.86,1
PO-03778,S007,Swift Carriers,Tier 2,Road,Packaging,WH-East,2023-11-21,2023-12-06,2023-12-12,2023,11,Q4,Nov,15,6,0,962,962,0,0.0,22.44,21587.28,1
PO-03779,S005,Metro Distributors,Tier 2,Road,Chemicals,WH-North,2023-11-21,2023-11-26,2023-11-26,2023,11,Q4,Nov,5,0,1,620,620,0,0.0,22.67,14055.4,1
PO-03780,S001,FastTrack Logistics,Tier 1,Road,Finished Goods,WH-North,2023-11-21,2023-12-12,2023-12-12,2023,11,Q4,Nov,21,0,1,1536,1536,0,0.0,315.18,484116.48,1
PO-03781,S010,Reliable Goods Co.,Tier 3,Road,Chemicals,WH-South,2023-11-22,2023-12-06,2023-12-06,2023,11,Q4,Nov,14,0,1,1712,1712,0,0.0,406.68,696236.16,1
PO-03782,S009,Eastside Components,Tier 2,Sea,Finished Goods,WH-Central,2023-11-22,2023-12-08,2023-12-22,2023,11,Q4,Nov,16,14,0,1841,1841,0,0.0,428.34,788573.94,1
PO-03783,S001,FastTrack Logistics,Tier 1,Road,Components,WH-North,2023-11-22,2023-12-06,2023-12-06,2023,11,Q4,Nov,14,0,1,1991,1991,0,0.0,115.57,230099.87,1
PO-03784,S001,FastTrack Logistics,Tier 1,Road,Finished Goods,WH-East,2023-11-23,2023-12-09,2023-12-21,2023,11,Q4,Nov,16,12,0,1610,1610,0,0.0,56.26,90578.6,1
PO-03785,S007,Swift Carriers,Tier 2,Road,Textiles,WH-West,2023-11-23,2023-11-26,2023-11-26,2023,11,Q4,Nov,3,0,1,1066,1066,0,0.0,340.28,362738.48,1
PO-03786,S006,PrimeParts Inc.,Tier 1,Sea,Packaging,WH-West,2023-11-23,2023-12-03,2023-12-03,2023,11,Q4,Nov,10,0,1,1913,1684,229,11.97,74.69,142881.97,0
PO-03787,S005,Metro Distributors,Tier 2,Road,Chemicals,WH-South,2023-11-23,2023-12-13,2023-12-13,2023,11,Q4,Nov,20,0,1,1370,1370,0,0.0,33.5,45895.0,1
PO-03788,S001,FastTrack Logistics,Tier 1,Road,Textiles,WH-North,2023-11-23,2023-12-08,2023-12-08,2023,11,Q4,Nov,15,0,1,358,358,0,0.0,448.81,160673.98,1
PO-03789,S008,Northern Logistics,Tier 3,Rail,Spare Parts,WH-South,2023-11-23,2023-12-03,2023-12-04,2023,11,Q4,Nov,10,1,0,1914,1914,0,0.0,481.42,921437.88,1
PO-03790,S001,FastTrack Logistics,Tier 1,Road,Components,WH-East,2023-11-23,2023-12-07,2023-12-07,2023,11,Q4,Nov,14,0,1,1399,1399,0,0.0,85.17,119152.83,1
PO-03791,S002,BlueStar Freight,Tier 1,Rail,Spare Parts,WH-East,2023-11-24,2023-12-02,2023-12-02,2023,11,Q4,Nov,8,0,1,1017,1017,0,0.0,321.33,326792.61,1
PO-03792,S006,PrimeParts Inc.,Tier 1,Sea,Textiles,WH-Central,2023-11-24,2023-12-01,2023-12-01,2023,11,Q4,Nov,7,0,1,246,246,0,0.0,332.07,81689.22,1
PO-03793,S001,FastTrack Logistics,Tier 1,Road,Components,WH-North,2023-11-24,2023-12-03,2023-12-03,2023,11,Q4,Nov,9,0,1,394,394,0,0.0,406.46,160145.24,1
PO-03794,S003,Apex Supply Co.,Tier 2,Road,Finished Goods,WH-Central,2023-11-24,2023-12-11,2023-12-11,2023,11,Q4,Nov,17,0,1,1526,1526,0,0.0,258.34,394226.84,1
PO-03795,S003,Apex Supply Co.,Tier 2,Road,Electronics,WH-North,2023-11-24,2023-11-28,2023-11-28,2023,11,Q4,Nov,4,0,1,1122,1122,0,0.0,156.08,175121.76,1
PO-03796,S005,Metro Distributors,Tier 2,Road,Packaging,WH-North,2023-11-24,2023-12-05,2023-12-05,2023,11,Q4,Nov,11,0,1,1420,1420,0,0.0,461.7,655614.0,1
PO-03797,S003,Apex Supply Co.,Tier 2,Road,Electronics,WH-South,2023-11-24,2023-12-02,2023-12-02,2023,11,Q4,Nov,8,0,1,1480,1480,0,0.0,156.33,231368.4,1
PO-03798,S002,BlueStar Freight,Tier 1,Rail,Raw Materials,WH-South,2023-11-25,2023-12-07,2023-12-07,2023,11,Q4,Nov,12,0,1,1992,1992,0,0.0,366.43,729928.56,1
PO-03799,S003,Apex Supply Co.,Tier 2,Road,Raw Materials,WH-North,2023-11-25,2023-11-29,2023-11-30,2023,11,Q4,Nov,4,1,0,1597,1597,0,0.0,382.9,611491.3,1
PO-03800,S006,PrimeParts Inc.,Tier 1,Sea,Chemicals,WH-North,2023-11-25,2023-12-06,2023-12-06,2023,11,Q4,Nov,11,0,1,680,680,0,0.0,456.62,310501.6,1
PO-03801,S004,Global Parts Ltd,Tier 1,Air,Raw Materials,WH-South,2023-11-26,2023-12-17,2023-12-17,2023,11,Q4,Nov,21,0,1,195,195,0,0.0,108.64,21184.8,1
PO-03802,S002,BlueStar Freight,Tier 1,Rail,Components,WH-South,2023-11-26,2023-12-07,2023-12-07,2023,11,Q4,Nov,11,0,1,1110,1110,0,0.0,168.17,186668.7,1
PO-03803,S001,FastTrack Logistics,Tier 1,Road,Components,WH-West,2023-11-26,2023-12-12,2023-12-12,2023,11,Q4,Nov,16,0,1,336,336,0,0.0,493.7,165883.2,1
PO-03804,S009,Eastside Components,Tier 2,Sea,Components,WH-South,2023-11-26,2023-12-14,2023-12-14,2023,11,Q4,Nov,18,0,1,1381,1381,0,0.0,70.21,96960.01,1
PO-03805,S006,PrimeParts Inc.,Tier 1,Sea,Spare Parts,WH-Central,2023-11-27,2023-12-11,2023-12-11,2023,11,Q4,Nov,14,0,1,1166,1166,0,0.0,52.78,61541.48,1
PO-03806,S003,Apex Supply Co.,Tier 2,Road,Finished Goods,WH-West,2023-11-27,2023-12-02,2023-12-02,2023,11,Q4,Nov,5,0,1,1058,1058,0,0.0,90.18,95410.44,1
PO-03807,S008,Northern Logistics,Tier 3,Rail,Packaging,WH-Central,2023-11-27,2023-12-11,2023-12-11,2023,11,Q4,Nov,14,0,1,1100,1100,0,0.0,105.37,115907.0,1
PO-03808,S001,FastTrack Logistics,Tier 1,Road,Chemicals,WH-North,2023-11-27,2023-12-06,2023-12-06,2023,11,Q4,Nov,9,0,1,1716,1716,0,0.0,293.09,502942.44,1
PO-03809,S010,Reliable Goods Co.,Tier 3,Road,Packaging,WH-West,2023-11-27,2023-12-05,2023-12-05,2023,11,Q4,Nov,8,0,1,1717,1603,114,6.64,419.05,719508.85,0
PO-03810,S001,FastTrack Logistics,Tier 1,Road,Spare Parts,WH-North,2023-11-27,2023-12-07,2023-12-07,2023,11,Q4,Nov,10,0,1,915,915,0,0.0,257.99,236060.85,1
PO-03811,S001,FastTrack Logistics,Tier 1,Road,Packaging,WH-East,2023-11-28,2023-12-14,2023-12-14,2023,11,Q4,Nov,16,0,1,302,302,0,0.0,200.77,60632.54,1
PO-03812,S004,Global Parts Ltd,Tier 1,Air,Spare Parts,WH-North,2023-11-28,2023-12-08,2023-12-08,2023,11,Q4,Nov,10,0,1,1506,1506,0,0.0,492.7,742006.2,1
PO-03813,S006,PrimeParts Inc.,Tier 1,Sea,Chemicals,WH-East,2023-11-28,2023-12-05,2023-12-05,2023,11,Q4,Nov,7,0,1,1607,1607,0,0.0,169.66,272643.62,1
PO-03814,S008,Northern Logistics,Tier 3,Rail,Spare Parts,WH-Central,2023-11-28,2023-12-06,2023-12-06,2023,11,Q4,Nov,8,0,1,945,945,0,0.0,143.17,135295.65,1
PO-03815,S006,PrimeParts Inc.,Tier 1,Sea,Raw Materials,WH-East,2023-11-29,2023-12-09,2023-12-09,2023,11,Q4,Nov,10,0,1,344,344,0,0.0,193.01,66395.44,1
PO-03816,S005,Metro Distributors,Tier 2,Road,Textiles,WH-North,2023-11-29,2023-12-19,2023-12-19,2023,11,Q4,Nov,20,0,1,291,291,0,0.0,477.04,138818.64,1
PO-03817,S002,BlueStar Freight,Tier 1,Rail,Raw Materials,WH-West,2023-11-29,2023-12-03,2023-12-03,2023,11,Q4,Nov,4,0,1,1721,1721,0,0.0,254.43,437874.03,1
PO-03818,S001,FastTrack Logistics,Tier 1,Road,Components,WH-Central,2023-11-29,2023-12-04,2023-12-04,2023,11,Q4,Nov,5,0,1,1543,1352,191,12.38,73.16,112885.88,0
PO-03819,S006,PrimeParts Inc.,Tier 1,Sea,Textiles,WH-West,2023-11-29,2023-12-18,2023-12-18,2023,11,Q4,Nov,19,0,1,535,535,0,0.0,499.55,267259.25,1
PO-03820,S003,Apex Supply Co.,Tier 2,Road,Finished Goods,WH-West,2023-11-29,2023-12-07,2023-12-07,2023,11,Q4,Nov,8,0,1,1776,1776,0,0.0,9.77,17351.52,1
PO-03821,S002,BlueStar Freight,Tier 1,Rail,Finished Goods,WH-East,2023-11-30,2023-12-04,2023-12-04,2023,11,Q4,Nov,4,0,1,80,80,0,0.0,168.68,13494.4,1
PO-03822,S010,Reliable Goods Co.,Tier 3,Road,Components,WH-North,2023-11-30,2023-12-11,2023-12-20,2023,11,Q4,Nov,11,9,0,1084,1084,0,0.0,108.93,118080.12,1
PO-03823,S007,Swift Carriers,Tier 2,Road,Textiles,WH-Central,2023-11-30,2023-12-09,2023-12-12,2023,11,Q4,Nov,9,3,0,1855,1855,0,0.0,260.78,483746.9,1
PO-03824,S010,Reliable Goods Co.,Tier 3,Road,Chemicals,WH-North,2023-11-30,2023-12-08,2023-12-08,2023,11,Q4,Nov,8,0,1,357,355,2,0.56,324.96,116010.72,0
PO-03825,S005,Metro Distributors,Tier 2,Road,Electronics,WH-South,2023-11-30,2023-12-18,2023-12-18,2023,11,Q4,Nov,18,0,1,922,922,0,0.0,318.91,294035.02,1
PO-03826,S001,FastTrack Logistics,Tier 1,Road,Raw Materials,WH-South,2023-12-01,2023-12-13,2023-12-13,2023,12,Q4,Dec,12,0,1,147,147,0,0.0,73.25,10767.75,1
PO-03827,S008,Northern Logistics,Tier 3,Rail,Packaging,WH-North,2023-12-01,2023-12-19,2023-12-19,2023,12,Q4,Dec,18,0,1,1748,1748,0,0.0,129.56,226470.88,1
PO-03828,S007,Swift Carriers,Tier 2,Road,Finished Goods,WH-South,2023-12-01,2023-12-12,2023-12-17,2023,12,Q4,Dec,11,5,0,1413,1413,0,0.0,133.99,189327.87,1
PO-03829,S005,Metro Distributors,Tier 2,Road,Raw Materials,WH-East,2023-12-01,2023-12-19,2023-12-24,2023,12,Q4,Dec,18,5,0,1754,1754,0,0.0,13.38,23468.52,1
PO-03830,S002,BlueStar Freight,Tier 1,Rail,Chemicals,WH-West,2023-12-01,2023-12-18,2023-12-18,2023,12,Q4,Dec,17,0,1,1212,1212,0,0.0,153.47,186005.64,1
PO-03831,S008,Northern Logistics,Tier 3,Rail,Packaging,WH-Central,2023-12-01,2023-12-09,2023-12-09,2023,12,Q4,Dec,8,0,1,526,526,0,0.0,254.03,133619.78,1
PO-03832,S007,Swift Carriers,Tier 2,Road,Spare Parts,WH-East,2023-12-01,2023-12-19,2023-12-19,2023,12,Q4,Dec,18,0,1,1003,1003,0,0.0,69.91,70119.73,1
PO-03833,S005,Metro Distributors,Tier 2,Road,Electronics,WH-East,2023-12-01,2023-12-22,2023-12-22,2023,12,Q4,Dec,21,0,1,1601,1601,0,0.0,332.89,532956.89,1
PO-03834,S004,Global Parts Ltd,Tier 1,Air,Textiles,WH-East,2023-12-02,2023-12-12,2023-12-12,2023,12,Q4,Dec,10,0,1,1785,1785,0,0.0,288.57,515097.45,1
PO-03835,S010,Reliable Goods Co.,Tier 3,Road,Spare Parts,WH-North,2023-12-02,2023-12-16,2023-12-16,2023,12,Q4,Dec,14,0,1,1125,983,142,12.62,327.37,368291.25,0
PO-03836,S006,PrimeParts Inc.,Tier 1,Sea,Spare Parts,WH-South,2023-12-02,2023-12-05,2023-12-05,2023,12,Q4,Dec,3,0,1,840,840,0,0.0,330.9,277956.0,1
PO-03837,S007,Swift Carriers,Tier 2,Road,Finished Goods,WH-Central,2023-12-03,2023-12-16,2023-12-16,2023,12,Q4,Dec,13,0,1,1031,1031,0,0.0,207.64,214076.84,1
PO-03838,S004,Global Parts Ltd,Tier 1,Air,Electronics,WH-North,2023-12-03,2023-12-18,2023-12-18,2023,12,Q4,Dec,15,0,1,651,651,0,0.0,372.6,242562.6,1
PO-03839,S002,BlueStar Freight,Tier 1,Rail,Electronics,WH-West,2023-12-03,2023-12-11,2023-12-11,2023,12,Q4,Dec,8,0,1,1684,1684,0,0.0,383.35,645561.4,1
PO-03840,S009,Eastside Components,Tier 2,Sea,Chemicals,WH-West,2023-12-03,2023-12-20,2023-12-20,2023,12,Q4,Dec,17,0,1,1853,1853,0,0.0,259.01,479945.53,1
PO-03841,S009,Eastside Components,Tier 2,Sea,Textiles,WH-South,2023-12-03,2023-12-14,2023-12-14,2023,12,Q4,Dec,11,0,1,558,558,0,0.0,53.63,29925.54,1
PO-03842,S008,Northern Logistics,Tier 3,Rail,Packaging,WH-Central,2023-12-03,2023-12-09,2023-12-11,2023,12,Q4,Dec,6,2,0,581,581,0,0.0,256.49,149020.69,1
PO-03843,S005,Metro Distributors,Tier 2,Road,Textiles,WH-South,2023-12-04,2023-12-16,2023-12-16,2023,12,Q4,Dec,12,0,1,156,156,0,0.0,446.61,69671.16,1
PO-03844,S002,BlueStar Freight,Tier 1,Rail,Raw Materials,WH-West,2023-12-04,2023-12-14,2023-12-14,2023,12,Q4,Dec,10,0,1,723,723,0,0.0,80.2,57984.6,1
PO-03845,S002,BlueStar Freight,Tier 1,Rail,Textiles,WH-Central,2023-12-04,2023-12-13,2023-12-13,2023,12,Q4,Dec,9,0,1,851,851,0,0.0,277.29,235973.79,1
PO-03846,S006,PrimeParts Inc.,Tier 1,Sea,Textiles,WH-North,2023-12-04,2023-12-13,2023-12-13,2023,12,Q4,Dec,9,0,1,1326,1326,0,0.0,264.1,350196.6,1
PO-03847,S002,BlueStar Freight,Tier 1,Rail,Finished Goods,WH-West,2023-12-04,2023-12-25,2023-12-30,2023,12,Q4,Dec,21,5,0,1720,1680,40,2.33,24.55,42226.0,0
PO-03848,S009,Eastside Components,Tier 2,Sea,Packaging,WH-Central,2023-12-05,2023-12-09,2023-12-12,2023,12,Q4,Dec,4,3,0,316,316,0,0.0,428.23,135320.68,1
PO-03849,S001,FastTrack Logistics,Tier 1,Road,Components,WH-Central,2023-12-05,2023-12-19,2023-12-19,2023,12,Q4,Dec,14,0,1,1911,1911,0,0.0,282.14,539169.54,1
PO-03850,S007,Swift Carriers,Tier 2,Road,Finished Goods,WH-East,2023-12-05,2023-12-25,2023-12-25,2023,12,Q4,Dec,20,0,1,1690,1690,0,0.0,433.7,732953.0,1
PO-03851,S010,Reliable Goods Co.,Tier 3,Road,Packaging,WH-North,2023-12-05,2023-12-24,2023-12-24,2023,12,Q4,Dec,19,0,1,1617,1566,51,3.15,417.85,675663.45,0
PO-03852,S010,Reliable Goods Co.,Tier 3,Road,Chemicals,WH-South,2023-12-06,2023-12-26,2023-12-26,2023,12,Q4,Dec,20,0,1,1427,1427,0,0.0,295.58,421792.66,1
PO-03853,S001,FastTrack Logistics,Tier 1,Road,Textiles,WH-East,2023-12-06,2023-12-26,2023-12-26,2023,12,Q4,Dec,20,0,1,1256,1256,0,0.0,46.26,58102.56,1
PO-03854,S010,Reliable Goods Co.,Tier 3,Road,Spare Parts,WH-North,2023-12-06,2023-12-09,2023-12-15,2023,12,Q4,Dec,3,6,0,429,429,0,0.0,310.13,133045.77,1
PO-03855,S003,Apex Supply Co.,Tier 2,Road,Finished Goods,WH-East,2023-12-07,2023-12-17,2023-12-17,2023,12,Q4,Dec,10,0,1,1341,1341,0,0.0,430.34,577085.94,1
PO-03856,S008,Northern Logistics,Tier 3,Rail,Packaging,WH-East,2023-12-07,2023-12-21,2023-12-21,2023,12,Q4,Dec,14,0,1,1482,1482,0,0.0,16.31,24171.42,1
PO-03857,S005,Metro Distributors,Tier 2,Road,Packaging,WH-East,2023-12-07,2023-12-17,2023-12-17,2023,12,Q4,Dec,10,0,1,1514,1514,0,0.0,448.33,678771.62,1
PO-03858,S005,Metro Distributors,Tier 2,Road,Spare Parts,WH-North,2023-12-07,2023-12-21,2023-12-26,2023,12,Q4,Dec,14,5,0,1275,1275,0,0.0,356.55,454601.25,1
PO-03859,S003,Apex Supply Co.,Tier 2,Road,Chemicals,WH-North,2023-12-07,2023-12-27,2023-12-27,2023,12,Q4,Dec,20,0,1,181,181,0,0.0,257.66,46636.46,1
PO-03860,S006,PrimeParts Inc.,Tier 1,Sea,Chemicals,WH-West,2023-12-07,2023-12-18,2023-12-18,2023,12,Q4,Dec,11,0,1,1292,1292,0,0.0,103.18,133308.56,1
PO-03861,S009,Eastside Components,Tier 2,Sea,Textiles,WH-South,2023-12-07,2023-12-14,2023-12-14,2023,12,Q4,Dec,7,0,1,306,306,0,0.0,34.84,10661.04,1
PO-03862,S004,Global Parts Ltd,Tier 1,Air,Spare Parts,WH-Central,2023-12-07,2023-12-12,2023-12-12,2023,12,Q4,Dec,5,0,1,432,432,0,0.0,486.99,210379.68,1
PO-03863,S010,Reliable Goods Co.,Tier 3,Road,Textiles,WH-South,2023-12-08,2023-12-23,2023-12-23,2023,12,Q4,Dec,15,0,1,1309,1309,0,0.0,253.92,332381.28,1
PO-03864,S009,Eastside Components,Tier 2,Sea,Packaging,WH-Central,2023-12-08,2023-12-28,2023-12-28,2023,12,Q4,Dec,20,0,1,1391,1391,0,0.0,102.03,141923.73,1
PO-03865,S005,Metro Distributors,Tier 2,Road,Spare Parts,WH-South,2023-12-08,2023-12-22,2023-12-22,2023,12,Q4,Dec,14,0,1,779,779,0,0.0,296.44,230926.76,1
PO-03866,S007,Swift Carriers,Tier 2,Road,Chemicals,WH-South,2023-12-08,2023-12-14,2023-12-14,2023,12,Q4,Dec,6,0,1,839,839,0,0.0,290.07,243368.73,1
PO-03867,S004,Global Parts Ltd,Tier 1,Air,Chemicals,WH-East,2023-12-09,2023-12-15,2023-12-15,2023,12,Q4,Dec,6,0,1,367,367,0,0.0,408.47,149908.49,1
PO-03868,S009,Eastside Components,Tier 2,Sea,Packaging,WH-North,2023-12-09,2023-12-17,2023-12-17,2023,12,Q4,Dec,8,0,1,166,166,0,0.0,283.87,47122.42,1
PO-03869,S003,Apex Supply Co.,Tier 2,Road,Spare Parts,WH-East,2023-12-09,2023-12-16,2023-12-16,2023,12,Q4,Dec,7,0,1,466,466,0,0.0,471.14,219551.24,1
PO-03870,S002,BlueStar Freight,Tier 1,Rail,Components,WH-West,2023-12-09,2023-12-22,2023-12-27,2023,12,Q4,Dec,13,5,0,673,673,0,0.0,394.89,265760.97,1
PO-03871,S008,Northern Logistics,Tier 3,Rail,Spare Parts,WH-West,2023-12-10,2023-12-25,2023-12-25,2023,12,Q4,Dec,15,0,1,1009,940,69,6.84,117.62,118678.58,0
PO-03872,S001,FastTrack Logistics,Tier 1,Road,Spare Parts,WH-West,2023-12-10,2023-12-29,2023-12-29,2023,12,Q4,Dec,19,0,1,1012,1012,0,0.0,430.35,435514.2,1
PO-03873,S008,Northern Logistics,Tier 3,Rail,Packaging,WH-South,2023-12-10,2023-12-19,2024-01-02,2023,12,Q4,Dec,9,14,0,1909,1909,0,0.0,442.11,843987.99,1
PO-03874,S008,Northern Logistics,Tier 3,Rail,Components,WH-North,2023-12-10,2023-12-25,2023-12-25,2023,12,Q4,Dec,15,0,1,1447,1447,0,0.0,189.89,274770.83,1
PO-03875,S004,Global Parts Ltd,Tier 1,Air,Spare Parts,WH-Central,2023-12-10,2023-12-27,2023-12-27,2023,12,Q4,Dec,17,0,1,745,745,0,0.0,293.41,218590.45,1
PO-03876,S007,Swift Carriers,Tier 2,Road,Textiles,WH-East,2023-12-10,2023-12-16,2023-12-16,2023,12,Q4,Dec,6,0,1,1617,1617,0,0.0,237.58,384166.86,1
PO-03877,S005,Metro Distributors,Tier 2,Road,Raw Materials,WH-South,2023-12-10,2023-12-20,2023-12-27,2023,12,Q4,Dec,10,7,0,798,798,0,0.0,153.13,122197.74,1
PO-03878,S009,Eastside Components,Tier 2,Sea,Components,WH-North,2023-12-11,2023-12-21,2023-12-21,2023,12,Q4,Dec,10,0,1,339,339,0,0.0,443.19,150241.41,1
PO-03879,S003,Apex Supply Co.,Tier 2,Road,Packaging,WH-West,2023-12-11,2023-12-21,2023-12-21,2023,12,Q4,Dec,10,0,1,1834,1834,0,0.0,29.52,54139.68,1
PO-03880,S001,FastTrack Logistics,Tier 1,Road,Packaging,WH-North,2023-12-11,2023-12-19,2023-12-19,2023,12,Q4,Dec,8,0,1,1650,1650,0,0.0,137.18,226347.0,1
PO-03881,S003,Apex Supply Co.,Tier 2,Road,Components,WH-West,2023-12-11,2023-12-23,2024-01-05,2023,12,Q4,Dec,12,13,0,1153,1153,0,0.0,386.8,445980.4,1
PO-03882,S003,Apex Supply Co.,Tier 2,Road,Electronics,WH-North,2023-12-11,2023-12-22,2023-12-22,2023,12,Q4,Dec,11,0,1,1610,1610,0,0.0,288.88,465096.8,1
PO-03883,S002,BlueStar Freight,Tier 1,Rail,Components,WH-South,2023-12-11,2023-12-19,2023-12-19,2023,12,Q4,Dec,8,0,1,1847,1847,0,0.0,212.87,393170.89,1
PO-03884,S004,Global Parts Ltd,Tier 1,Air,Finished Goods,WH-Central,2023-12-11,2023-12-31,2023-12-31,2023,12,Q4,Dec,20,0,1,165,165,0,0.0,195.35,32232.75,1
PO-03885,S008,Northern Logistics,Tier 3,Rail,Raw Materials,WH-North,2023-12-11,2023-12-16,2023-12-30,2023,12,Q4,Dec,5,14,0,1763,1664,99,5.62,441.93,779122.59,0
PO-03886,S007,Swift Carriers,Tier 2,Road,Textiles,WH-North,2023-12-12,2023-12-23,2023-12-27,2023,12,Q4,Dec,11,4,0,1840,1840,0,0.0,349.11,642362.4,1
PO-03887,S002,BlueStar Freight,Tier 1,Rail,Chemicals,WH-South,2023-12-12,2023-12-15,2023-12-15,2023,12,Q4,Dec,3,0,1,749,749,0,0.0,485.85,363901.65,1
PO-03888,S010,Reliable Goods Co.,Tier 3,Road,Components,WH-East,2023-12-12,2023-12-25,2024-01-05,2023,12,Q4,Dec,13,11,0,1747,1747,0,0.0,332.15,580266.05,1
PO-03889,S008,Northern Logistics,Tier 3,Rail,Components,WH-North,2023-12-12,2023-12-18,2023-12-18,2023,12,Q4,Dec,6,0,1,594,594,0,0.0,298.03,177029.82,1
PO-03890,S007,Swift Carriers,Tier 2,Road,Packaging,WH-West,2023-12-12,2023-12-19,2023-12-19,2023,12,Q4,Dec,7,0,1,1151,1151,0,0.0,420.38,483857.38,1
PO-03891,S002,BlueStar Freight,Tier 1,Rail,Components,WH-North,2023-12-12,2023-12-24,2024-01-05,2023,12,Q4,Dec,12,12,0,230,230,0,0.0,172.2,39606.0,1
PO-03892,S004,Global Parts Ltd,Tier 1,Air,Finished Goods,WH-North,2023-12-12,2023-12-26,2023-12-26,2023,12,Q4,Dec,14,0,1,113,113,0,0.0,71.63,8094.19,1
PO-03893,S003,Apex Supply Co.,Tier 2,Road,Raw Materials,WH-East,2023-12-12,2023-12-27,2023-12-27,2023,12,Q4,Dec,15,0,1,1585,1585,0,0.0,144.08,228366.8,1
PO-03894,S003,Apex Supply Co.,Tier 2,Road,Finished Goods,WH-West,2023-12-13,2023-12-27,2023-12-27,2023,12,Q4,Dec,14,0,1,1024,1024,0,0.0,116.18,118968.32,1
PO-03895,S003,Apex Supply Co.,Tier 2,Road,Textiles,WH-West,2023-12-13,2024-01-01,2024-01-01,2023,12,Q4,Dec,19,0,1,1862,1862,0,0.0,472.49,879776.38,1
PO-03896,S002,BlueStar Freight,Tier 1,Rail,Components,WH-North,2023-12-13,2023-12-16,2023-12-16,2023,12,Q4,Dec,3,0,1,1008,1008,0,0.0,155.28,156522.24,1
PO-03897,S007,Swift Carriers,Tier 2,Road,Electronics,WH-Central,2023-12-14,2023-12-27,2023-12-27,2023,12,Q4,Dec,13,0,1,844,844,0,0.0,266.16,224639.04,1
PO-03898,S005,Metro Distributors,Tier 2,Road,Finished Goods,WH-North,2023-12-14,2023-12-29,2023-12-29,2023,12,Q4,Dec,15,0,1,1315,1315,0,0.0,254.24,334325.6,1
PO-03899,S010,Reliable Goods Co.,Tier 3,Road,Electronics,WH-East,2023-12-14,2023-12-28,2023-12-28,2023,12,Q4,Dec,14,0,1,1541,1541,0,0.0,159.03,245065.23,1
PO-03900,S001,FastTrack Logistics,Tier 1,Road,Raw Materials,WH-South,2023-12-14,2023-12-20,2024-01-01,2023,12,Q4,Dec,6,12,0,139,139,0,0.0,49.98,6947.22,1
PO-03901,S001,FastTrack Logistics,Tier 1,Road,Textiles,WH-North,2023-12-14,2023-12-31,2023-12-31,2023,12,Q4,Dec,17,0,1,439,439,0,0.0,225.68,99073.52,1
PO-03902,S004,Global Parts Ltd,Tier 1,Air,Textiles,WH-South,2023-12-14,2024-01-01,2024-01-01,2023,12,Q4,Dec,18,0,1,1227,1227,0,0.0,440.25,540186.75,1
PO-03903,S003,Apex Supply Co.,Tier 2,Road,Chemicals,WH-West,2023-12-14,2023-12-30,2023-12-30,2023,12,Q4,Dec,16,0,1,1088,1088,0,0.0,197.78,215184.64,1
PO-03904,S004,Global Parts Ltd,Tier 1,Air,Textiles,WH-East,2023-12-14,2023-12-28,2024-01-11,2023,12,Q4,Dec,14,14,0,785,785,0,0.0,140.57,110347.45,1
PO-03905,S010,Reliable Goods Co.,Tier 3,Road,Components,WH-North,2023-12-15,2024-01-02,2024-01-15,2023,12,Q4,Dec,18,13,0,1683,1683,0,0.0,370.67,623837.61,1
PO-03906,S007,Swift Carriers,Tier 2,Road,Spare Parts,WH-South,2023-12-15,2023-12-31,2023-12-31,2023,12,Q4,Dec,16,0,1,1626,1626,0,0.0,440.06,715537.56,1
PO-03907,S007,Swift Carriers,Tier 2,Road,Electronics,WH-Central,2023-12-15,2023-12-20,2023-12-28,2023,12,Q4,Dec,5,8,0,397,397,0,0.0,38.09,15121.73,1
PO-03908,S010,Reliable Goods Co.,Tier 3,Road,Packaging,WH-West,2023-12-15,2023-12-29,2023-12-29,2023,12,Q4,Dec,14,0,1,101,101,0,0.0,226.9,22916.9,1
PO-03909,S005,Metro Distributors,Tier 2,Road,Raw Materials,WH-North,2023-12-16,2023-12-23,2023-12-23,2023,12,Q4,Dec,7,0,1,889,841,48,5.4,154.72,137546.08,0
PO-03910,S005,Metro Distributors,Tier 2,Road,Packaging,WH-South,2023-12-16,2023-12-27,2024-01-01,2023,12,Q4,Dec,11,5,0,163,163,0,0.0,40.32,6572.16,1
PO-03911,S004,Global Parts Ltd,Tier 1,Air,Packaging,WH-West,2023-12-16,2023-12-27,2023-12-29,2023,12,Q4,Dec,11,2,0,672,672,0,0.0,260.54,175082.88,1
PO-03912,S007,Swift Carriers,Tier 2,Road,Spare Parts,WH-North,2023-12-16,2024-01-06,2024-01-06,2023,12,Q4,Dec,21,0,1,1974,1974,0,0.0,392.39,774577.86,1
PO-03913,S009,Eastside Components,Tier 2,Sea,Components,WH-West,2023-12-16,2023-12-25,2023-12-25,2023,12,Q4,Dec,9,0,1,970,970,0,0.0,356.16,345475.2,1
PO-03914,S001,FastTrack Logistics,Tier 1,Road,Finished Goods,WH-South,2023-12-16,2023-12-24,2023-12-24,2023,12,Q4,Dec,8,0,1,1041,1041,0,0.0,221.55,230633.55,1
PO-03915,S004,Global Parts Ltd,Tier 1,Air,Textiles,WH-East,2023-12-17,2024-01-04,2024-01-04,2023,12,Q4,Dec,18,0,1,387,387,0,0.0,133.02,51478.74,1
PO-03916,S008,Northern Logistics,Tier 3,Rail,Raw Materials,WH-Central,2023-12-17,2023-12-28,2023-12-28,2023,12,Q4,Dec,11,0,1,782,782,0,0.0,467.7,365741.4,1
PO-03917,S005,Metro Distributors,Tier 2,Road,Raw Materials,WH-South,2023-12-17,2024-01-06,2024-01-06,2023,12,Q4,Dec,20,0,1,162,162,0,0.0,40.34,6535.08,1
PO-03918,S009,Eastside Components,Tier 2,Sea,Components,WH-Central,2023-12-17,2023-12-20,2023-12-26,2023,12,Q4,Dec,3,6,0,976,946,30,3.07,53.16,51884.16,0
PO-03919,S001,FastTrack Logistics,Tier 1,Road,Textiles,WH-East,2023-12-18,2024-01-04,2024-01-04,2023,12,Q4,Dec,17,0,1,1363,1363,0,0.0,54.53,74324.39,1
PO-03920,S003,Apex Supply Co.,Tier 2,Road,Components,WH-North,2023-12-18,2024-01-02,2024-01-10,2023,12,Q4,Dec,15,8,0,900,900,0,0.0,391.26,352134.0,1
PO-03921,S003,Apex Supply Co.,Tier 2,Road,Electronics,WH-East,2023-12-18,2023-12-29,2023-12-29,2023,12,Q4,Dec,11,0,1,891,891,0,0.0,460.46,410269.86,1
PO-03922,S005,Metro Distributors,Tier 2,Road,Finished Goods,WH-West,2023-12-18,2024-01-03,2024-01-03,2023,12,Q4,Dec,16,0,1,1850,1850,0,0.0,111.81,206848.5,1
PO-03923,S009,Eastside Components,Tier 2,Sea,Raw Materials,WH-West,2023-12-18,2024-01-08,2024-01-08,2023,12,Q4,Dec,21,0,1,163,163,0,0.0,325.22,53010.86,1
PO-03924,S003,Apex Supply Co.,Tier 2,Road,Textiles,WH-West,2023-12-18,2023-12-29,2023-12-29,2023,12,Q4,Dec,11,0,1,512,512,0,0.0,495.92,253911.04,1
PO-03925,S004,Global Parts Ltd,Tier 1,Air,Electronics,WH-East,2023-12-18,2023-12-21,2023-12-21,2023,12,Q4,Dec,3,0,1,1372,1372,0,0.0,434.66,596353.52,1
PO-03926,S008,Northern Logistics,Tier 3,Rail,Packaging,WH-West,2023-12-18,2023-12-24,2023-12-24,2023,12,Q4,Dec,6,0,1,1619,1619,0,0.0,496.69,804141.11,1
PO-03927,S006,PrimeParts Inc.,Tier 1,Sea,Electronics,WH-East,2023-12-19,2024-01-01,2024-01-01,2023,12,Q4,Dec,13,0,1,1210,1210,0,0.0,237.17,286975.7,1
PO-03928,S007,Swift Carriers,Tier 2,Road,Spare Parts,WH-Central,2023-12-19,2023-12-31,2023-12-31,2023,12,Q4,Dec,12,0,1,493,493,0,0.0,477.48,235397.64,1
PO-03929,S010,Reliable Goods Co.,Tier 3,Road,Raw Materials,WH-North,2023-12-19,2023-12-27,2023-12-27,2023,12,Q4,Dec,8,0,1,1088,1088,0,0.0,153.43,166931.84,1
PO-03930,S003,Apex Supply Co.,Tier 2,Road,Textiles,WH-South,2023-12-19,2024-01-04,2024-01-04,2023,12,Q4,Dec,16,0,1,1167,1167,0,0.0,418.75,488681.25,1
PO-03931,S002,BlueStar Freight,Tier 1,Rail,Chemicals,WH-North,2023-12-20,2024-01-07,2024-01-07,2023,12,Q4,Dec,18,0,1,1034,1034,0,0.0,309.97,320508.98,1
PO-03932,S005,Metro Distributors,Tier 2,Road,Chemicals,WH-West,2023-12-20,2024-01-02,2024-01-02,2023,12,Q4,Dec,13,0,1,259,259,0,0.0,271.23,70248.57,1
PO-03933,S004,Global Parts Ltd,Tier 1,Air,Electronics,WH-East,2023-12-20,2024-01-04,2024-01-04,2023,12,Q4,Dec,15,0,1,1359,1359,0,0.0,491.57,668043.63,1
PO-03934,S010,Reliable Goods Co.,Tier 3,Road,Electronics,WH-Central,2023-12-20,2023-12-25,2023-12-25,2023,12,Q4,Dec,5,0,1,528,528,0,0.0,49.12,25935.36,1
PO-03935,S009,Eastside Components,Tier 2,Sea,Chemicals,WH-North,2023-12-20,2023-12-30,2024-01-11,2023,12,Q4,Dec,10,12,0,1636,1636,0,0.0,391.46,640428.56,1
PO-03936,S002,BlueStar Freight,Tier 1,Rail,Finished Goods,WH-West,2023-12-21,2024-01-05,2024-01-05,2023,12,Q4,Dec,15,0,1,1215,1215,0,0.0,186.29,226342.35,1
PO-03937,S007,Swift Carriers,Tier 2,Road,Raw Materials,WH-West,2023-12-21,2023-12-30,2024-01-06,2023,12,Q4,Dec,9,7,0,1641,1641,0,0.0,66.09,108453.69,1
PO-03938,S010,Reliable Goods Co.,Tier 3,Road,Textiles,WH-Central,2023-12-21,2024-01-04,2024-01-07,2023,12,Q4,Dec,14,3,0,689,689,0,0.0,336.63,231938.07,1
PO-03939,S007,Swift Carriers,Tier 2,Road,Components,WH-East,2023-12-21,2024-01-01,2024-01-03,2023,12,Q4,Dec,11,2,0,460,414,46,10.0,402.59,185191.4,0
PO-03940,S007,Swift Carriers,Tier 2,Road,Components,WH-South,2023-12-21,2024-01-05,2024-01-05,2023,12,Q4,Dec,15,0,1,1687,1621,66,3.91,468.32,790055.84,0
PO-03941,S004,Global Parts Ltd,Tier 1,Air,Finished Goods,WH-West,2023-12-21,2024-01-01,2024-01-01,2023,12,Q4,Dec,11,0,1,1665,1665,0,0.0,13.69,22793.85,1
PO-03942,S003,Apex Supply Co.,Tier 2,Road,Textiles,WH-North,2023-12-21,2023-12-26,2023-12-26,2023,12,Q4,Dec,5,0,1,1708,1708,0,0.0,92.26,157580.08,1
PO-03943,S005,Metro Distributors,Tier 2,Road,Textiles,WH-Central,2023-12-22,2024-01-12,2024-01-12,2023,12,Q4,Dec,21,0,1,1611,1611,0,0.0,453.39,730411.29,1
PO-03944,S004,Global Parts Ltd,Tier 1,Air,Textiles,WH-South,2023-12-22,2023-12-28,2023-12-28,2023,12,Q4,Dec,6,0,1,609,609,0,0.0,206.69,125874.21,1
PO-03945,S005,Metro Distributors,Tier 2,Road,Components,WH-South,2023-12-22,2023-12-30,2023-12-30,2023,12,Q4,Dec,8,0,1,596,596,0,0.0,52.82,31480.72,1
PO-03946,S005,Metro Distributors,Tier 2,Road,Spare Parts,WH-South,2023-12-22,2024-01-12,2024-01-12,2023,12,Q4,Dec,21,0,1,452,452,0,0.0,230.91,104371.32,1
PO-03947,S007,Swift Carriers,Tier 2,Road,Finished Goods,WH-West,2023-12-23,2024-01-05,2024-01-05,2023,12,Q4,Dec,13,0,1,1078,1078,0,0.0,180.54,194622.12,1
PO-03948,S002,BlueStar Freight,Tier 1,Rail,Spare Parts,WH-East,2023-12-23,2024-01-07,2024-01-07,2023,12,Q4,Dec,15,0,1,447,447,0,0.0,443.24,198128.28,1
PO-03949,S004,Global Parts Ltd,Tier 1,Air,Electronics,WH-South,2023-12-23,2024-01-13,2024-01-13,2023,12,Q4,Dec,21,0,1,387,387,0,0.0,248.0,95976.0,1
PO-03950,S009,Eastside Components,Tier 2,Sea,Finished Goods,WH-South,2023-12-24,2024-01-01,2024-01-03,2023,12,Q4,Dec,8,2,0,665,665,0,0.0,219.49,145960.85,1
PO-03951,S005,Metro Distributors,Tier 2,Road,Components,WH-South,2023-12-24,2024-01-07,2024-01-09,2023,12,Q4,Dec,14,2,0,279,279,0,0.0,92.8,25891.2,1
PO-03952,S005,Metro Distributors,Tier 2,Road,Packaging,WH-South,2023-12-24,2023-12-31,2024-01-10,2023,12,Q4,Dec,7,10,0,386,386,0,0.0,32.06,12375.16,1
PO-03953,S005,Metro Distributors,Tier 2,Road,Chemicals,WH-Central,2023-12-24,2024-01-08,2024-01-08,2023,12,Q4,Dec,15,0,1,1239,1239,0,0.0,282.77,350352.03,1
PO-03954,S001,FastTrack Logistics,Tier 1,Road,Raw Materials,WH-East,2023-12-24,2023-12-29,2023-12-29,2023,12,Q4,Dec,5,0,1,1441,1441,0,0.0,279.6,402903.6,1
PO-03955,S003,Apex Supply Co.,Tier 2,Road,Finished Goods,WH-East,2023-12-25,2024-01-08,2024-01-08,2023,12,Q4,Dec,14,0,1,1317,1317,0,0.0,253.38,333701.46,1
PO-03956,S005,Metro Distributors,Tier 2,Road,Textiles,WH-Central,2023-12-25,2024-01-04,2024-01-04,2023,12,Q4,Dec,10,0,1,727,727,0,0.0,257.89,187486.03,1
PO-03957,S004,Global Parts Ltd,Tier 1,Air,Chemicals,WH-East,2023-12-25,2024-01-13,2024-01-13,2023,12,Q4,Dec,19,0,1,809,809,0,0.0,436.16,352853.44,1
PO-03958,S002,BlueStar Freight,Tier 1,Rail,Components,WH-Central,2023-12-25,2024-01-04,2024-01-04,2023,12,Q4,Dec,10,0,1,1184,1184,0,0.0,137.25,162504.0,1
PO-03959,S006,PrimeParts Inc.,Tier 1,Sea,Electronics,WH-South,2023-12-26,2024-01-03,2024-01-09,2023,12,Q4,Dec,8,6,0,825,825,0,0.0,328.91,271350.75,1
PO-03960,S003,Apex Supply Co.,Tier 2,Road,Packaging,WH-Central,2023-12-26,2024-01-11,2024-01-11,2023,12,Q4,Dec,16,0,1,1172,1172,0,0.0,413.5,484622.0,1
PO-03961,S005,Metro Distributors,Tier 2,Road,Electronics,WH-East,2023-12-26,2024-01-13,2024-01-13,2023,12,Q4,Dec,18,0,1,1123,1123,0,0.0,85.99,96566.77,1
PO-03962,S007,Swift Carriers,Tier 2,Road,Chemicals,WH-Central,2023-12-26,2024-01-16,2024-01-16,2023,12,Q4,Dec,21,0,1,861,861,0,0.0,325.11,279919.71,1
PO-03963,S006,PrimeParts Inc.,Tier 1,Sea,Components,WH-Central,2023-12-26,2023-12-31,2023-12-31,2023,12,Q4,Dec,5,0,1,1068,1068,0,0.0,235.99,252037.32,1
PO-03964,S001,FastTrack Logistics,Tier 1,Road,Finished Goods,WH-North,2023-12-26,2024-01-09,2024-01-09,2023,12,Q4,Dec,14,0,1,1451,1451,0,0.0,245.95,356873.45,1
PO-03965,S004,Global Parts Ltd,Tier 1,Air,Components,WH-West,2023-12-26,2024-01-06,2024-01-06,2023,12,Q4,Dec,11,0,1,1450,1450,0,0.0,151.86,220197.0,1
PO-03966,S008,Northern Logistics,Tier 3,Rail,Electronics,WH-North,2023-12-26,2024-01-11,2024-01-15,2023,12,Q4,Dec,16,4,0,1777,1777,0,0.0,70.36,125029.72,1
PO-03967,S005,Metro Distributors,Tier 2,Road,Spare Parts,WH-West,2023-12-27,2024-01-04,2024-01-04,2023,12,Q4,Dec,8,0,1,1900,1900,0,0.0,236.58,449502.0,1
PO-03968,S005,Metro Distributors,Tier 2,Road,Packaging,WH-East,2023-12-27,2024-01-05,2024-01-11,2023,12,Q4,Dec,9,6,0,1319,1319,0,0.0,486.23,641337.37,1
PO-03969,S001,FastTrack Logistics,Tier 1,Road,Components,WH-North,2023-12-27,2024-01-06,2024-01-06,2023,12,Q4,Dec,10,0,1,1191,1191,0,0.0,231.37,275561.67,1
PO-03970,S004,Global Parts Ltd,Tier 1,Air,Spare Parts,WH-Central,2023-12-27,2024-01-06,2024-01-06,2023,12,Q4,Dec,10,0,1,1067,1067,0,0.0,220.36,235124.12,1
PO-03971,S010,Reliable Goods Co.,Tier 3,Road,Finished Goods,WH-South,2023-12-27,2024-01-08,2024-01-08,2023,12,Q4,Dec,12,0,1,1264,1264,0,0.0,71.56,90451.84,1
PO-03972,S005,Metro Distributors,Tier 2,Road,Packaging,WH-East,2023-12-27,2024-01-13,2024-01-13,2023,12,Q4,Dec,17,0,1,274,274,0,0.0,380.6,104284.4,1
PO-03973,S010,Reliable Goods Co.,Tier 3,Road,Raw Materials,WH-Central,2023-12-27,2024-01-04,2024-01-04,2023,12,Q4,Dec,8,0,1,1362,1234,128,9.4,486.19,662190.78,0
PO-03974,S002,BlueStar Freight,Tier 1,Rail,Packaging,WH-South,2023-12-27,2024-01-09,2024-01-20,2023,12,Q4,Dec,13,11,0,201,201,0,0.0,231.09,46449.09,1
PO-03975,S001,FastTrack Logistics,Tier 1,Road,Spare Parts,WH-East,2023-12-28,2024-01-17,2024-01-17,2023,12,Q4,Dec,20,0,1,1710,1710,0,0.0,373.89,639351.9,1
PO-03976,S006,PrimeParts Inc.,Tier 1,Sea,Electronics,WH-South,2023-12-28,2024-01-15,2024-01-28,2023,12,Q4,Dec,18,13,0,781,781,0,0.0,13.09,10223.29,1
PO-03977,S008,Northern Logistics,Tier 3,Rail,Packaging,WH-North,2023-12-28,2024-01-06,2024-01-06,2023,12,Q4,Dec,9,0,1,741,741,0,0.0,186.27,138026.07,1
PO-03978,S010,Reliable Goods Co.,Tier 3,Road,Raw Materials,WH-West,2023-12-28,2024-01-09,2024-01-12,2023,12,Q4,Dec,12,3,0,801,801,0,0.0,373.03,298797.03,1
PO-03979,S008,Northern Logistics,Tier 3,Rail,Components,WH-Central,2023-12-28,2024-01-03,2024-01-05,2023,12,Q4,Dec,6,2,0,1660,1453,207,12.47,159.66,265035.6,0
PO-03980,S008,Northern Logistics,Tier 3,Rail,Electronics,WH-South,2023-12-28,2024-01-16,2024-01-23,2023,12,Q4,Dec,19,7,0,599,599,0,0.0,348.08,208499.92,1
PO-03981,S004,Global Parts Ltd,Tier 1,Air,Components,WH-West,2023-12-28,2024-01-15,2024-01-15,2023,12,Q4,Dec,18,0,1,1610,1610,0,0.0,291.17,468783.7,1
PO-03982,S009,Eastside Components,Tier 2,Sea,Textiles,WH-North,2023-12-29,2024-01-07,2024-01-07,2023,12,Q4,Dec,9,0,1,228,228,0,0.0,89.65,20440.2,1
PO-03983,S006,PrimeParts Inc.,Tier 1,Sea,Finished Goods,WH-Central,2023-12-29,2024-01-19,2024-01-19,2023,12,Q4,Dec,21,0,1,725,725,0,0.0,373.58,270845.5,1
PO-03984,S004,Global Parts Ltd,Tier 1,Air,Electronics,WH-South,2023-12-29,2024-01-13,2024-01-13,2023,12,Q4,Dec,15,0,1,1249,1249,0,0.0,407.11,508480.39,1
PO-03985,S001,FastTrack Logistics,Tier 1,Road,Components,WH-Central,2023-12-30,2024-01-20,2024-01-20,2023,12,Q4,Dec,21,0,1,392,392,0,0.0,103.69,40646.48,1
PO-03986,S008,Northern Logistics,Tier 3,Rail,Packaging,WH-West,2023-12-30,2024-01-02,2024-01-02,2023,12,Q4,Dec,3,0,1,1867,1867,0,0.0,194.27,362702.09,1
PO-03987,S002,BlueStar Freight,Tier 1,Rail,Finished Goods,WH-North,2023-12-30,2024-01-02,2024-01-04,2023,12,Q4,Dec,3,2,0,1450,1450,0,0.0,75.42,109359.0,1
PO-03988,S008,Northern Logistics,Tier 3,Rail,Spare Parts,WH-Central,2023-12-30,2024-01-12,2024-01-16,2023,12,Q4,Dec,13,4,0,1160,1160,0,0.0,320.4,371664.0,1
PO-03989,S001,FastTrack Logistics,Tier 1,Road,Electronics,WH-Central,2023-12-30,2024-01-17,2024-01-17,2023,12,Q4,Dec,18,0,1,1102,1102,0,0.0,476.55,525158.1,1
PO-03990,S003,Apex Supply Co.,Tier 2,Road,Spare Parts,WH-West,2023-12-30,2024-01-05,2024-01-05,2023,12,Q4,Dec,6,0,1,1704,1704,0,0.0,68.14,116110.56,1
PO-03991,S009,Eastside Components,Tier 2,Sea,Textiles,WH-West,2023-12-30,2024-01-09,2024-01-09,2023,12,Q4,Dec,10,0,1,490,490,0,0.0,141.21,69192.9,1
PO-03992,S007,Swift Carriers,Tier 2,Road,Raw Materials,WH-North,2023-12-31,2024-01-12,2024-01-12,2023,12,Q4,Dec,12,0,1,1478,1478,0,0.0,136.28,201421.84,1
PO-03993,S010,Reliable Goods Co.,Tier 3,Road,Chemicals,WH-Central,2023-12-31,2024-01-03,2024-01-03,2023,12,Q4,Dec,3,0,1,1912,1912,0,0.0,289.59,553696.08,1
PO-03994,S005,Metro Distributors,Tier 2,Road,Electronics,WH-East,2023-12-31,2024-01-17,2024-01-17,2023,12,Q4,Dec,17,0,1,670,581,89,13.28,311.04,208396.8,0
PO-03995,S008,Northern Logistics,Tier 3,Rail,Electronics,WH-West,2023-12-31,2024-01-14,2024-01-26,2023,12,Q4,Dec,14,12,0,1440,1440,0,0.0,403.63,581227.2,1
PO-03996,S007,Swift Carriers,Tier 2,Road,Textiles,WH-North,2023-12-31,2024-01-17,2024-01-17,2023,12,Q4,Dec,17,0,1,374,374,0,0.0,120.27,44980.98,1
PO-03997,S005,Metro Distributors,Tier 2,Road,Components,WH-Central,2024-01-01,2024-01-11,2024-01-11,2024,1,Q1,Jan,10,0,1,1317,1317,0,0.0,412.86,543736.62,1
PO-03998,S010,Reliable Goods Co.,Tier 3,Road,Finished Goods,WH-West,2024-01-01,2024-01-17,2024-01-17,2024,1,Q1,Jan,16,0,1,1861,1861,0,0.0,435.38,810242.18,1
PO-03999,S001,FastTrack Logistics,Tier 1,Road,Spare Parts,WH-Central,2024-01-01,2024-01-19,2024-01-19,2024,1,Q1,Jan,18,0,1,170,170,0,0.0,201.46,34248.2,1
PO-04000,S009,Eastside Components,Tier 2,Sea,Electronics,WH-Central,2024-01-01,2024-01-14,2024-01-14,2024,1,Q1,Jan,13,0,1,1699,1449,250,14.71,408.85,694636.15,0
PO-04001,S006,PrimeParts Inc.,Tier 1,Sea,Components,WH-Central,2024-01-01,2024-01-11,2024-01-18,2024,1,Q1,Jan,10,7,0,1336,1336,0,0.0,208.72,278849.92,1
PO-04002,S006,PrimeParts Inc.,Tier 1,Sea,Spare Parts,WH-North,2024-01-01,2024-01-15,2024-01-15,2024,1,Q1,Jan,14,0,1,1456,1456,0,0.0,53.73,78230.88,1
PO-04003,S007,Swift Carriers,Tier 2,Road,Electronics,WH-Central,2024-01-02,2024-01-22,2024-01-22,2024,1,Q1,Jan,20,0,1,1198,1198,0,0.0,459.45,550421.1,1
PO-04004,S004,Global Parts Ltd,Tier 1,Air,Spare Parts,WH-South,2024-01-02,2024-01-05,2024-01-05,2024,1,Q1,Jan,3,0,1,69,69,0,0.0,237.36,16377.84,1
PO-04005,S010,Reliable Goods Co.,Tier 3,Road,Components,WH-South,2024-01-02,2024-01-21,2024-01-23,2024,1,Q1,Jan,19,2,0,1787,1787,0,0.0,124.85,223106.95,1
PO-04006,S008,Northern Logistics,Tier 3,Rail,Raw Materials,WH-West,2024-01-03,2024-01-17,2024-01-17,2024,1,Q1,Jan,14,0,1,935,935,0,0.0,360.04,336637.4,1
PO-04007,S004,Global Parts Ltd,Tier 1,Air,Components,WH-Central,2024-01-03,2024-01-18,2024-01-18,2024,1,Q1,Jan,15,0,1,965,965,0,0.0,312.48,301543.2,1
PO-04008,S002,BlueStar Freight,Tier 1,Rail,Chemicals,WH-Central,2024-01-03,2024-01-20,2024-01-20,2024,1,Q1,Jan,17,0,1,944,944,0,0.0,425.5,401672.0,1
PO-04009,S003,Apex Supply Co.,Tier 2,Road,Textiles,WH-West,2024-01-03,2024-01-14,2024-01-14,2024,1,Q1,Jan,11,0,1,1991,1991,0,0.0,371.71,740074.61,1
PO-04010,S009,Eastside Components,Tier 2,Sea,Electronics,WH-West,2024-01-03,2024-01-11,2024-01-11,2024,1,Q1,Jan,8,0,1,938,938,0,0.0,49.57,46496.66,1
PO-04011,S003,Apex Supply Co.,Tier 2,Road,Finished Goods,WH-Central,2024-01-03,2024-01-09,2024-01-09,2024,1,Q1,Jan,6,0,1,1769,1769,0,0.0,178.06,314988.14,1
PO-04012,S003,Apex Supply Co.,Tier 2,Road,Packaging,WH-West,2024-01-03,2024-01-16,2024-01-16,2024,1,Q1,Jan,13,0,1,257,257,0,0.0,419.52,107816.64,1
PO-04013,S006,PrimeParts Inc.,Tier 1,Sea,Finished Goods,WH-Central,2024-01-04,2024-01-14,2024-01-14,2024,1,Q1,Jan,10,0,1,1753,1753,0,0.0,156.17,273766.01,1
PO-04014,S003,Apex Supply Co.,Tier 2,Road,Textiles,WH-South,2024-01-04,2024-01-09,2024-01-09,2024,1,Q1,Jan,5,0,1,1135,1135,0,0.0,308.57,350226.95,1
PO-04015,S001,FastTrack Logistics,Tier 1,Road,Spare Parts,WH-West,2024-01-04,2024-01-20,2024-01-20,2024,1,Q1,Jan,16,0,1,1736,1736,0,0.0,365.05,633726.8,1
PO-04016,S002,BlueStar Freight,Tier 1,Rail,Finished Goods,WH-Central,2024-01-04,2024-01-21,2024-01-21,2024,1,Q1,Jan,17,0,1,1723,1723,0,0.0,397.44,684789.12,1
PO-04017,S004,Global Parts Ltd,Tier 1,Air,Packaging,WH-North,2024-01-05,2024-01-26,2024-01-26,2024,1,Q1,Jan,21,0,1,999,999,0,0.0,280.31,280029.69,1
PO-04018,S001,FastTrack Logistics,Tier 1,Road,Packaging,WH-Central,2024-01-05,2024-01-12,2024-01-12,2024,1,Q1,Jan,7,0,1,523,523,0,0.0,343.85,179833.55,1
PO-04019,S007,Swift Carriers,Tier 2,Road,Textiles,WH-North,2024-01-05,2024-01-19,2024-01-19,2024,1,Q1,Jan,14,0,1,729,729,0,0.0,153.27,111733.83,1
PO-04020,S003,Apex Supply Co.,Tier 2,Road,Chemicals,WH-West,2024-01-05,2024-01-15,2024-01-15,2024,1,Q1,Jan,10,0,1,1019,1019,0,0.0,161.15,164211.85,1
PO-04021,S002,BlueStar Freight,Tier 1,Rail,Textiles,WH-South,2024-01-05,2024-01-13,2024-01-13,2024,1,Q1,Jan,8,0,1,1506,1506,0,0.0,234.9,353759.4,1
PO-04022,S006,PrimeParts Inc.,Tier 1,Sea,Raw Materials,WH-East,2024-01-05,2024-01-23,2024-01-30,2024,1,Q1,Jan,18,7,0,210,210,0,0.0,369.02,77494.2,1
PO-04023,S006,PrimeParts Inc.,Tier 1,Sea,Raw Materials,WH-North,2024-01-06,2024-01-09,2024-01-09,2024,1,Q1,Jan,3,0,1,810,810,0,0.0,161.68,130960.8,1
PO-04024,S005,Metro Distributors,Tier 2,Road,Electronics,WH-Central,2024-01-06,2024-01-19,2024-01-19,2024,1,Q1,Jan,13,0,1,1053,1053,0,0.0,68.52,72151.56,1
PO-04025,S008,Northern Logistics,Tier 3,Rail,Electronics,WH-South,2024-01-06,2024-01-14,2024-01-14,2024,1,Q1,Jan,8,0,1,1589,1589,0,0.0,295.22,469104.58,1
PO-04026,S007,Swift Carriers,Tier 2,Road,Chemicals,WH-South,2024-01-06,2024-01-25,2024-01-27,2024,1,Q1,Jan,19,2,0,1317,1317,0,0.0,17.53,23087.01,1
PO-04027,S009,Eastside Components,Tier 2,Sea,Electronics,WH-North,2024-01-06,2024-01-12,2024-01-12,2024,1,Q1,Jan,6,0,1,1930,1930,0,0.0,209.74,404798.2,1
PO-04028,S004,Global Parts Ltd,Tier 1,Air,Electronics,WH-West,2024-01-06,2024-01-19,2024-02-01,2024,1,Q1,Jan,13,13,0,858,858,0,0.0,90.46,77614.68,1
PO-04029,S005,Metro Distributors,Tier 2,Road,Textiles,WH-South,2024-01-06,2024-01-25,2024-01-25,2024,1,Q1,Jan,19,0,1,1729,1729,0,0.0,15.34,26522.86,1
PO-04030,S007,Swift Carriers,Tier 2,Road,Chemicals,WH-Central,2024-01-06,2024-01-23,2024-01-27,2024,1,Q1,Jan,17,4,0,132,132,0,0.0,324.24,42799.68,1
PO-04031,S008,Northern Logistics,Tier 3,Rail,Chemicals,WH-Central,2024-01-07,2024-01-22,2024-01-22,2024,1,Q1,Jan,15,0,1,298,298,0,0.0,427.14,127287.72,1
PO-04032,S002,BlueStar Freight,Tier 1,Rail,Components,WH-East,2024-01-07,2024-01-25,2024-01-25,2024,1,Q1,Jan,18,0,1,628,628,0,0.0,101.84,63955.52,1
PO-04033,S002,BlueStar Freight,Tier 1,Rail,Chemicals,WH-West,2024-01-07,2024-01-11,2024-01-11,2024,1,Q1,Jan,4,0,1,975,975,0,0.0,25.62,24979.5,1
PO-04034,S010,Reliable Goods Co.,Tier 3,Road,Electronics,WH-North,2024-01-07,2024-01-10,2024-01-10,2024,1,Q1,Jan,3,0,1,650,650,0,0.0,77.6,50440.0,1
PO-04035,S006,PrimeParts Inc.,Tier 1,Sea,Components,WH-South,2024-01-07,2024-01-20,2024-01-28,2024,1,Q1,Jan,13,8,0,859,859,0,0.0,39.7,34102.3,1
PO-04036,S008,Northern Logistics,Tier 3,Rail,Packaging,WH-North,2024-01-08,2024-01-17,2024-01-18,2024,1,Q1,Jan,9,1,0,819,819,0,0.0,63.29,51834.51,1
PO-04037,S006,PrimeParts Inc.,Tier 1,Sea,Textiles,WH-East,2024-01-08,2024-01-15,2024-01-15,2024,1,Q1,Jan,7,0,1,303,303,0,0.0,479.38,145252.14,1
PO-04038,S010,Reliable Goods Co.,Tier 3,Road,Components,WH-Central,2024-01-08,2024-01-12,2024-01-18,2024,1,Q1,Jan,4,6,0,981,981,0,0.0,465.82,456969.42,1
PO-04039,S004,Global Parts Ltd,Tier 1,Air,Packaging,WH-East,2024-01-08,2024-01-17,2024-01-17,2024,1,Q1,Jan,9,0,1,1967,1967,0,0.0,79.01,155412.67,1
PO-04040,S003,Apex Supply Co.,Tier 2,Road,Finished Goods,WH-Central,2024-01-08,2024-01-14,2024-01-14,2024,1,Q1,Jan,6,0,1,1009,1009,0,0.0,10.78,10877.02,1
PO-04041,S005,Metro Distributors,Tier 2,Road,Raw Materials,WH-North,2024-01-08,2024-01-13,2024-01-13,2024,1,Q1,Jan,5,0,1,872,872,0,0.0,254.08,221557.76,1
PO-04042,S004,Global Parts Ltd,Tier 1,Air,Spare Parts,WH-South,2024-01-08,2024-01-11,2024-01-11,2024,1,Q1,Jan,3,0,1,1599,1599,0,0.0,278.62,445513.38,1
PO-04043,S008,Northern Logistics,Tier 3,Rail,Spare Parts,WH-West,2024-01-08,2024-01-28,2024-01-28,2024,1,Q1,Jan,20,0,1,1812,1812,0,0.0,170.65,309217.8,1
PO-04044,S008,Northern Logistics,Tier 3,Rail,Components,WH-South,2024-01-09,2024-01-24,2024-01-24,2024,1,Q1,Jan,15,0,1,1097,1097,0,0.0,406.24,445645.28,1
PO-04045,S007,Swift Carriers,Tier 2,Road,Electronics,WH-West,2024-01-09,2024-01-27,2024-01-27,2024,1,Q1,Jan,18,0,1,1945,1945,0,0.0,461.95,898492.75,1
PO-04046,S002,BlueStar Freight,Tier 1,Rail,Textiles,WH-East,2024-01-09,2024-01-18,2024-01-19,2024,1,Q1,Jan,9,1,0,1932,1932,0,0.0,483.01,933175.32,1
PO-04047,S007,Swift Carriers,Tier 2,Road,Finished Goods,WH-South,2024-01-09,2024-01-25,2024-01-27,2024,1,Q1,Jan,16,2,0,807,807,0,0.0,245.13,197819.91,1
PO-04048,S001,FastTrack Logistics,Tier 1,Road,Textiles,WH-East,2024-01-10,2024-01-27,2024-01-27,2024,1,Q1,Jan,17,0,1,67,67,0,0.0,126.12,8450.04,1
PO-04049,S003,Apex Supply Co.,Tier 2,Road,Spare Parts,WH-Central,2024-01-10,2024-01-31,2024-01-31,2024,1,Q1,Jan,21,0,1,1177,1177,0,0.0,343.65,404476.05,1
PO-04050,S008,Northern Logistics,Tier 3,Rail,Components,WH-East,2024-01-10,2024-01-16,2024-01-16,2024,1,Q1,Jan,6,0,1,238,238,0,0.0,278.29,66233.02,1
PO-04051,S008,Northern Logistics,Tier 3,Rail,Finished Goods,WH-South,2024-01-11,2024-02-01,2024-02-01,2024,1,Q1,Jan,21,0,1,404,404,0,0.0,21.83,8819.32,1
PO-04052,S002,BlueStar Freight,Tier 1,Rail,Raw Materials,WH-Central,2024-01-11,2024-01-19,2024-01-19,2024,1,Q1,Jan,8,0,1,1875,1875,0,0.0,115.93,217368.75,1
PO-04053,S009,Eastside Components,Tier 2,Sea,Packaging,WH-East,2024-01-11,2024-01-19,2024-01-19,2024,1,Q1,Jan,8,0,1,404,404,0,0.0,360.3,145561.2,1
PO-04054,S010,Reliable Goods Co.,Tier 3,Road,Raw Materials,WH-South,2024-01-12,2024-01-16,2024-01-26,2024,1,Q1,Jan,4,10,0,1117,1117,0,0.0,257.21,287303.57,1
PO-04055,S002,BlueStar Freight,Tier 1,Rail,Raw Materials,WH-East,2024-01-12,2024-01-24,2024-01-24,2024,1,Q1,Jan,12,0,1,528,528,0,0.0,114.29,60345.12,1
PO-04056,S001,FastTrack Logistics,Tier 1,Road,Textiles,WH-West,2024-01-12,2024-01-15,2024-01-15,2024,1,Q1,Jan,3,0,1,1339,1339,0,0.0,350.07,468743.73,1
PO-04057,S001,FastTrack Logistics,Tier 1,Road,Chemicals,WH-West,2024-01-12,2024-01-22,2024-01-22,2024,1,Q1,Jan,10,0,1,1706,1706,0,0.0,190.85,325590.1,1
PO-04058,S005,Metro Distributors,Tier 2,Road,Components,WH-Central,2024-01-12,2024-02-02,2024-02-02,2024,1,Q1,Jan,21,0,1,1465,1465,0,0.0,76.71,112380.15,1
PO-04059,S009,Eastside Components,Tier 2,Sea,Packaging,WH-North,2024-01-12,2024-01-24,2024-01-24,2024,1,Q1,Jan,12,0,1,1288,1288,0,0.0,331.0,426328.0,1
PO-04060,S002,BlueStar Freight,Tier 1,Rail,Electronics,WH-North,2024-01-12,2024-01-21,2024-01-21,2024,1,Q1,Jan,9,0,1,444,444,0,0.0,211.21,93777.24,1
PO-04061,S001,FastTrack Logistics,Tier 1,Road,Components,WH-South,2024-01-12,2024-01-19,2024-01-19,2024,1,Q1,Jan,7,0,1,709,709,0,0.0,384.11,272333.99,1
PO-04062,S001,FastTrack Logistics,Tier 1,Road,Components,WH-South,2024-01-13,2024-02-02,2024-02-02,2024,1,Q1,Jan,20,0,1,140,140,0,0.0,324.43,45420.2,1
PO-04063,S008,Northern Logistics,Tier 3,Rail,Textiles,WH-North,2024-01-13,2024-01-19,2024-01-19,2024,1,Q1,Jan,6,0,1,467,467,0,0.0,212.53,99251.51,1
PO-04064,S007,Swift Carriers,Tier 2,Road,Raw Materials,WH-North,2024-01-13,2024-01-27,2024-01-27,2024,1,Q1,Jan,14,0,1,1092,1092,0,0.0,253.95,277313.4,1
PO-04065,S009,Eastside Components,Tier 2,Sea,Finished Goods,WH-West,2024-01-13,2024-02-02,2024-02-02,2024,1,Q1,Jan,20,0,1,1430,1430,0,0.0,158.19,226211.7,1
PO-04066,S010,Reliable Goods Co.,Tier 3,Road,Packaging,WH-Central,2024-01-14,2024-01-24,2024-01-27,2024,1,Q1,Jan,10,3,0,1938,1938,0,0.0,140.37,272037.06,1
PO-04067,S002,BlueStar Freight,Tier 1,Rail,Chemicals,WH-Central,2024-01-14,2024-01-27,2024-01-27,2024,1,Q1,Jan,13,0,1,1524,1524,0,0.0,81.46,124145.04,1
PO-04068,S004,Global Parts Ltd,Tier 1,Air,Packaging,WH-North,2024-01-14,2024-01-23,2024-01-27,2024,1,Q1,Jan,9,4,0,1490,1490,0,0.0,168.64,251273.6,1
PO-04069,S002,BlueStar Freight,Tier 1,Rail,Components,WH-East,2024-01-14,2024-01-25,2024-01-25,2024,1,Q1,Jan,11,0,1,270,270,0,0.0,172.21,46496.7,1
PO-04070,S006,PrimeParts Inc.,Tier 1,Sea,Components,WH-West,2024-01-14,2024-01-27,2024-01-27,2024,1,Q1,Jan,13,0,1,328,328,0,0.0,369.23,121107.44,1
PO-04071,S003,Apex Supply Co.,Tier 2,Road,Textiles,WH-West,2024-01-15,2024-02-05,2024-02-12,2024,1,Q1,Jan,21,7,0,1386,1386,0,0.0,320.45,444143.7,1
PO-04072,S002,BlueStar Freight,Tier 1,Rail,Components,WH-Central,2024-01-15,2024-01-25,2024-01-25,2024,1,Q1,Jan,10,0,1,948,948,0,0.0,261.68,248072.64,1
PO-04073,S006,PrimeParts Inc.,Tier 1,Sea,Packaging,WH-South,2024-01-15,2024-01-29,2024-02-02,2024,1,Q1,Jan,14,4,0,369,369,0,0.0,320.46,118249.74,1
PO-04074,S003,Apex Supply Co.,Tier 2,Road,Textiles,WH-West,2024-01-16,2024-01-27,2024-01-27,2024,1,Q1,Jan,11,0,1,1678,1678,0,0.0,179.08,300496.24,1
PO-04075,S003,Apex Supply Co.,Tier 2,Road,Electronics,WH-West,2024-01-16,2024-01-28,2024-01-28,2024,1,Q1,Jan,12,0,1,1433,1433,0,0.0,22.43,32142.19,1
PO-04076,S010,Reliable Goods Co.,Tier 3,Road,Raw Materials,WH-East,2024-01-16,2024-01-30,2024-02-13,2024,1,Q1,Jan,14,14,0,1793,1793,0,0.0,155.18,278237.74,1
PO-04077,S004,Global Parts Ltd,Tier 1,Air,Raw Materials,WH-South,2024-01-16,2024-01-22,2024-01-22,2024,1,Q1,Jan,6,0,1,1844,1844,0,0.0,134.76,248497.44,1
PO-04078,S008,Northern Logistics,Tier 3,Rail,Textiles,WH-North,2024-01-17,2024-02-06,2024-02-11,2024,1,Q1,Jan,20,5,0,510,510,0,0.0,65.2,33252.0,1
PO-04079,S002,BlueStar Freight,Tier 1,Rail,Electronics,WH-Central,2024-01-17,2024-01-22,2024-01-22,2024,1,Q1,Jan,5,0,1,1133,1133,0,0.0,450.74,510688.42,1
PO-04080,S008,Northern Logistics,Tier 3,Rail,Components,WH-West,2024-01-17,2024-02-01,2024-02-04,2024,1,Q1,Jan,15,3,0,162,152,10,6.17,114.42,18536.04,0
PO-04081,S007,Swift Carriers,Tier 2,Road,Electronics,WH-Central,2024-01-17,2024-02-02,2024-02-02,2024,1,Q1,Jan,16,0,1,1820,1820,0,0.0,423.93,771552.6,1
PO-04082,S010,Reliable Goods Co.,Tier 3,Road,Electronics,WH-East,2024-01-18,2024-01-29,2024-02-07,2024,1,Q1,Jan,11,9,0,233,233,0,0.0,74.8,17428.4,1
PO-04083,S010,Reliable Goods Co.,Tier 3,Road,Packaging,WH-South,2024-01-18,2024-01-23,2024-02-06,2024,1,Q1,Jan,5,14,0,1109,1109,0,0.0,433.62,480884.58,1
PO-04084,S002,BlueStar Freight,Tier 1,Rail,Raw Materials,WH-North,2024-01-18,2024-01-30,2024-01-30,2024,1,Q1,Jan,12,0,1,1842,1842,0,0.0,13.54,24940.68,1
PO-04085,S006,PrimeParts Inc.,Tier 1,Sea,Finished Goods,WH-West,2024-01-18,2024-01-24,2024-01-24,2024,1,Q1,Jan,6,0,1,1460,1460,0,0.0,345.06,503787.6,1
PO-04086,S009,Eastside Components,Tier 2,Sea,Spare Parts,WH-South,2024-01-18,2024-02-03,2024-02-03,2024,1,Q1,Jan,16,0,1,138,138,0,0.0,189.85,26199.3,1
PO-04087,S002,BlueStar Freight,Tier 1,Rail,Raw Materials,WH-West,2024-01-18,2024-01-23,2024-01-23,2024,1,Q1,Jan,5,0,1,99,99,0,0.0,390.89,38698.11,1
PO-04088,S006,PrimeParts Inc.,Tier 1,Sea,Spare Parts,WH-Central,2024-01-18,2024-02-04,2024-02-04,2024,1,Q1,Jan,17,0,1,1822,1822,0,0.0,385.77,702872.94,1
PO-04089,S002,BlueStar Freight,Tier 1,Rail,Raw Materials,WH-Central,2024-01-18,2024-01-30,2024-01-30,2024,1,Q1,Jan,12,0,1,230,230,0,0.0,76.53,17601.9,1
PO-04090,S009,Eastside Components,Tier 2,Sea,Raw Materials,WH-South,2024-01-19,2024-02-03,2024-02-03,2024,1,Q1,Jan,15,0,1,843,843,0,0.0,403.23,339922.89,1
PO-04091,S004,Global Parts Ltd,Tier 1,Air,Raw Materials,WH-North,2024-01-19,2024-02-02,2024-02-02,2024,1,Q1,Jan,14,0,1,542,542,0,0.0,20.2,10948.4,1
PO-04092,S008,Northern Logistics,Tier 3,Rail,Textiles,WH-West,2024-01-19,2024-02-09,2024-02-12,2024,1,Q1,Jan,21,3,0,1203,1203,0,0.0,137.18,165027.54,1
PO-04093,S007,Swift Carriers,Tier 2,Road,Electronics,WH-East,2024-01-19,2024-02-02,2024-02-09,2024,1,Q1,Jan,14,7,0,919,919,0,0.0,419.78,385777.82,1
PO-04094,S007,Swift Carriers,Tier 2,Road,Packaging,WH-Central,2024-01-19,2024-01-31,2024-02-01,2024,1,Q1,Jan,12,1,0,138,138,0,0.0,162.06,22364.28,1
PO-04095,S003,Apex Supply Co.,Tier 2,Road,Components,WH-North,2024-01-19,2024-01-29,2024-02-02,2024,1,Q1,Jan,10,4,0,1932,1932,0,0.0,464.86,898109.52,1
PO-04096,S001,FastTrack Logistics,Tier 1,Road,Packaging,WH-North,2024-01-19,2024-01-25,2024-01-25,2024,1,Q1,Jan,6,0,1,217,217,0,0.0,297.95,64655.15,1
PO-04097,S001,FastTrack Logistics,Tier 1,Road,Textiles,WH-North,2024-01-20,2024-02-08,2024-02-08,2024,1,Q1,Jan,19,0,1,1775,1775,0,0.0,200.39,355692.25,1
PO-04098,S006,PrimeParts Inc.,Tier 1,Sea,Components,WH-North,2024-01-20,2024-01-24,2024-01-24,2024,1,Q1,Jan,4,0,1,1997,1997,0,0.0,321.71,642454.87,1
PO-04099,S004,Global Parts Ltd,Tier 1,Air,Spare Parts,WH-North,2024-01-20,2024-01-29,2024-01-29,2024,1,Q1,Jan,9,0,1,1984,1984,0,0.0,389.78,773323.52,1
PO-04100,S002,BlueStar Freight,Tier 1,Rail,Chemicals,WH-North,2024-01-20,2024-01-28,2024-01-28,2024,1,Q1,Jan,8,0,1,1096,1096,0,0.0,178.23,195340.08,1
PO-04101,S008,Northern Logistics,Tier 3,Rail,Packaging,WH-Central,2024-01-20,2024-01-30,2024-01-30,2024,1,Q1,Jan,10,0,1,1874,1874,0,0.0,316.24,592633.76,1
PO-04102,S003,Apex Supply Co.,Tier 2,Road,Packaging,WH-West,2024-01-21,2024-02-06,2024-02-06,2024,1,Q1,Jan,16,0,1,1788,1788,0,0.0,275.35,492325.8,1
PO-04103,S010,Reliable Goods Co.,Tier 3,Road,Raw Materials,WH-Central,2024-01-21,2024-01-30,2024-02-05,2024,1,Q1,Jan,9,6,0,829,829,0,0.0,43.79,36301.91,1
PO-04104,S006,PrimeParts Inc.,Tier 1,Sea,Components,WH-North,2024-01-21,2024-02-09,2024-02-09,2024,1,Q1,Jan,19,0,1,306,306,0,0.0,465.74,142516.44,1
PO-04105,S003,Apex Supply Co.,Tier 2,Road,Finished Goods,WH-North,2024-01-21,2024-01-27,2024-01-27,2024,1,Q1,Jan,6,0,1,1290,1290,0,0.0,370.12,477454.8,1
PO-04106,S007,Swift Carriers,Tier 2,Road,Chemicals,WH-East,2024-01-21,2024-02-06,2024-02-06,2024,1,Q1,Jan,16,0,1,1481,1481,0,0.0,238.25,352848.25,1
PO-04107,S005,Metro Distributors,Tier 2,Road,Components,WH-West,2024-01-21,2024-01-26,2024-01-26,2024,1,Q1,Jan,5,0,1,207,207,0,0.0,470.91,97478.37,1
PO-04108,S005,Metro Distributors,Tier 2,Road,Chemicals,WH-North,2024-01-21,2024-02-07,2024-02-10,2024,1,Q1,Jan,17,3,0,453,453,0,0.0,347.08,157227.24,1
PO-04109,S001,FastTrack Logistics,Tier 1,Road,Chemicals,WH-North,2024-01-21,2024-02-08,2024-02-08,2024,1,Q1,Jan,18,0,1,1017,1017,0,0.0,350.41,356366.97,1
PO-04110,S008,Northern Logistics,Tier 3,Rail,Finished Goods,WH-North,2024-01-22,2024-02-09,2024-02-09,2024,1,Q1,Jan,18,0,1,156,156,0,0.0,110.96,17309.76,1
PO-04111,S007,Swift Carriers,Tier 2,Road,Chemicals,WH-West,2024-01-22,2024-02-07,2024-02-07,2024,1,Q1,Jan,16,0,1,596,596,0,0.0,344.2,205143.2,1
PO-04112,S003,Apex Supply Co.,Tier 2,Road,Chemicals,WH-Central,2024-01-22,2024-02-04,2024-02-04,2024,1,Q1,Jan,13,0,1,1166,1166,0,0.0,352.99,411586.34,1
PO-04113,S001,FastTrack Logistics,Tier 1,Road,Finished Goods,WH-North,2024-01-22,2024-01-31,2024-01-31,2024,1,Q1,Jan,9,0,1,1347,1347,0,0.0,388.19,522891.93,1
PO-04114,S004,Global Parts Ltd,Tier 1,Air,Textiles,WH-North,2024-01-22,2024-02-05,2024-02-05,2024,1,Q1,Jan,14,0,1,1580,1580,0,0.0,343.55,542809.0,1
PO-04115,S006,PrimeParts Inc.,Tier 1,Sea,Textiles,WH-West,2024-01-22,2024-02-01,2024-02-15,2024,1,Q1,Jan,10,14,0,860,845,15,1.74,241.81,207956.6,0
PO-04116,S006,PrimeParts Inc.,Tier 1,Sea,Components,WH-North,2024-01-23,2024-02-11,2024-02-11,2024,1,Q1,Jan,19,0,1,1373,1373,0,0.0,438.32,601813.36,1
PO-04117,S008,Northern Logistics,Tier 3,Rail,Electronics,WH-Central,2024-01-23,2024-01-27,2024-02-03,2024,1,Q1,Jan,4,7,0,1625,1625,0,0.0,254.36,413335.0,1
PO-04118,S004,Global Parts Ltd,Tier 1,Air,Electronics,WH-North,2024-01-23,2024-01-28,2024-01-28,2024,1,Q1,Jan,5,0,1,475,475,0,0.0,10.17,4830.75,1
PO-04119,S004,Global Parts Ltd,Tier 1,Air,Chemicals,WH-North,2024-01-23,2024-02-03,2024-02-03,2024,1,Q1,Jan,11,0,1,1839,1839,0,0.0,51.4,94524.6,1
PO-04120,S010,Reliable Goods Co.,Tier 3,Road,Raw Materials,WH-West,2024-01-24,2024-02-14,2024-02-14,2024,1,Q1,Jan,21,0,1,1444,1444,0,0.0,273.45,394861.8,1
PO-04121,S004,Global Parts Ltd,Tier 1,Air,Chemicals,WH-South,2024-01-24,2024-02-02,2024-02-02,2024,1,Q1,Jan,9,0,1,966,966,0,0.0,464.34,448552.44,1
PO-04122,S003,Apex Supply Co.,Tier 2,Road,Components,WH-South,2024-01-24,2024-02-06,2024-02-13,2024,1,Q1,Jan,13,7,0,492,492,0,0.0,294.82,145051.44,1
PO-04123,S005,Metro Distributors,Tier 2,Road,Packaging,WH-East,2024-01-24,2024-02-06,2024-02-06,2024,1,Q1,Jan,13,0,1,743,743,0,0.0,141.65,105245.95,1
PO-04124,S005,Metro Distributors,Tier 2,Road,Components,WH-West,2024-01-24,2024-02-07,2024-02-07,2024,1,Q1,Jan,14,0,1,583,583,0,0.0,463.91,270459.53,1
PO-04125,S001,FastTrack Logistics,Tier 1,Road,Components,WH-Central,2024-01-24,2024-02-05,2024-02-05,2024,1,Q1,Jan,12,0,1,1331,1331,0,0.0,238.22,317070.82,1
PO-04126,S010,Reliable Goods Co.,Tier 3,Road,Textiles,WH-Central,2024-01-24,2024-02-07,2024-02-07,2024,1,Q1,Jan,14,0,1,1330,1330,0,0.0,430.76,572910.8,1
PO-04127,S007,Swift Carriers,Tier 2,Road,Finished Goods,WH-North,2024-01-24,2024-02-11,2024-02-11,2024,1,Q1,Jan,18,0,1,189,189,0,0.0,305.2,57682.8,1
PO-04128,S004,Global Parts Ltd,Tier 1,Air,Components,WH-South,2024-01-25,2024-02-02,2024-02-02,2024,1,Q1,Jan,8,0,1,1124,1124,0,0.0,158.74,178423.76,1
PO-04129,S004,Global Parts Ltd,Tier 1,Air,Spare Parts,WH-West,2024-01-25,2024-02-13,2024-02-13,2024,1,Q1,Jan,19,0,1,236,236,0,0.0,277.59,65511.24,1
PO-04130,S006,PrimeParts Inc.,Tier 1,Sea,Electronics,WH-West,2024-01-25,2024-02-08,2024-02-08,2024,1,Q1,Jan,14,0,1,876,876,0,0.0,220.32,193000.32,1
PO-04131,S010,Reliable Goods Co.,Tier 3,Road,Finished Goods,WH-North,2024-01-25,2024-02-05,2024-02-05,2024,1,Q1,Jan,11,0,1,1302,1302,0,0.0,319.08,415442.16,1
PO-04132,S006,PrimeParts Inc.,Tier 1,Sea,Chemicals,WH-West,2024-01-25,2024-02-02,2024-02-02,2024,1,Q1,Jan,8,0,1,1508,1508,0,0.0,497.11,749641.88,1
PO-04133,S007,Swift Carriers,Tier 2,Road,Finished Goods,WH-East,2024-01-25,2024-02-03,2024-02-09,2024,1,Q1,Jan,9,6,0,1768,1526,242,13.69,263.74,466292.32,0
PO-04134,S005,Metro Distributors,Tier 2,Road,Raw Materials,WH-Central,2024-01-26,2024-02-11,2024-02-11,2024,1,Q1,Jan,16,0,1,1281,1281,0,0.0,264.79,339195.99,1
PO-04135,S002,BlueStar Freight,Tier 1,Rail,Finished Goods,WH-North,2024-01-26,2024-02-16,2024-02-16,2024,1,Q1,Jan,21,0,1,1233,1233,0,0.0,139.56,172077.48,1
PO-04136,S005,Metro Distributors,Tier 2,Road,Components,WH-North,2024-01-26,2024-01-31,2024-02-04,2024,1,Q1,Jan,5,4,0,943,943,0,0.0,194.89,183781.27,1
PO-04137,S007,Swift Carriers,Tier 2,Road,Packaging,WH-Central,2024-01-26,2024-01-30,2024-02-01,2024,1,Q1,Jan,4,2,0,1159,1159,0,0.0,216.23,250610.57,1
PO-04138,S005,Metro Distributors,Tier 2,Road,Textiles,WH-East,2024-01-26,2024-02-03,2024-02-16,2024,1,Q1,Jan,8,13,0,756,756,0,0.0,373.25,282177.0,1
PO-04139,S009,Eastside Components,Tier 2,Sea,Raw Materials,WH-East,2024-01-26,2024-01-31,2024-01-31,2024,1,Q1,Jan,5,0,1,1875,1875,0,0.0,80.59,151106.25,1
PO-04140,S003,Apex Supply Co.,Tier 2,Road,Electronics,WH-Central,2024-01-26,2024-01-29,2024-01-29,2024,1,Q1,Jan,3,0,1,1613,1613,0,0.0,103.94,167655.22,1
PO-04141,S006,PrimeParts Inc.,Tier 1,Sea,Raw Materials,WH-Central,2024-01-26,2024-02-12,2024-02-15,2024,1,Q1,Jan,17,3,0,559,559,0,0.0,214.62,119972.58,1
PO-04142,S006,PrimeParts Inc.,Tier 1,Sea,Electronics,WH-East,2024-01-27,2024-02-14,2024-02-23,2024,1,Q1,Jan,18,9,0,990,990,0,0.0,104.48,103435.2,1
PO-04143,S007,Swift Carriers,Tier 2,Road,Packaging,WH-North,2024-01-27,2024-02-05,2024-02-05,2024,1,Q1,Jan,9,0,1,1801,1801,0,0.0,466.27,839752.27,1
PO-04144,S010,Reliable Goods Co.,Tier 3,Road,Raw Materials,WH-South,2024-01-27,2024-02-02,2024-02-11,2024,1,Q1,Jan,6,9,0,1219,1219,0,0.0,402.04,490086.76,1
PO-04145,S006,PrimeParts Inc.,Tier 1,Sea,Spare Parts,WH-Central,2024-01-27,2024-02-11,2024-02-11,2024,1,Q1,Jan,15,0,1,1299,1299,0,0.0,50.26,65287.74,1
PO-04146,S003,Apex Supply Co.,Tier 2,Road,Chemicals,WH-Central,2024-01-27,2024-02-12,2024-02-12,2024,1,Q1,Jan,16,0,1,1748,1748,0,0.0,266.65,466104.2,1
PO-04147,S010,Reliable Goods Co.,Tier 3,Road,Chemicals,WH-East,2024-01-27,2024-02-16,2024-02-28,2024,1,Q1,Jan,20,12,0,1229,1185,44,3.58,428.68,526847.72,0
PO-04148,S003,Apex Supply Co.,Tier 2,Road,Textiles,WH-West,2024-01-27,2024-02-08,2024-02-08,2024,1,Q1,Jan,12,0,1,1998,1998,0,0.0,339.03,677381.94,1
PO-04149,S004,Global Parts Ltd,Tier 1,Air,Finished Goods,WH-Central,2024-01-28,2024-02-18,2024-02-18,2024,1,Q1,Jan,21,0,1,994,994,0,0.0,253.59,252068.46,1
PO-04150,S003,Apex Supply Co.,Tier 2,Road,Textiles,WH-North,2024-01-28,2024-02-11,2024-02-16,2024,1,Q1,Jan,14,5,0,1242,1242,0,0.0,180.17,223771.14,1
PO-04151,S004,Global Parts Ltd,Tier 1,Air,Electronics,WH-South,2024-01-28,2024-02-11,2024-02-11,2024,1,Q1,Jan,14,0,1,102,102,0,0.0,443.99,45286.98,1
PO-04152,S009,Eastside Components,Tier 2,Sea,Finished Goods,WH-East,2024-01-28,2024-02-11,2024-02-11,2024,1,Q1,Jan,14,0,1,807,807,0,0.0,27.95,22555.65,1
PO-04153,S010,Reliable Goods Co.,Tier 3,Road,Chemicals,WH-East,2024-01-29,2024-02-09,2024-02-09,2024,1,Q1,Jan,11,0,1,797,797,0,0.0,455.45,362993.65,1
PO-04154,S001,FastTrack Logistics,Tier 1,Road,Spare Parts,WH-East,2024-01-29,2024-02-14,2024-02-14,2024,1,Q1,Jan,16,0,1,1603,1603,0,0.0,103.45,165830.35,1
PO-04155,S007,Swift Carriers,Tier 2,Road,Spare Parts,WH-South,2024-01-29,2024-02-08,2024-02-08,2024,1,Q1,Jan,10,0,1,1904,1904,0,0.0,413.37,787056.48,1
PO-04156,S005,Metro Distributors,Tier 2,Road,Components,WH-East,2024-01-30,2024-02-17,2024-02-17,2024,1,Q1,Jan,18,0,1,1310,1310,0,0.0,389.11,509734.1,1
PO-04157,S007,Swift Carriers,Tier 2,Road,Textiles,WH-South,2024-01-30,2024-02-04,2024-02-15,2024,1,Q1,Jan,5,11,0,712,712,0,0.0,274.59,195508.08,1
PO-04158,S008,Northern Logistics,Tier 3,Rail,Components,WH-Central,2024-01-30,2024-02-07,2024-02-17,2024,1,Q1,Jan,8,10,0,975,975,0,0.0,373.82,364474.5,1
PO-04159,S009,Eastside Components,Tier 2,Sea,Packaging,WH-West,2024-01-30,2024-02-07,2024-02-19,2024,1,Q1,Jan,8,12,0,299,299,0,0.0,68.02,20337.98,1
PO-04160,S001,FastTrack Logistics,Tier 1,Road,Electronics,WH-South,2024-01-30,2024-02-13,2024-02-13,2024,1,Q1,Jan,14,0,1,1214,1214,0,0.0,489.43,594168.02,1
PO-04161,S006,PrimeParts Inc.,Tier 1,Sea,Textiles,WH-North,2024-01-30,2024-02-02,2024-02-08,2024,1,Q1,Jan,3,6,0,128,128,0,0.0,245.34,31403.52,1
PO-04162,S010,Reliable Goods Co.,Tier 3,Road,Raw Materials,WH-West,2024-01-30,2024-02-05,2024-02-18,2024,1,Q1,Jan,6,13,0,1342,1342,0,0.0,114.46,153605.32,1
PO-04163,S010,Reliable Goods Co.,Tier 3,Road,Finished Goods,WH-North,2024-01-31,2024-02-07,2024-02-07,2024,1,Q1,Jan,7,0,1,1135,1135,0,0.0,447.07,507424.45,1
PO-04164,S008,Northern Logistics,Tier 3,Rail,Packaging,WH-North,2024-01-31,2024-02-14,2024-02-14,2024,1,Q1,Jan,14,0,1,1535,1535,0,0.0,437.52,671593.2,1
PO-04165,S009,Eastside Components,Tier 2,Sea,Spare Parts,WH-South,2024-01-31,2024-02-03,2024-02-03,2024,1,Q1,Jan,3,0,1,1406,1406,0,0.0,65.88,92627.28,1
PO-04166,S003,Apex Supply Co.,Tier 2,Road,Finished Goods,WH-South,2024-01-31,2024-02-07,2024-02-18,2024,1,Q1,Jan,7,11,0,336,336,0,0.0,172.42,57933.12,1
PO-04167,S007,Swift Carriers,Tier 2,Road,Spare Parts,WH-North,2024-01-31,2024-02-17,2024-02-25,2024,1,Q1,Jan,17,8,0,58,50,8,13.79,186.93,10841.94,0
PO-04168,S007,Swift Carriers,Tier 2,Road,Components,WH-North,2024-01-31,2024-02-14,2024-02-14,2024,1,Q1,Jan,14,0,1,1858,1858,0,0.0,315.81,586774.98,1
PO-04169,S001,FastTrack Logistics,Tier 1,Road,Spare Parts,WH-West,2024-01-31,2024-02-19,2024-02-19,2024,1,Q1,Jan,19,0,1,1636,1636,0,0.0,379.27,620485.72,1
PO-04170,S001,FastTrack Logistics,Tier 1,Road,Spare Parts,WH-South,2024-01-31,2024-02-07,2024-02-07,2024,1,Q1,Jan,7,0,1,1366,1366,0,0.0,51.85,70827.1,1
PO-04171,S006,PrimeParts Inc.,Tier 1,Sea,Textiles,WH-North,2024-02-01,2024-02-10,2024-02-22,2024,2,Q1,Feb,9,12,0,186,186,0,0.0,329.53,61292.58,1
PO-04172,S007,Swift Carriers,Tier 2,Road,Raw Materials,WH-North,2024-02-01,2024-02-16,2024-02-16,2024,2,Q1,Feb,15,0,1,371,371,0,0.0,431.95,160253.45,1
PO-04173,S002,BlueStar Freight,Tier 1,Rail,Textiles,WH-East,2024-02-01,2024-02-17,2024-02-17,2024,2,Q1,Feb,16,0,1,1297,1297,0,0.0,265.64,344535.08,1
PO-04174,S009,Eastside Components,Tier 2,Sea,Components,WH-East,2024-02-01,2024-02-06,2024-02-06,2024,2,Q1,Feb,5,0,1,1278,1278,0,0.0,90.37,115492.86,1
PO-04175,S001,FastTrack Logistics,Tier 1,Road,Components,WH-West,2024-02-01,2024-02-19,2024-02-19,2024,2,Q1,Feb,18,0,1,1288,1288,0,0.0,248.21,319694.48,1
PO-04176,S004,Global Parts Ltd,Tier 1,Air,Textiles,WH-West,2024-02-01,2024-02-04,2024-02-04,2024,2,Q1,Feb,3,0,1,1084,1084,0,0.0,430.16,466293.44,1
PO-04177,S001,FastTrack Logistics,Tier 1,Road,Finished Goods,WH-North,2024-02-02,2024-02-21,2024-02-21,2024,2,Q1,Feb,19,0,1,400,400,0,0.0,76.24,30496.0,1
PO-04178,S008,Northern Logistics,Tier 3,Rail,Chemicals,WH-East,2024-02-02,2024-02-05,2024-02-15,2024,2,Q1,Feb,3,10,0,1908,1908,0,0.0,149.43,285112.44,1
PO-04179,S009,Eastside Components,Tier 2,Sea,Electronics,WH-South,2024-02-02,2024-02-09,2024-02-09,2024,2,Q1,Feb,7,0,1,1852,1852,0,0.0,316.43,586028.36,1
PO-04180,S009,Eastside Components,Tier 2,Sea,Raw Materials,WH-South,2024-02-02,2024-02-20,2024-02-20,2024,2,Q1,Feb,18,0,1,1633,1474,159,9.74,273.24,446200.92,0
PO-04181,S009,Eastside Components,Tier 2,Sea,Chemicals,WH-East,2024-02-02,2024-02-10,2024-02-10,2024,2,Q1,Feb,8,0,1,1792,1792,0,0.0,427.48,766044.16,1
PO-04182,S002,BlueStar Freight,Tier 1,Rail,Spare Parts,WH-South,2024-02-02,2024-02-16,2024-02-16,2024,2,Q1,Feb,14,0,1,602,602,0,0.0,52.48,31592.96,1
PO-04183,S007,Swift Carriers,Tier 2,Road,Textiles,WH-East,2024-02-02,2024-02-12,2024-02-12,2024,2,Q1,Feb,10,0,1,131,131,0,0.0,326.27,42741.37,1
PO-04184,S001,FastTrack Logistics,Tier 1,Road,Packaging,WH-Central,2024-02-02,2024-02-10,2024-02-10,2024,2,Q1,Feb,8,0,1,1232,1232,0,0.0,415.38,511748.16,1
PO-04185,S002,BlueStar Freight,Tier 1,Rail,Raw Materials,WH-Central,2024-02-03,2024-02-18,2024-02-21,2024,2,Q1,Feb,15,3,0,318,318,0,0.0,149.49,47537.82,1
PO-04186,S001,FastTrack Logistics,Tier 1,Road,Raw Materials,WH-East,2024-02-03,2024-02-23,2024-02-23,2024,2,Q1,Feb,20,0,1,640,640,0,0.0,427.61,273670.4,1
PO-04187,S010,Reliable Goods Co.,Tier 3,Road,Raw Materials,WH-South,2024-02-03,2024-02-07,2024-02-16,2024,2,Q1,Feb,4,9,0,1281,1281,0,0.0,250.53,320928.93,1
PO-04188,S002,BlueStar Freight,Tier 1,Rail,Packaging,WH-South,2024-02-03,2024-02-22,2024-03-06,2024,2,Q1,Feb,19,13,0,618,618,0,0.0,476.47,294458.46,1
PO-04189,S008,Northern Logistics,Tier 3,Rail,Packaging,WH-Central,2024-02-03,2024-02-06,2024-02-11,2024,2,Q1,Feb,3,5,0,631,574,57,9.03,167.37,105610.47,0
PO-04190,S009,Eastside Components,Tier 2,Sea,Raw Materials,WH-South,2024-02-03,2024-02-20,2024-02-20,2024,2,Q1,Feb,17,0,1,1801,1801,0,0.0,474.18,853998.18,1
PO-04191,S001,FastTrack Logistics,Tier 1,Road,Components,WH-Central,2024-02-03,2024-02-24,2024-02-24,2024,2,Q1,Feb,21,0,1,1892,1892,0,0.0,222.56,421083.52,1
PO-04192,S009,Eastside Components,Tier 2,Sea,Electronics,WH-South,2024-02-04,2024-02-15,2024-02-15,2024,2,Q1,Feb,11,0,1,344,344,0,0.0,101.18,34805.92,1
PO-04193,S003,Apex Supply Co.,Tier 2,Road,Raw Materials,WH-South,2024-02-04,2024-02-23,2024-02-24,2024,2,Q1,Feb,19,1,0,833,833,0,0.0,278.65,232115.45,1
PO-04194,S006,PrimeParts Inc.,Tier 1,Sea,Spare Parts,WH-North,2024-02-04,2024-02-15,2024-02-15,2024,2,Q1,Feb,11,0,1,1499,1499,0,0.0,31.04,46528.96,1
PO-04195,S003,Apex Supply Co.,Tier 2,Road,Electronics,WH-East,2024-02-04,2024-02-11,2024-02-11,2024,2,Q1,Feb,7,0,1,286,286,0,0.0,225.85,64593.1,1
PO-04196,S001,FastTrack Logistics,Tier 1,Road,Raw Materials,WH-East,2024-02-04,2024-02-21,2024-02-21,2024,2,Q1,Feb,17,0,1,55,55,0,0.0,499.06,27448.3,1
PO-04197,S005,Metro Distributors,Tier 2,Road,Chemicals,WH-West,2024-02-04,2024-02-09,2024-02-09,2024,2,Q1,Feb,5,0,1,1242,1104,138,11.11,498.59,619248.78,0
PO-04198,S007,Swift Carriers,Tier 2,Road,Spare Parts,WH-South,2024-02-05,2024-02-20,2024-02-20,2024,2,Q1,Feb,15,0,1,619,619,0,0.0,173.52,107408.88,1
PO-04199,S005,Metro Distributors,Tier 2,Road,Packaging,WH-Central,2024-02-05,2024-02-17,2024-02-17,2024,2,Q1,Feb,12,0,1,842,842,0,0.0,39.02,32854.84,1
PO-04200,S005,Metro Distributors,Tier 2,Road,Raw Materials,WH-West,2024-02-05,2024-02-08,2024-02-08,2024,2,Q1,Feb,3,0,1,814,814,0,0.0,36.34,29580.76,1
PO-04201,S002,BlueStar Freight,Tier 1,Rail,Electronics,WH-West,2024-02-05,2024-02-11,2024-02-11,2024,2,Q1,Feb,6,0,1,1988,1988,0,0.0,336.61,669180.68,1
PO-04202,S005,Metro Distributors,Tier 2,Road,Electronics,WH-South,2024-02-05,2024-02-20,2024-03-01,2024,2,Q1,Feb,15,10,0,1613,1613,0,0.0,181.6,292920.8,1
PO-04203,S008,Northern Logistics,Tier 3,Rail,Raw Materials,WH-West,2024-02-05,2024-02-25,2024-02-25,2024,2,Q1,Feb,20,0,1,1243,1164,79,6.36,261.9,325541.7,0
PO-04204,S006,PrimeParts Inc.,Tier 1,Sea,Packaging,WH-East,2024-02-06,2024-02-24,2024-02-24,2024,2,Q1,Feb,18,0,1,1213,1213,0,0.0,293.02,355433.26,1
PO-04205,S007,Swift Carriers,Tier 2,Road,Chemicals,WH-West,2024-02-06,2024-02-14,2024-02-21,2024,2,Q1,Feb,8,7,0,1996,1996,0,0.0,155.09,309559.64,1
PO-04206,S002,BlueStar Freight,Tier 1,Rail,Raw Materials,WH-East,2024-02-06,2024-02-22,2024-02-22,2024,2,Q1,Feb,16,0,1,1635,1635,0,0.0,377.15,616640.25,1
PO-04207,S004,Global Parts Ltd,Tier 1,Air,Textiles,WH-West,2024-02-06,2024-02-20,2024-02-20,2024,2,Q1,Feb,14,0,1,1339,1339,0,0.0,490.16,656324.24,1
PO-04208,S003,Apex Supply Co.,Tier 2,Road,Packaging,WH-Central,2024-02-06,2024-02-24,2024-02-24,2024,2,Q1,Feb,18,0,1,371,371,0,0.0,499.61,185355.31,1
PO-04209,S005,Metro Distributors,Tier 2,Road,Raw Materials,WH-South,2024-02-06,2024-02-20,2024-03-03,2024,2,Q1,Feb,14,12,0,1404,1404,0,0.0,43.79,61481.16,1
PO-04210,S008,Northern Logistics,Tier 3,Rail,Electronics,WH-South,2024-02-07,2024-02-20,2024-02-20,2024,2,Q1,Feb,13,0,1,1896,1825,71,3.74,499.43,946919.28,0
PO-04211,S001,FastTrack Logistics,Tier 1,Road,Raw Materials,WH-South,2024-02-07,2024-02-25,2024-02-25,2024,2,Q1,Feb,18,0,1,723,723,0,0.0,410.11,296509.53,1
PO-04212,S002,BlueStar Freight,Tier 1,Rail,Spare Parts,WH-West,2024-02-07,2024-02-17,2024-02-17,2024,2,Q1,Feb,10,0,1,1884,1884,0,0.0,197.78,372617.52,1
PO-04213,S009,Eastside Components,Tier 2,Sea,Textiles,WH-East,2024-02-07,2024-02-10,2024-02-10,2024,2,Q1,Feb,3,0,1,700,700,0,0.0,45.19,31633.0,1
PO-04214,S008,Northern Logistics,Tier 3,Rail,Textiles,WH-East,2024-02-07,2024-02-26,2024-02-26,2024,2,Q1,Feb,19,0,1,1282,1230,52,4.06,237.85,304923.7,0
PO-04215,S008,Northern Logistics,Tier 3,Rail,Packaging,WH-North,2024-02-07,2024-02-18,2024-02-18,2024,2,Q1,Feb,11,0,1,1277,1277,0,0.0,16.18,20661.86,1
PO-04216,S007,Swift Carriers,Tier 2,Road,Chemicals,WH-South,2024-02-07,2024-02-11,2024-02-11,2024,2,Q1,Feb,4,0,1,1171,1171,0,0.0,296.36,347037.56,1
PO-04217,S003,Apex Supply Co.,Tier 2,Road,Chemicals,WH-West,2024-02-07,2024-02-13,2024-02-13,2024,2,Q1,Feb,6,0,1,1830,1830,0,0.0,266.01,486798.3,1
PO-04218,S003,Apex Supply Co.,Tier 2,Road,Textiles,WH-West,2024-02-08,2024-02-23,2024-02-23,2024,2,Q1,Feb,15,0,1,1648,1648,0,0.0,350.89,578266.72,1
PO-04219,S009,Eastside Components,Tier 2,Sea,Components,WH-South,2024-02-08,2024-02-13,2024-02-13,2024,2,Q1,Feb,5,0,1,1051,1051,0,0.0,419.32,440705.32,1
PO-04220,S006,PrimeParts Inc.,Tier 1,Sea,Raw Materials,WH-East,2024-02-08,2024-02-13,2024-02-13,2024,2,Q1,Feb,5,0,1,1238,1238,0,0.0,381.34,472098.92,1
PO-04221,S001,FastTrack Logistics,Tier 1,Road,Textiles,WH-South,2024-02-08,2024-02-16,2024-02-25,2024,2,Q1,Feb,8,9,0,1726,1726,0,0.0,224.25,387055.5,1
PO-04222,S006,PrimeParts Inc.,Tier 1,Sea,Spare Parts,WH-Central,2024-02-08,2024-02-22,2024-02-22,2024,2,Q1,Feb,14,0,1,1534,1534,0,0.0,176.8,271211.2,1
PO-04223,S008,Northern Logistics,Tier 3,Rail,Electronics,WH-South,2024-02-08,2024-02-27,2024-03-03,2024,2,Q1,Feb,19,5,0,1600,1600,0,0.0,495.93,793488.0,1
PO-04224,S006,PrimeParts Inc.,Tier 1,Sea,Textiles,WH-North,2024-02-08,2024-02-27,2024-02-27,2024,2,Q1,Feb,19,0,1,966,888,78,8.07,97.42,94107.72,0
PO-04225,S008,Northern Logistics,Tier 3,Rail,Packaging,WH-South,2024-02-09,2024-02-17,2024-02-17,2024,2,Q1,Feb,8,0,1,1266,1266,0,0.0,490.99,621593.34,1
PO-04226,S002,BlueStar Freight,Tier 1,Rail,Electronics,WH-West,2024-02-09,2024-02-23,2024-02-23,2024,2,Q1,Feb,14,0,1,1981,1981,0,0.0,261.76,518546.56,1
PO-04227,S009,Eastside Components,Tier 2,Sea,Electronics,WH-Central,2024-02-09,2024-03-01,2024-03-01,2024,2,Q1,Feb,21,0,1,1758,1758,0,0.0,98.17,172582.86,1
PO-04228,S006,PrimeParts Inc.,Tier 1,Sea,Components,WH-West,2024-02-09,2024-02-25,2024-02-25,2024,2,Q1,Feb,16,0,1,70,70,0,0.0,405.41,28378.7,1
PO-04229,S007,Swift Carriers,Tier 2,Road,Chemicals,WH-West,2024-02-10,2024-02-17,2024-02-22,2024,2,Q1,Feb,7,5,0,1107,1107,0,0.0,302.8,335199.6,1
PO-04230,S004,Global Parts Ltd,Tier 1,Air,Raw Materials,WH-East,2024-02-10,2024-02-25,2024-02-25,2024,2,Q1,Feb,15,0,1,287,287,0,0.0,372.21,106824.27,1
PO-04231,S002,BlueStar Freight,Tier 1,Rail,Spare Parts,WH-North,2024-02-10,2024-02-15,2024-02-15,2024,2,Q1,Feb,5,0,1,252,252,0,0.0,65.99,16629.48,1
PO-04232,S010,Reliable Goods Co.,Tier 3,Road,Raw Materials,WH-Central,2024-02-10,2024-02-13,2024-02-13,2024,2,Q1,Feb,3,0,1,1385,1385,0,0.0,76.33,105717.05,1
PO-04233,S004,Global Parts Ltd,Tier 1,Air,Finished Goods,WH-West,2024-02-10,2024-02-21,2024-02-21,2024,2,Q1,Feb,11,0,1,373,373,0,0.0,418.15,155969.95,1
PO-04234,S010,Reliable Goods Co.,Tier 3,Road,Spare Parts,WH-Central,2024-02-10,2024-02-20,2024-02-25,2024,2,Q1,Feb,10,5,0,1648,1648,0,0.0,462.08,761507.84,1
PO-04235,S001,FastTrack Logistics,Tier 1,Road,Electronics,WH-South,2024-02-10,2024-02-14,2024-02-14,2024,2,Q1,Feb,4,0,1,1571,1571,0,0.0,211.58,332392.18,1
PO-04236,S010,Reliable Goods Co.,Tier 3,Road,Finished Goods,WH-Central,2024-02-10,2024-02-17,2024-02-17,2024,2,Q1,Feb,7,0,1,643,643,0,0.0,178.56,114814.08,1
PO-04237,S010,Reliable Goods Co.,Tier 3,Road,Electronics,WH-South,2024-02-11,2024-02-18,2024-02-18,2024,2,Q1,Feb,7,0,1,553,553,0,0.0,241.84,133737.52,1
PO-04238,S002,BlueStar Freight,Tier 1,Rail,Chemicals,WH-East,2024-02-11,2024-02-14,2024-02-14,2024,2,Q1,Feb,3,0,1,629,629,0,0.0,426.84,268482.36,1
PO-04239,S009,Eastside Components,Tier 2,Sea,Packaging,WH-Central,2024-02-11,2024-02-16,2024-02-16,2024,2,Q1,Feb,5,0,1,1716,1716,0,0.0,396.06,679638.96,1
PO-04240,S009,Eastside Components,Tier 2,Sea,Finished Goods,WH-South,2024-02-11,2024-03-02,2024-03-02,2024,2,Q1,Feb,20,0,1,1351,1351,0,0.0,90.38,122103.38,1
PO-04241,S009,Eastside Components,Tier 2,Sea,Components,WH-East,2024-02-11,2024-02-19,2024-02-19,2024,2,Q1,Feb,8,0,1,158,158,0,0.0,137.65,21748.7,1
PO-04242,S004,Global Parts Ltd,Tier 1,Air,Electronics,WH-Central,2024-02-11,2024-02-23,2024-02-23,2024,2,Q1,Feb,12,0,1,786,786,0,0.0,410.22,322432.92,1
PO-04243,S010,Reliable Goods Co.,Tier 3,Road,Textiles,WH-East,2024-02-11,2024-02-15,2024-02-28,2024,2,Q1,Feb,4,13,0,1572,1572,0,0.0,356.48,560386.56,1
PO-04244,S010,Reliable Goods Co.,Tier 3,Road,Components,WH-South,2024-02-11,2024-02-19,2024-03-03,2024,2,Q1,Feb,8,13,0,440,440,0,0.0,451.0,198440.0,1
PO-04245,S007,Swift Carriers,Tier 2,Road,Packaging,WH-West,2024-02-12,2024-02-29,2024-03-10,2024,2,Q1,Feb,17,10,0,396,396,0,0.0,231.71,91757.16,1
PO-04246,S004,Global Parts Ltd,Tier 1,Air,Components,WH-West,2024-02-12,2024-02-26,2024-02-26,2024,2,Q1,Feb,14,0,1,1309,1309,0,0.0,156.12,204361.08,1
PO-04247,S003,Apex Supply Co.,Tier 2,Road,Finished Goods,WH-Central,2024-02-12,2024-03-01,2024-03-13,2024,2,Q1,Feb,18,12,0,942,942,0,0.0,6.41,6038.22,1
PO-04248,S002,BlueStar Freight,Tier 1,Rail,Textiles,WH-Central,2024-02-12,2024-02-20,2024-02-20,2024,2,Q1,Feb,8,0,1,1678,1678,0,0.0,268.76,450979.28,1
PO-04249,S002,BlueStar Freight,Tier 1,Rail,Chemicals,WH-South,2024-02-13,2024-02-29,2024-02-29,2024,2,Q1,Feb,16,0,1,604,604,0,0.0,428.38,258741.52,1
PO-04250,S003,Apex Supply Co.,Tier 2,Road,Textiles,WH-East,2024-02-13,2024-02-22,2024-02-22,2024,2,Q1,Feb,9,0,1,1671,1671,0,0.0,91.68,153197.28,1
PO-04251,S002,BlueStar Freight,Tier 1,Rail,Textiles,WH-East,2024-02-13,2024-02-25,2024-02-25,2024,2,Q1,Feb,12,0,1,1564,1564,0,0.0,190.01,297175.64,1
PO-04252,S006,PrimeParts Inc.,Tier 1,Sea,Chemicals,WH-West,2024-02-13,2024-02-22,2024-02-22,2024,2,Q1,Feb,9,0,1,1612,1612,0,0.0,364.2,587090.4,1
PO-04253,S005,Metro Distributors,Tier 2,Road,Raw Materials,WH-West,2024-02-14,2024-02-29,2024-02-29,2024,2,Q1,Feb,15,0,1,1318,1318,0,0.0,20.42,26913.56,1
PO-04254,S002,BlueStar Freight,Tier 1,Rail,Chemicals,WH-South,2024-02-14,2024-02-24,2024-02-24,2024,2,Q1,Feb,10,0,1,123,123,0,0.0,271.23,33361.29,1
PO-04255,S006,PrimeParts Inc.,Tier 1,Sea,Raw Materials,WH-North,2024-02-14,2024-02-23,2024-02-23,2024,2,Q1,Feb,9,0,1,1238,1238,0,0.0,118.85,147136.3,1
PO-04256,S002,BlueStar Freight,Tier 1,Rail,Chemicals,WH-West,2024-02-14,2024-02-29,2024-02-29,2024,2,Q1,Feb,15,0,1,1033,1033,0,0.0,368.02,380164.66,1
PO-04257,S009,Eastside Components,Tier 2,Sea,Finished Goods,WH-North,2024-02-14,2024-02-17,2024-02-17,2024,2,Q1,Feb,3,0,1,1635,1579,56,3.43,22.41,36640.35,0
PO-04258,S004,Global Parts Ltd,Tier 1,Air,Components,WH-Central,2024-02-14,2024-02-26,2024-02-26,2024,2,Q1,Feb,12,0,1,1178,1178,0,0.0,198.45,233774.1,1
PO-04259,S001,FastTrack Logistics,Tier 1,Road,Electronics,WH-Central,2024-02-14,2024-02-28,2024-02-28,2024,2,Q1,Feb,14,0,1,742,742,0,0.0,99.02,73472.84,1
PO-04260,S006,PrimeParts Inc.,Tier 1,Sea,Finished Goods,WH-Central,2024-02-15,2024-02-29,2024-02-29,2024,2,Q1,Feb,14,0,1,1521,1521,0,0.0,303.65,461851.65,1
PO-04261,S001,FastTrack Logistics,Tier 1,Road,Finished Goods,WH-West,2024-02-15,2024-02-19,2024-02-19,2024,2,Q1,Feb,4,0,1,1737,1737,0,0.0,272.53,473384.61,1
PO-04262,S008,Northern Logistics,Tier 3,Rail,Raw Materials,WH-West,2024-02-15,2024-02-19,2024-02-26,2024,2,Q1,Feb,4,7,0,1107,1107,0,0.0,219.21,242665.47,1
PO-04263,S002,BlueStar Freight,Tier 1,Rail,Chemicals,WH-North,2024-02-15,2024-02-22,2024-02-22,2024,2,Q1,Feb,7,0,1,1814,1814,0,0.0,166.65,302303.1,1
PO-04264,S007,Swift Carriers,Tier 2,Road,Raw Materials,WH-Central,2024-02-15,2024-02-25,2024-02-25,2024,2,Q1,Feb,10,0,1,230,230,0,0.0,473.01,108792.3,1
PO-04265,S001,FastTrack Logistics,Tier 1,Road,Electronics,WH-North,2024-02-15,2024-02-22,2024-02-22,2024,2,Q1,Feb,7,0,1,2000,2000,0,0.0,53.16,106320.0,1
PO-04266,S004,Global Parts Ltd,Tier 1,Air,Packaging,WH-Central,2024-02-15,2024-03-04,2024-03-04,2024,2,Q1,Feb,18,0,1,752,752,0,0.0,385.1,289595.2,1
PO-04267,S001,FastTrack Logistics,Tier 1,Road,Finished Goods,WH-South,2024-02-16,2024-02-20,2024-02-20,2024,2,Q1,Feb,4,0,1,1370,1370,0,0.0,204.34,279945.8,1
PO-04268,S006,PrimeParts Inc.,Tier 1,Sea,Spare Parts,WH-Central,2024-02-16,2024-02-19,2024-02-19,2024,2,Q1,Feb,3,0,1,1976,1976,0,0.0,216.25,427310.0,1
PO-04269,S006,PrimeParts Inc.,Tier 1,Sea,Finished Goods,WH-Central,2024-02-16,2024-03-06,2024-03-06,2024,2,Q1,Feb,19,0,1,1247,1247,0,0.0,166.0,207002.0,1
PO-04270,S003,Apex Supply Co.,Tier 2,Road,Raw Materials,WH-West,2024-02-16,2024-02-27,2024-03-02,2024,2,Q1,Feb,11,4,0,376,376,0,0.0,13.09,4921.84,1
PO-04271,S007,Swift Carriers,Tier 2,Road,Electronics,WH-Central,2024-02-16,2024-02-25,2024-02-25,2024,2,Q1,Feb,9,0,1,98,98,0,0.0,67.04,6569.92,1
PO-04272,S009,Eastside Components,Tier 2,Sea,Spare Parts,WH-East,2024-02-16,2024-02-22,2024-02-22,2024,2,Q1,Feb,6,0,1,569,569,0,0.0,312.25,177670.25,1
PO-04273,S001,FastTrack Logistics,Tier 1,Road,Finished Goods,WH-North,2024-02-16,2024-03-08,2024-03-08,2024,2,Q1,Feb,21,0,1,1890,1890,0,0.0,471.51,891153.9,1
PO-04274,S010,Reliable Goods Co.,Tier 3,Road,Packaging,WH-West,2024-02-16,2024-02-20,2024-03-03,2024,2,Q1,Feb,4,12,0,949,949,0,0.0,433.72,411600.28,1
PO-04275,S002,BlueStar Freight,Tier 1,Rail,Finished Goods,WH-Central,2024-02-17,2024-02-28,2024-02-28,2024,2,Q1,Feb,11,0,1,1710,1710,0,0.0,90.78,155233.8,1
PO-04276,S010,Reliable Goods Co.,Tier 3,Road,Packaging,WH-East,2024-02-17,2024-02-23,2024-02-23,2024,2,Q1,Feb,6,0,1,308,308,0,0.0,222.24,68449.92,1
PO-04277,S005,Metro Distributors,Tier 2,Road,Finished Goods,WH-West,2024-02-17,2024-02-27,2024-03-12,2024,2,Q1,Feb,10,14,0,512,512,0,0.0,25.47,13040.64,1
PO-04278,S001,FastTrack Logistics,Tier 1,Road,Finished Goods,WH-North,2024-02-17,2024-02-22,2024-02-22,2024,2,Q1,Feb,5,0,1,671,671,0,0.0,430.1,288597.1,1
PO-04279,S007,Swift Carriers,Tier 2,Road,Components,WH-East,2024-02-17,2024-03-09,2024-03-09,2024,2,Q1,Feb,21,0,1,1631,1627,4,0.25,413.87,675021.97,0
PO-04280,S008,Northern Logistics,Tier 3,Rail,Components,WH-South,2024-02-17,2024-02-20,2024-02-20,2024,2,Q1,Feb,3,0,1,1694,1472,222,13.11,310.9,526664.6,0
PO-04281,S007,Swift Carriers,Tier 2,Road,Electronics,WH-South,2024-02-18,2024-03-10,2024-03-10,2024,2,Q1,Feb,21,0,1,285,285,0,0.0,160.0,45600.0,1
PO-04282,S010,Reliable Goods Co.,Tier 3,Road,Textiles,WH-South,2024-02-18,2024-03-07,2024-03-07,2024,2,Q1,Feb,18,0,1,1489,1489,0,0.0,286.26,426241.14,1
PO-04283,S001,FastTrack Logistics,Tier 1,Road,Chemicals,WH-West,2024-02-18,2024-02-21,2024-02-21,2024,2,Q1,Feb,3,0,1,1403,1403,0,0.0,394.08,552894.24,1
PO-04284,S003,Apex Supply Co.,Tier 2,Road,Spare Parts,WH-West,2024-02-18,2024-03-06,2024-03-18,2024,2,Q1,Feb,17,12,0,778,778,0,0.0,73.75,57377.5,1
PO-04285,S001,FastTrack Logistics,Tier 1,Road,Raw Materials,WH-Central,2024-02-19,2024-03-08,2024-03-08,2024,2,Q1,Feb,18,0,1,1033,1033,0,0.0,232.52,240193.16,1
PO-04286,S009,Eastside Components,Tier 2,Sea,Electronics,WH-South,2024-02-19,2024-03-05,2024-03-05,2024,2,Q1,Feb,15,0,1,1133,1133,0,0.0,234.91,266153.03,1
PO-04287,S010,Reliable Goods Co.,Tier 3,Road,Raw Materials,WH-East,2024-02-19,2024-03-09,2024-03-09,2024,2,Q1,Feb,19,0,1,670,657,13,1.94,165.22,110697.4,0
PO-04288,S002,BlueStar Freight,Tier 1,Rail,Finished Goods,WH-South,2024-02-19,2024-03-05,2024-03-05,2024,2,Q1,Feb,15,0,1,1331,1331,0,0.0,399.35,531534.85,1
PO-04289,S001,FastTrack Logistics,Tier 1,Road,Packaging,WH-West,2024-02-20,2024-02-29,2024-02-29,2024,2,Q1,Feb,9,0,1,1963,1963,0,0.0,106.28,208627.64,1
PO-04290,S002,BlueStar Freight,Tier 1,Rail,Electronics,WH-East,2024-02-20,2024-02-29,2024-02-29,2024,2,Q1,Feb,9,0,1,1103,1103,0,0.0,8.8,9706.4,1
PO-04291,S009,Eastside Components,Tier 2,Sea,Raw Materials,WH-Central,2024-02-20,2024-02-26,2024-02-26,2024,2,Q1,Feb,6,0,1,1203,1203,0,0.0,483.37,581494.11,1
PO-04292,S005,Metro Distributors,Tier 2,Road,Finished Goods,WH-South,2024-02-21,2024-03-05,2024-03-05,2024,2,Q1,Feb,13,0,1,308,308,0,0.0,207.52,63916.16,1
PO-04293,S004,Global Parts Ltd,Tier 1,Air,Raw Materials,WH-South,2024-02-21,2024-03-06,2024-03-06,2024,2,Q1,Feb,14,0,1,1127,1127,0,0.0,318.88,359377.76,1
PO-04294,S009,Eastside Components,Tier 2,Sea,Packaging,WH-West,2024-02-21,2024-02-28,2024-03-03,2024,2,Q1,Feb,7,4,0,1703,1703,0,0.0,312.91,532885.73,1
PO-04295,S010,Reliable Goods Co.,Tier 3,Road,Finished Goods,WH-Central,2024-02-21,2024-03-08,2024-03-08,2024,2,Q1,Feb,16,0,1,1751,1751,0,0.0,269.73,472297.23,1
PO-04296,S006,PrimeParts Inc.,Tier 1,Sea,Spare Parts,WH-West,2024-02-21,2024-03-10,2024-03-10,2024,2,Q1,Feb,18,0,1,471,471,0,0.0,132.64,62473.44,1
PO-04297,S008,Northern Logistics,Tier 3,Rail,Packaging,WH-Central,2024-02-22,2024-03-09,2024-03-09,2024,2,Q1,Feb,16,0,1,1720,1720,0,0.0,311.76,536227.2,1
PO-04298,S001,FastTrack Logistics,Tier 1,Road,Spare Parts,WH-North,2024-02-22,2024-03-12,2024-03-12,2024,2,Q1,Feb,19,0,1,1678,1678,0,0.0,341.06,572298.68,1
PO-04299,S001,FastTrack Logistics,Tier 1,Road,Components,WH-North,2024-02-22,2024-03-02,2024-03-02,2024,2,Q1,Feb,9,0,1,1774,1774,0,0.0,126.44,224304.56,1
PO-04300,S004,Global Parts Ltd,Tier 1,Air,Electronics,WH-West,2024-02-22,2024-03-04,2024-03-04,2024,2,Q1,Feb,11,0,1,894,894,0,0.0,482.89,431703.66,1
PO-04301,S009,Eastside Components,Tier 2,Sea,Electronics,WH-West,2024-02-22,2024-02-25,2024-02-25,2024,2,Q1,Feb,3,0,1,482,482,0,0.0,360.06,173548.92,1
PO-04302,S005,Metro Distributors,Tier 2,Road,Packaging,WH-East,2024-02-22,2024-03-05,2024-03-05,2024,2,Q1,Feb,12,0,1,885,885,0,0.0,465.39,411870.15,1
PO-04303,S008,Northern Logistics,Tier 3,Rail,Packaging,WH-North,2024-02-23,2024-02-27,2024-02-27,2024,2,Q1,Feb,4,0,1,1588,1588,0,0.0,172.35,273691.8,1
PO-04304,S008,Northern Logistics,Tier 3,Rail,Chemicals,WH-Central,2024-02-23,2024-03-04,2024-03-04,2024,2,Q1,Feb,10,0,1,1495,1495,0,0.0,463.68,693201.6,1
PO-04305,S007,Swift Carriers,Tier 2,Road,Electronics,WH-North,2024-02-23,2024-03-07,2024-03-07,2024,2,Q1,Feb,13,0,1,842,735,107,12.71,288.02,242512.84,0
PO-04306,S003,Apex Supply Co.,Tier 2,Road,Chemicals,WH-South,2024-02-24,2024-03-09,2024-03-22,2024,2,Q1,Feb,14,13,0,1157,1157,0,0.0,66.56,77009.92,1
PO-04307,S001,FastTrack Logistics,Tier 1,Road,Textiles,WH-West,2024-02-24,2024-03-15,2024-03-15,2024,2,Q1,Feb,20,0,1,321,321,0,0.0,253.16,81264.36,1
PO-04308,S006,PrimeParts Inc.,Tier 1,Sea,Spare Parts,WH-East,2024-02-24,2024-03-06,2024-03-06,2024,2,Q1,Feb,11,0,1,1914,1914,0,0.0,245.69,470250.66,1
PO-04309,S004,Global Parts Ltd,Tier 1,Air,Raw Materials,WH-Central,2024-02-24,2024-03-01,2024-03-01,2024,2,Q1,Feb,6,0,1,1103,1103,0,0.0,57.28,63179.84,1
PO-04310,S006,PrimeParts Inc.,Tier 1,Sea,Textiles,WH-East,2024-02-24,2024-03-03,2024-03-07,2024,2,Q1,Feb,8,4,0,1929,1929,0,0.0,448.32,864809.28,1
PO-04311,S004,Global Parts Ltd,Tier 1,Air,Electronics,WH-East,2024-02-24,2024-03-07,2024-03-07,2024,2,Q1,Feb,12,0,1,1353,1353,0,0.0,291.77,394764.81,1
PO-04312,S006,PrimeParts Inc.,Tier 1,Sea,Spare Parts,WH-West,2024-02-24,2024-03-14,2024-03-14,2024,2,Q1,Feb,19,0,1,1248,1248,0,0.0,448.68,559952.64,1
PO-04313,S006,PrimeParts Inc.,Tier 1,Sea,Raw Materials,WH-South,2024-02-24,2024-03-13,2024-03-13,2024,2,Q1,Feb,18,0,1,785,785,0,0.0,182.55,143301.75,1
PO-04314,S003,Apex Supply Co.,Tier 2,Road,Packaging,WH-Central,2024-02-25,2024-03-10,2024-03-10,2024,2,Q1,Feb,14,0,1,251,251,0,0.0,333.05,83595.55,1
PO-04315,S005,Metro Distributors,Tier 2,Road,Chemicals,WH-East,2024-02-25,2024-03-04,2024-03-04,2024,2,Q1,Feb,8,0,1,122,122,0,0.0,26.01,3173.22,1
PO-04316,S006,PrimeParts Inc.,Tier 1,Sea,Electronics,WH-South,2024-02-25,2024-02-29,2024-02-29,2024,2,Q1,Feb,4,0,1,1195,1195,0,0.0,327.5,391362.5,1
PO-04317,S010,Reliable Goods Co.,Tier 3,Road,Textiles,WH-West,2024-02-25,2024-02-29,2024-03-02,2024,2,Q1,Feb,4,2,0,1802,1802,0,0.0,111.89,201625.78,1
PO-04318,S002,BlueStar Freight,Tier 1,Rail,Packaging,WH-South,2024-02-25,2024-02-29,2024-02-29,2024,2,Q1,Feb,4,0,1,1016,1016,0,0.0,284.42,288970.72,1
PO-04319,S010,Reliable Goods Co.,Tier 3,Road,Electronics,WH-South,2024-02-26,2024-03-06,2024-03-20,2024,2,Q1,Feb,9,14,0,613,528,85,13.87,236.56,145011.28,0
PO-04320,S001,FastTrack Logistics,Tier 1,Road,Spare Parts,WH-South,2024-02-26,2024-03-01,2024-03-01,2024,2,Q1,Feb,4,0,1,1478,1478,0,0.0,22.97,33949.66,1
PO-04321,S008,Northern Logistics,Tier 3,Rail,Spare Parts,WH-East,2024-02-26,2024-03-16,2024-03-16,2024,2,Q1,Feb,19,0,1,761,715,46,6.04,223.12,169794.32,0
PO-04322,S005,Metro Distributors,Tier 2,Road,Finished Goods,WH-South,2024-02-26,2024-03-12,2024-03-16,2024,2,Q1,Feb,15,4,0,1404,1404,0,0.0,243.48,341845.92,1
PO-04323,S006,PrimeParts Inc.,Tier 1,Sea,Components,WH-North,2024-02-26,2024-03-16,2024-03-16,2024,2,Q1,Feb,19,0,1,1057,1057,0,0.0,475.65,502762.05,1
PO-04324,S010,Reliable Goods Co.,Tier 3,Road,Packaging,WH-West,2024-02-26,2024-03-15,2024-03-17,2024,2,Q1,Feb,18,2,0,990,990,0,0.0,291.88,288961.2,1
PO-04325,S005,Metro Distributors,Tier 2,Road,Finished Goods,WH-East,2024-02-26,2024-03-04,2024-03-18,2024,2,Q1,Feb,7,14,0,854,854,0,0.0,272.99,233133.46,1
PO-04326,S006,PrimeParts Inc.,Tier 1,Sea,Packaging,WH-West,2024-02-27,2024-03-13,2024-03-24,2024,2,Q1,Feb,15,11,0,819,819,0,0.0,278.15,227804.85,1
PO-04327,S003,Apex Supply Co.,Tier 2,Road,Components,WH-West,2024-02-27,2024-03-02,2024-03-02,2024,2,Q1,Feb,4,0,1,1850,1850,0,0.0,359.93,665870.5,1
PO-04328,S001,FastTrack Logistics,Tier 1,Road,Packaging,WH-South,2024-02-27,2024-03-01,2024-03-01,2024,2,Q1,Feb,3,0,1,1329,1329,0,0.0,174.92,232468.68,1
PO-04329,S010,Reliable Goods Co.,Tier 3,Road,Raw Materials,WH-West,2024-02-27,2024-03-02,2024-03-04,2024,2,Q1,Feb,4,2,0,1927,1927,0,0.0,419.84,809031.68,1
PO-04330,S005,Metro Distributors,Tier 2,Road,Electronics,WH-West,2024-02-28,2024-03-13,2024-03-13,2024,2,Q1,Feb,14,0,1,499,499,0,0.0,138.8,69261.2,1
PO-04331,S008,Northern Logistics,Tier 3,Rail,Chemicals,WH-Central,2024-02-28,2024-03-02,2024-03-12,2024,2,Q1,Feb,3,10,0,1303,1303,0,0.0,201.38,262398.14,1
PO-04332,S008,Northern Logistics,Tier 3,Rail,Textiles,WH-West,2024-02-28,2024-03-11,2024-03-11,2024,2,Q1,Feb,12,0,1,1038,1038,0,0.0,419.79,435742.02,1
PO-04333,S001,FastTrack Logistics,Tier 1,Road,Raw Materials,WH-East,2024-02-28,2024-03-16,2024-03-16,2024,2,Q1,Feb,17,0,1,1926,1926,0,0.0,427.42,823210.92,1
PO-04334,S004,Global Parts Ltd,Tier 1,Air,Finished Goods,WH-Central,2024-02-28,2024-03-19,2024-03-19,2024,2,Q1,Feb,20,0,1,162,162,0,0.0,253.8,41115.6,1
PO-04335,S006,PrimeParts Inc.,Tier 1,Sea,Textiles,WH-West,2024-02-29,2024-03-20,2024-03-20,2024,2,Q1,Feb,20,0,1,361,361,0,0.0,223.29,80607.69,1
PO-04336,S009,Eastside Components,Tier 2,Sea,Electronics,WH-West,2024-02-29,2024-03-21,2024-03-21,2024,2,Q1,Feb,21,0,1,1908,1908,0,0.0,207.07,395089.56,1
PO-04337,S002,BlueStar Freight,Tier 1,Rail,Finished Goods,WH-Central,2024-02-29,2024-03-15,2024-03-15,2024,2,Q1,Feb,15,0,1,622,622,0,0.0,125.85,78278.7,1
PO-04338,S005,Metro Distributors,Tier 2,Road,Electronics,WH-West,2024-02-29,2024-03-15,2024-03-15,2024,2,Q1,Feb,15,0,1,1655,1655,0,0.0,366.66,606822.3,1
PO-04339,S001,FastTrack Logistics,Tier 1,Road,Chemicals,WH-Central,2024-03-01,2024-03-21,2024-03-21,2024,3,Q1,Mar,20,0,1,1161,1161,0,0.0,436.33,506579.13,1
PO-04340,S010,Reliable Goods Co.,Tier 3,Road,Finished Goods,WH-East,2024-03-01,2024-03-06,2024-03-06,2024,3,Q1,Mar,5,0,1,1924,1924,0,0.0,73.68,141760.32,1
PO-04341,S009,Eastside Components,Tier 2,Sea,Packaging,WH-South,2024-03-01,2024-03-18,2024-03-26,2024,3,Q1,Mar,17,8,0,145,145,0,0.0,72.26,10477.7,1
PO-04342,S002,BlueStar Freight,Tier 1,Rail,Electronics,WH-East,2024-03-01,2024-03-16,2024-03-16,2024,3,Q1,Mar,15,0,1,1282,1282,0,0.0,332.41,426149.62,1
PO-04343,S006,PrimeParts Inc.,Tier 1,Sea,Chemicals,WH-East,2024-03-01,2024-03-19,2024-03-19,2024,3,Q1,Mar,18,0,1,1915,1860,55,2.87,367.6,703954.0,0
PO-04344,S002,BlueStar Freight,Tier 1,Rail,Textiles,WH-Central,2024-03-01,2024-03-19,2024-03-19,2024,3,Q1,Mar,18,0,1,177,177,0,0.0,172.8,30585.6,1
PO-04345,S006,PrimeParts Inc.,Tier 1,Sea,Packaging,WH-East,2024-03-01,2024-03-05,2024-03-05,2024,3,Q1,Mar,4,0,1,1547,1547,0,0.0,150.29,232498.63,1
PO-04346,S001,FastTrack Logistics,Tier 1,Road,Packaging,WH-West,2024-03-02,2024-03-21,2024-03-21,2024,3,Q1,Mar,19,0,1,1434,1434,0,0.0,483.49,693324.66,1
PO-04347,S001,FastTrack Logistics,Tier 1,Road,Raw Materials,WH-West,2024-03-02,2024-03-08,2024-03-08,2024,3,Q1,Mar,6,0,1,129,129,0,0.0,72.31,9327.99,1
PO-04348,S007,Swift Carriers,Tier 2,Road,Chemicals,WH-West,2024-03-02,2024-03-10,2024-03-10,2024,3,Q1,Mar,8,0,1,64,64,0,0.0,213.48,13662.72,1
PO-04349,S007,Swift Carriers,Tier 2,Road,Chemicals,WH-East,2024-03-02,2024-03-19,2024-03-19,2024,3,Q1,Mar,17,0,1,107,107,0,0.0,180.41,19303.87,1
PO-04350,S010,Reliable Goods Co.,Tier 3,Road,Finished Goods,WH-North,2024-03-02,2024-03-15,2024-03-20,2024,3,Q1,Mar,13,5,0,1076,1076,0,0.0,136.83,147229.08,1
PO-04351,S010,Reliable Goods Co.,Tier 3,Road,Electronics,WH-North,2024-03-03,2024-03-15,2024-03-25,2024,3,Q1,Mar,12,10,0,463,463,0,0.0,84.59,39165.17,1
PO-04352,S006,PrimeParts Inc.,Tier 1,Sea,Components,WH-East,2024-03-03,2024-03-17,2024-03-20,2024,3,Q1,Mar,14,3,0,1163,1163,0,0.0,382.47,444812.61,1
PO-04353,S006,PrimeParts Inc.,Tier 1,Sea,Electronics,WH-West,2024-03-03,2024-03-24,2024-03-24,2024,3,Q1,Mar,21,0,1,1770,1770,0,0.0,75.88,134307.6,1
PO-04354,S004,Global Parts Ltd,Tier 1,Air,Electronics,WH-East,2024-03-03,2024-03-14,2024-03-28,2024,3,Q1,Mar,11,14,0,329,329,0,0.0,113.54,37354.66,1
PO-04355,S009,Eastside Components,Tier 2,Sea,Electronics,WH-South,2024-03-04,2024-03-16,2024-03-16,2024,3,Q1,Mar,12,0,1,1580,1580,0,0.0,295.93,467569.4,1
PO-04356,S004,Global Parts Ltd,Tier 1,Air,Components,WH-West,2024-03-04,2024-03-09,2024-03-09,2024,3,Q1,Mar,5,0,1,1445,1445,0,0.0,388.59,561512.55,1
PO-04357,S010,Reliable Goods Co.,Tier 3,Road,Packaging,WH-Central,2024-03-04,2024-03-18,2024-03-23,2024,3,Q1,Mar,14,5,0,1548,1393,155,10.01,475.38,735888.24,0
PO-04358,S001,FastTrack Logistics,Tier 1,Road,Electronics,WH-West,2024-03-04,2024-03-12,2024-03-25,2024,3,Q1,Mar,8,13,0,936,936,0,0.0,391.0,365976.0,1
PO-04359,S001,FastTrack Logistics,Tier 1,Road,Textiles,WH-South,2024-03-04,2024-03-25,2024-03-25,2024,3,Q1,Mar,21,0,1,1562,1562,0,0.0,419.69,655555.78,1
PO-04360,S007,Swift Carriers,Tier 2,Road,Spare Parts,WH-East,2024-03-04,2024-03-10,2024-03-14,2024,3,Q1,Mar,6,4,0,435,435,0,0.0,242.48,105478.8,1
PO-04361,S001,FastTrack Logistics,Tier 1,Road,Textiles,WH-West,2024-03-05,2024-03-24,2024-03-24,2024,3,Q1,Mar,19,0,1,1012,1012,0,0.0,179.43,181583.16,1
PO-04362,S005,Metro Distributors,Tier 2,Road,Textiles,WH-North,2024-03-05,2024-03-19,2024-03-19,2024,3,Q1,Mar,14,0,1,1734,1734,0,0.0,91.47,158608.98,1
PO-04363,S007,Swift Carriers,Tier 2,Road,Finished Goods,WH-South,2024-03-05,2024-03-11,2024-03-20,2024,3,Q1,Mar,6,9,0,639,639,0,0.0,367.35,234736.65,1
PO-04364,S006,PrimeParts Inc.,Tier 1,Sea,Finished Goods,WH-Central,2024-03-05,2024-03-14,2024-03-14,2024,3,Q1,Mar,9,0,1,1798,1798,0,0.0,433.61,779630.78,1
PO-04365,S005,Metro Distributors,Tier 2,Road,Raw Materials,WH-East,2024-03-05,2024-03-23,2024-03-23,2024,3,Q1,Mar,18,0,1,984,984,0,0.0,175.6,172790.4,1
PO-04366,S004,Global Parts Ltd,Tier 1,Air,Packaging,WH-East,2024-03-06,2024-03-22,2024-03-22,2024,3,Q1,Mar,16,0,1,1772,1772,0,0.0,389.04,689378.88,1
PO-04367,S006,PrimeParts Inc.,Tier 1,Sea,Electronics,WH-West,2024-03-06,2024-03-20,2024-03-20,2024,3,Q1,Mar,14,0,1,1663,1663,0,0.0,124.12,206411.56,1
PO-04368,S004,Global Parts Ltd,Tier 1,Air,Chemicals,WH-South,2024-03-06,2024-03-10,2024-03-10,2024,3,Q1,Mar,4,0,1,187,187,0,0.0,124.97,23369.39,1
PO-04369,S004,Global Parts Ltd,Tier 1,Air,Components,WH-North,2024-03-06,2024-03-21,2024-03-21,2024,3,Q1,Mar,15,0,1,1383,1383,0,0.0,15.78,21823.74,1
PO-04370,S007,Swift Carriers,Tier 2,Road,Finished Goods,WH-West,2024-03-06,2024-03-20,2024-03-20,2024,3,Q1,Mar,14,0,1,1327,1217,110,8.29,342.74,454815.98,0
PO-04371,S004,Global Parts Ltd,Tier 1,Air,Finished Goods,WH-Central,2024-03-06,2024-03-16,2024-03-16,2024,3,Q1,Mar,10,0,1,205,205,0,0.0,86.86,17806.3,1
PO-04372,S005,Metro Distributors,Tier 2,Road,Chemicals,WH-West,2024-03-06,2024-03-21,2024-03-21,2024,3,Q1,Mar,15,0,1,332,332,0,0.0,159.79,53050.28,1
PO-04373,S007,Swift Carriers,Tier 2,Road,Finished Goods,WH-South,2024-03-07,2024-03-11,2024-03-11,2024,3,Q1,Mar,4,0,1,757,757,0,0.0,488.61,369877.77,1
PO-04374,S006,PrimeParts Inc.,Tier 1,Sea,Spare Parts,WH-West,2024-03-07,2024-03-19,2024-03-26,2024,3,Q1,Mar,12,7,0,1099,1099,0,0.0,362.12,397969.88,1
PO-04375,S009,Eastside Components,Tier 2,Sea,Packaging,WH-South,2024-03-07,2024-03-26,2024-03-26,2024,3,Q1,Mar,19,0,1,1126,1126,0,0.0,40.88,46030.88,1
PO-04376,S002,BlueStar Freight,Tier 1,Rail,Chemicals,WH-South,2024-03-07,2024-03-15,2024-03-15,2024,3,Q1,Mar,8,0,1,1561,1561,0,0.0,393.19,613769.59,1
PO-04377,S005,Metro Distributors,Tier 2,Road,Finished Goods,WH-West,2024-03-07,2024-03-22,2024-03-22,2024,3,Q1,Mar,15,0,1,1251,1251,0,0.0,108.75,136046.25,1
PO-04378,S006,PrimeParts Inc.,Tier 1,Sea,Finished Goods,WH-Central,2024-03-07,2024-03-17,2024-03-25,2024,3,Q1,Mar,10,8,0,1046,1046,0,0.0,411.26,430177.96,1
PO-04379,S008,Northern Logistics,Tier 3,Rail,Finished Goods,WH-West,2024-03-07,2024-03-14,2024-03-14,2024,3,Q1,Mar,7,0,1,613,610,3,0.49,359.56,220410.28,0
PO-04380,S010,Reliable Goods Co.,Tier 3,Road,Components,WH-East,2024-03-07,2024-03-22,2024-03-22,2024,3,Q1,Mar,15,0,1,755,755,0,0.0,413.25,312003.75,1
PO-04381,S002,BlueStar Freight,Tier 1,Rail,Textiles,WH-North,2024-03-08,2024-03-22,2024-03-22,2024,3,Q1,Mar,14,0,1,1799,1799,0,0.0,262.48,472201.52,1
PO-04382,S006,PrimeParts Inc.,Tier 1,Sea,Textiles,WH-East,2024-03-08,2024-03-21,2024-04-04,2024,3,Q1,Mar,13,14,0,267,267,0,0.0,446.32,119167.44,1
PO-04383,S007,Swift Carriers,Tier 2,Road,Raw Materials,WH-North,2024-03-08,2024-03-29,2024-03-29,2024,3,Q1,Mar,21,0,1,1201,1027,174,14.49,447.87,537891.87,0
PO-04384,S007,Swift Carriers,Tier 2,Road,Raw Materials,WH-South,2024-03-09,2024-03-23,2024-03-23,2024,3,Q1,Mar,14,0,1,1950,1950,0,0.0,119.27,232576.5,1
PO-04385,S005,Metro Distributors,Tier 2,Road,Chemicals,WH-East,2024-03-09,2024-03-15,2024-03-15,2024,3,Q1,Mar,6,0,1,232,219,13,5.6,302.11,70089.52,0
PO-04386,S006,PrimeParts Inc.,Tier 1,Sea,Packaging,WH-Central,2024-03-09,2024-03-21,2024-03-21,2024,3,Q1,Mar,12,0,1,1458,1458,0,0.0,57.06,83193.48,1
PO-04387,S001,FastTrack Logistics,Tier 1,Road,Packaging,WH-North,2024-03-10,2024-03-30,2024-03-30,2024,3,Q1,Mar,20,0,1,261,261,0,0.0,421.42,109990.62,1
PO-04388,S005,Metro Distributors,Tier 2,Road,Electronics,WH-South,2024-03-10,2024-03-24,2024-03-24,2024,3,Q1,Mar,14,0,1,1331,1331,0,0.0,27.96,37214.76,1
PO-04389,S001,FastTrack Logistics,Tier 1,Road,Raw Materials,WH-West,2024-03-10,2024-03-30,2024-03-30,2024,3,Q1,Mar,20,0,1,755,755,0,0.0,309.96,234019.8,1
PO-04390,S007,Swift Carriers,Tier 2,Road,Raw Materials,WH-South,2024-03-10,2024-03-14,2024-03-14,2024,3,Q1,Mar,4,0,1,898,898,0,0.0,347.42,311983.16,1
PO-04391,S007,Swift Carriers,Tier 2,Road,Chemicals,WH-West,2024-03-10,2024-03-29,2024-03-29,2024,3,Q1,Mar,19,0,1,1701,1701,0,0.0,496.62,844750.62,1
PO-04392,S003,Apex Supply Co.,Tier 2,Road,Chemicals,WH-East,2024-03-11,2024-03-15,2024-03-16,2024,3,Q1,Mar,4,1,0,1242,1242,0,0.0,206.6,256597.2,1
PO-04393,S007,Swift Carriers,Tier 2,Road,Components,WH-West,2024-03-11,2024-03-19,2024-03-19,2024,3,Q1,Mar,8,0,1,1730,1730,0,0.0,428.9,741997.0,1
PO-04394,S003,Apex Supply Co.,Tier 2,Road,Spare Parts,WH-East,2024-03-11,2024-04-01,2024-04-01,2024,3,Q1,Mar,21,0,1,669,669,0,0.0,414.02,276979.38,1
PO-04395,S010,Reliable Goods Co.,Tier 3,Road,Textiles,WH-West,2024-03-11,2024-03-22,2024-03-26,2024,3,Q1,Mar,11,4,0,456,456,0,0.0,369.37,168432.72,1
PO-04396,S008,Northern Logistics,Tier 3,Rail,Chemicals,WH-North,2024-03-11,2024-03-20,2024-03-25,2024,3,Q1,Mar,9,5,0,408,408,0,0.0,241.08,98360.64,1
PO-04397,S002,BlueStar Freight,Tier 1,Rail,Packaging,WH-Central,2024-03-12,2024-03-23,2024-03-23,2024,3,Q1,Mar,11,0,1,917,917,0,0.0,421.26,386295.42,1
PO-04398,S004,Global Parts Ltd,Tier 1,Air,Electronics,WH-North,2024-03-12,2024-04-01,2024-04-01,2024,3,Q1,Mar,20,0,1,1614,1614,0,0.0,485.47,783548.58,1
PO-04399,S004,Global Parts Ltd,Tier 1,Air,Raw Materials,WH-Central,2024-03-12,2024-03-29,2024-03-29,2024,3,Q1,Mar,17,0,1,1659,1659,0,0.0,35.85,59475.15,1
PO-04400,S007,Swift Carriers,Tier 2,Road,Packaging,WH-East,2024-03-12,2024-03-16,2024-03-20,2024,3,Q1,Mar,4,4,0,640,640,0,0.0,459.96,294374.4,1
PO-04401,S010,Reliable Goods Co.,Tier 3,Road,Chemicals,WH-North,2024-03-12,2024-03-24,2024-03-24,2024,3,Q1,Mar,12,0,1,1922,1922,0,0.0,72.6,139537.2,1
PO-04402,S009,Eastside Components,Tier 2,Sea,Spare Parts,WH-East,2024-03-12,2024-03-20,2024-03-20,2024,3,Q1,Mar,8,0,1,1571,1571,0,0.0,68.61,107786.31,1
PO-04403,S002,BlueStar Freight,Tier 1,Rail,Finished Goods,WH-Central,2024-03-12,2024-03-23,2024-03-30,2024,3,Q1,Mar,11,7,0,703,703,0,0.0,457.31,321488.93,1
PO-04404,S004,Global Parts Ltd,Tier 1,Air,Raw Materials,WH-Central,2024-03-13,2024-03-28,2024-03-28,2024,3,Q1,Mar,15,0,1,1067,1067,0,0.0,480.92,513141.64,1
PO-04405,S009,Eastside Components,Tier 2,Sea,Packaging,WH-Central,2024-03-13,2024-03-17,2024-03-17,2024,3,Q1,Mar,4,0,1,1059,1059,0,0.0,225.87,239196.33,1
PO-04406,S006,PrimeParts Inc.,Tier 1,Sea,Electronics,WH-South,2024-03-13,2024-03-18,2024-03-18,2024,3,Q1,Mar,5,0,1,630,630,0,0.0,271.43,171000.9,1
PO-04407,S007,Swift Carriers,Tier 2,Road,Electronics,WH-East,2024-03-13,2024-03-21,2024-03-21,2024,3,Q1,Mar,8,0,1,1312,1312,0,0.0,306.57,402219.84,1
PO-04408,S005,Metro Distributors,Tier 2,Road,Textiles,WH-East,2024-03-13,2024-03-21,2024-04-01,2024,3,Q1,Mar,8,11,0,958,958,0,0.0,409.12,391936.96,1
PO-04409,S008,Northern Logistics,Tier 3,Rail,Chemicals,WH-North,2024-03-13,2024-03-29,2024-03-29,2024,3,Q1,Mar,16,0,1,924,924,0,0.0,359.59,332261.16,1
PO-04410,S010,Reliable Goods Co.,Tier 3,Road,Textiles,WH-South,2024-03-13,2024-04-03,2024-04-03,2024,3,Q1,Mar,21,0,1,722,722,0,0.0,109.32,78929.04,1
PO-04411,S007,Swift Carriers,Tier 2,Road,Raw Materials,WH-Central,2024-03-13,2024-04-03,2024-04-03,2024,3,Q1,Mar,21,0,1,1009,1009,0,0.0,134.94,136154.46,1
PO-04412,S010,Reliable Goods Co.,Tier 3,Road,Components,WH-West,2024-03-14,2024-04-04,2024-04-11,2024,3,Q1,Mar,21,7,0,279,279,0,0.0,491.54,137139.66,1
PO-04413,S008,Northern Logistics,Tier 3,Rail,Components,WH-West,2024-03-14,2024-03-19,2024-03-30,2024,3,Q1,Mar,5,11,0,1356,1356,0,0.0,78.02,105795.12,1
PO-04414,S006,PrimeParts Inc.,Tier 1,Sea,Raw Materials,WH-Central,2024-03-14,2024-03-29,2024-03-29,2024,3,Q1,Mar,15,0,1,397,397,0,0.0,466.54,185216.38,1
PO-04415,S001,FastTrack Logistics,Tier 1,Road,Components,WH-North,2024-03-14,2024-03-23,2024-03-23,2024,3,Q1,Mar,9,0,1,1976,1976,0,0.0,436.44,862405.44,1
PO-04416,S001,FastTrack Logistics,Tier 1,Road,Chemicals,WH-Central,2024-03-14,2024-03-26,2024-03-26,2024,3,Q1,Mar,12,0,1,421,421,0,0.0,192.34,80975.14,1
PO-04417,S005,Metro Distributors,Tier 2,Road,Packaging,WH-North,2024-03-14,2024-03-21,2024-03-21,2024,3,Q1,Mar,7,0,1,904,904,0,0.0,295.7,267312.8,1
PO-04418,S006,PrimeParts Inc.,Tier 1,Sea,Components,WH-Central,2024-03-15,2024-04-04,2024-04-04,2024,3,Q1,Mar,20,0,1,1675,1637,38,2.27,453.39,759428.25,0
PO-04419,S001,FastTrack Logistics,Tier 1,Road,Packaging,WH-South,2024-03-15,2024-04-02,2024-04-02,2024,3,Q1,Mar,18,0,1,810,810,0,0.0,240.3,194643.0,1
PO-04420,S001,FastTrack Logistics,Tier 1,Road,Components,WH-North,2024-03-15,2024-03-18,2024-03-18,2024,3,Q1,Mar,3,0,1,1291,1291,0,0.0,5.03,6493.73,1
PO-04421,S010,Reliable Goods Co.,Tier 3,Road,Spare Parts,WH-West,2024-03-15,2024-03-25,2024-03-25,2024,3,Q1,Mar,10,0,1,556,556,0,0.0,166.44,92540.64,1
PO-04422,S005,Metro Distributors,Tier 2,Road,Finished Goods,WH-South,2024-03-15,2024-03-19,2024-03-23,2024,3,Q1,Mar,4,4,0,949,949,0,0.0,309.68,293886.32,1
PO-04423,S003,Apex Supply Co.,Tier 2,Road,Textiles,WH-North,2024-03-16,2024-03-20,2024-03-22,2024,3,Q1,Mar,4,2,0,345,345,0,0.0,460.47,158862.15,1
PO-04424,S008,Northern Logistics,Tier 3,Rail,Electronics,WH-North,2024-03-16,2024-04-01,2024-04-01,2024,3,Q1,Mar,16,0,1,1030,965,65,6.31,407.9,420137.0,0
PO-04425,S008,Northern Logistics,Tier 3,Rail,Finished Goods,WH-East,2024-03-16,2024-04-01,2024-04-10,2024,3,Q1,Mar,16,9,0,1252,1252,0,0.0,33.04,41366.08,1
PO-04426,S007,Swift Carriers,Tier 2,Road,Components,WH-North,2024-03-16,2024-04-05,2024-04-05,2024,3,Q1,Mar,20,0,1,1546,1546,0,0.0,80.79,124901.34,1
PO-04427,S005,Metro Distributors,Tier 2,Road,Components,WH-West,2024-03-16,2024-03-27,2024-03-27,2024,3,Q1,Mar,11,0,1,1307,1307,0,0.0,317.29,414698.03,1
PO-04428,S003,Apex Supply Co.,Tier 2,Road,Components,WH-North,2024-03-16,2024-03-29,2024-03-29,2024,3,Q1,Mar,13,0,1,433,433,0,0.0,381.35,165124.55,1
PO-04429,S003,Apex Supply Co.,Tier 2,Road,Raw Materials,WH-North,2024-03-17,2024-03-29,2024-03-29,2024,3,Q1,Mar,12,0,1,1094,1094,0,0.0,11.89,13007.66,1
PO-04430,S006,PrimeParts Inc.,Tier 1,Sea,Components,WH-Central,2024-03-17,2024-04-04,2024-04-04,2024,3,Q1,Mar,18,0,1,429,429,0,0.0,441.32,189326.28,1
PO-04431,S006,PrimeParts Inc.,Tier 1,Sea,Electronics,WH-Central,2024-03-17,2024-03-23,2024-03-23,2024,3,Q1,Mar,6,0,1,1595,1595,0,0.0,488.41,779013.95,1
PO-04432,S005,Metro Distributors,Tier 2,Road,Textiles,WH-South,2024-03-17,2024-04-03,2024-04-03,2024,3,Q1,Mar,17,0,1,131,131,0,0.0,465.57,60989.67,1
PO-04433,S010,Reliable Goods Co.,Tier 3,Road,Spare Parts,WH-North,2024-03-17,2024-03-31,2024-03-31,2024,3,Q1,Mar,14,0,1,988,988,0,0.0,183.66,181456.08,1
PO-04434,S003,Apex Supply Co.,Tier 2,Road,Raw Materials,WH-North,2024-03-17,2024-04-03,2024-04-03,2024,3,Q1,Mar,17,0,1,478,478,0,0.0,407.54,194804.12,1
PO-04435,S009,Eastside Components,Tier 2,Sea,Raw Materials,WH-North,2024-03-17,2024-04-07,2024-04-07,2024,3,Q1,Mar,21,0,1,837,837,0,0.0,359.36,300784.32,1
PO-04436,S009,Eastside Components,Tier 2,Sea,Components,WH-North,2024-03-17,2024-04-03,2024-04-03,2024,3,Q1,Mar,17,0,1,1827,1827,0,0.0,320.36,585297.72,1
PO-04437,S007,Swift Carriers,Tier 2,Road,Finished Goods,WH-South,2024-03-18,2024-04-04,2024-04-04,2024,3,Q1,Mar,17,0,1,508,447,61,12.01,232.46,118089.68,0
PO-04438,S009,Eastside Components,Tier 2,Sea,Chemicals,WH-East,2024-03-18,2024-04-08,2024-04-08,2024,3,Q1,Mar,21,0,1,831,831,0,0.0,110.72,92008.32,1
PO-04439,S007,Swift Carriers,Tier 2,Road,Packaging,WH-Central,2024-03-18,2024-04-05,2024-04-05,2024,3,Q1,Mar,18,0,1,690,690,0,0.0,181.36,125138.4,1
PO-04440,S009,Eastside Components,Tier 2,Sea,Packaging,WH-Central,2024-03-18,2024-03-21,2024-03-21,2024,3,Q1,Mar,3,0,1,858,858,0,0.0,231.78,198867.24,1
PO-04441,S009,Eastside Components,Tier 2,Sea,Textiles,WH-East,2024-03-18,2024-04-03,2024-04-03,2024,3,Q1,Mar,16,0,1,686,686,0,0.0,360.64,247399.04,1
PO-04442,S004,Global Parts Ltd,Tier 1,Air,Chemicals,WH-North,2024-03-18,2024-04-04,2024-04-13,2024,3,Q1,Mar,17,9,0,1411,1411,0,0.0,380.52,536913.72,1
PO-04443,S004,Global Parts Ltd,Tier 1,Air,Electronics,WH-South,2024-03-19,2024-03-30,2024-03-30,2024,3,Q1,Mar,11,0,1,1618,1618,0,0.0,263.28,425987.04,1
PO-04444,S004,Global Parts Ltd,Tier 1,Air,Finished Goods,WH-Central,2024-03-19,2024-03-29,2024-03-29,2024,3,Q1,Mar,10,0,1,753,747,6,0.8,377.05,283918.65,0
PO-04445,S007,Swift Carriers,Tier 2,Road,Raw Materials,WH-Central,2024-03-19,2024-03-23,2024-03-23,2024,3,Q1,Mar,4,0,1,458,458,0,0.0,165.47,75785.26,1
PO-04446,S008,Northern Logistics,Tier 3,Rail,Electronics,WH-Central,2024-03-19,2024-04-09,2024-04-18,2024,3,Q1,Mar,21,9,0,571,571,0,0.0,119.79,68400.09,1
PO-04447,S002,BlueStar Freight,Tier 1,Rail,Textiles,WH-West,2024-03-20,2024-04-09,2024-04-09,2024,3,Q1,Mar,20,0,1,1463,1463,0,0.0,417.17,610319.71,1
PO-04448,S002,BlueStar Freight,Tier 1,Rail,Electronics,WH-South,2024-03-20,2024-03-24,2024-03-24,2024,3,Q1,Mar,4,0,1,1625,1625,0,0.0,443.55,720768.75,1
PO-04449,S001,FastTrack Logistics,Tier 1,Road,Raw Materials,WH-North,2024-03-20,2024-03-26,2024-03-26,2024,3,Q1,Mar,6,0,1,364,364,0,0.0,141.34,51447.76,1
PO-04450,S005,Metro Distributors,Tier 2,Road,Textiles,WH-South,2024-03-20,2024-04-09,2024-04-09,2024,3,Q1,Mar,20,0,1,843,843,0,0.0,109.89,92637.27,1
PO-04451,S002,BlueStar Freight,Tier 1,Rail,Packaging,WH-South,2024-03-20,2024-03-28,2024-04-03,2024,3,Q1,Mar,8,6,0,510,510,0,0.0,309.1,157641.0,1
PO-04452,S001,FastTrack Logistics,Tier 1,Road,Textiles,WH-West,2024-03-21,2024-04-01,2024-04-01,2024,3,Q1,Mar,11,0,1,1327,1327,0,0.0,433.88,575758.76,1
PO-04453,S008,Northern Logistics,Tier 3,Rail,Finished Goods,WH-West,2024-03-21,2024-03-28,2024-03-29,2024,3,Q1,Mar,7,1,0,536,536,0,0.0,457.6,245273.6,1
PO-04454,S001,FastTrack Logistics,Tier 1,Road,Spare Parts,WH-South,2024-03-21,2024-03-31,2024-03-31,2024,3,Q1,Mar,10,0,1,2000,2000,0,0.0,301.36,602720.0,1
PO-04455,S003,Apex Supply Co.,Tier 2,Road,Components,WH-North,2024-03-21,2024-03-27,2024-03-27,2024,3,Q1,Mar,6,0,1,1850,1850,0,0.0,466.16,862396.0,1
PO-04456,S007,Swift Carriers,Tier 2,Road,Packaging,WH-West,2024-03-22,2024-03-31,2024-04-11,2024,3,Q1,Mar,9,11,0,1252,1252,0,0.0,72.45,90707.4,1
PO-04457,S008,Northern Logistics,Tier 3,Rail,Packaging,WH-Central,2024-03-22,2024-03-26,2024-03-26,2024,3,Q1,Mar,4,0,1,1088,1088,0,0.0,479.98,522218.24,1
PO-04458,S007,Swift Carriers,Tier 2,Road,Components,WH-West,2024-03-22,2024-04-10,2024-04-10,2024,3,Q1,Mar,19,0,1,578,554,24,4.15,281.53,162724.34,0
PO-04459,S002,BlueStar Freight,Tier 1,Rail,Components,WH-South,2024-03-23,2024-04-08,2024-04-08,2024,3,Q1,Mar,16,0,1,1062,1062,0,0.0,347.12,368641.44,1
PO-04460,S006,PrimeParts Inc.,Tier 1,Sea,Textiles,WH-North,2024-03-23,2024-04-08,2024-04-08,2024,3,Q1,Mar,16,0,1,597,597,0,0.0,148.4,88594.8,1
PO-04461,S005,Metro Distributors,Tier 2,Road,Textiles,WH-Central,2024-03-23,2024-03-29,2024-04-06,2024,3,Q1,Mar,6,8,0,1941,1941,0,0.0,261.12,506833.92,1
PO-04462,S004,Global Parts Ltd,Tier 1,Air,Raw Materials,WH-Central,2024-03-23,2024-04-06,2024-04-06,2024,3,Q1,Mar,14,0,1,1147,1147,0,0.0,217.62,249610.14,1
PO-04463,S008,Northern Logistics,Tier 3,Rail,Textiles,WH-Central,2024-03-23,2024-03-29,2024-03-30,2024,3,Q1,Mar,6,1,0,573,547,26,4.54,136.91,78449.43,0
PO-04464,S008,Northern Logistics,Tier 3,Rail,Textiles,WH-West,2024-03-23,2024-04-04,2024-04-04,2024,3,Q1,Mar,12,0,1,575,575,0,0.0,439.18,252528.5,1
PO-04465,S010,Reliable Goods Co.,Tier 3,Road,Raw Materials,WH-Central,2024-03-23,2024-04-13,2024-04-21,2024,3,Q1,Mar,21,8,0,585,550,35,5.98,493.8,288873.0,0
PO-04466,S007,Swift Carriers,Tier 2,Road,Raw Materials,WH-South,2024-03-23,2024-04-01,2024-04-01,2024,3,Q1,Mar,9,0,1,1171,1171,0,0.0,131.33,153787.43,1
PO-04467,S003,Apex Supply Co.,Tier 2,Road,Raw Materials,WH-South,2024-03-24,2024-04-10,2024-04-10,2024,3,Q1,Mar,17,0,1,267,267,0,0.0,447.5,119482.5,1
PO-04468,S008,Northern Logistics,Tier 3,Rail,Packaging,WH-West,2024-03-24,2024-03-29,2024-04-08,2024,3,Q1,Mar,5,10,0,96,96,0,0.0,269.93,25913.28,1
PO-04469,S002,BlueStar Freight,Tier 1,Rail,Textiles,WH-South,2024-03-24,2024-04-07,2024-04-07,2024,3,Q1,Mar,14,0,1,1607,1607,0,0.0,205.55,330318.85,1
PO-04470,S010,Reliable Goods Co.,Tier 3,Road,Textiles,WH-North,2024-03-24,2024-03-27,2024-04-05,2024,3,Q1,Mar,3,9,0,1656,1656,0,0.0,195.33,323466.48,1
PO-04471,S010,Reliable Goods Co.,Tier 3,Road,Textiles,WH-North,2024-03-24,2024-04-01,2024-04-01,2024,3,Q1,Mar,8,0,1,980,980,0,0.0,211.2,206976.0,1
PO-04472,S006,PrimeParts Inc.,Tier 1,Sea,Finished Goods,WH-South,2024-03-24,2024-03-29,2024-04-05,2024,3,Q1,Mar,5,7,0,373,351,22,5.9,173.17,64592.41,0
PO-04473,S004,Global Parts Ltd,Tier 1,Air,Chemicals,WH-South,2024-03-25,2024-04-15,2024-04-15,2024,3,Q1,Mar,21,0,1,1171,1168,3,0.26,472.31,553075.01,0
PO-04474,S006,PrimeParts Inc.,Tier 1,Sea,Electronics,WH-South,2024-03-25,2024-04-15,2024-04-23,2024,3,Q1,Mar,21,8,0,1223,1223,0,0.0,127.61,156067.03,1
PO-04475,S002,BlueStar Freight,Tier 1,Rail,Raw Materials,WH-South,2024-03-25,2024-03-29,2024-03-29,2024,3,Q1,Mar,4,0,1,1830,1830,0,0.0,382.84,700597.2,1
PO-04476,S009,Eastside Components,Tier 2,Sea,Packaging,WH-North,2024-03-26,2024-04-01,2024-04-01,2024,3,Q1,Mar,6,0,1,905,905,0,0.0,352.34,318867.7,1
PO-04477,S009,Eastside Components,Tier 2,Sea,Electronics,WH-Central,2024-03-26,2024-04-15,2024-04-28,2024,3,Q1,Mar,20,13,0,1529,1529,0,0.0,163.67,250251.43,1
PO-04478,S001,FastTrack Logistics,Tier 1,Road,Spare Parts,WH-East,2024-03-26,2024-04-07,2024-04-07,2024,3,Q1,Mar,12,0,1,291,291,0,0.0,23.21,6754.11,1
PO-04479,S006,PrimeParts Inc.,Tier 1,Sea,Textiles,WH-South,2024-03-26,2024-04-13,2024-04-22,2024,3,Q1,Mar,18,9,0,418,418,0,0.0,337.76,141183.68,1
PO-04480,S006,PrimeParts Inc.,Tier 1,Sea,Spare Parts,WH-Central,2024-03-26,2024-04-04,2024-04-04,2024,3,Q1,Mar,9,0,1,1450,1450,0,0.0,174.25,252662.5,1
PO-04481,S005,Metro Distributors,Tier 2,Road,Raw Materials,WH-West,2024-03-26,2024-04-09,2024-04-09,2024,3,Q1,Mar,14,0,1,1530,1530,0,0.0,226.24,346147.2,1
PO-04482,S005,Metro Distributors,Tier 2,Road,Raw Materials,WH-South,2024-03-27,2024-04-14,2024-04-14,2024,3,Q1,Mar,18,0,1,1727,1727,0,0.0,393.09,678866.43,1
PO-04483,S004,Global Parts Ltd,Tier 1,Air,Electronics,WH-North,2024-03-27,2024-04-07,2024-04-07,2024,3,Q1,Mar,11,0,1,1966,1966,0,0.0,355.47,698854.02,1
PO-04484,S003,Apex Supply Co.,Tier 2,Road,Textiles,WH-South,2024-03-27,2024-04-13,2024-04-13,2024,3,Q1,Mar,17,0,1,158,158,0,0.0,447.36,70682.88,1
PO-04485,S001,FastTrack Logistics,Tier 1,Road,Finished Goods,WH-East,2024-03-28,2024-04-08,2024-04-08,2024,3,Q1,Mar,11,0,1,1237,1237,0,0.0,12.72,15734.64,1
PO-04486,S007,Swift Carriers,Tier 2,Road,Components,WH-North,2024-03-28,2024-04-16,2024-04-16,2024,3,Q1,Mar,19,0,1,1937,1937,0,0.0,335.7,650250.9,1
PO-04487,S006,PrimeParts Inc.,Tier 1,Sea,Components,WH-Central,2024-03-28,2024-04-04,2024-04-04,2024,3,Q1,Mar,7,0,1,1342,1342,0,0.0,139.13,186712.46,1
PO-04488,S004,Global Parts Ltd,Tier 1,Air,Electronics,WH-East,2024-03-28,2024-04-05,2024-04-05,2024,3,Q1,Mar,8,0,1,1930,1930,0,0.0,387.37,747624.1,1
PO-04489,S005,Metro Distributors,Tier 2,Road,Raw Materials,WH-West,2024-03-28,2024-04-05,2024-04-05,2024,3,Q1,Mar,8,0,1,1649,1649,0,0.0,341.97,563908.53,1
PO-04490,S010,Reliable Goods Co.,Tier 3,Road,Finished Goods,WH-North,2024-03-29,2024-04-13,2024-04-13,2024,3,Q1,Mar,15,0,1,90,90,0,0.0,324.15,29173.5,1
PO-04491,S009,Eastside Components,Tier 2,Sea,Raw Materials,WH-North,2024-03-29,2024-04-10,2024-04-10,2024,3,Q1,Mar,12,0,1,1628,1628,0,0.0,385.17,627056.76,1
PO-04492,S005,Metro Distributors,Tier 2,Road,Textiles,WH-South,2024-03-29,2024-04-09,2024-04-09,2024,3,Q1,Mar,11,0,1,1504,1504,0,0.0,314.78,473429.12,1
PO-04493,S010,Reliable Goods Co.,Tier 3,Road,Components,WH-West,2024-03-29,2024-04-15,2024-04-15,2024,3,Q1,Mar,17,0,1,556,556,0,0.0,150.88,83889.28,1
PO-04494,S009,Eastside Components,Tier 2,Sea,Electronics,WH-North,2024-03-29,2024-04-06,2024-04-06,2024,3,Q1,Mar,8,0,1,551,551,0,0.0,190.24,104822.24,1
PO-04495,S007,Swift Carriers,Tier 2,Road,Electronics,WH-East,2024-03-30,2024-04-07,2024-04-17,2024,3,Q1,Mar,8,10,0,692,692,0,0.0,246.32,170453.44,1
PO-04496,S005,Metro Distributors,Tier 2,Road,Electronics,WH-North,2024-03-30,2024-04-16,2024-04-16,2024,3,Q1,Mar,17,0,1,1458,1458,0,0.0,447.68,652717.44,1
PO-04497,S009,Eastside Components,Tier 2,Sea,Electronics,WH-Central,2024-03-30,2024-04-09,2024-04-09,2024,3,Q1,Mar,10,0,1,1076,1076,0,0.0,398.42,428699.92,1
PO-04498,S007,Swift Carriers,Tier 2,Road,Packaging,WH-South,2024-03-30,2024-04-04,2024-04-04,2024,3,Q1,Mar,5,0,1,1075,1075,0,0.0,329.42,354126.5,1
PO-04499,S009,Eastside Components,Tier 2,Sea,Electronics,WH-East,2024-03-30,2024-04-15,2024-04-15,2024,3,Q1,Mar,16,0,1,1094,1094,0,0.0,246.59,269769.46,1
PO-04500,S009,Eastside Components,Tier 2,Sea,Chemicals,WH-Central,2024-03-30,2024-04-18,2024-04-18,2024,3,Q1,Mar,19,0,1,467,467,0,0.0,107.52,50211.84,1
PO-04501,S002,BlueStar Freight,Tier 1,Rail,Spare Parts,WH-South,2024-03-30,2024-04-17,2024-04-17,2024,3,Q1,Mar,18,0,1,74,74,0,0.0,182.39,13496.86,1
PO-04502,S009,Eastside Components,Tier 2,Sea,Chemicals,WH-West,2024-03-31,2024-04-05,2024-04-05,2024,3,Q1,Mar,5,0,1,734,734,0,0.0,411.36,301938.24,1
PO-04503,S002,BlueStar Freight,Tier 1,Rail,Raw Materials,WH-West,2024-03-31,2024-04-04,2024-04-04,2024,3,Q1,Mar,4,0,1,1649,1649,0,0.0,90.14,148640.86,1
PO-04504,S003,Apex Supply Co.,Tier 2,Road,Chemicals,WH-West,2024-03-31,2024-04-09,2024-04-12,2024,3,Q1,Mar,9,3,0,1371,1371,0,0.0,258.01,353731.71,1
PO-04505,S005,Metro Distributors,Tier 2,Road,Components,WH-North,2024-03-31,2024-04-16,2024-04-16,2024,3,Q1,Mar,16,0,1,1369,1369,0,0.0,358.94,491388.86,1
PO-04506,S009,Eastside Components,Tier 2,Sea,Spare Parts,WH-Central,2024-03-31,2024-04-12,2024-04-12,2024,3,Q1,Mar,12,0,1,758,758,0,0.0,321.54,243727.32,1
PO-04507,S005,Metro Distributors,Tier 2,Road,Electronics,WH-West,2024-03-31,2024-04-14,2024-04-14,2024,3,Q1,Mar,14,0,1,1413,1413,0,0.0,172.04,243092.52,1
PO-04508,S009,Eastside Components,Tier 2,Sea,Chemicals,WH-South,2024-04-01,2024-04-16,2024-04-20,2024,4,Q2,Apr,15,4,0,450,450,0,0.0,263.05,118372.5,1
PO-04509,S006,PrimeParts Inc.,Tier 1,Sea,Components,WH-East,2024-04-01,2024-04-18,2024-04-18,2024,4,Q2,Apr,17,0,1,205,205,0,0.0,178.12,36514.6,1
PO-04510,S004,Global Parts Ltd,Tier 1,Air,Textiles,WH-North,2024-04-01,2024-04-22,2024-04-22,2024,4,Q2,Apr,21,0,1,1549,1549,0,0.0,320.6,496609.4,1
PO-04511,S009,Eastside Components,Tier 2,Sea,Finished Goods,WH-East,2024-04-01,2024-04-14,2024-04-14,2024,4,Q2,Apr,13,0,1,1260,1260,0,0.0,344.5,434070.0,1
PO-04512,S009,Eastside Components,Tier 2,Sea,Packaging,WH-Central,2024-04-01,2024-04-12,2024-04-12,2024,4,Q2,Apr,11,0,1,255,255,0,0.0,82.83,21121.65,1
PO-04513,S003,Apex Supply Co.,Tier 2,Road,Electronics,WH-South,2024-04-01,2024-04-11,2024-04-11,2024,4,Q2,Apr,10,0,1,899,899,0,0.0,236.58,212685.42,1
PO-04514,S003,Apex Supply Co.,Tier 2,Road,Finished Goods,WH-East,2024-04-01,2024-04-08,2024-04-08,2024,4,Q2,Apr,7,0,1,1713,1713,0,0.0,466.37,798891.81,1
PO-04515,S003,Apex Supply Co.,Tier 2,Road,Electronics,WH-Central,2024-04-02,2024-04-12,2024-04-12,2024,4,Q2,Apr,10,0,1,1301,1171,130,9.99,426.01,554239.01,0
PO-04516,S009,Eastside Components,Tier 2,Sea,Finished Goods,WH-East,2024-04-02,2024-04-16,2024-04-16,2024,4,Q2,Apr,14,0,1,269,269,0,0.0,413.41,111207.29,1
PO-04517,S007,Swift Carriers,Tier 2,Road,Components,WH-Central,2024-04-02,2024-04-14,2024-04-17,2024,4,Q2,Apr,12,3,0,1127,1127,0,0.0,126.04,142047.08,1
PO-04518,S005,Metro Distributors,Tier 2,Road,Packaging,WH-West,2024-04-02,2024-04-21,2024-05-01,2024,4,Q2,Apr,19,10,0,1361,1361,0,0.0,428.22,582807.42,1
PO-04519,S003,Apex Supply Co.,Tier 2,Road,Raw Materials,WH-North,2024-04-02,2024-04-19,2024-04-19,2024,4,Q2,Apr,17,0,1,1956,1956,0,0.0,125.18,244852.08,1
PO-04520,S004,Global Parts Ltd,Tier 1,Air,Chemicals,WH-South,2024-04-03,2024-04-22,2024-04-22,2024,4,Q2,Apr,19,0,1,386,386,0,0.0,184.63,71267.18,1
PO-04521,S002,BlueStar Freight,Tier 1,Rail,Finished Goods,WH-North,2024-04-03,2024-04-22,2024-04-22,2024,4,Q2,Apr,19,0,1,1188,1188,0,0.0,178.19,211689.72,1
PO-04522,S001,FastTrack Logistics,Tier 1,Road,Packaging,WH-East,2024-04-03,2024-04-11,2024-04-11,2024,4,Q2,Apr,8,0,1,770,770,0,0.0,478.08,368121.6,1
PO-04523,S007,Swift Carriers,Tier 2,Road,Textiles,WH-Central,2024-04-03,2024-04-20,2024-05-01,2024,4,Q2,Apr,17,11,0,1263,1263,0,0.0,111.29,140559.27,1
PO-04524,S001,FastTrack Logistics,Tier 1,Road,Chemicals,WH-West,2024-04-04,2024-04-12,2024-04-12,2024,4,Q2,Apr,8,0,1,1813,1813,0,0.0,324.14,587665.82,1
PO-04525,S009,Eastside Components,Tier 2,Sea,Textiles,WH-Central,2024-04-04,2024-04-12,2024-04-12,2024,4,Q2,Apr,8,0,1,468,468,0,0.0,454.44,212677.92,1
PO-04526,S004,Global Parts Ltd,Tier 1,Air,Components,WH-Central,2024-04-04,2024-04-17,2024-04-17,2024,4,Q2,Apr,13,0,1,882,882,0,0.0,269.46,237663.72,1
PO-04527,S002,BlueStar Freight,Tier 1,Rail,Packaging,WH-West,2024-04-04,2024-04-18,2024-04-18,2024,4,Q2,Apr,14,0,1,656,656,0,0.0,413.72,271400.32,1
PO-04528,S001,FastTrack Logistics,Tier 1,Road,Electronics,WH-East,2024-04-04,2024-04-13,2024-04-13,2024,4,Q2,Apr,9,0,1,93,93,0,0.0,338.47,31477.71,1
PO-04529,S001,FastTrack Logistics,Tier 1,Road,Electronics,WH-East,2024-04-04,2024-04-10,2024-04-10,2024,4,Q2,Apr,6,0,1,1132,1132,0,0.0,177.6,201043.2,1
PO-04530,S007,Swift Carriers,Tier 2,Road,Raw Materials,WH-North,2024-04-04,2024-04-12,2024-04-12,2024,4,Q2,Apr,8,0,1,582,582,0,0.0,18.13,10551.66,1
PO-04531,S001,FastTrack Logistics,Tier 1,Road,Electronics,WH-West,2024-04-04,2024-04-11,2024-04-11,2024,4,Q2,Apr,7,0,1,1767,1767,0,0.0,336.37,594365.79,1
PO-04532,S002,BlueStar Freight,Tier 1,Rail,Components,WH-Central,2024-04-05,2024-04-22,2024-04-27,2024,4,Q2,Apr,17,5,0,1352,1352,0,0.0,55.26,74711.52,1
PO-04533,S003,Apex Supply Co.,Tier 2,Road,Packaging,WH-East,2024-04-05,2024-04-09,2024-04-09,2024,4,Q2,Apr,4,0,1,1284,1284,0,0.0,352.15,452160.6,1
PO-04534,S001,FastTrack Logistics,Tier 1,Road,Electronics,WH-Central,2024-04-05,2024-04-23,2024-04-23,2024,4,Q2,Apr,18,0,1,163,163,0,0.0,485.32,79107.16,1
PO-04535,S005,Metro Distributors,Tier 2,Road,Textiles,WH-East,2024-04-05,2024-04-18,2024-05-02,2024,4,Q2,Apr,13,14,0,1573,1573,0,0.0,235.92,371102.16,1
PO-04536,S004,Global Parts Ltd,Tier 1,Air,Electronics,WH-North,2024-04-05,2024-04-24,2024-04-24,2024,4,Q2,Apr,19,0,1,254,237,17,6.69,132.94,33766.76,0
PO-04537,S010,Reliable Goods Co.,Tier 3,Road,Raw Materials,WH-South,2024-04-05,2024-04-19,2024-04-19,2024,4,Q2,Apr,14,0,1,1392,1331,61,4.38,161.76,225169.92,0
PO-04538,S009,Eastside Components,Tier 2,Sea,Textiles,WH-West,2024-04-05,2024-04-19,2024-04-19,2024,4,Q2,Apr,14,0,1,787,787,0,0.0,449.18,353504.66,1
PO-04539,S002,BlueStar Freight,Tier 1,Rail,Electronics,WH-Central,2024-04-05,2024-04-17,2024-04-17,2024,4,Q2,Apr,12,0,1,1960,1960,0,0.0,121.78,238688.8,1
PO-04540,S007,Swift Carriers,Tier 2,Road,Spare Parts,WH-East,2024-04-06,2024-04-25,2024-04-25,2024,4,Q2,Apr,19,0,1,1715,1715,0,0.0,312.84,536520.6,1
PO-04541,S010,Reliable Goods Co.,Tier 3,Road,Electronics,WH-Central,2024-04-06,2024-04-15,2024-04-15,2024,4,Q2,Apr,9,0,1,1036,1036,0,0.0,32.75,33929.0,1
PO-04542,S001,FastTrack Logistics,Tier 1,Road,Components,WH-South,2024-04-06,2024-04-15,2024-04-15,2024,4,Q2,Apr,9,0,1,225,225,0,0.0,143.15,32208.75,1
PO-04543,S006,PrimeParts Inc.,Tier 1,Sea,Spare Parts,WH-North,2024-04-07,2024-04-22,2024-04-22,2024,4,Q2,Apr,15,0,1,1311,1311,0,0.0,23.64,30992.04,1
PO-04544,S004,Global Parts Ltd,Tier 1,Air,Raw Materials,WH-South,2024-04-07,2024-04-12,2024-04-12,2024,4,Q2,Apr,5,0,1,623,623,0,0.0,68.44,42638.12,1
PO-04545,S004,Global Parts Ltd,Tier 1,Air,Spare Parts,WH-South,2024-04-07,2024-04-17,2024-04-17,2024,4,Q2,Apr,10,0,1,1295,1295,0,0.0,271.22,351229.9,1
PO-04546,S010,Reliable Goods Co.,Tier 3,Road,Spare Parts,WH-South,2024-04-07,2024-04-19,2024-04-20,2024,4,Q2,Apr,12,1,0,110,110,0,0.0,233.96,25735.6,1
PO-04547,S008,Northern Logistics,Tier 3,Rail,Packaging,WH-South,2024-04-07,2024-04-20,2024-05-04,2024,4,Q2,Apr,13,14,0,112,112,0,0.0,203.72,22816.64,1
PO-04548,S002,BlueStar Freight,Tier 1,Rail,Chemicals,WH-North,2024-04-07,2024-04-20,2024-04-20,2024,4,Q2,Apr,13,0,1,1271,1271,0,0.0,198.26,251988.46,1
PO-04549,S009,Eastside Components,Tier 2,Sea,Electronics,WH-West,2024-04-08,2024-04-17,2024-04-17,2024,4,Q2,Apr,9,0,1,1944,1944,0,0.0,434.74,845134.56,1
PO-04550,S006,PrimeParts Inc.,Tier 1,Sea,Packaging,WH-South,2024-04-08,2024-04-14,2024-04-17,2024,4,Q2,Apr,6,3,0,1926,1843,83,4.31,258.23,497350.98,0
PO-04551,S003,Apex Supply Co.,Tier 2,Road,Electronics,WH-East,2024-04-08,2024-04-24,2024-05-06,2024,4,Q2,Apr,16,12,0,1304,1304,0,0.0,329.95,430254.8,1
PO-04552,S007,Swift Carriers,Tier 2,Road,Chemicals,WH-West,2024-04-08,2024-04-11,2024-04-11,2024,4,Q2,Apr,3,0,1,280,280,0,0.0,31.95,8946.0,1
PO-04553,S007,Swift Carriers,Tier 2,Road,Spare Parts,WH-West,2024-04-08,2024-04-27,2024-05-05,2024,4,Q2,Apr,19,8,0,672,672,0,0.0,282.98,190162.56,1
PO-04554,S007,Swift Carriers,Tier 2,Road,Components,WH-Central,2024-04-09,2024-04-18,2024-04-18,2024,4,Q2,Apr,9,0,1,301,301,0,0.0,336.17,101187.17,1
PO-04555,S006,PrimeParts Inc.,Tier 1,Sea,Spare Parts,WH-Central,2024-04-09,2024-04-26,2024-04-26,2024,4,Q2,Apr,17,0,1,1942,1942,0,0.0,360.72,700518.24,1
PO-04556,S010,Reliable Goods Co.,Tier 3,Road,Textiles,WH-East,2024-04-09,2024-04-25,2024-05-04,2024,4,Q2,Apr,16,9,0,1272,1264,8,0.63,138.53,176210.16,0
PO-04557,S001,FastTrack Logistics,Tier 1,Road,Finished Goods,WH-South,2024-04-09,2024-04-24,2024-04-24,2024,4,Q2,Apr,15,0,1,1613,1613,0,0.0,397.7,641490.1,1
PO-04558,S004,Global Parts Ltd,Tier 1,Air,Finished Goods,WH-West,2024-04-10,2024-04-25,2024-04-25,2024,4,Q2,Apr,15,0,1,1161,1161,0,0.0,413.19,479713.59,1
PO-04559,S003,Apex Supply Co.,Tier 2,Road,Components,WH-Central,2024-04-10,2024-04-14,2024-04-14,2024,4,Q2,Apr,4,0,1,1583,1583,0,0.0,340.39,538837.37,1
PO-04560,S007,Swift Carriers,Tier 2,Road,Electronics,WH-West,2024-04-10,2024-04-27,2024-04-27,2024,4,Q2,Apr,17,0,1,249,212,37,14.86,315.68,78604.32,0
PO-04561,S004,Global Parts Ltd,Tier 1,Air,Raw Materials,WH-Central,2024-04-10,2024-04-13,2024-04-15,2024,4,Q2,Apr,3,2,0,1808,1808,0,0.0,175.82,317882.56,1
PO-04562,S001,FastTrack Logistics,Tier 1,Road,Electronics,WH-Central,2024-04-10,2024-04-29,2024-04-29,2024,4,Q2,Apr,19,0,1,1607,1607,0,0.0,492.48,791415.36,1
PO-04563,S005,Metro Distributors,Tier 2,Road,Spare Parts,WH-South,2024-04-10,2024-04-19,2024-04-19,2024,4,Q2,Apr,9,0,1,527,527,0,0.0,218.66,115233.82,1
PO-04564,S003,Apex Supply Co.,Tier 2,Road,Packaging,WH-South,2024-04-10,2024-05-01,2024-05-01,2024,4,Q2,Apr,21,0,1,910,910,0,0.0,464.28,422494.8,1
PO-04565,S003,Apex Supply Co.,Tier 2,Road,Electronics,WH-West,2024-04-11,2024-04-14,2024-04-14,2024,4,Q2,Apr,3,0,1,459,459,0,0.0,490.76,225258.84,1
PO-04566,S010,Reliable Goods Co.,Tier 3,Road,Finished Goods,WH-Central,2024-04-11,2024-04-29,2024-05-05,2024,4,Q2,Apr,18,6,0,1914,1914,0,0.0,218.83,418840.62,1
PO-04567,S001,FastTrack Logistics,Tier 1,Road,Packaging,WH-South,2024-04-11,2024-05-02,2024-05-02,2024,4,Q2,Apr,21,0,1,1261,1261,0,0.0,409.94,516934.34,1
PO-04568,S006,PrimeParts Inc.,Tier 1,Sea,Finished Goods,WH-Central,2024-04-12,2024-04-25,2024-04-25,2024,4,Q2,Apr,13,0,1,534,534,0,0.0,378.25,201985.5,1
PO-04569,S002,BlueStar Freight,Tier 1,Rail,Raw Materials,WH-South,2024-04-12,2024-04-26,2024-04-26,2024,4,Q2,Apr,14,0,1,699,699,0,0.0,364.83,255016.17,1
PO-04570,S009,Eastside Components,Tier 2,Sea,Textiles,WH-Central,2024-04-12,2024-04-26,2024-04-26,2024,4,Q2,Apr,14,0,1,126,126,0,0.0,282.4,35582.4,1
PO-04571,S010,Reliable Goods Co.,Tier 3,Road,Electronics,WH-West,2024-04-12,2024-04-17,2024-04-17,2024,4,Q2,Apr,5,0,1,1809,1809,0,0.0,68.54,123988.86,1
PO-04572,S004,Global Parts Ltd,Tier 1,Air,Packaging,WH-West,2024-04-12,2024-04-15,2024-04-15,2024,4,Q2,Apr,3,0,1,689,689,0,0.0,37.37,25747.93,1
PO-04573,S008,Northern Logistics,Tier 3,Rail,Packaging,WH-Central,2024-04-12,2024-04-24,2024-04-24,2024,4,Q2,Apr,12,0,1,1589,1589,0,0.0,138.73,220441.97,1
PO-04574,S004,Global Parts Ltd,Tier 1,Air,Packaging,WH-Central,2024-04-13,2024-04-29,2024-04-29,2024,4,Q2,Apr,16,0,1,1415,1415,0,0.0,210.81,298296.15,1
PO-04575,S001,FastTrack Logistics,Tier 1,Road,Electronics,WH-North,2024-04-13,2024-05-03,2024-05-03,2024,4,Q2,Apr,20,0,1,341,341,0,0.0,429.28,146384.48,1
PO-04576,S004,Global Parts Ltd,Tier 1,Air,Chemicals,WH-North,2024-04-13,2024-04-18,2024-04-18,2024,4,Q2,Apr,5,0,1,213,213,0,0.0,323.73,68954.49,1
PO-04577,S001,FastTrack Logistics,Tier 1,Road,Packaging,WH-East,2024-04-13,2024-04-25,2024-04-25,2024,4,Q2,Apr,12,0,1,407,407,0,0.0,451.18,183630.26,1
PO-04578,S001,FastTrack Logistics,Tier 1,Road,Finished Goods,WH-East,2024-04-14,2024-05-02,2024-05-02,2024,4,Q2,Apr,18,0,1,1064,1064,0,0.0,372.92,396786.88,1
PO-04579,S008,Northern Logistics,Tier 3,Rail,Packaging,WH-Central,2024-04-14,2024-04-29,2024-05-04,2024,4,Q2,Apr,15,5,0,464,464,0,0.0,244.57,113480.48,1
PO-04580,S003,Apex Supply Co.,Tier 2,Road,Raw Materials,WH-East,2024-04-14,2024-04-20,2024-04-20,2024,4,Q2,Apr,6,0,1,170,170,0,0.0,11.92,2026.4,1
PO-04581,S003,Apex Supply Co.,Tier 2,Road,Components,WH-North,2024-04-14,2024-04-29,2024-04-29,2024,4,Q2,Apr,15,0,1,1716,1716,0,0.0,97.82,167859.12,1
PO-04582,S005,Metro Distributors,Tier 2,Road,Finished Goods,WH-East,2024-04-14,2024-04-23,2024-04-23,2024,4,Q2,Apr,9,0,1,1847,1847,0,0.0,64.72,119537.84,1
PO-04583,S008,Northern Logistics,Tier 3,Rail,Electronics,WH-South,2024-04-14,2024-04-29,2024-04-29,2024,4,Q2,Apr,15,0,1,1787,1564,223,12.48,221.05,395016.35,0
PO-04584,S008,Northern Logistics,Tier 3,Rail,Chemicals,WH-South,2024-04-14,2024-04-18,2024-04-18,2024,4,Q2,Apr,4,0,1,885,885,0,0.0,417.76,369717.6,1
PO-04585,S003,Apex Supply Co.,Tier 2,Road,Finished Goods,WH-South,2024-04-14,2024-04-23,2024-04-23,2024,4,Q2,Apr,9,0,1,1652,1652,0,0.0,156.06,257811.12,1
PO-04586,S007,Swift Carriers,Tier 2,Road,Electronics,WH-East,2024-04-15,2024-05-03,2024-05-03,2024,4,Q2,Apr,18,0,1,1380,1380,0,0.0,417.84,576619.2,1
PO-04587,S004,Global Parts Ltd,Tier 1,Air,Finished Goods,WH-East,2024-04-15,2024-04-28,2024-04-28,2024,4,Q2,Apr,13,0,1,1402,1402,0,0.0,349.21,489592.42,1
PO-04588,S010,Reliable Goods Co.,Tier 3,Road,Packaging,WH-Central,2024-04-15,2024-04-24,2024-04-24,2024,4,Q2,Apr,9,0,1,909,909,0,0.0,159.0,144531.0,1
PO-04589,S001,FastTrack Logistics,Tier 1,Road,Raw Materials,WH-North,2024-04-15,2024-04-23,2024-04-23,2024,4,Q2,Apr,8,0,1,536,536,0,0.0,468.03,250864.08,1
PO-04590,S009,Eastside Components,Tier 2,Sea,Finished Goods,WH-North,2024-04-15,2024-04-19,2024-04-24,2024,4,Q2,Apr,4,5,0,1665,1665,0,0.0,240.27,400049.55,1
PO-04591,S007,Swift Carriers,Tier 2,Road,Packaging,WH-North,2024-04-15,2024-05-06,2024-05-06,2024,4,Q2,Apr,21,0,1,1160,1089,71,6.12,73.1,84796.0,0
PO-04592,S010,Reliable Goods Co.,Tier 3,Road,Spare Parts,WH-East,2024-04-16,2024-04-29,2024-04-29,2024,4,Q2,Apr,13,0,1,1739,1739,0,0.0,227.76,396074.64,1
PO-04593,S001,FastTrack Logistics,Tier 1,Road,Spare Parts,WH-North,2024-04-16,2024-04-27,2024-05-07,2024,4,Q2,Apr,11,10,0,289,289,0,0.0,191.23,55265.47,1
PO-04594,S001,FastTrack Logistics,Tier 1,Road,Raw Materials,WH-East,2024-04-16,2024-04-19,2024-04-19,2024,4,Q2,Apr,3,0,1,1944,1944,0,0.0,195.34,379740.96,1
PO-04595,S003,Apex Supply Co.,Tier 2,Road,Spare Parts,WH-South,2024-04-16,2024-04-20,2024-04-28,2024,4,Q2,Apr,4,8,0,1746,1746,0,0.0,190.84,333206.64,1
PO-04596,S008,Northern Logistics,Tier 3,Rail,Electronics,WH-North,2024-04-16,2024-04-27,2024-04-27,2024,4,Q2,Apr,11,0,1,82,82,0,0.0,287.38,23565.16,1
PO-04597,S007,Swift Carriers,Tier 2,Road,Packaging,WH-South,2024-04-16,2024-04-30,2024-04-30,2024,4,Q2,Apr,14,0,1,1771,1771,0,0.0,266.28,471581.88,1
PO-04598,S001,FastTrack Logistics,Tier 1,Road,Packaging,WH-West,2024-04-16,2024-05-02,2024-05-02,2024,4,Q2,Apr,16,0,1,143,143,0,0.0,325.27,46513.61,1
PO-04599,S001,FastTrack Logistics,Tier 1,Road,Finished Goods,WH-West,2024-04-16,2024-04-25,2024-04-25,2024,4,Q2,Apr,9,0,1,642,642,0,0.0,236.96,152128.32,1
PO-04600,S004,Global Parts Ltd,Tier 1,Air,Raw Materials,WH-West,2024-04-17,2024-04-21,2024-04-21,2024,4,Q2,Apr,4,0,1,1676,1676,0,0.0,389.89,653455.64,1
PO-04601,S010,Reliable Goods Co.,Tier 3,Road,Textiles,WH-West,2024-04-17,2024-04-30,2024-04-30,2024,4,Q2,Apr,13,0,1,1339,1339,0,0.0,56.83,76095.37,1
PO-04602,S009,Eastside Components,Tier 2,Sea,Electronics,WH-North,2024-04-17,2024-04-22,2024-04-22,2024,4,Q2,Apr,5,0,1,573,573,0,0.0,302.05,173074.65,1
PO-04603,S005,Metro Distributors,Tier 2,Road,Raw Materials,WH-Central,2024-04-17,2024-04-24,2024-04-24,2024,4,Q2,Apr,7,0,1,1867,1867,0,0.0,79.42,148277.14,1
PO-04604,S002,BlueStar Freight,Tier 1,Rail,Textiles,WH-North,2024-04-18,2024-05-02,2024-05-02,2024,4,Q2,Apr,14,0,1,1222,1222,0,0.0,24.54,29987.88,1
PO-04605,S005,Metro Distributors,Tier 2,Road,Textiles,WH-South,2024-04-18,2024-04-25,2024-05-07,2024,4,Q2,Apr,7,12,0,1768,1768,0,0.0,175.12,309612.16,1
PO-04606,S003,Apex Supply Co.,Tier 2,Road,Spare Parts,WH-East,2024-04-18,2024-04-21,2024-04-21,2024,4,Q2,Apr,3,0,1,1333,1333,0,0.0,37.32,49747.56,1
PO-04607,S002,BlueStar Freight,Tier 1,Rail,Finished Goods,WH-West,2024-04-18,2024-05-07,2024-05-07,2024,4,Q2,Apr,19,0,1,1858,1858,0,0.0,455.75,846783.5,1
PO-04608,S004,Global Parts Ltd,Tier 1,Air,Textiles,WH-North,2024-04-18,2024-05-06,2024-05-06,2024,4,Q2,Apr,18,0,1,548,548,0,0.0,452.2,247805.6,1
PO-04609,S001,FastTrack Logistics,Tier 1,Road,Textiles,WH-Central,2024-04-18,2024-04-26,2024-04-26,2024,4,Q2,Apr,8,0,1,220,220,0,0.0,172.38,37923.6,1
PO-04610,S005,Metro Distributors,Tier 2,Road,Chemicals,WH-Central,2024-04-19,2024-05-05,2024-05-05,2024,4,Q2,Apr,16,0,1,1709,1709,0,0.0,101.04,172677.36,1
PO-04611,S003,Apex Supply Co.,Tier 2,Road,Electronics,WH-East,2024-04-19,2024-04-23,2024-04-23,2024,4,Q2,Apr,4,0,1,1750,1750,0,0.0,319.09,558407.5,1
PO-04612,S007,Swift Carriers,Tier 2,Road,Finished Goods,WH-South,2024-04-19,2024-04-28,2024-04-28,2024,4,Q2,Apr,9,0,1,211,211,0,0.0,493.76,104183.36,1
PO-04613,S003,Apex Supply Co.,Tier 2,Road,Raw Materials,WH-East,2024-04-19,2024-05-04,2024-05-04,2024,4,Q2,Apr,15,0,1,489,438,51,10.43,75.22,36782.58,0
PO-04614,S003,Apex Supply Co.,Tier 2,Road,Spare Parts,WH-South,2024-04-19,2024-05-01,2024-05-01,2024,4,Q2,Apr,12,0,1,1008,1008,0,0.0,201.56,203172.48,1
PO-04615,S003,Apex Supply Co.,Tier 2,Road,Chemicals,WH-East,2024-04-19,2024-05-06,2024-05-06,2024,4,Q2,Apr,17,0,1,1287,1287,0,0.0,247.68,318764.16,1
PO-04616,S003,Apex Supply Co.,Tier 2,Road,Components,WH-West,2024-04-20,2024-05-07,2024-05-19,2024,4,Q2,Apr,17,12,0,1951,1951,0,0.0,250.16,488062.16,1
PO-04617,S007,Swift Carriers,Tier 2,Road,Raw Materials,WH-East,2024-04-20,2024-05-09,2024-05-10,2024,4,Q2,Apr,19,1,0,714,663,51,7.14,408.93,291976.02,0
PO-04618,S003,Apex Supply Co.,Tier 2,Road,Finished Goods,WH-South,2024-04-20,2024-05-09,2024-05-23,2024,4,Q2,Apr,19,14,0,883,883,0,0.0,12.98,11461.34,1
PO-04619,S006,PrimeParts Inc.,Tier 1,Sea,Spare Parts,WH-South,2024-04-20,2024-05-03,2024-05-03,2024,4,Q2,Apr,13,0,1,1285,1285,0,0.0,281.21,361354.85,1
PO-04620,S008,Northern Logistics,Tier 3,Rail,Components,WH-West,2024-04-21,2024-05-01,2024-05-01,2024,4,Q2,Apr,10,0,1,1843,1843,0,0.0,194.69,358813.67,1
PO-04621,S002,BlueStar Freight,Tier 1,Rail,Electronics,WH-North,2024-04-21,2024-05-05,2024-05-05,2024,4,Q2,Apr,14,0,1,143,143,0,0.0,285.0,40755.0,1
PO-04622,S004,Global Parts Ltd,Tier 1,Air,Finished Goods,WH-West,2024-04-21,2024-05-02,2024-05-02,2024,4,Q2,Apr,11,0,1,1359,1359,0,0.0,246.55,335061.45,1
PO-04623,S006,PrimeParts Inc.,Tier 1,Sea,Textiles,WH-East,2024-04-21,2024-04-25,2024-04-25,2024,4,Q2,Apr,4,0,1,1215,1215,0,0.0,235.77,286460.55,1
PO-04624,S009,Eastside Components,Tier 2,Sea,Textiles,WH-Central,2024-04-21,2024-05-11,2024-05-11,2024,4,Q2,Apr,20,0,1,485,485,0,0.0,201.64,97795.4,1
PO-04625,S009,Eastside Components,Tier 2,Sea,Spare Parts,WH-North,2024-04-21,2024-05-11,2024-05-11,2024,4,Q2,Apr,20,0,1,1817,1817,0,0.0,57.48,104441.16,1
PO-04626,S008,Northern Logistics,Tier 3,Rail,Chemicals,WH-Central,2024-04-21,2024-04-29,2024-04-29,2024,4,Q2,Apr,8,0,1,1758,1639,119,6.77,8.77,15417.66,0
PO-04627,S005,Metro Distributors,Tier 2,Road,Textiles,WH-South,2024-04-22,2024-05-07,2024-05-07,2024,4,Q2,Apr,15,0,1,946,946,0,0.0,250.01,236509.46,1
PO-04628,S006,PrimeParts Inc.,Tier 1,Sea,Packaging,WH-East,2024-04-22,2024-05-01,2024-05-01,2024,4,Q2,Apr,9,0,1,227,227,0,0.0,487.65,110696.55,1
PO-04629,S008,Northern Logistics,Tier 3,Rail,Textiles,WH-West,2024-04-22,2024-05-09,2024-05-09,2024,4,Q2,Apr,17,0,1,476,476,0,0.0,289.77,137930.52,1
PO-04630,S004,Global Parts Ltd,Tier 1,Air,Electronics,WH-West,2024-04-22,2024-04-28,2024-05-09,2024,4,Q2,Apr,6,11,0,1461,1461,0,0.0,199.41,291338.01,1
PO-04631,S001,FastTrack Logistics,Tier 1,Road,Electronics,WH-Central,2024-04-22,2024-04-27,2024-05-10,2024,4,Q2,Apr,5,13,0,1756,1756,0,0.0,169.78,298133.68,1
PO-04632,S007,Swift Carriers,Tier 2,Road,Components,WH-West,2024-04-22,2024-05-01,2024-05-01,2024,4,Q2,Apr,9,0,1,1810,1692,118,6.52,10.56,19113.6,0
PO-04633,S003,Apex Supply Co.,Tier 2,Road,Electronics,WH-Central,2024-04-22,2024-05-10,2024-05-10,2024,4,Q2,Apr,18,0,1,297,297,0,0.0,108.3,32165.1,1
PO-04634,S001,FastTrack Logistics,Tier 1,Road,Spare Parts,WH-West,2024-04-22,2024-05-02,2024-05-02,2024,4,Q2,Apr,10,0,1,306,306,0,0.0,428.12,131004.72,1
PO-04635,S006,PrimeParts Inc.,Tier 1,Sea,Electronics,WH-Central,2024-04-23,2024-05-06,2024-05-06,2024,4,Q2,Apr,13,0,1,1504,1504,0,0.0,244.64,367938.56,1
PO-04636,S002,BlueStar Freight,Tier 1,Rail,Chemicals,WH-West,2024-04-23,2024-05-03,2024-05-17,2024,4,Q2,Apr,10,14,0,90,90,0,0.0,184.46,16601.4,1
PO-04637,S003,Apex Supply Co.,Tier 2,Road,Chemicals,WH-South,2024-04-23,2024-05-01,2024-05-01,2024,4,Q2,Apr,8,0,1,1881,1881,0,0.0,112.53,211668.93,1
PO-04638,S002,BlueStar Freight,Tier 1,Rail,Finished Goods,WH-East,2024-04-24,2024-04-28,2024-04-28,2024,4,Q2,Apr,4,0,1,745,745,0,0.0,368.05,274197.25,1
PO-04639,S001,FastTrack Logistics,Tier 1,Road,Electronics,WH-West,2024-04-24,2024-05-03,2024-05-03,2024,4,Q2,Apr,9,0,1,58,58,0,0.0,444.72,25793.76,1
PO-04640,S002,BlueStar Freight,Tier 1,Rail,Packaging,WH-Central,2024-04-24,2024-05-07,2024-05-11,2024,4,Q2,Apr,13,4,0,995,995,0,0.0,289.77,288321.15,1
PO-04641,S010,Reliable Goods Co.,Tier 3,Road,Textiles,WH-West,2024-04-24,2024-05-04,2024-05-04,2024,4,Q2,Apr,10,0,1,610,610,0,0.0,484.18,295349.8,1
PO-04642,S006,PrimeParts Inc.,Tier 1,Sea,Chemicals,WH-West,2024-04-24,2024-04-29,2024-04-29,2024,4,Q2,Apr,5,0,1,1316,1316,0,0.0,228.12,300205.92,1
PO-04643,S003,Apex Supply Co.,Tier 2,Road,Textiles,WH-North,2024-04-25,2024-05-10,2024-05-16,2024,4,Q2,Apr,15,6,0,1653,1653,0,0.0,410.19,678044.07,1
PO-04644,S001,FastTrack Logistics,Tier 1,Road,Electronics,WH-Central,2024-04-25,2024-04-30,2024-05-01,2024,4,Q2,Apr,5,1,0,774,774,0,0.0,52.0,40248.0,1
PO-04645,S001,FastTrack Logistics,Tier 1,Road,Chemicals,WH-North,2024-04-25,2024-05-14,2024-05-14,2024,4,Q2,Apr,19,0,1,1812,1812,0,0.0,385.62,698743.44,1
PO-04646,S008,Northern Logistics,Tier 3,Rail,Raw Materials,WH-East,2024-04-25,2024-04-30,2024-05-01,2024,4,Q2,Apr,5,1,0,723,723,0,0.0,491.63,355448.49,1
PO-04647,S005,Metro Distributors,Tier 2,Road,Raw Materials,WH-West,2024-04-25,2024-05-07,2024-05-08,2024,4,Q2,Apr,12,1,0,903,903,0,0.0,220.88,199454.64,1
PO-04648,S008,Northern Logistics,Tier 3,Rail,Packaging,WH-Central,2024-04-26,2024-05-08,2024-05-08,2024,4,Q2,Apr,12,0,1,283,283,0,0.0,285.67,80844.61,1
PO-04649,S004,Global Parts Ltd,Tier 1,Air,Finished Goods,WH-East,2024-04-26,2024-05-08,2024-05-08,2024,4,Q2,Apr,12,0,1,1585,1585,0,0.0,473.34,750243.9,1
PO-04650,S010,Reliable Goods Co.,Tier 3,Road,Components,WH-South,2024-04-26,2024-05-16,2024-05-25,2024,4,Q2,Apr,20,9,0,1649,1649,0,0.0,399.0,657951.0,1
PO-04651,S001,FastTrack Logistics,Tier 1,Road,Raw Materials,WH-South,2024-04-26,2024-05-13,2024-05-13,2024,4,Q2,Apr,17,0,1,1931,1931,0,0.0,295.51,570629.81,1
PO-04652,S004,Global Parts Ltd,Tier 1,Air,Raw Materials,WH-Central,2024-04-27,2024-05-15,2024-05-15,2024,4,Q2,Apr,18,0,1,1874,1874,0,0.0,146.81,275121.94,1
PO-04653,S009,Eastside Components,Tier 2,Sea,Chemicals,WH-South,2024-04-27,2024-05-11,2024-05-19,2024,4,Q2,Apr,14,8,0,941,941,0,0.0,250.87,236068.67,1
PO-04654,S003,Apex Supply Co.,Tier 2,Road,Components,WH-Central,2024-04-27,2024-05-16,2024-05-16,2024,4,Q2,Apr,19,0,1,1470,1470,0,0.0,9.24,13582.8,1
PO-04655,S004,Global Parts Ltd,Tier 1,Air,Finished Goods,WH-East,2024-04-27,2024-04-30,2024-04-30,2024,4,Q2,Apr,3,0,1,538,489,49,9.11,291.54,156848.52,0
PO-04656,S007,Swift Carriers,Tier 2,Road,Finished Goods,WH-Central,2024-04-28,2024-05-11,2024-05-11,2024,4,Q2,Apr,13,0,1,1502,1502,0,0.0,32.8,49265.6,1
PO-04657,S007,Swift Carriers,Tier 2,Road,Finished Goods,WH-East,2024-04-28,2024-05-13,2024-05-13,2024,4,Q2,Apr,15,0,1,434,434,0,0.0,412.68,179103.12,1
PO-04658,S001,FastTrack Logistics,Tier 1,Road,Spare Parts,WH-South,2024-04-28,2024-05-02,2024-05-02,2024,4,Q2,Apr,4,0,1,170,170,0,0.0,183.26,31154.2,1
PO-04659,S007,Swift Carriers,Tier 2,Road,Finished Goods,WH-East,2024-04-28,2024-05-01,2024-05-01,2024,4,Q2,Apr,3,0,1,1804,1804,0,0.0,336.4,606865.6,1
PO-04660,S006,PrimeParts Inc.,Tier 1,Sea,Electronics,WH-North,2024-04-28,2024-05-10,2024-05-10,2024,4,Q2,Apr,12,0,1,1795,1795,0,0.0,25.25,45323.75,1
PO-04661,S006,PrimeParts Inc.,Tier 1,Sea,Finished Goods,WH-Central,2024-04-28,2024-05-05,2024-05-05,2024,4,Q2,Apr,7,0,1,932,932,0,0.0,131.06,122147.92,1
PO-04662,S009,Eastside Components,Tier 2,Sea,Raw Materials,WH-East,2024-04-28,2024-05-02,2024-05-02,2024,4,Q2,Apr,4,0,1,285,285,0,0.0,173.55,49461.75,1
PO-04663,S001,FastTrack Logistics,Tier 1,Road,Components,WH-West,2024-04-29,2024-05-15,2024-05-15,2024,4,Q2,Apr,16,0,1,583,583,0,0.0,125.4,73108.2,1
PO-04664,S002,BlueStar Freight,Tier 1,Rail,Textiles,WH-South,2024-04-29,2024-05-20,2024-05-20,2024,4,Q2,Apr,21,0,1,1052,1052,0,0.0,63.3,66591.6,1
PO-04665,S008,Northern Logistics,Tier 3,Rail,Textiles,WH-Central,2024-04-29,2024-05-19,2024-05-26,2024,4,Q2,Apr,20,7,0,437,437,0,0.0,419.86,183478.82,1
PO-04666,S008,Northern Logistics,Tier 3,Rail,Components,WH-West,2024-04-29,2024-05-08,2024-05-08,2024,4,Q2,Apr,9,0,1,661,661,0,0.0,495.7,327657.7,1
PO-04667,S006,PrimeParts Inc.,Tier 1,Sea,Raw Materials,WH-North,2024-04-29,2024-05-05,2024-05-05,2024,4,Q2,Apr,6,0,1,441,441,0,0.0,167.07,73677.87,1
PO-04668,S005,Metro Distributors,Tier 2,Road,Chemicals,WH-East,2024-04-29,2024-05-18,2024-05-18,2024,4,Q2,Apr,19,0,1,1818,1722,96,5.28,383.72,697602.96,0
PO-04669,S006,PrimeParts Inc.,Tier 1,Sea,Finished Goods,WH-West,2024-04-29,2024-05-02,2024-05-02,2024,4,Q2,Apr,3,0,1,656,583,73,11.13,40.17,26351.52,0
PO-04670,S009,Eastside Components,Tier 2,Sea,Electronics,WH-North,2024-04-29,2024-05-20,2024-05-20,2024,4,Q2,Apr,21,0,1,691,691,0,0.0,80.03,55300.73,1
PO-04671,S009,Eastside Components,Tier 2,Sea,Textiles,WH-West,2024-04-30,2024-05-14,2024-05-14,2024,4,Q2,Apr,14,0,1,1163,1163,0,0.0,166.64,193802.32,1
PO-04672,S009,Eastside Components,Tier 2,Sea,Textiles,WH-North,2024-04-30,2024-05-19,2024-05-19,2024,4,Q2,Apr,19,0,1,98,98,0,0.0,120.5,11809.0,1
PO-04673,S007,Swift Carriers,Tier 2,Road,Electronics,WH-North,2024-04-30,2024-05-12,2024-05-12,2024,4,Q2,Apr,12,0,1,440,440,0,0.0,287.71,126592.4,1
PO-04674,S001,FastTrack Logistics,Tier 1,Road,Textiles,WH-East,2024-04-30,2024-05-11,2024-05-21,2024,4,Q2,Apr,11,10,0,1581,1581,0,0.0,203.2,321259.2,1
PO-04675,S007,Swift Carriers,Tier 2,Road,Chemicals,WH-North,2024-04-30,2024-05-16,2024-05-19,2024,4,Q2,Apr,16,3,0,1096,1096,0,0.0,413.23,452900.08,1
PO-04676,S010,Reliable Goods Co.,Tier 3,Road,Components,WH-North,2024-04-30,2024-05-07,2024-05-07,2024,4,Q2,Apr,7,0,1,163,147,16,9.82,150.78,24577.14,0
PO-04677,S007,Swift Carriers,Tier 2,Road,Spare Parts,WH-South,2024-04-30,2024-05-07,2024-05-15,2024,4,Q2,Apr,7,8,0,1566,1566,0,0.0,138.75,217282.5,1
PO-04678,S006,PrimeParts Inc.,Tier 1,Sea,Electronics,WH-North,2024-04-30,2024-05-08,2024-05-08,2024,4,Q2,Apr,8,0,1,1838,1838,0,0.0,323.13,593912.94,1
PO-04679,S008,Northern Logistics,Tier 3,Rail,Finished Goods,WH-North,2024-05-01,2024-05-20,2024-05-20,2024,5,Q2,May,19,0,1,176,176,0,0.0,431.93,76019.68,1
PO-04680,S009,Eastside Components,Tier 2,Sea,Components,WH-North,2024-05-01,2024-05-17,2024-05-31,2024,5,Q2,May,16,14,0,345,345,0,0.0,155.54,53661.3,1
PO-04681,S002,BlueStar Freight,Tier 1,Rail,Finished Goods,WH-South,2024-05-01,2024-05-08,2024-05-08,2024,5,Q2,May,7,0,1,1059,1059,0,0.0,229.53,243072.27,1
PO-04682,S008,Northern Logistics,Tier 3,Rail,Components,WH-North,2024-05-01,2024-05-18,2024-05-18,2024,5,Q2,May,17,0,1,1735,1735,0,0.0,343.14,595347.9,1
PO-04683,S003,Apex Supply Co.,Tier 2,Road,Chemicals,WH-West,2024-05-02,2024-05-14,2024-05-14,2024,5,Q2,May,12,0,1,1570,1570,0,0.0,35.23,55311.1,1
PO-04684,S010,Reliable Goods Co.,Tier 3,Road,Raw Materials,WH-South,2024-05-02,2024-05-13,2024-05-13,2024,5,Q2,May,11,0,1,222,222,0,0.0,462.02,102568.44,1
PO-04685,S005,Metro Distributors,Tier 2,Road,Components,WH-West,2024-05-02,2024-05-18,2024-05-18,2024,5,Q2,May,16,0,1,1577,1577,0,0.0,29.91,47168.07,1
PO-04686,S006,PrimeParts Inc.,Tier 1,Sea,Textiles,WH-West,2024-05-02,2024-05-19,2024-05-19,2024,5,Q2,May,17,0,1,651,651,0,0.0,232.85,151585.35,1
PO-04687,S009,Eastside Components,Tier 2,Sea,Textiles,WH-North,2024-05-02,2024-05-15,2024-05-15,2024,5,Q2,May,13,0,1,1884,1884,0,0.0,498.0,938232.0,1
PO-04688,S004,Global Parts Ltd,Tier 1,Air,Raw Materials,WH-South,2024-05-02,2024-05-21,2024-06-04,2024,5,Q2,May,19,14,0,1382,1382,0,0.0,163.33,225722.06,1
PO-04689,S007,Swift Carriers,Tier 2,Road,Spare Parts,WH-North,2024-05-02,2024-05-19,2024-05-31,2024,5,Q2,May,17,12,0,185,185,0,0.0,314.42,58167.7,1
PO-04690,S009,Eastside Components,Tier 2,Sea,Electronics,WH-West,2024-05-03,2024-05-14,2024-05-14,2024,5,Q2,May,11,0,1,1161,1161,0,0.0,33.14,38475.54,1
PO-04691,S001,FastTrack Logistics,Tier 1,Road,Spare Parts,WH-East,2024-05-03,2024-05-17,2024-05-17,2024,5,Q2,May,14,0,1,1950,1950,0,0.0,185.81,362329.5,1
PO-04692,S002,BlueStar Freight,Tier 1,Rail,Textiles,WH-Central,2024-05-03,2024-05-08,2024-05-08,2024,5,Q2,May,5,0,1,951,951,0,0.0,381.46,362768.46,1
PO-04693,S005,Metro Distributors,Tier 2,Road,Components,WH-South,2024-05-04,2024-05-10,2024-05-10,2024,5,Q2,May,6,0,1,1671,1671,0,0.0,26.25,43863.75,1
PO-04694,S009,Eastside Components,Tier 2,Sea,Chemicals,WH-East,2024-05-04,2024-05-07,2024-05-07,2024,5,Q2,May,3,0,1,787,787,0,0.0,362.45,285248.15,1
PO-04695,S001,FastTrack Logistics,Tier 1,Road,Components,WH-East,2024-05-04,2024-05-17,2024-05-17,2024,5,Q2,May,13,0,1,344,344,0,0.0,7.37,2535.28,1
PO-04696,S009,Eastside Components,Tier 2,Sea,Raw Materials,WH-North,2024-05-05,2024-05-20,2024-05-20,2024,5,Q2,May,15,0,1,911,911,0,0.0,93.38,85069.18,1
PO-04697,S003,Apex Supply Co.,Tier 2,Road,Finished Goods,WH-South,2024-05-05,2024-05-13,2024-05-14,2024,5,Q2,May,8,1,0,1002,1002,0,0.0,296.49,297082.98,1
PO-04698,S006,PrimeParts Inc.,Tier 1,Sea,Chemicals,WH-Central,2024-05-05,2024-05-24,2024-05-24,2024,5,Q2,May,19,0,1,474,474,0,0.0,270.06,128008.44,1
PO-04699,S003,Apex Supply Co.,Tier 2,Road,Raw Materials,WH-North,2024-05-05,2024-05-08,2024-05-08,2024,5,Q2,May,3,0,1,1251,1251,0,0.0,257.64,322307.64,1
PO-04700,S007,Swift Carriers,Tier 2,Road,Raw Materials,WH-West,2024-05-05,2024-05-20,2024-05-20,2024,5,Q2,May,15,0,1,95,92,3,3.16,85.77,8148.15,0
PO-04701,S005,Metro Distributors,Tier 2,Road,Spare Parts,WH-North,2024-05-05,2024-05-13,2024-05-13,2024,5,Q2,May,8,0,1,513,513,0,0.0,20.9,10721.7,1
PO-04702,S010,Reliable Goods Co.,Tier 3,Road,Textiles,WH-West,2024-05-05,2024-05-21,2024-05-21,2024,5,Q2,May,16,0,1,746,652,94,12.6,153.92,114824.32,0
PO-04703,S001,FastTrack Logistics,Tier 1,Road,Textiles,WH-North,2024-05-06,2024-05-14,2024-05-14,2024,5,Q2,May,8,0,1,1408,1408,0,0.0,333.79,469976.32,1
PO-04704,S008,Northern Logistics,Tier 3,Rail,Finished Goods,WH-West,2024-05-06,2024-05-20,2024-05-28,2024,5,Q2,May,14,8,0,878,878,0,0.0,395.62,347354.36,1
PO-04705,S006,PrimeParts Inc.,Tier 1,Sea,Packaging,WH-North,2024-05-06,2024-05-23,2024-05-23,2024,5,Q2,May,17,0,1,707,707,0,0.0,497.07,351428.49,1
PO-04706,S005,Metro Distributors,Tier 2,Road,Textiles,WH-Central,2024-05-06,2024-05-27,2024-05-27,2024,5,Q2,May,21,0,1,671,671,0,0.0,483.14,324186.94,1
PO-04707,S002,BlueStar Freight,Tier 1,Rail,Electronics,WH-Central,2024-05-06,2024-05-22,2024-05-22,2024,5,Q2,May,16,0,1,422,422,0,0.0,78.4,33084.8,1
PO-04708,S001,FastTrack Logistics,Tier 1,Road,Finished Goods,WH-South,2024-05-06,2024-05-19,2024-05-19,2024,5,Q2,May,13,0,1,234,234,0,0.0,133.18,31164.12,1
PO-04709,S002,BlueStar Freight,Tier 1,Rail,Raw Materials,WH-East,2024-05-06,2024-05-18,2024-05-18,2024,5,Q2,May,12,0,1,388,388,0,0.0,186.33,72296.04,1
PO-04710,S008,Northern Logistics,Tier 3,Rail,Raw Materials,WH-South,2024-05-06,2024-05-11,2024-05-11,2024,5,Q2,May,5,0,1,1826,1826,0,0.0,100.51,183531.26,1
PO-04711,S001,FastTrack Logistics,Tier 1,Road,Chemicals,WH-South,2024-05-07,2024-05-11,2024-05-11,2024,5,Q2,May,4,0,1,137,137,0,0.0,34.84,4773.08,1
PO-04712,S009,Eastside Components,Tier 2,Sea,Chemicals,WH-North,2024-05-07,2024-05-18,2024-05-18,2024,5,Q2,May,11,0,1,979,979,0,0.0,105.88,103656.52,1
PO-04713,S001,FastTrack Logistics,Tier 1,Road,Packaging,WH-South,2024-05-07,2024-05-10,2024-05-10,2024,5,Q2,May,3,0,1,310,310,0,0.0,218.1,67611.0,1
PO-04714,S007,Swift Carriers,Tier 2,Road,Spare Parts,WH-West,2024-05-07,2024-05-23,2024-05-23,2024,5,Q2,May,16,0,1,864,864,0,0.0,114.52,98945.28,1
PO-04715,S010,Reliable Goods Co.,Tier 3,Road,Textiles,WH-West,2024-05-07,2024-05-21,2024-05-22,2024,5,Q2,May,14,1,0,1334,1318,16,1.2,478.74,638639.16,0
PO-04716,S009,Eastside Components,Tier 2,Sea,Components,WH-South,2024-05-08,2024-05-20,2024-05-20,2024,5,Q2,May,12,0,1,738,738,0,0.0,19.03,14044.14,1
PO-04717,S003,Apex Supply Co.,Tier 2,Road,Chemicals,WH-South,2024-05-08,2024-05-25,2024-06-07,2024,5,Q2,May,17,13,0,1802,1802,0,0.0,222.03,400098.06,1
PO-04718,S006,PrimeParts Inc.,Tier 1,Sea,Components,WH-North,2024-05-08,2024-05-13,2024-05-16,2024,5,Q2,May,5,3,0,1808,1808,0,0.0,454.03,820886.24,1
PO-04719,S004,Global Parts Ltd,Tier 1,Air,Spare Parts,WH-South,2024-05-08,2024-05-23,2024-05-23,2024,5,Q2,May,15,0,1,1713,1713,0,0.0,429.5,735733.5,1
PO-04720,S009,Eastside Components,Tier 2,Sea,Raw Materials,WH-West,2024-05-08,2024-05-15,2024-05-15,2024,5,Q2,May,7,0,1,461,461,0,0.0,309.57,142711.77,1
PO-04721,S006,PrimeParts Inc.,Tier 1,Sea,Electronics,WH-Central,2024-05-08,2024-05-18,2024-05-18,2024,5,Q2,May,10,0,1,935,935,0,0.0,46.28,43271.8,1
PO-04722,S009,Eastside Components,Tier 2,Sea,Electronics,WH-West,2024-05-09,2024-05-24,2024-05-24,2024,5,Q2,May,15,0,1,598,598,0,0.0,188.78,112890.44,1
PO-04723,S002,BlueStar Freight,Tier 1,Rail,Electronics,WH-Central,2024-05-09,2024-05-13,2024-05-26,2024,5,Q2,May,4,13,0,1873,1873,0,0.0,96.88,181456.24,1
PO-04724,S008,Northern Logistics,Tier 3,Rail,Packaging,WH-Central,2024-05-09,2024-05-21,2024-05-21,2024,5,Q2,May,12,0,1,1711,1711,0,0.0,468.24,801158.64,1
PO-04725,S007,Swift Carriers,Tier 2,Road,Spare Parts,WH-South,2024-05-09,2024-05-22,2024-05-22,2024,5,Q2,May,13,0,1,1975,1975,0,0.0,412.43,814549.25,1
PO-04726,S009,Eastside Components,Tier 2,Sea,Spare Parts,WH-Central,2024-05-09,2024-05-26,2024-05-26,2024,5,Q2,May,17,0,1,1587,1587,0,0.0,135.78,215482.86,1
PO-04727,S007,Swift Carriers,Tier 2,Road,Electronics,WH-East,2024-05-09,2024-05-12,2024-05-13,2024,5,Q2,May,3,1,0,942,942,0,0.0,111.55,105080.1,1
PO-04728,S001,FastTrack Logistics,Tier 1,Road,Chemicals,WH-North,2024-05-10,2024-05-19,2024-05-19,2024,5,Q2,May,9,0,1,1093,1093,0,0.0,426.69,466372.17,1
PO-04729,S003,Apex Supply Co.,Tier 2,Road,Components,WH-West,2024-05-10,2024-05-22,2024-06-05,2024,5,Q2,May,12,14,0,1347,1347,0,0.0,402.16,541709.52,1
PO-04730,S002,BlueStar Freight,Tier 1,Rail,Packaging,WH-Central,2024-05-10,2024-05-16,2024-05-16,2024,5,Q2,May,6,0,1,1800,1800,0,0.0,189.44,340992.0,1
PO-04731,S006,PrimeParts Inc.,Tier 1,Sea,Chemicals,WH-East,2024-05-10,2024-05-15,2024-05-15,2024,5,Q2,May,5,0,1,597,597,0,0.0,306.5,182980.5,1
PO-04732,S004,Global Parts Ltd,Tier 1,Air,Electronics,WH-Central,2024-05-10,2024-05-13,2024-05-13,2024,5,Q2,May,3,0,1,1460,1460,0,0.0,301.73,440525.8,1
PO-04733,S001,FastTrack Logistics,Tier 1,Road,Textiles,WH-West,2024-05-10,2024-05-30,2024-05-30,2024,5,Q2,May,20,0,1,168,168,0,0.0,453.3,76154.4,1
PO-04734,S001,FastTrack Logistics,Tier 1,Road,Finished Goods,WH-East,2024-05-11,2024-06-01,2024-06-01,2024,5,Q2,May,21,0,1,1012,1012,0,0.0,247.83,250803.96,1
PO-04735,S010,Reliable Goods Co.,Tier 3,Road,Electronics,WH-South,2024-05-11,2024-05-25,2024-05-25,2024,5,Q2,May,14,0,1,911,911,0,0.0,400.5,364855.5,1
PO-04736,S010,Reliable Goods Co.,Tier 3,Road,Packaging,WH-East,2024-05-11,2024-05-21,2024-05-21,2024,5,Q2,May,10,0,1,1992,1992,0,0.0,410.91,818532.72,1
PO-04737,S007,Swift Carriers,Tier 2,Road,Spare Parts,WH-South,2024-05-11,2024-05-30,2024-06-06,2024,5,Q2,May,19,7,0,1480,1480,0,0.0,326.72,483545.6,1
PO-04738,S004,Global Parts Ltd,Tier 1,Air,Finished Goods,WH-East,2024-05-11,2024-05-14,2024-05-14,2024,5,Q2,May,3,0,1,109,109,0,0.0,212.08,23116.72,1
PO-04739,S005,Metro Distributors,Tier 2,Road,Raw Materials,WH-Central,2024-05-11,2024-05-31,2024-06-05,2024,5,Q2,May,20,5,0,1667,1667,0,0.0,371.96,620057.32,1
PO-04740,S009,Eastside Components,Tier 2,Sea,Packaging,WH-North,2024-05-11,2024-05-18,2024-05-18,2024,5,Q2,May,7,0,1,431,431,0,0.0,95.08,40979.48,1
PO-04741,S010,Reliable Goods Co.,Tier 3,Road,Chemicals,WH-South,2024-05-11,2024-05-15,2024-05-15,2024,5,Q2,May,4,0,1,349,349,0,0.0,84.64,29539.36,1
PO-04742,S005,Metro Distributors,Tier 2,Road,Finished Goods,WH-South,2024-05-12,2024-06-01,2024-06-01,2024,5,Q2,May,20,0,1,1312,1312,0,0.0,441.22,578880.64,1
PO-04743,S002,BlueStar Freight,Tier 1,Rail,Spare Parts,WH-East,2024-05-12,2024-05-30,2024-05-30,2024,5,Q2,May,18,0,1,1951,1951,0,0.0,324.51,633119.01,1
PO-04744,S007,Swift Carriers,Tier 2,Road,Finished Goods,WH-West,2024-05-12,2024-05-28,2024-05-28,2024,5,Q2,May,16,0,1,182,182,0,0.0,119.77,21798.14,1
PO-04745,S010,Reliable Goods Co.,Tier 3,Road,Electronics,WH-East,2024-05-12,2024-05-15,2024-05-24,2024,5,Q2,May,3,9,0,1412,1412,0,0.0,92.23,130228.76,1
PO-04746,S005,Metro Distributors,Tier 2,Road,Components,WH-South,2024-05-12,2024-05-23,2024-06-02,2024,5,Q2,May,11,10,0,1493,1493,0,0.0,478.45,714325.85,1
PO-04747,S004,Global Parts Ltd,Tier 1,Air,Raw Materials,WH-South,2024-05-12,2024-05-29,2024-05-29,2024,5,Q2,May,17,0,1,165,165,0,0.0,90.63,14953.95,1
PO-04748,S002,BlueStar Freight,Tier 1,Rail,Finished Goods,WH-South,2024-05-12,2024-05-21,2024-05-21,2024,5,Q2,May,9,0,1,1812,1812,0,0.0,462.89,838756.68,1
PO-04749,S010,Reliable Goods Co.,Tier 3,Road,Chemicals,WH-West,2024-05-13,2024-05-31,2024-06-06,2024,5,Q2,May,18,6,0,1831,1831,0,0.0,192.9,353199.9,1
PO-04750,S008,Northern Logistics,Tier 3,Rail,Components,WH-North,2024-05-13,2024-06-02,2024-06-02,2024,5,Q2,May,20,0,1,106,97,9,8.49,174.29,18474.74,0
PO-04751,S001,FastTrack Logistics,Tier 1,Road,Finished Goods,WH-North,2024-05-13,2024-06-03,2024-06-03,2024,5,Q2,May,21,0,1,1727,1727,0,0.0,305.94,528358.38,1
PO-04752,S007,Swift Carriers,Tier 2,Road,Raw Materials,WH-South,2024-05-13,2024-05-16,2024-05-26,2024,5,Q2,May,3,10,0,817,817,0,0.0,149.93,122492.81,1
PO-04753,S008,Northern Logistics,Tier 3,Rail,Electronics,WH-West,2024-05-14,2024-06-02,2024-06-10,2024,5,Q2,May,19,8,0,1109,1034,75,6.76,93.45,103636.05,0
PO-04754,S010,Reliable Goods Co.,Tier 3,Road,Spare Parts,WH-North,2024-05-14,2024-05-27,2024-05-27,2024,5,Q2,May,13,0,1,592,564,28,4.73,463.69,274504.48,0
PO-04755,S006,PrimeParts Inc.,Tier 1,Sea,Finished Goods,WH-South,2024-05-14,2024-05-25,2024-05-25,2024,5,Q2,May,11,0,1,368,368,0,0.0,482.65,177615.2,1
PO-04756,S008,Northern Logistics,Tier 3,Rail,Electronics,WH-East,2024-05-14,2024-05-17,2024-05-17,2024,5,Q2,May,3,0,1,894,894,0,0.0,170.75,152650.5,1
PO-04757,S004,Global Parts Ltd,Tier 1,Air,Spare Parts,WH-South,2024-05-15,2024-05-29,2024-06-09,2024,5,Q2,May,14,11,0,163,163,0,0.0,250.92,40899.96,1
PO-04758,S003,Apex Supply Co.,Tier 2,Road,Electronics,WH-West,2024-05-15,2024-05-27,2024-05-27,2024,5,Q2,May,12,0,1,405,374,31,7.65,122.88,49766.4,0
PO-04759,S003,Apex Supply Co.,Tier 2,Road,Textiles,WH-Central,2024-05-15,2024-06-03,2024-06-03,2024,5,Q2,May,19,0,1,1127,1127,0,0.0,256.41,288974.07,1
PO-04760,S010,Reliable Goods Co.,Tier 3,Road,Electronics,WH-North,2024-05-15,2024-05-28,2024-05-28,2024,5,Q2,May,13,0,1,1912,1912,0,0.0,10.61,20286.32,1
PO-04761,S009,Eastside Components,Tier 2,Sea,Packaging,WH-East,2024-05-15,2024-05-28,2024-05-28,2024,5,Q2,May,13,0,1,145,145,0,0.0,77.89,11294.05,1
PO-04762,S002,BlueStar Freight,Tier 1,Rail,Components,WH-West,2024-05-15,2024-05-23,2024-05-23,2024,5,Q2,May,8,0,1,1039,1039,0,0.0,140.87,146363.93,1
PO-04763,S001,FastTrack Logistics,Tier 1,Road,Raw Materials,WH-West,2024-05-15,2024-05-21,2024-05-21,2024,5,Q2,May,6,0,1,1148,1148,0,0.0,165.56,190062.88,1
PO-04764,S006,PrimeParts Inc.,Tier 1,Sea,Components,WH-North,2024-05-15,2024-06-02,2024-06-02,2024,5,Q2,May,18,0,1,1070,1070,0,0.0,442.35,473314.5,1
PO-04765,S003,Apex Supply Co.,Tier 2,Road,Packaging,WH-West,2024-05-16,2024-05-25,2024-05-25,2024,5,Q2,May,9,0,1,1648,1648,0,0.0,279.13,460006.24,1
PO-04766,S009,Eastside Components,Tier 2,Sea,Finished Goods,WH-East,2024-05-16,2024-05-28,2024-06-01,2024,5,Q2,May,12,4,0,910,910,0,0.0,379.7,345527.0,1
PO-04767,S003,Apex Supply Co.,Tier 2,Road,Chemicals,WH-East,2024-05-16,2024-05-30,2024-05-30,2024,5,Q2,May,14,0,1,1942,1942,0,0.0,383.18,744135.56,1
PO-04768,S007,Swift Carriers,Tier 2,Road,Textiles,WH-South,2024-05-16,2024-05-21,2024-05-21,2024,5,Q2,May,5,0,1,808,808,0,0.0,463.13,374209.04,1
PO-04769,S010,Reliable Goods Co.,Tier 3,Road,Components,WH-South,2024-05-16,2024-05-30,2024-06-06,2024,5,Q2,May,14,7,0,687,687,0,0.0,491.31,337529.97,1
PO-04770,S006,PrimeParts Inc.,Tier 1,Sea,Chemicals,WH-North,2024-05-16,2024-06-06,2024-06-06,2024,5,Q2,May,21,0,1,149,149,0,0.0,356.34,53094.66,1
PO-04771,S009,Eastside Components,Tier 2,Sea,Packaging,WH-West,2024-05-16,2024-05-21,2024-05-21,2024,5,Q2,May,5,0,1,1591,1591,0,0.0,291.18,463267.38,1
PO-04772,S004,Global Parts Ltd,Tier 1,Air,Chemicals,WH-East,2024-05-17,2024-05-27,2024-06-01,2024,5,Q2,May,10,5,0,844,844,0,0.0,132.65,111956.6,1
PO-04773,S002,BlueStar Freight,Tier 1,Rail,Packaging,WH-South,2024-05-17,2024-05-24,2024-05-24,2024,5,Q2,May,7,0,1,184,184,0,0.0,145.79,26825.36,1
PO-04774,S004,Global Parts Ltd,Tier 1,Air,Finished Goods,WH-West,2024-05-17,2024-05-28,2024-05-28,2024,5,Q2,May,11,0,1,640,640,0,0.0,21.57,13804.8,1
PO-04775,S010,Reliable Goods Co.,Tier 3,Road,Chemicals,WH-West,2024-05-17,2024-05-20,2024-05-20,2024,5,Q2,May,3,0,1,1373,1274,99,7.21,13.09,17972.57,0
PO-04776,S004,Global Parts Ltd,Tier 1,Air,Packaging,WH-South,2024-05-17,2024-06-07,2024-06-07,2024,5,Q2,May,21,0,1,429,429,0,0.0,294.21,126216.09,1
PO-04777,S008,Northern Logistics,Tier 3,Rail,Electronics,WH-East,2024-05-17,2024-05-28,2024-05-28,2024,5,Q2,May,11,0,1,518,518,0,0.0,490.28,253965.04,1
PO-04778,S010,Reliable Goods Co.,Tier 3,Road,Raw Materials,WH-North,2024-05-18,2024-06-07,2024-06-15,2024,5,Q2,May,20,8,0,604,604,0,0.0,326.96,197483.84,1
PO-04779,S008,Northern Logistics,Tier 3,Rail,Electronics,WH-West,2024-05-18,2024-06-07,2024-06-20,2024,5,Q2,May,20,13,0,358,358,0,0.0,107.21,38381.18,1
PO-04780,S004,Global Parts Ltd,Tier 1,Air,Packaging,WH-North,2024-05-18,2024-06-02,2024-06-02,2024,5,Q2,May,15,0,1,1617,1617,0,0.0,332.49,537636.33,1
PO-04781,S001,FastTrack Logistics,Tier 1,Road,Components,WH-South,2024-05-19,2024-05-24,2024-05-24,2024,5,Q2,May,5,0,1,752,752,0,0.0,334.22,251333.44,1
PO-04782,S005,Metro Distributors,Tier 2,Road,Finished Goods,WH-West,2024-05-19,2024-05-25,2024-05-25,2024,5,Q2,May,6,0,1,1065,1065,0,0.0,23.77,25315.05,1
PO-04783,S002,BlueStar Freight,Tier 1,Rail,Packaging,WH-North,2024-05-19,2024-06-02,2024-06-02,2024,5,Q2,May,14,0,1,1684,1684,0,0.0,212.52,357883.68,1
PO-04784,S006,PrimeParts Inc.,Tier 1,Sea,Finished Goods,WH-East,2024-05-19,2024-06-02,2024-06-02,2024,5,Q2,May,14,0,1,654,654,0,0.0,336.23,219894.42,1
PO-04785,S006,PrimeParts Inc.,Tier 1,Sea,Spare Parts,WH-North,2024-05-19,2024-06-02,2024-06-02,2024,5,Q2,May,14,0,1,1756,1756,0,0.0,79.25,139163.0,1
PO-04786,S004,Global Parts Ltd,Tier 1,Air,Packaging,WH-West,2024-05-20,2024-06-02,2024-06-04,2024,5,Q2,May,13,2,0,1401,1401,0,0.0,318.46,446162.46,1
PO-04787,S005,Metro Distributors,Tier 2,Road,Components,WH-West,2024-05-20,2024-06-09,2024-06-09,2024,5,Q2,May,20,0,1,597,597,0,0.0,395.68,236220.96,1
PO-04788,S005,Metro Distributors,Tier 2,Road,Electronics,WH-South,2024-05-20,2024-05-30,2024-05-30,2024,5,Q2,May,10,0,1,345,345,0,0.0,110.04,37963.8,1
PO-04789,S007,Swift Carriers,Tier 2,Road,Components,WH-North,2024-05-20,2024-06-09,2024-06-09,2024,5,Q2,May,20,0,1,285,285,0,0.0,94.07,26809.95,1
PO-04790,S004,Global Parts Ltd,Tier 1,Air,Packaging,WH-East,2024-05-20,2024-06-06,2024-06-06,2024,5,Q2,May,17,0,1,469,469,0,0.0,123.83,58076.27,1
PO-04791,S010,Reliable Goods Co.,Tier 3,Road,Raw Materials,WH-Central,2024-05-20,2024-05-23,2024-05-23,2024,5,Q2,May,3,0,1,560,560,0,0.0,339.43,190080.8,1
PO-04792,S004,Global Parts Ltd,Tier 1,Air,Electronics,WH-North,2024-05-20,2024-05-26,2024-05-26,2024,5,Q2,May,6,0,1,918,918,0,0.0,32.8,30110.4,1
PO-04793,S006,PrimeParts Inc.,Tier 1,Sea,Chemicals,WH-East,2024-05-21,2024-05-31,2024-05-31,2024,5,Q2,May,10,0,1,616,616,0,0.0,321.55,198074.8,1
PO-04794,S007,Swift Carriers,Tier 2,Road,Finished Goods,WH-West,2024-05-21,2024-06-08,2024-06-08,2024,5,Q2,May,18,0,1,690,690,0,0.0,10.21,7044.9,1
PO-04795,S008,Northern Logistics,Tier 3,Rail,Raw Materials,WH-Central,2024-05-21,2024-05-28,2024-05-28,2024,5,Q2,May,7,0,1,1249,1249,0,0.0,38.23,47749.27,1
PO-04796,S008,Northern Logistics,Tier 3,Rail,Textiles,WH-West,2024-05-21,2024-05-25,2024-05-25,2024,5,Q2,May,4,0,1,679,679,0,0.0,163.87,111267.73,1
PO-04797,S003,Apex Supply Co.,Tier 2,Road,Raw Materials,WH-South,2024-05-21,2024-05-26,2024-06-03,2024,5,Q2,May,5,8,0,1814,1814,0,0.0,113.1,205163.4,1
PO-04798,S003,Apex Supply Co.,Tier 2,Road,Finished Goods,WH-East,2024-05-21,2024-05-26,2024-05-26,2024,5,Q2,May,5,0,1,234,234,0,0.0,474.58,111051.72,1
PO-04799,S008,Northern Logistics,Tier 3,Rail,Raw Materials,WH-South,2024-05-21,2024-05-25,2024-05-25,2024,5,Q2,May,4,0,1,601,601,0,0.0,391.35,235201.35,1
PO-04800,S006,PrimeParts Inc.,Tier 1,Sea,Spare Parts,WH-North,2024-05-21,2024-06-06,2024-06-06,2024,5,Q2,May,16,0,1,185,185,0,0.0,130.53,24148.05,1
PO-04801,S009,Eastside Components,Tier 2,Sea,Packaging,WH-North,2024-05-22,2024-06-08,2024-06-08,2024,5,Q2,May,17,0,1,1905,1905,0,0.0,222.98,424776.9,1
PO-04802,S003,Apex Supply Co.,Tier 2,Road,Textiles,WH-West,2024-05-22,2024-06-05,2024-06-06,2024,5,Q2,May,14,1,0,973,875,98,10.07,74.94,72916.62,0
PO-04803,S002,BlueStar Freight,Tier 1,Rail,Components,WH-West,2024-05-22,2024-06-07,2024-06-07,2024,5,Q2,May,16,0,1,671,671,0,0.0,435.76,292394.96,1
PO-04804,S006,PrimeParts Inc.,Tier 1,Sea,Chemicals,WH-South,2024-05-22,2024-06-10,2024-06-10,2024,5,Q2,May,19,0,1,959,959,0,0.0,297.47,285273.73,1
PO-04805,S009,Eastside Components,Tier 2,Sea,Packaging,WH-West,2024-05-22,2024-06-05,2024-06-05,2024,5,Q2,May,14,0,1,1082,1082,0,0.0,475.49,514480.18,1
PO-04806,S003,Apex Supply Co.,Tier 2,Road,Components,WH-North,2024-05-22,2024-05-27,2024-06-01,2024,5,Q2,May,5,5,0,1078,1078,0,0.0,36.87,39745.86,1
PO-04807,S004,Global Parts Ltd,Tier 1,Air,Finished Goods,WH-North,2024-05-23,2024-06-10,2024-06-10,2024,5,Q2,May,18,0,1,1988,1988,0,0.0,19.7,39163.6,1
PO-04808,S001,FastTrack Logistics,Tier 1,Road,Finished Goods,WH-East,2024-05-23,2024-06-12,2024-06-12,2024,5,Q2,May,20,0,1,93,93,0,0.0,416.61,38744.73,1
PO-04809,S002,BlueStar Freight,Tier 1,Rail,Raw Materials,WH-South,2024-05-23,2024-05-27,2024-05-27,2024,5,Q2,May,4,0,1,1178,1178,0,0.0,64.27,75710.06,1
PO-04810,S005,Metro Distributors,Tier 2,Road,Chemicals,WH-South,2024-05-23,2024-06-06,2024-06-13,2024,5,Q2,May,14,7,0,1173,1173,0,0.0,313.32,367524.36,1
PO-04811,S003,Apex Supply Co.,Tier 2,Road,Packaging,WH-West,2024-05-23,2024-05-30,2024-05-30,2024,5,Q2,May,7,0,1,1655,1486,169,10.21,494.3,818066.5,0
PO-04812,S004,Global Parts Ltd,Tier 1,Air,Textiles,WH-West,2024-05-23,2024-06-01,2024-06-01,2024,5,Q2,May,9,0,1,1893,1893,0,0.0,39.48,74735.64,1
PO-04813,S007,Swift Carriers,Tier 2,Road,Chemicals,WH-North,2024-05-23,2024-05-28,2024-05-28,2024,5,Q2,May,5,0,1,599,599,0,0.0,234.18,140273.82,1
PO-04814,S008,Northern Logistics,Tier 3,Rail,Electronics,WH-East,2024-05-24,2024-05-29,2024-05-29,2024,5,Q2,May,5,0,1,327,327,0,0.0,158.52,51836.04,1
PO-04815,S004,Global Parts Ltd,Tier 1,Air,Spare Parts,WH-West,2024-05-24,2024-06-08,2024-06-08,2024,5,Q2,May,15,0,1,455,455,0,0.0,102.01,46414.55,1
PO-04816,S008,Northern Logistics,Tier 3,Rail,Finished Goods,WH-Central,2024-05-24,2024-06-04,2024-06-04,2024,5,Q2,May,11,0,1,294,294,0,0.0,127.13,37376.22,1
PO-04817,S004,Global Parts Ltd,Tier 1,Air,Raw Materials,WH-South,2024-05-24,2024-06-12,2024-06-12,2024,5,Q2,May,19,0,1,372,372,0,0.0,246.89,91843.08,1
PO-04818,S009,Eastside Components,Tier 2,Sea,Packaging,WH-North,2024-05-25,2024-06-07,2024-06-07,2024,5,Q2,May,13,0,1,1160,1160,0,0.0,267.06,309789.6,1
PO-04819,S007,Swift Carriers,Tier 2,Road,Components,WH-South,2024-05-25,2024-06-05,2024-06-05,2024,5,Q2,May,11,0,1,785,785,0,0.0,139.39,109421.15,1
PO-04820,S002,BlueStar Freight,Tier 1,Rail,Chemicals,WH-West,2024-05-25,2024-06-08,2024-06-08,2024,5,Q2,May,14,0,1,1654,1654,0,0.0,337.67,558506.18,1
PO-04821,S006,PrimeParts Inc.,Tier 1,Sea,Finished Goods,WH-East,2024-05-25,2024-06-02,2024-06-08,2024,5,Q2,May,8,6,0,954,954,0,0.0,63.5,60579.0,1
PO-04822,S010,Reliable Goods Co.,Tier 3,Road,Packaging,WH-East,2024-05-25,2024-05-30,2024-05-30,2024,5,Q2,May,5,0,1,393,393,0,0.0,107.21,42133.53,1
PO-04823,S003,Apex Supply Co.,Tier 2,Road,Spare Parts,WH-East,2024-05-25,2024-05-30,2024-05-30,2024,5,Q2,May,5,0,1,832,832,0,0.0,454.59,378218.88,1
PO-04824,S010,Reliable Goods Co.,Tier 3,Road,Finished Goods,WH-Central,2024-05-26,2024-06-08,2024-06-08,2024,5,Q2,May,13,0,1,174,174,0,0.0,325.04,56556.96,1
PO-04825,S010,Reliable Goods Co.,Tier 3,Road,Chemicals,WH-South,2024-05-26,2024-06-05,2024-06-05,2024,5,Q2,May,10,0,1,56,56,0,0.0,124.53,6973.68,1
PO-04826,S010,Reliable Goods Co.,Tier 3,Road,Finished Goods,WH-Central,2024-05-26,2024-06-01,2024-06-01,2024,5,Q2,May,6,0,1,1190,1190,0,0.0,58.4,69496.0,1
PO-04827,S003,Apex Supply Co.,Tier 2,Road,Spare Parts,WH-South,2024-05-27,2024-06-17,2024-06-28,2024,5,Q2,May,21,11,0,330,330,0,0.0,159.82,52740.6,1
PO-04828,S004,Global Parts Ltd,Tier 1,Air,Chemicals,WH-Central,2024-05-27,2024-06-10,2024-06-10,2024,5,Q2,May,14,0,1,1098,1098,0,0.0,67.61,74235.78,1
PO-04829,S001,FastTrack Logistics,Tier 1,Road,Textiles,WH-South,2024-05-27,2024-06-07,2024-06-07,2024,5,Q2,May,11,0,1,564,564,0,0.0,79.11,44618.04,1
PO-04830,S004,Global Parts Ltd,Tier 1,Air,Spare Parts,WH-Central,2024-05-28,2024-06-03,2024-06-03,2024,5,Q2,May,6,0,1,192,192,0,0.0,117.42,22544.64,1
PO-04831,S005,Metro Distributors,Tier 2,Road,Spare Parts,WH-West,2024-05-28,2024-06-14,2024-06-16,2024,5,Q2,May,17,2,0,904,904,0,0.0,133.86,121009.44,1
PO-04832,S002,BlueStar Freight,Tier 1,Rail,Electronics,WH-West,2024-05-28,2024-06-14,2024-06-14,2024,5,Q2,May,17,0,1,1273,1273,0,0.0,238.62,303763.26,1
PO-04833,S005,Metro Distributors,Tier 2,Road,Spare Parts,WH-West,2024-05-28,2024-06-03,2024-06-03,2024,5,Q2,May,6,0,1,1821,1821,0,0.0,250.64,456415.44,1
PO-04834,S003,Apex Supply Co.,Tier 2,Road,Textiles,WH-South,2024-05-28,2024-06-14,2024-06-14,2024,5,Q2,May,17,0,1,111,111,0,0.0,485.4,53879.4,1
PO-04835,S004,Global Parts Ltd,Tier 1,Air,Finished Goods,WH-Central,2024-05-29,2024-06-19,2024-06-19,2024,5,Q2,May,21,0,1,1084,1084,0,0.0,473.44,513208.96,1
PO-04836,S009,Eastside Components,Tier 2,Sea,Finished Goods,WH-South,2024-05-29,2024-06-15,2024-06-15,2024,5,Q2,May,17,0,1,531,531,0,0.0,211.88,112508.28,1
PO-04837,S004,Global Parts Ltd,Tier 1,Air,Packaging,WH-North,2024-05-29,2024-06-11,2024-06-11,2024,5,Q2,May,13,0,1,496,496,0,0.0,265.89,131881.44,1
PO-04838,S003,Apex Supply Co.,Tier 2,Road,Chemicals,WH-Central,2024-05-30,2024-06-03,2024-06-03,2024,5,Q2,May,4,0,1,985,985,0,0.0,347.53,342317.05,1
PO-04839,S006,PrimeParts Inc.,Tier 1,Sea,Components,WH-West,2024-05-30,2024-06-18,2024-06-18,2024,5,Q2,May,19,0,1,1230,1230,0,0.0,169.31,208251.3,1
PO-04840,S003,Apex Supply Co.,Tier 2,Road,Packaging,WH-West,2024-05-30,2024-06-08,2024-06-21,2024,5,Q2,May,9,13,0,1138,1138,0,0.0,447.16,508868.08,1
PO-04841,S003,Apex Supply Co.,Tier 2,Road,Packaging,WH-North,2024-05-31,2024-06-04,2024-06-04,2024,5,Q2,May,4,0,1,1998,1998,0,0.0,256.13,511747.74,1
PO-04842,S010,Reliable Goods Co.,Tier 3,Road,Chemicals,WH-West,2024-05-31,2024-06-05,2024-06-10,2024,5,Q2,May,5,5,0,1680,1680,0,0.0,442.73,743786.4,1
PO-04843,S004,Global Parts Ltd,Tier 1,Air,Packaging,WH-West,2024-05-31,2024-06-17,2024-06-17,2024,5,Q2,May,17,0,1,1405,1405,0,0.0,485.34,681902.7,1
PO-04844,S004,Global Parts Ltd,Tier 1,Air,Spare Parts,WH-North,2024-06-01,2024-06-14,2024-06-14,2024,6,Q2,Jun,13,0,1,884,884,0,0.0,275.08,243170.72,1
PO-04845,S006,PrimeParts Inc.,Tier 1,Sea,Textiles,WH-Central,2024-06-01,2024-06-13,2024-06-26,2024,6,Q2,Jun,12,13,0,1509,1509,0,0.0,472.05,712323.45,1
PO-04846,S003,Apex Supply Co.,Tier 2,Road,Components,WH-South,2024-06-01,2024-06-10,2024-06-10,2024,6,Q2,Jun,9,0,1,758,758,0,0.0,24.84,18828.72,1
PO-04847,S009,Eastside Components,Tier 2,Sea,Spare Parts,WH-East,2024-06-01,2024-06-15,2024-06-15,2024,6,Q2,Jun,14,0,1,1948,1948,0,0.0,309.14,602204.72,1
PO-04848,S004,Global Parts Ltd,Tier 1,Air,Chemicals,WH-West,2024-06-01,2024-06-18,2024-06-18,2024,6,Q2,Jun,17,0,1,969,969,0,0.0,387.04,375041.76,1
PO-04849,S010,Reliable Goods Co.,Tier 3,Road,Electronics,WH-North,2024-06-02,2024-06-06,2024-06-06,2024,6,Q2,Jun,4,0,1,738,738,0,0.0,381.05,281214.9,1
PO-04850,S006,PrimeParts Inc.,Tier 1,Sea,Chemicals,WH-South,2024-06-02,2024-06-19,2024-06-19,2024,6,Q2,Jun,17,0,1,1050,901,149,14.19,485.18,509439.0,0
PO-04851,S007,Swift Carriers,Tier 2,Road,Electronics,WH-South,2024-06-02,2024-06-23,2024-06-23,2024,6,Q2,Jun,21,0,1,187,187,0,0.0,417.68,78106.16,1
PO-04852,S006,PrimeParts Inc.,Tier 1,Sea,Raw Materials,WH-West,2024-06-03,2024-06-21,2024-06-21,2024,6,Q2,Jun,18,0,1,1120,1120,0,0.0,33.19,37172.8,1
PO-04853,S002,BlueStar Freight,Tier 1,Rail,Components,WH-Central,2024-06-03,2024-06-08,2024-06-08,2024,6,Q2,Jun,5,0,1,1321,1321,0,0.0,482.11,636867.31,1
PO-04854,S009,Eastside Components,Tier 2,Sea,Packaging,WH-South,2024-06-03,2024-06-21,2024-06-21,2024,6,Q2,Jun,18,0,1,234,234,0,0.0,59.72,13974.48,1
PO-04855,S003,Apex Supply Co.,Tier 2,Road,Packaging,WH-North,2024-06-03,2024-06-23,2024-06-26,2024,6,Q2,Jun,20,3,0,1661,1661,0,0.0,26.15,43435.15,1
PO-04856,S002,BlueStar Freight,Tier 1,Rail,Electronics,WH-East,2024-06-03,2024-06-08,2024-06-08,2024,6,Q2,Jun,5,0,1,109,109,0,0.0,119.11,12982.99,1
PO-04857,S006,PrimeParts Inc.,Tier 1,Sea,Raw Materials,WH-East,2024-06-04,2024-06-25,2024-06-25,2024,6,Q2,Jun,21,0,1,537,537,0,0.0,221.01,118682.37,1
PO-04858,S006,PrimeParts Inc.,Tier 1,Sea,Components,WH-East,2024-06-04,2024-06-09,2024-06-09,2024,6,Q2,Jun,5,0,1,151,151,0,0.0,117.15,17689.65,1
PO-04859,S003,Apex Supply Co.,Tier 2,Road,Packaging,WH-South,2024-06-04,2024-06-22,2024-06-22,2024,6,Q2,Jun,18,0,1,854,854,0,0.0,396.72,338798.88,1
PO-04860,S007,Swift Carriers,Tier 2,Road,Chemicals,WH-South,2024-06-04,2024-06-22,2024-06-22,2024,6,Q2,Jun,18,0,1,1451,1451,0,0.0,417.62,605966.62,1
PO-04861,S004,Global Parts Ltd,Tier 1,Air,Packaging,WH-South,2024-06-04,2024-06-22,2024-06-22,2024,6,Q2,Jun,18,0,1,341,341,0,0.0,340.7,116178.7,1
PO-04862,S006,PrimeParts Inc.,Tier 1,Sea,Chemicals,WH-North,2024-06-05,2024-06-13,2024-06-13,2024,6,Q2,Jun,8,0,1,134,134,0,0.0,61.59,8253.06,1
PO-04863,S007,Swift Carriers,Tier 2,Road,Spare Parts,WH-South,2024-06-05,2024-06-22,2024-06-22,2024,6,Q2,Jun,17,0,1,442,442,0,0.0,437.63,193432.46,1
PO-04864,S010,Reliable Goods Co.,Tier 3,Road,Textiles,WH-Central,2024-06-05,2024-06-11,2024-06-19,2024,6,Q2,Jun,6,8,0,1056,1056,0,0.0,424.52,448293.12,1
PO-04865,S006,PrimeParts Inc.,Tier 1,Sea,Textiles,WH-West,2024-06-05,2024-06-24,2024-06-24,2024,6,Q2,Jun,19,0,1,1160,1160,0,0.0,345.2,400432.0,1
PO-04866,S002,BlueStar Freight,Tier 1,Rail,Spare Parts,WH-East,2024-06-05,2024-06-12,2024-06-12,2024,6,Q2,Jun,7,0,1,1844,1844,0,0.0,170.12,313701.28,1
PO-04867,S007,Swift Carriers,Tier 2,Road,Textiles,WH-East,2024-06-05,2024-06-16,2024-06-16,2024,6,Q2,Jun,11,0,1,1837,1661,176,9.58,149.27,274208.99,0
PO-04868,S009,Eastside Components,Tier 2,Sea,Electronics,WH-North,2024-06-05,2024-06-18,2024-06-18,2024,6,Q2,Jun,13,0,1,715,715,0,0.0,144.41,103253.15,1
PO-04869,S001,FastTrack Logistics,Tier 1,Road,Spare Parts,WH-South,2024-06-06,2024-06-21,2024-06-21,2024,6,Q2,Jun,15,0,1,368,368,0,0.0,432.63,159207.84,1
PO-04870,S002,BlueStar Freight,Tier 1,Rail,Raw Materials,WH-West,2024-06-06,2024-06-22,2024-06-22,2024,6,Q2,Jun,16,0,1,1648,1648,0,0.0,234.52,386488.96,1
PO-04871,S004,Global Parts Ltd,Tier 1,Air,Textiles,WH-South,2024-06-06,2024-06-11,2024-06-11,2024,6,Q2,Jun,5,0,1,786,786,0,0.0,26.36,20718.96,1
PO-04872,S009,Eastside Components,Tier 2,Sea,Finished Goods,WH-West,2024-06-07,2024-06-16,2024-06-16,2024,6,Q2,Jun,9,0,1,815,796,19,2.33,17.91,14596.65,0
PO-04873,S004,Global Parts Ltd,Tier 1,Air,Textiles,WH-North,2024-06-07,2024-06-14,2024-06-14,2024,6,Q2,Jun,7,0,1,968,968,0,0.0,385.33,372999.44,1
PO-04874,S004,Global Parts Ltd,Tier 1,Air,Chemicals,WH-South,2024-06-07,2024-06-18,2024-06-18,2024,6,Q2,Jun,11,0,1,233,233,0,0.0,428.64,99873.12,1
PO-04875,S008,Northern Logistics,Tier 3,Rail,Raw Materials,WH-East,2024-06-07,2024-06-24,2024-07-03,2024,6,Q2,Jun,17,9,0,179,179,0,0.0,349.77,62608.83,1
PO-04876,S006,PrimeParts Inc.,Tier 1,Sea,Components,WH-West,2024-06-07,2024-06-19,2024-06-19,2024,6,Q2,Jun,12,0,1,1580,1580,0,0.0,444.93,702989.4,1
PO-04877,S002,BlueStar Freight,Tier 1,Rail,Textiles,WH-West,2024-06-08,2024-06-15,2024-06-15,2024,6,Q2,Jun,7,0,1,921,921,0,0.0,337.04,310413.84,1
PO-04878,S004,Global Parts Ltd,Tier 1,Air,Components,WH-South,2024-06-08,2024-06-13,2024-06-13,2024,6,Q2,Jun,5,0,1,704,704,0,0.0,174.81,123066.24,1
PO-04879,S004,Global Parts Ltd,Tier 1,Air,Spare Parts,WH-North,2024-06-08,2024-06-28,2024-06-28,2024,6,Q2,Jun,20,0,1,1288,1288,0,0.0,372.42,479676.96,1
PO-04880,S004,Global Parts Ltd,Tier 1,Air,Raw Materials,WH-East,2024-06-08,2024-06-21,2024-06-21,2024,6,Q2,Jun,13,0,1,1890,1890,0,0.0,248.24,469173.6,1
PO-04881,S010,Reliable Goods Co.,Tier 3,Road,Raw Materials,WH-West,2024-06-08,2024-06-15,2024-06-20,2024,6,Q2,Jun,7,5,0,986,986,0,0.0,37.93,37398.98,1
PO-04882,S007,Swift Carriers,Tier 2,Road,Spare Parts,WH-Central,2024-06-08,2024-06-15,2024-06-20,2024,6,Q2,Jun,7,5,0,1439,1439,0,0.0,410.71,591011.69,1
PO-04883,S005,Metro Distributors,Tier 2,Road,Electronics,WH-South,2024-06-08,2024-06-27,2024-06-27,2024,6,Q2,Jun,19,0,1,1450,1450,0,0.0,285.33,413728.5,1
PO-04884,S001,FastTrack Logistics,Tier 1,Road,Components,WH-West,2024-06-08,2024-06-25,2024-06-25,2024,6,Q2,Jun,17,0,1,1434,1434,0,0.0,459.13,658392.42,1
PO-04885,S002,BlueStar Freight,Tier 1,Rail,Components,WH-West,2024-06-09,2024-06-20,2024-06-20,2024,6,Q2,Jun,11,0,1,1525,1525,0,0.0,283.31,432047.75,1
PO-04886,S005,Metro Distributors,Tier 2,Road,Spare Parts,WH-North,2024-06-09,2024-06-30,2024-06-30,2024,6,Q2,Jun,21,0,1,1199,1166,33,2.75,135.48,162440.52,0
PO-04887,S010,Reliable Goods Co.,Tier 3,Road,Textiles,WH-South,2024-06-09,2024-06-15,2024-06-15,2024,6,Q2,Jun,6,0,1,101,101,0,0.0,258.98,26156.98,1
PO-04888,S009,Eastside Components,Tier 2,Sea,Spare Parts,WH-Central,2024-06-09,2024-06-17,2024-06-17,2024,6,Q2,Jun,8,0,1,1487,1487,0,0.0,259.36,385668.32,1
PO-04889,S002,BlueStar Freight,Tier 1,Rail,Components,WH-West,2024-06-09,2024-06-15,2024-06-15,2024,6,Q2,Jun,6,0,1,367,367,0,0.0,430.78,158096.26,1
PO-04890,S006,PrimeParts Inc.,Tier 1,Sea,Raw Materials,WH-West,2024-06-09,2024-06-23,2024-06-23,2024,6,Q2,Jun,14,0,1,782,782,0,0.0,460.69,360259.58,1
PO-04891,S008,Northern Logistics,Tier 3,Rail,Components,WH-South,2024-06-09,2024-06-28,2024-06-28,2024,6,Q2,Jun,19,0,1,1030,1030,0,0.0,42.21,43476.3,1
PO-04892,S006,PrimeParts Inc.,Tier 1,Sea,Components,WH-East,2024-06-09,2024-06-12,2024-06-12,2024,6,Q2,Jun,3,0,1,464,464,0,0.0,205.99,95579.36,1
PO-04893,S003,Apex Supply Co.,Tier 2,Road,Textiles,WH-South,2024-06-10,2024-06-19,2024-06-19,2024,6,Q2,Jun,9,0,1,1511,1511,0,0.0,72.85,110076.35,1
PO-04894,S007,Swift Carriers,Tier 2,Road,Components,WH-Central,2024-06-10,2024-06-29,2024-07-02,2024,6,Q2,Jun,19,3,0,1404,1404,0,0.0,22.16,31112.64,1
PO-04895,S008,Northern Logistics,Tier 3,Rail,Electronics,WH-North,2024-06-10,2024-06-25,2024-06-25,2024,6,Q2,Jun,15,0,1,1963,1963,0,0.0,74.88,146989.44,1
PO-04896,S005,Metro Distributors,Tier 2,Road,Finished Goods,WH-Central,2024-06-10,2024-06-21,2024-06-21,2024,6,Q2,Jun,11,0,1,1588,1588,0,0.0,125.3,198976.4,1
PO-04897,S008,Northern Logistics,Tier 3,Rail,Textiles,WH-West,2024-06-10,2024-06-18,2024-06-18,2024,6,Q2,Jun,8,0,1,251,251,0,0.0,73.14,18358.14,1
PO-04898,S004,Global Parts Ltd,Tier 1,Air,Components,WH-West,2024-06-10,2024-06-13,2024-06-13,2024,6,Q2,Jun,3,0,1,180,176,4,2.22,152.2,27396.0,0
PO-04899,S006,PrimeParts Inc.,Tier 1,Sea,Chemicals,WH-South,2024-06-11,2024-07-02,2024-07-02,2024,6,Q2,Jun,21,0,1,1443,1443,0,0.0,99.61,143737.23,1
PO-04900,S002,BlueStar Freight,Tier 1,Rail,Spare Parts,WH-West,2024-06-11,2024-07-01,2024-07-01,2024,6,Q2,Jun,20,0,1,1021,1021,0,0.0,151.82,155008.22,1
PO-04901,S007,Swift Carriers,Tier 2,Road,Spare Parts,WH-East,2024-06-11,2024-06-22,2024-06-22,2024,6,Q2,Jun,11,0,1,450,450,0,0.0,5.53,2488.5,1
PO-04902,S001,FastTrack Logistics,Tier 1,Road,Finished Goods,WH-South,2024-06-12,2024-06-24,2024-06-24,2024,6,Q2,Jun,12,0,1,959,959,0,0.0,229.15,219754.85,1
PO-04903,S008,Northern Logistics,Tier 3,Rail,Electronics,WH-North,2024-06-12,2024-06-18,2024-06-18,2024,6,Q2,Jun,6,0,1,1110,1110,0,0.0,8.86,9834.6,1
PO-04904,S004,Global Parts Ltd,Tier 1,Air,Chemicals,WH-North,2024-06-12,2024-06-26,2024-07-06,2024,6,Q2,Jun,14,10,0,1937,1937,0,0.0,66.49,128791.13,1
PO-04905,S009,Eastside Components,Tier 2,Sea,Electronics,WH-South,2024-06-12,2024-06-22,2024-06-22,2024,6,Q2,Jun,10,0,1,606,592,14,2.31,455.64,276117.84,0
PO-04906,S010,Reliable Goods Co.,Tier 3,Road,Electronics,WH-West,2024-06-12,2024-07-03,2024-07-13,2024,6,Q2,Jun,21,10,0,1874,1874,0,0.0,131.66,246730.84,1
PO-04907,S007,Swift Carriers,Tier 2,Road,Spare Parts,WH-North,2024-06-13,2024-06-20,2024-06-22,2024,6,Q2,Jun,7,2,0,1049,1049,0,0.0,409.68,429754.32,1
PO-04908,S006,PrimeParts Inc.,Tier 1,Sea,Packaging,WH-North,2024-06-13,2024-06-18,2024-06-18,2024,6,Q2,Jun,5,0,1,486,486,0,0.0,129.43,62902.98,1
PO-04909,S007,Swift Carriers,Tier 2,Road,Components,WH-North,2024-06-13,2024-06-28,2024-06-28,2024,6,Q2,Jun,15,0,1,1615,1615,0,0.0,482.59,779382.85,1
PO-04910,S002,BlueStar Freight,Tier 1,Rail,Finished Goods,WH-Central,2024-06-14,2024-06-20,2024-06-21,2024,6,Q2,Jun,6,1,0,779,779,0,0.0,208.12,162125.48,1
PO-04911,S006,PrimeParts Inc.,Tier 1,Sea,Packaging,WH-Central,2024-06-14,2024-06-28,2024-06-28,2024,6,Q2,Jun,14,0,1,851,851,0,0.0,354.54,301713.54,1
PO-04912,S006,PrimeParts Inc.,Tier 1,Sea,Chemicals,WH-North,2024-06-14,2024-06-26,2024-06-26,2024,6,Q2,Jun,12,0,1,1614,1614,0,0.0,411.49,664144.86,1
PO-04913,S008,Northern Logistics,Tier 3,Rail,Textiles,WH-West,2024-06-14,2024-06-30,2024-06-30,2024,6,Q2,Jun,16,0,1,1231,1108,123,9.99,111.16,136837.96,0
PO-04914,S001,FastTrack Logistics,Tier 1,Road,Chemicals,WH-West,2024-06-14,2024-07-04,2024-07-04,2024,6,Q2,Jun,20,0,1,1962,1962,0,0.0,110.53,216859.86,1
PO-04915,S002,BlueStar Freight,Tier 1,Rail,Packaging,WH-East,2024-06-15,2024-06-20,2024-06-20,2024,6,Q2,Jun,5,0,1,1540,1540,0,0.0,125.52,193300.8,1
PO-04916,S010,Reliable Goods Co.,Tier 3,Road,Packaging,WH-North,2024-06-15,2024-07-01,2024-07-05,2024,6,Q2,Jun,16,4,0,969,969,0,0.0,164.94,159826.86,1
PO-04917,S005,Metro Distributors,Tier 2,Road,Packaging,WH-North,2024-06-15,2024-06-25,2024-06-25,2024,6,Q2,Jun,10,0,1,1413,1363,50,3.54,271.59,383756.67,0
PO-04918,S009,Eastside Components,Tier 2,Sea,Raw Materials,WH-East,2024-06-15,2024-06-22,2024-06-22,2024,6,Q2,Jun,7,0,1,497,497,0,0.0,126.38,62810.86,1
PO-04919,S004,Global Parts Ltd,Tier 1,Air,Spare Parts,WH-North,2024-06-15,2024-07-01,2024-07-01,2024,6,Q2,Jun,16,0,1,1714,1714,0,0.0,422.0,723308.0,1
PO-04920,S007,Swift Carriers,Tier 2,Road,Spare Parts,WH-North,2024-06-16,2024-07-06,2024-07-06,2024,6,Q2,Jun,20,0,1,216,216,0,0.0,372.17,80388.72,1
PO-04921,S007,Swift Carriers,Tier 2,Road,Raw Materials,WH-North,2024-06-16,2024-07-07,2024-07-09,2024,6,Q2,Jun,21,2,0,1619,1619,0,0.0,67.76,109703.44,1
PO-04922,S004,Global Parts Ltd,Tier 1,Air,Electronics,WH-North,2024-06-16,2024-06-22,2024-06-22,2024,6,Q2,Jun,6,0,1,1851,1851,0,0.0,23.22,42980.22,1
PO-04923,S004,Global Parts Ltd,Tier 1,Air,Spare Parts,WH-East,2024-06-16,2024-06-28,2024-06-28,2024,6,Q2,Jun,12,0,1,474,412,62,13.08,308.45,146205.3,0
PO-04924,S006,PrimeParts Inc.,Tier 1,Sea,Raw Materials,WH-North,2024-06-16,2024-06-22,2024-06-22,2024,6,Q2,Jun,6,0,1,1304,1304,0,0.0,475.27,619752.08,1
PO-04925,S007,Swift Carriers,Tier 2,Road,Electronics,WH-West,2024-06-16,2024-06-30,2024-07-02,2024,6,Q2,Jun,14,2,0,1366,1366,0,0.0,431.09,588868.94,1
PO-04926,S004,Global Parts Ltd,Tier 1,Air,Components,WH-South,2024-06-16,2024-06-23,2024-06-23,2024,6,Q2,Jun,7,0,1,1894,1894,0,0.0,304.4,576533.6,1
PO-04927,S006,PrimeParts Inc.,Tier 1,Sea,Finished Goods,WH-West,2024-06-16,2024-06-19,2024-06-19,2024,6,Q2,Jun,3,0,1,1423,1423,0,0.0,272.5,387767.5,1
PO-04928,S005,Metro Distributors,Tier 2,Road,Components,WH-North,2024-06-17,2024-06-25,2024-06-25,2024,6,Q2,Jun,8,0,1,492,492,0,0.0,472.48,232460.16,1
PO-04929,S002,BlueStar Freight,Tier 1,Rail,Packaging,WH-West,2024-06-17,2024-06-27,2024-06-27,2024,6,Q2,Jun,10,0,1,723,723,0,0.0,322.76,233355.48,1
PO-04930,S010,Reliable Goods Co.,Tier 3,Road,Textiles,WH-Central,2024-06-17,2024-07-08,2024-07-08,2024,6,Q2,Jun,21,0,1,470,470,0,0.0,87.67,41204.9,1
PO-04931,S008,Northern Logistics,Tier 3,Rail,Raw Materials,WH-South,2024-06-17,2024-07-03,2024-07-03,2024,6,Q2,Jun,16,0,1,837,837,0,0.0,444.32,371895.84,1
PO-04932,S009,Eastside Components,Tier 2,Sea,Finished Goods,WH-East,2024-06-17,2024-06-20,2024-06-20,2024,6,Q2,Jun,3,0,1,1259,1259,0,0.0,495.51,623847.09,1
PO-04933,S007,Swift Carriers,Tier 2,Road,Raw Materials,WH-Central,2024-06-17,2024-07-06,2024-07-11,2024,6,Q2,Jun,19,5,0,300,300,0,0.0,196.5,58950.0,1
PO-04934,S002,BlueStar Freight,Tier 1,Rail,Electronics,WH-North,2024-06-17,2024-07-08,2024-07-08,2024,6,Q2,Jun,21,0,1,1666,1666,0,0.0,44.23,73687.18,1
PO-04935,S002,BlueStar Freight,Tier 1,Rail,Textiles,WH-North,2024-06-17,2024-07-04,2024-07-15,2024,6,Q2,Jun,17,11,0,1122,1122,0,0.0,59.6,66871.2,1
PO-04936,S006,PrimeParts Inc.,Tier 1,Sea,Electronics,WH-North,2024-06-18,2024-06-25,2024-06-25,2024,6,Q2,Jun,7,0,1,1333,1333,0,0.0,168.79,224997.07,1
PO-04937,S005,Metro Distributors,Tier 2,Road,Spare Parts,WH-East,2024-06-18,2024-06-22,2024-07-02,2024,6,Q2,Jun,4,10,0,451,451,0,0.0,180.16,81252.16,1
PO-04938,S003,Apex Supply Co.,Tier 2,Road,Electronics,WH-North,2024-06-18,2024-06-29,2024-06-29,2024,6,Q2,Jun,11,0,1,737,737,0,0.0,51.18,37719.66,1
PO-04939,S007,Swift Carriers,Tier 2,Road,Components,WH-North,2024-06-18,2024-07-09,2024-07-09,2024,6,Q2,Jun,21,0,1,123,114,9,7.32,323.17,39749.91,0
PO-04940,S007,Swift Carriers,Tier 2,Road,Raw Materials,WH-North,2024-06-19,2024-07-07,2024-07-15,2024,6,Q2,Jun,18,8,0,284,284,0,0.0,106.73,30311.32,1
PO-04941,S008,Northern Logistics,Tier 3,Rail,Electronics,WH-East,2024-06-19,2024-06-28,2024-06-28,2024,6,Q2,Jun,9,0,1,585,585,0,0.0,395.21,231197.85,1
PO-04942,S009,Eastside Components,Tier 2,Sea,Raw Materials,WH-South,2024-06-19,2024-07-06,2024-07-06,2024,6,Q2,Jun,17,0,1,1196,1196,0,0.0,313.24,374635.04,1
PO-04943,S004,Global Parts Ltd,Tier 1,Air,Finished Goods,WH-West,2024-06-19,2024-06-28,2024-06-28,2024,6,Q2,Jun,9,0,1,1276,1276,0,0.0,363.15,463379.4,1
PO-04944,S006,PrimeParts Inc.,Tier 1,Sea,Packaging,WH-North,2024-06-19,2024-07-01,2024-07-01,2024,6,Q2,Jun,12,0,1,150,150,0,0.0,434.95,65242.5,1
PO-04945,S003,Apex Supply Co.,Tier 2,Road,Electronics,WH-North,2024-06-19,2024-07-04,2024-07-07,2024,6,Q2,Jun,15,3,0,1677,1677,0,0.0,138.66,232532.82,1
PO-04946,S010,Reliable Goods Co.,Tier 3,Road,Components,WH-West,2024-06-19,2024-07-05,2024-07-10,2024,6,Q2,Jun,16,5,0,1199,1145,54,4.5,419.07,502464.93,0
PO-04947,S007,Swift Carriers,Tier 2,Road,Raw Materials,WH-West,2024-06-20,2024-06-30,2024-07-11,2024,6,Q2,Jun,10,11,0,1325,1325,0,0.0,472.94,626645.5,1
PO-04948,S009,Eastside Components,Tier 2,Sea,Spare Parts,WH-East,2024-06-20,2024-07-10,2024-07-16,2024,6,Q2,Jun,20,6,0,631,631,0,0.0,376.85,237792.35,1
PO-04949,S004,Global Parts Ltd,Tier 1,Air,Components,WH-East,2024-06-20,2024-07-04,2024-07-04,2024,6,Q2,Jun,14,0,1,132,132,0,0.0,283.69,37447.08,1
PO-04950,S005,Metro Distributors,Tier 2,Road,Textiles,WH-North,2024-06-20,2024-07-01,2024-07-01,2024,6,Q2,Jun,11,0,1,1384,1384,0,0.0,8.95,12386.8,1
PO-04951,S010,Reliable Goods Co.,Tier 3,Road,Spare Parts,WH-East,2024-06-21,2024-07-09,2024-07-09,2024,6,Q2,Jun,18,0,1,1907,1907,0,0.0,64.16,122353.12,1
PO-04952,S003,Apex Supply Co.,Tier 2,Road,Finished Goods,WH-Central,2024-06-21,2024-07-06,2024-07-06,2024,6,Q2,Jun,15,0,1,1082,1082,0,0.0,200.45,216886.9,1
PO-04953,S010,Reliable Goods Co.,Tier 3,Road,Raw Materials,WH-East,2024-06-21,2024-06-30,2024-06-30,2024,6,Q2,Jun,9,0,1,81,81,0,0.0,400.52,32442.12,1
PO-04954,S008,Northern Logistics,Tier 3,Rail,Electronics,WH-South,2024-06-21,2024-06-30,2024-06-30,2024,6,Q2,Jun,9,0,1,1755,1755,0,0.0,420.27,737573.85,1
PO-04955,S003,Apex Supply Co.,Tier 2,Road,Packaging,WH-North,2024-06-21,2024-07-10,2024-07-18,2024,6,Q2,Jun,19,8,0,295,295,0,0.0,37.28,10997.6,1
PO-04956,S006,PrimeParts Inc.,Tier 1,Sea,Finished Goods,WH-West,2024-06-21,2024-07-11,2024-07-11,2024,6,Q2,Jun,20,0,1,1207,1207,0,0.0,468.01,564888.07,1
PO-04957,S010,Reliable Goods Co.,Tier 3,Road,Textiles,WH-Central,2024-06-21,2024-07-07,2024-07-19,2024,6,Q2,Jun,16,12,0,640,640,0,0.0,105.65,67616.0,1
PO-04958,S005,Metro Distributors,Tier 2,Road,Chemicals,WH-Central,2024-06-22,2024-07-08,2024-07-08,2024,6,Q2,Jun,16,0,1,1128,1062,66,5.85,409.67,462107.76,0
PO-04959,S003,Apex Supply Co.,Tier 2,Road,Electronics,WH-West,2024-06-22,2024-06-27,2024-06-27,2024,6,Q2,Jun,5,0,1,791,791,0,0.0,63.04,49864.64,1
PO-04960,S003,Apex Supply Co.,Tier 2,Road,Spare Parts,WH-Central,2024-06-22,2024-07-02,2024-07-02,2024,6,Q2,Jun,10,0,1,1937,1937,0,0.0,58.41,113140.17,1
PO-04961,S004,Global Parts Ltd,Tier 1,Air,Raw Materials,WH-North,2024-06-22,2024-07-01,2024-07-01,2024,6,Q2,Jun,9,0,1,251,251,0,0.0,365.69,91788.19,1
PO-04962,S002,BlueStar Freight,Tier 1,Rail,Finished Goods,WH-Central,2024-06-22,2024-07-02,2024-07-02,2024,6,Q2,Jun,10,0,1,1384,1384,0,0.0,163.17,225827.28,1
PO-04963,S007,Swift Carriers,Tier 2,Road,Raw Materials,WH-South,2024-06-22,2024-07-07,2024-07-07,2024,6,Q2,Jun,15,0,1,534,534,0,0.0,280.51,149792.34,1
PO-04964,S003,Apex Supply Co.,Tier 2,Road,Components,WH-West,2024-06-23,2024-07-08,2024-07-22,2024,6,Q2,Jun,15,14,0,1034,985,49,4.74,437.24,452106.16,0
PO-04965,S008,Northern Logistics,Tier 3,Rail,Textiles,WH-Central,2024-06-23,2024-07-08,2024-07-08,2024,6,Q2,Jun,15,0,1,1867,1867,0,0.0,131.21,244969.07,1
PO-04966,S003,Apex Supply Co.,Tier 2,Road,Chemicals,WH-East,2024-06-23,2024-06-29,2024-06-29,2024,6,Q2,Jun,6,0,1,946,946,0,0.0,57.46,54357.16,1
PO-04967,S010,Reliable Goods Co.,Tier 3,Road,Spare Parts,WH-Central,2024-06-23,2024-07-05,2024-07-05,2024,6,Q2,Jun,12,0,1,1510,1510,0,0.0,24.72,37327.2,1
PO-04968,S005,Metro Distributors,Tier 2,Road,Raw Materials,WH-West,2024-06-23,2024-07-08,2024-07-08,2024,6,Q2,Jun,15,0,1,1850,1850,0,0.0,362.8,671180.0,1
PO-04969,S001,FastTrack Logistics,Tier 1,Road,Spare Parts,WH-Central,2024-06-24,2024-06-27,2024-06-27,2024,6,Q2,Jun,3,0,1,844,844,0,0.0,397.28,335304.32,1
PO-04970,S005,Metro Distributors,Tier 2,Road,Packaging,WH-North,2024-06-24,2024-07-06,2024-07-16,2024,6,Q2,Jun,12,10,0,413,413,0,0.0,263.02,108627.26,1
PO-04971,S008,Northern Logistics,Tier 3,Rail,Packaging,WH-North,2024-06-24,2024-07-15,2024-07-25,2024,6,Q2,Jun,21,10,0,1357,1242,115,8.47,149.83,203319.31,0
PO-04972,S006,PrimeParts Inc.,Tier 1,Sea,Spare Parts,WH-West,2024-06-24,2024-07-08,2024-07-08,2024,6,Q2,Jun,14,0,1,447,447,0,0.0,200.7,89712.9,1
PO-04973,S010,Reliable Goods Co.,Tier 3,Road,Spare Parts,WH-West,2024-06-24,2024-07-02,2024-07-02,2024,6,Q2,Jun,8,0,1,429,429,0,0.0,95.65,41033.85,1
PO-04974,S006,PrimeParts Inc.,Tier 1,Sea,Components,WH-North,2024-06-24,2024-07-08,2024-07-08,2024,6,Q2,Jun,14,0,1,1325,1325,0,0.0,450.46,596859.5,1
PO-04975,S007,Swift Carriers,Tier 2,Road,Electronics,WH-East,2024-06-25,2024-07-11,2024-07-14,2024,6,Q2,Jun,16,3,0,493,493,0,0.0,481.06,237162.58,1
PO-04976,S003,Apex Supply Co.,Tier 2,Road,Raw Materials,WH-South,2024-06-25,2024-07-07,2024-07-07,2024,6,Q2,Jun,12,0,1,177,177,0,0.0,316.31,55986.87,1
PO-04977,S006,PrimeParts Inc.,Tier 1,Sea,Components,WH-North,2024-06-25,2024-07-05,2024-07-05,2024,6,Q2,Jun,10,0,1,545,545,0,0.0,430.53,234638.85,1
PO-04978,S010,Reliable Goods Co.,Tier 3,Road,Spare Parts,WH-East,2024-06-25,2024-06-29,2024-06-29,2024,6,Q2,Jun,4,0,1,775,775,0,0.0,433.07,335629.25,1
PO-04979,S008,Northern Logistics,Tier 3,Rail,Spare Parts,WH-East,2024-06-25,2024-07-16,2024-07-16,2024,6,Q2,Jun,21,0,1,338,338,0,0.0,78.46,26519.48,1
PO-04980,S009,Eastside Components,Tier 2,Sea,Components,WH-North,2024-06-25,2024-07-08,2024-07-08,2024,6,Q2,Jun,13,0,1,1723,1723,0,0.0,154.63,266427.49,1
PO-04981,S003,Apex Supply Co.,Tier 2,Road,Electronics,WH-Central,2024-06-26,2024-07-10,2024-07-20,2024,6,Q2,Jun,14,10,0,1510,1510,0,0.0,330.71,499372.1,1
PO-04982,S005,Metro Distributors,Tier 2,Road,Electronics,WH-South,2024-06-26,2024-07-06,2024-07-06,2024,6,Q2,Jun,10,0,1,1370,1370,0,0.0,74.77,102434.9,1
PO-04983,S010,Reliable Goods Co.,Tier 3,Road,Components,WH-East,2024-06-26,2024-07-10,2024-07-10,2024,6,Q2,Jun,14,0,1,641,641,0,0.0,210.29,134795.89,1
PO-04984,S006,PrimeParts Inc.,Tier 1,Sea,Spare Parts,WH-North,2024-06-26,2024-07-06,2024-07-06,2024,6,Q2,Jun,10,0,1,599,599,0,0.0,431.29,258342.71,1
PO-04985,S003,Apex Supply Co.,Tier 2,Road,Components,WH-East,2024-06-26,2024-07-11,2024-07-11,2024,6,Q2,Jun,15,0,1,1066,1052,14,1.31,78.3,83467.8,0
PO-04986,S009,Eastside Components,Tier 2,Sea,Finished Goods,WH-East,2024-06-26,2024-07-11,2024-07-11,2024,6,Q2,Jun,15,0,1,1929,1929,0,0.0,277.11,534545.19,1
PO-04987,S005,Metro Distributors,Tier 2,Road,Textiles,WH-East,2024-06-26,2024-07-14,2024-07-14,2024,6,Q2,Jun,18,0,1,255,255,0,0.0,168.96,43084.8,1
PO-04988,S001,FastTrack Logistics,Tier 1,Road,Spare Parts,WH-South,2024-06-27,2024-07-10,2024-07-10,2024,6,Q2,Jun,13,0,1,378,378,0,0.0,175.91,66493.98,1
PO-04989,S005,Metro Distributors,Tier 2,Road,Finished Goods,WH-East,2024-06-27,2024-07-09,2024-07-13,2024,6,Q2,Jun,12,4,0,417,417,0,0.0,272.09,113461.53,1
PO-04990,S005,Metro Distributors,Tier 2,Road,Textiles,WH-Central,2024-06-27,2024-07-10,2024-07-10,2024,6,Q2,Jun,13,0,1,113,113,0,0.0,332.87,37614.31,1
PO-04991,S007,Swift Carriers,Tier 2,Road,Textiles,WH-East,2024-06-28,2024-07-16,2024-07-16,2024,6,Q2,Jun,18,0,1,1456,1268,188,12.91,95.38,138873.28,0
PO-04992,S007,Swift Carriers,Tier 2,Road,Textiles,WH-North,2024-06-28,2024-07-04,2024-07-04,2024,6,Q2,Jun,6,0,1,1185,1185,0,0.0,372.18,441033.3,1
PO-04993,S009,Eastside Components,Tier 2,Sea,Components,WH-North,2024-06-28,2024-07-19,2024-07-19,2024,6,Q2,Jun,21,0,1,1765,1664,101,5.72,206.04,363660.6,0
PO-04994,S006,PrimeParts Inc.,Tier 1,Sea,Chemicals,WH-South,2024-06-28,2024-07-19,2024-07-19,2024,6,Q2,Jun,21,0,1,1497,1497,0,0.0,282.4,422752.8,1
PO-04995,S008,Northern Logistics,Tier 3,Rail,Electronics,WH-North,2024-06-28,2024-07-11,2024-07-17,2024,6,Q2,Jun,13,6,0,1496,1496,0,0.0,327.47,489895.12,1
PO-04996,S001,FastTrack Logistics,Tier 1,Road,Chemicals,WH-East,2024-06-28,2024-07-10,2024-07-10,2024,6,Q2,Jun,12,0,1,866,866,0,0.0,229.4,198660.4,1
PO-04997,S002,BlueStar Freight,Tier 1,Rail,Electronics,WH-North,2024-06-28,2024-07-15,2024-07-15,2024,6,Q2,Jun,17,0,1,819,819,0,0.0,483.73,396174.87,1
PO-04998,S007,Swift Carriers,Tier 2,Road,Textiles,WH-North,2024-06-28,2024-07-02,2024-07-08,2024,6,Q2,Jun,4,6,0,1028,1028,0,0.0,391.15,402102.2,1
PO-04999,S010,Reliable Goods Co.,Tier 3,Road,Raw Materials,WH-South,2024-06-29,2024-07-02,2024-07-02,2024,6,Q2,Jun,3,0,1,1045,1045,0,0.0,364.11,380494.95,1
PO-05000,S009,Eastside Components,Tier 2,Sea,Finished Goods,WH-East,2024-06-29,2024-07-15,2024-07-15,2024,6,Q2,Jun,16,0,1,1369,1369,0,0.0,151.23,207033.87,1
PO-05001,S010,Reliable Goods Co.,Tier 3,Road,Chemicals,WH-East,2024-06-29,2024-07-20,2024-07-31,2024,6,Q2,Jun,21,11,0,172,172,0,0.0,499.52,85917.44,1
PO-05002,S003,Apex Supply Co.,Tier 2,Road,Textiles,WH-West,2024-06-30,2024-07-11,2024-07-11,2024,6,Q2,Jun,11,0,1,1824,1824,0,0.0,155.2,283084.8,1
PO-05003,S008,Northern Logistics,Tier 3,Rail,Electronics,WH-East,2024-06-30,2024-07-10,2024-07-10,2024,6,Q2,Jun,10,0,1,1378,1378,0,0.0,94.19,129793.82,1
PO-05004,S005,Metro Distributors,Tier 2,Road,Textiles,WH-South,2024-06-30,2024-07-10,2024-07-20,2024,6,Q2,Jun,10,10,0,1267,1267,0,0.0,155.0,196385.0,1
PO-05005,S008,Northern Logistics,Tier 3,Rail,Spare Parts,WH-South,2024-06-30,2024-07-17,2024-07-17,2024,6,Q2,Jun,17,0,1,1491,1491,0,0.0,64.84,96676.44,1
PO-05006,S001,FastTrack Logistics,Tier 1,Road,Packaging,WH-West,2024-06-30,2024-07-08,2024-07-08,2024,6,Q2,Jun,8,0,1,1866,1866,0,0.0,112.0,208992.0,1
PO-05007,S002,BlueStar Freight,Tier 1,Rail,Electronics,WH-West,2024-06-30,2024-07-07,2024-07-07,2024,6,Q2,Jun,7,0,1,216,216,0,0.0,186.93,40376.88,1
PO-05008,S008,Northern Logistics,Tier 3,Rail,Textiles,WH-East,2024-07-01,2024-07-05,2024-07-06,2024,7,Q3,Jul,4,1,0,985,985,0,0.0,31.63,31155.55,1
PO-05009,S002,BlueStar Freight,Tier 1,Rail,Components,WH-South,2024-07-01,2024-07-09,2024-07-09,2024,7,Q3,Jul,8,0,1,1916,1916,0,0.0,489.59,938054.44,1
PO-05010,S002,BlueStar Freight,Tier 1,Rail,Spare Parts,WH-Central,2024-07-01,2024-07-06,2024-07-06,2024,7,Q3,Jul,5,0,1,555,555,0,0.0,16.11,8941.05,1
PO-05011,S006,PrimeParts Inc.,Tier 1,Sea,Textiles,WH-Central,2024-07-01,2024-07-06,2024-07-06,2024,7,Q3,Jul,5,0,1,51,51,0,0.0,232.76,11870.76,1
PO-05012,S008,Northern Logistics,Tier 3,Rail,Packaging,WH-Central,2024-07-01,2024-07-21,2024-07-29,2024,7,Q3,Jul,20,8,0,579,579,0,0.0,141.91,82165.89,1
PO-05013,S005,Metro Distributors,Tier 2,Road,Finished Goods,WH-Central,2024-07-01,2024-07-06,2024-07-15,2024,7,Q3,Jul,5,9,0,1461,1461,0,0.0,297.08,434033.88,1
PO-05014,S007,Swift Carriers,Tier 2,Road,Packaging,WH-East,2024-07-02,2024-07-09,2024-07-09,2024,7,Q3,Jul,7,0,1,1891,1891,0,0.0,209.02,395256.82,1
PO-05015,S004,Global Parts Ltd,Tier 1,Air,Spare Parts,WH-West,2024-07-02,2024-07-09,2024-07-09,2024,7,Q3,Jul,7,0,1,1998,1998,0,0.0,435.81,870748.38,1
PO-05016,S002,BlueStar Freight,Tier 1,Rail,Electronics,WH-West,2024-07-02,2024-07-18,2024-07-18,2024,7,Q3,Jul,16,0,1,1127,1127,0,0.0,360.67,406475.09,1
PO-05017,S001,FastTrack Logistics,Tier 1,Road,Textiles,WH-South,2024-07-02,2024-07-22,2024-07-22,2024,7,Q3,Jul,20,0,1,415,415,0,0.0,470.67,195328.05,1
PO-05018,S005,Metro Distributors,Tier 2,Road,Components,WH-North,2024-07-02,2024-07-08,2024-07-08,2024,7,Q3,Jul,6,0,1,1746,1746,0,0.0,375.15,655011.9,1
PO-05019,S008,Northern Logistics,Tier 3,Rail,Textiles,WH-West,2024-07-02,2024-07-18,2024-08-01,2024,7,Q3,Jul,16,14,0,1719,1719,0,0.0,309.39,531841.41,1
PO-05020,S010,Reliable Goods Co.,Tier 3,Road,Components,WH-North,2024-07-02,2024-07-10,2024-07-11,2024,7,Q3,Jul,8,1,0,1089,1089,0,0.0,92.03,100220.67,1
PO-05021,S003,Apex Supply Co.,Tier 2,Road,Electronics,WH-North,2024-07-03,2024-07-20,2024-07-21,2024,7,Q3,Jul,17,1,0,260,245,15,5.77,238.79,62085.4,0
PO-05022,S004,Global Parts Ltd,Tier 1,Air,Raw Materials,WH-West,2024-07-03,2024-07-06,2024-07-06,2024,7,Q3,Jul,3,0,1,1267,1267,0,0.0,90.46,114612.82,1
PO-05023,S009,Eastside Components,Tier 2,Sea,Packaging,WH-Central,2024-07-03,2024-07-11,2024-07-11,2024,7,Q3,Jul,8,0,1,1808,1808,0,0.0,488.49,883189.92,1
PO-05024,S010,Reliable Goods Co.,Tier 3,Road,Components,WH-North,2024-07-04,2024-07-25,2024-07-25,2024,7,Q3,Jul,21,0,1,1411,1411,0,0.0,107.31,151414.41,1
PO-05025,S003,Apex Supply Co.,Tier 2,Road,Spare Parts,WH-West,2024-07-04,2024-07-08,2024-07-08,2024,7,Q3,Jul,4,0,1,527,527,0,0.0,260.22,137135.94,1
PO-05026,S004,Global Parts Ltd,Tier 1,Air,Raw Materials,WH-West,2024-07-04,2024-07-20,2024-07-20,2024,7,Q3,Jul,16,0,1,1034,1034,0,0.0,38.19,39488.46,1
PO-05027,S010,Reliable Goods Co.,Tier 3,Road,Electronics,WH-North,2024-07-04,2024-07-17,2024-07-17,2024,7,Q3,Jul,13,0,1,167,167,0,0.0,357.59,59717.53,1
PO-05028,S003,Apex Supply Co.,Tier 2,Road,Components,WH-North,2024-07-04,2024-07-22,2024-07-22,2024,7,Q3,Jul,18,0,1,602,602,0,0.0,434.98,261857.96,1
PO-05029,S001,FastTrack Logistics,Tier 1,Road,Finished Goods,WH-East,2024-07-04,2024-07-15,2024-07-15,2024,7,Q3,Jul,11,0,1,1343,1343,0,0.0,156.48,210152.64,1
PO-05030,S001,FastTrack Logistics,Tier 1,Road,Textiles,WH-West,2024-07-04,2024-07-07,2024-07-07,2024,7,Q3,Jul,3,0,1,240,240,0,0.0,314.91,75578.4,1
PO-05031,S009,Eastside Components,Tier 2,Sea,Textiles,WH-West,2024-07-04,2024-07-22,2024-07-22,2024,7,Q3,Jul,18,0,1,1190,1190,0,0.0,290.74,345980.6,1
PO-05032,S010,Reliable Goods Co.,Tier 3,Road,Components,WH-East,2024-07-05,2024-07-12,2024-07-12,2024,7,Q3,Jul,7,0,1,91,91,0,0.0,491.05,44685.55,1
PO-05033,S007,Swift Carriers,Tier 2,Road,Finished Goods,WH-South,2024-07-05,2024-07-21,2024-07-21,2024,7,Q3,Jul,16,0,1,59,55,4,6.78,453.36,26748.24,0
PO-05034,S008,Northern Logistics,Tier 3,Rail,Finished Goods,WH-North,2024-07-05,2024-07-12,2024-07-12,2024,7,Q3,Jul,7,0,1,844,844,0,0.0,278.78,235290.32,1
PO-05035,S001,FastTrack Logistics,Tier 1,Road,Electronics,WH-West,2024-07-05,2024-07-20,2024-07-20,2024,7,Q3,Jul,15,0,1,1808,1808,0,0.0,196.39,355073.12,1
PO-05036,S001,FastTrack Logistics,Tier 1,Road,Raw Materials,WH-South,2024-07-05,2024-07-19,2024-07-19,2024,7,Q3,Jul,14,0,1,1076,1076,0,0.0,475.92,512089.92,1
PO-05037,S008,Northern Logistics,Tier 3,Rail,Spare Parts,WH-East,2024-07-06,2024-07-11,2024-07-11,2024,7,Q3,Jul,5,0,1,186,179,7,3.76,378.38,70378.68,0
PO-05038,S010,Reliable Goods Co.,Tier 3,Road,Finished Goods,WH-North,2024-07-06,2024-07-19,2024-07-19,2024,7,Q3,Jul,13,0,1,759,759,0,0.0,6.49,4925.91,1
PO-05039,S003,Apex Supply Co.,Tier 2,Road,Components,WH-West,2024-07-06,2024-07-24,2024-07-24,2024,7,Q3,Jul,18,0,1,982,982,0,0.0,412.8,405369.6,1
PO-05040,S009,Eastside Components,Tier 2,Sea,Textiles,WH-South,2024-07-06,2024-07-17,2024-07-17,2024,7,Q3,Jul,11,0,1,1060,1060,0,0.0,322.33,341669.8,1
PO-05041,S005,Metro Distributors,Tier 2,Road,Components,WH-North,2024-07-06,2024-07-14,2024-07-14,2024,7,Q3,Jul,8,0,1,1081,1081,0,0.0,295.43,319359.83,1
PO-05042,S009,Eastside Components,Tier 2,Sea,Packaging,WH-North,2024-07-06,2024-07-22,2024-07-22,2024,7,Q3,Jul,16,0,1,1705,1705,0,0.0,488.27,832500.35,1
PO-05043,S006,PrimeParts Inc.,Tier 1,Sea,Packaging,WH-East,2024-07-07,2024-07-12,2024-07-12,2024,7,Q3,Jul,5,0,1,383,383,0,0.0,477.53,182893.99,1
PO-05044,S007,Swift Carriers,Tier 2,Road,Components,WH-East,2024-07-07,2024-07-25,2024-07-25,2024,7,Q3,Jul,18,0,1,156,156,0,0.0,118.19,18437.64,1
PO-05045,S002,BlueStar Freight,Tier 1,Rail,Raw Materials,WH-North,2024-07-07,2024-07-27,2024-07-27,2024,7,Q3,Jul,20,0,1,1763,1763,0,0.0,497.73,877497.99,1
PO-05046,S006,PrimeParts Inc.,Tier 1,Sea,Chemicals,WH-South,2024-07-07,2024-07-27,2024-07-27,2024,7,Q3,Jul,20,0,1,1763,1763,0,0.0,255.15,449829.45,1
PO-05047,S009,Eastside Components,Tier 2,Sea,Packaging,WH-South,2024-07-07,2024-07-16,2024-07-16,2024,7,Q3,Jul,9,0,1,1579,1579,0,0.0,443.7,700602.3,1
PO-05048,S006,PrimeParts Inc.,Tier 1,Sea,Chemicals,WH-South,2024-07-07,2024-07-13,2024-07-13,2024,7,Q3,Jul,6,0,1,350,350,0,0.0,93.66,32781.0,1
PO-05049,S003,Apex Supply Co.,Tier 2,Road,Packaging,WH-North,2024-07-07,2024-07-22,2024-07-22,2024,7,Q3,Jul,15,0,1,1422,1422,0,0.0,357.42,508251.24,1
PO-05050,S002,BlueStar Freight,Tier 1,Rail,Textiles,WH-East,2024-07-07,2024-07-28,2024-07-28,2024,7,Q3,Jul,21,0,1,1441,1441,0,0.0,236.36,340594.76,1
PO-05051,S004,Global Parts Ltd,Tier 1,Air,Finished Goods,WH-South,2024-07-08,2024-07-11,2024-07-11,2024,7,Q3,Jul,3,0,1,534,534,0,0.0,71.95,38421.3,1
PO-05052,S006,PrimeParts Inc.,Tier 1,Sea,Electronics,WH-East,2024-07-08,2024-07-15,2024-07-15,2024,7,Q3,Jul,7,0,1,649,649,0,0.0,379.51,246301.99,1
PO-05053,S009,Eastside Components,Tier 2,Sea,Packaging,WH-East,2024-07-08,2024-07-16,2024-07-16,2024,7,Q3,Jul,8,0,1,1194,1194,0,0.0,268.95,321126.3,1
PO-05054,S008,Northern Logistics,Tier 3,Rail,Textiles,WH-South,2024-07-08,2024-07-25,2024-07-25,2024,7,Q3,Jul,17,0,1,1327,1327,0,0.0,405.48,538071.96,1
PO-05055,S009,Eastside Components,Tier 2,Sea,Components,WH-Central,2024-07-08,2024-07-11,2024-07-11,2024,7,Q3,Jul,3,0,1,221,197,24,10.86,337.8,74653.8,0
PO-05056,S010,Reliable Goods Co.,Tier 3,Road,Finished Goods,WH-Central,2024-07-09,2024-07-25,2024-08-07,2024,7,Q3,Jul,16,13,0,1129,1008,121,10.72,106.13,119820.77,0
PO-05057,S006,PrimeParts Inc.,Tier 1,Sea,Finished Goods,WH-North,2024-07-09,2024-07-15,2024-07-16,2024,7,Q3,Jul,6,1,0,1946,1946,0,0.0,66.9,130187.4,1
PO-05058,S005,Metro Distributors,Tier 2,Road,Finished Goods,WH-North,2024-07-09,2024-07-24,2024-07-24,2024,7,Q3,Jul,15,0,1,1854,1854,0,0.0,35.23,65316.42,1
PO-05059,S010,Reliable Goods Co.,Tier 3,Road,Raw Materials,WH-South,2024-07-09,2024-07-20,2024-07-20,2024,7,Q3,Jul,11,0,1,458,397,61,13.32,463.2,212145.6,0
PO-05060,S008,Northern Logistics,Tier 3,Rail,Components,WH-Central,2024-07-09,2024-07-29,2024-07-29,2024,7,Q3,Jul,20,0,1,596,596,0,0.0,164.35,97952.6,1
PO-05061,S009,Eastside Components,Tier 2,Sea,Spare Parts,WH-Central,2024-07-09,2024-07-23,2024-07-23,2024,7,Q3,Jul,14,0,1,72,72,0,0.0,79.94,5755.68,1
PO-05062,S009,Eastside Components,Tier 2,Sea,Textiles,WH-Central,2024-07-10,2024-07-29,2024-07-29,2024,7,Q3,Jul,19,0,1,794,794,0,0.0,375.35,298027.9,1
PO-05063,S003,Apex Supply Co.,Tier 2,Road,Raw Materials,WH-South,2024-07-10,2024-07-27,2024-07-27,2024,7,Q3,Jul,17,0,1,1889,1889,0,0.0,124.18,234576.02,1
PO-05064,S004,Global Parts Ltd,Tier 1,Air,Packaging,WH-Central,2024-07-10,2024-07-15,2024-07-18,2024,7,Q3,Jul,5,3,0,1241,1241,0,0.0,233.23,289438.43,1
PO-05065,S007,Swift Carriers,Tier 2,Road,Spare Parts,WH-East,2024-07-10,2024-07-18,2024-07-18,2024,7,Q3,Jul,8,0,1,165,165,0,0.0,135.39,22339.35,1
PO-05066,S004,Global Parts Ltd,Tier 1,Air,Packaging,WH-East,2024-07-10,2024-07-23,2024-07-23,2024,7,Q3,Jul,13,0,1,1592,1468,124,7.79,351.21,559126.32,0
PO-05067,S006,PrimeParts Inc.,Tier 1,Sea,Raw Materials,WH-Central,2024-07-10,2024-07-18,2024-07-18,2024,7,Q3,Jul,8,0,1,347,347,0,0.0,197.35,68480.45,1
PO-05068,S009,Eastside Components,Tier 2,Sea,Raw Materials,WH-Central,2024-07-10,2024-07-15,2024-07-15,2024,7,Q3,Jul,5,0,1,682,682,0,0.0,438.73,299213.86,1
PO-05069,S005,Metro Distributors,Tier 2,Road,Chemicals,WH-East,2024-07-10,2024-07-15,2024-07-15,2024,7,Q3,Jul,5,0,1,776,776,0,0.0,430.75,334262.0,1
PO-05070,S005,Metro Distributors,Tier 2,Road,Electronics,WH-North,2024-07-11,2024-07-19,2024-07-19,2024,7,Q3,Jul,8,0,1,324,324,0,0.0,315.04,102072.96,1
PO-05071,S007,Swift Carriers,Tier 2,Road,Components,WH-South,2024-07-11,2024-07-29,2024-08-10,2024,7,Q3,Jul,18,12,0,1979,1979,0,0.0,131.74,260713.46,1
PO-05072,S010,Reliable Goods Co.,Tier 3,Road,Finished Goods,WH-East,2024-07-11,2024-07-24,2024-07-31,2024,7,Q3,Jul,13,7,0,762,762,0,0.0,77.49,59047.38,1
PO-05073,S008,Northern Logistics,Tier 3,Rail,Electronics,WH-South,2024-07-11,2024-07-22,2024-07-22,2024,7,Q3,Jul,11,0,1,1427,1427,0,0.0,317.16,452587.32,1
PO-05074,S006,PrimeParts Inc.,Tier 1,Sea,Finished Goods,WH-Central,2024-07-11,2024-07-31,2024-07-31,2024,7,Q3,Jul,20,0,1,1966,1966,0,0.0,148.74,292422.84,1
PO-05075,S004,Global Parts Ltd,Tier 1,Air,Finished Goods,WH-Central,2024-07-11,2024-07-16,2024-07-16,2024,7,Q3,Jul,5,0,1,1755,1755,0,0.0,379.05,665232.75,1
PO-05076,S009,Eastside Components,Tier 2,Sea,Raw Materials,WH-Central,2024-07-11,2024-07-19,2024-07-19,2024,7,Q3,Jul,8,0,1,53,53,0,0.0,439.02,23268.06,1
PO-05077,S001,FastTrack Logistics,Tier 1,Road,Electronics,WH-Central,2024-07-11,2024-07-19,2024-07-19,2024,7,Q3,Jul,8,0,1,228,228,0,0.0,366.88,83648.64,1
PO-05078,S002,BlueStar Freight,Tier 1,Rail,Textiles,WH-Central,2024-07-12,2024-07-18,2024-07-28,2024,7,Q3,Jul,6,10,0,936,936,0,0.0,334.99,313550.64,1
PO-05079,S010,Reliable Goods Co.,Tier 3,Road,Finished Goods,WH-East,2024-07-12,2024-07-23,2024-07-24,2024,7,Q3,Jul,11,1,0,126,126,0,0.0,340.78,42938.28,1
PO-05080,S007,Swift Carriers,Tier 2,Road,Raw Materials,WH-West,2024-07-12,2024-07-29,2024-08-01,2024,7,Q3,Jul,17,3,0,1093,1093,0,0.0,228.46,249706.78,1
PO-05081,S009,Eastside Components,Tier 2,Sea,Packaging,WH-South,2024-07-12,2024-07-16,2024-07-16,2024,7,Q3,Jul,4,0,1,533,533,0,0.0,68.71,36622.43,1
PO-05082,S004,Global Parts Ltd,Tier 1,Air,Finished Goods,WH-West,2024-07-12,2024-07-15,2024-07-15,2024,7,Q3,Jul,3,0,1,1893,1893,0,0.0,499.17,944928.81,1
PO-05083,S007,Swift Carriers,Tier 2,Road,Chemicals,WH-South,2024-07-12,2024-07-18,2024-07-18,2024,7,Q3,Jul,6,0,1,627,627,0,0.0,250.1,156812.7,1
PO-05084,S003,Apex Supply Co.,Tier 2,Road,Finished Goods,WH-Central,2024-07-12,2024-07-24,2024-07-25,2024,7,Q3,Jul,12,1,0,1794,1794,0,0.0,79.47,142569.18,1
PO-05085,S008,Northern Logistics,Tier 3,Rail,Textiles,WH-West,2024-07-12,2024-07-29,2024-07-29,2024,7,Q3,Jul,17,0,1,646,630,16,2.48,343.84,222120.64,0
PO-05086,S004,Global Parts Ltd,Tier 1,Air,Electronics,WH-West,2024-07-13,2024-07-20,2024-07-20,2024,7,Q3,Jul,7,0,1,1586,1586,0,0.0,259.49,411551.14,1
PO-05087,S007,Swift Carriers,Tier 2,Road,Spare Parts,WH-North,2024-07-13,2024-07-28,2024-07-28,2024,7,Q3,Jul,15,0,1,700,700,0,0.0,145.96,102172.0,1
PO-05088,S008,Northern Logistics,Tier 3,Rail,Textiles,WH-East,2024-07-13,2024-07-29,2024-08-12,2024,7,Q3,Jul,16,14,0,1499,1499,0,0.0,492.74,738617.26,1
PO-05089,S005,Metro Distributors,Tier 2,Road,Chemicals,WH-North,2024-07-13,2024-07-16,2024-07-16,2024,7,Q3,Jul,3,0,1,826,826,0,0.0,73.44,60661.44,1
PO-05090,S004,Global Parts Ltd,Tier 1,Air,Spare Parts,WH-South,2024-07-13,2024-07-17,2024-07-17,2024,7,Q3,Jul,4,0,1,496,449,47,9.48,79.58,39471.68,0
PO-05091,S009,Eastside Components,Tier 2,Sea,Spare Parts,WH-South,2024-07-13,2024-07-23,2024-07-28,2024,7,Q3,Jul,10,5,0,1656,1656,0,0.0,300.95,498373.2,1
PO-05092,S010,Reliable Goods Co.,Tier 3,Road,Textiles,WH-East,2024-07-13,2024-07-24,2024-07-24,2024,7,Q3,Jul,11,0,1,1737,1483,254,14.62,345.06,599369.22,0
PO-05093,S002,BlueStar Freight,Tier 1,Rail,Spare Parts,WH-Central,2024-07-14,2024-08-02,2024-08-02,2024,7,Q3,Jul,19,0,1,217,217,0,0.0,95.94,20818.98,1
PO-05094,S001,FastTrack Logistics,Tier 1,Road,Textiles,WH-South,2024-07-14,2024-07-23,2024-07-23,2024,7,Q3,Jul,9,0,1,1323,1323,0,0.0,147.83,195579.09,1
PO-05095,S005,Metro Distributors,Tier 2,Road,Spare Parts,WH-South,2024-07-14,2024-07-17,2024-07-17,2024,7,Q3,Jul,3,0,1,200,182,18,9.0,180.4,36080.0,0
PO-05096,S001,FastTrack Logistics,Tier 1,Road,Components,WH-North,2024-07-14,2024-08-04,2024-08-04,2024,7,Q3,Jul,21,0,1,972,972,0,0.0,395.78,384698.16,1
PO-05097,S007,Swift Carriers,Tier 2,Road,Components,WH-South,2024-07-15,2024-07-24,2024-07-24,2024,7,Q3,Jul,9,0,1,1197,1197,0,0.0,295.22,353378.34,1
PO-05098,S002,BlueStar Freight,Tier 1,Rail,Finished Goods,WH-West,2024-07-15,2024-08-01,2024-08-01,2024,7,Q3,Jul,17,0,1,522,522,0,0.0,32.3,16860.6,1
PO-05099,S005,Metro Distributors,Tier 2,Road,Chemicals,WH-Central,2024-07-15,2024-07-28,2024-07-31,2024,7,Q3,Jul,13,3,0,1645,1645,0,0.0,251.77,414161.65,1
PO-05100,S001,FastTrack Logistics,Tier 1,Road,Electronics,WH-South,2024-07-15,2024-07-26,2024-07-26,2024,7,Q3,Jul,11,0,1,519,519,0,0.0,301.06,156250.14,1
PO-05101,S002,BlueStar Freight,Tier 1,Rail,Components,WH-West,2024-07-15,2024-07-29,2024-07-29,2024,7,Q3,Jul,14,0,1,1385,1385,0,0.0,136.08,188470.8,1
PO-05102,S009,Eastside Components,Tier 2,Sea,Spare Parts,WH-South,2024-07-15,2024-07-21,2024-07-21,2024,7,Q3,Jul,6,0,1,1473,1473,0,0.0,183.85,270811.05,1
PO-05103,S003,Apex Supply Co.,Tier 2,Road,Spare Parts,WH-Central,2024-07-16,2024-08-04,2024-08-04,2024,7,Q3,Jul,19,0,1,594,594,0,0.0,241.63,143528.22,1
PO-05104,S009,Eastside Components,Tier 2,Sea,Components,WH-Central,2024-07-16,2024-07-24,2024-07-24,2024,7,Q3,Jul,8,0,1,702,702,0,0.0,168.28,118132.56,1
PO-05105,S008,Northern Logistics,Tier 3,Rail,Packaging,WH-Central,2024-07-16,2024-07-29,2024-07-29,2024,7,Q3,Jul,13,0,1,1409,1409,0,0.0,479.11,675065.99,1
PO-05106,S002,BlueStar Freight,Tier 1,Rail,Finished Goods,WH-Central,2024-07-16,2024-07-24,2024-07-24,2024,7,Q3,Jul,8,0,1,754,754,0,0.0,351.07,264706.78,1
PO-05107,S010,Reliable Goods Co.,Tier 3,Road,Chemicals,WH-Central,2024-07-17,2024-08-07,2024-08-19,2024,7,Q3,Jul,21,12,0,1901,1901,0,0.0,320.91,610049.91,1
PO-05108,S007,Swift Carriers,Tier 2,Road,Spare Parts,WH-Central,2024-07-17,2024-07-30,2024-07-30,2024,7,Q3,Jul,13,0,1,730,712,18,2.47,250.64,182967.2,0
PO-05109,S005,Metro Distributors,Tier 2,Road,Packaging,WH-West,2024-07-17,2024-07-31,2024-07-31,2024,7,Q3,Jul,14,0,1,1017,1017,0,0.0,437.03,444459.51,1
PO-05110,S008,Northern Logistics,Tier 3,Rail,Spare Parts,WH-Central,2024-07-17,2024-08-05,2024-08-05,2024,7,Q3,Jul,19,0,1,673,673,0,0.0,343.04,230865.92,1
PO-05111,S009,Eastside Components,Tier 2,Sea,Raw Materials,WH-East,2024-07-17,2024-08-06,2024-08-15,2024,7,Q3,Jul,20,9,0,564,564,0,0.0,485.77,273974.28,1
PO-05112,S001,FastTrack Logistics,Tier 1,Road,Spare Parts,WH-East,2024-07-17,2024-07-22,2024-07-22,2024,7,Q3,Jul,5,0,1,1789,1789,0,0.0,413.93,740520.77,1
PO-05113,S007,Swift Carriers,Tier 2,Road,Components,WH-Central,2024-07-17,2024-07-23,2024-07-23,2024,7,Q3,Jul,6,0,1,1916,1916,0,0.0,37.35,71562.6,1
PO-05114,S004,Global Parts Ltd,Tier 1,Air,Electronics,WH-South,2024-07-18,2024-07-26,2024-07-26,2024,7,Q3,Jul,8,0,1,719,719,0,0.0,413.62,297392.78,1
PO-05115,S009,Eastside Components,Tier 2,Sea,Finished Goods,WH-South,2024-07-18,2024-07-29,2024-07-29,2024,7,Q3,Jul,11,0,1,1655,1655,0,0.0,21.16,35019.8,1
PO-05116,S007,Swift Carriers,Tier 2,Road,Components,WH-East,2024-07-18,2024-08-07,2024-08-10,2024,7,Q3,Jul,20,3,0,1679,1679,0,0.0,112.17,188333.43,1
PO-05117,S001,FastTrack Logistics,Tier 1,Road,Electronics,WH-Central,2024-07-18,2024-07-22,2024-07-28,2024,7,Q3,Jul,4,6,0,1535,1535,0,0.0,240.84,369689.4,1
PO-05118,S007,Swift Carriers,Tier 2,Road,Electronics,WH-South,2024-07-18,2024-07-31,2024-07-31,2024,7,Q3,Jul,13,0,1,1037,1037,0,0.0,361.27,374636.99,1
PO-05119,S005,Metro Distributors,Tier 2,Road,Electronics,WH-Central,2024-07-18,2024-07-25,2024-07-25,2024,7,Q3,Jul,7,0,1,1625,1625,0,0.0,317.39,515758.75,1
PO-05120,S004,Global Parts Ltd,Tier 1,Air,Raw Materials,WH-East,2024-07-18,2024-07-30,2024-07-30,2024,7,Q3,Jul,12,0,1,145,145,0,0.0,407.47,59083.15,1
PO-05121,S004,Global Parts Ltd,Tier 1,Air,Textiles,WH-South,2024-07-18,2024-07-29,2024-07-29,2024,7,Q3,Jul,11,0,1,1179,1179,0,0.0,238.71,281439.09,1
PO-05122,S003,Apex Supply Co.,Tier 2,Road,Finished Goods,WH-East,2024-07-19,2024-07-31,2024-07-31,2024,7,Q3,Jul,12,0,1,1777,1772,5,0.28,353.67,628471.59,0
PO-05123,S006,PrimeParts Inc.,Tier 1,Sea,Spare Parts,WH-North,2024-07-19,2024-07-26,2024-07-26,2024,7,Q3,Jul,7,0,1,65,65,0,0.0,181.28,11783.2,1
PO-05124,S002,BlueStar Freight,Tier 1,Rail,Packaging,WH-Central,2024-07-19,2024-07-28,2024-07-28,2024,7,Q3,Jul,9,0,1,1248,1248,0,0.0,229.48,286391.04,1
PO-05125,S004,Global Parts Ltd,Tier 1,Air,Textiles,WH-East,2024-07-19,2024-07-31,2024-07-31,2024,7,Q3,Jul,12,0,1,117,117,0,0.0,323.9,37896.3,1
PO-05126,S005,Metro Distributors,Tier 2,Road,Packaging,WH-West,2024-07-20,2024-07-31,2024-07-31,2024,7,Q3,Jul,11,0,1,1323,1323,0,0.0,98.92,130871.16,1
PO-05127,S010,Reliable Goods Co.,Tier 3,Road,Raw Materials,WH-North,2024-07-20,2024-07-23,2024-07-30,2024,7,Q3,Jul,3,7,0,1826,1826,0,0.0,426.97,779647.22,1
PO-05128,S001,FastTrack Logistics,Tier 1,Road,Raw Materials,WH-North,2024-07-20,2024-07-29,2024-07-29,2024,7,Q3,Jul,9,0,1,551,551,0,0.0,14.48,7978.48,1
PO-05129,S009,Eastside Components,Tier 2,Sea,Textiles,WH-West,2024-07-20,2024-07-24,2024-07-24,2024,7,Q3,Jul,4,0,1,1031,1031,0,0.0,108.14,111492.34,1
PO-05130,S004,Global Parts Ltd,Tier 1,Air,Finished Goods,WH-West,2024-07-20,2024-08-06,2024-08-06,2024,7,Q3,Jul,17,0,1,182,182,0,0.0,293.79,53469.78,1
PO-05131,S010,Reliable Goods Co.,Tier 3,Road,Raw Materials,WH-Central,2024-07-20,2024-07-29,2024-07-29,2024,7,Q3,Jul,9,0,1,638,638,0,0.0,178.42,113831.96,1
PO-05132,S003,Apex Supply Co.,Tier 2,Road,Electronics,WH-South,2024-07-20,2024-08-07,2024-08-07,2024,7,Q3,Jul,18,0,1,1409,1409,0,0.0,416.26,586510.34,1
PO-05133,S004,Global Parts Ltd,Tier 1,Air,Finished Goods,WH-East,2024-07-20,2024-07-28,2024-07-28,2024,7,Q3,Jul,8,0,1,982,982,0,0.0,220.22,216256.04,1
PO-05134,S005,Metro Distributors,Tier 2,Road,Spare Parts,WH-East,2024-07-21,2024-07-25,2024-07-25,2024,7,Q3,Jul,4,0,1,256,256,0,0.0,180.5,46208.0,1
PO-05135,S008,Northern Logistics,Tier 3,Rail,Electronics,WH-Central,2024-07-21,2024-07-27,2024-08-09,2024,7,Q3,Jul,6,13,0,1004,1004,0,0.0,477.35,479259.4,1
PO-05136,S006,PrimeParts Inc.,Tier 1,Sea,Raw Materials,WH-East,2024-07-21,2024-07-25,2024-07-25,2024,7,Q3,Jul,4,0,1,910,910,0,0.0,16.12,14669.2,1
PO-05137,S003,Apex Supply Co.,Tier 2,Road,Finished Goods,WH-West,2024-07-22,2024-08-05,2024-08-05,2024,7,Q3,Jul,14,0,1,275,275,0,0.0,182.3,50132.5,1
PO-05138,S010,Reliable Goods Co.,Tier 3,Road,Finished Goods,WH-South,2024-07-22,2024-08-05,2024-08-09,2024,7,Q3,Jul,14,4,0,1879,1879,0,0.0,362.03,680254.37,1
PO-05139,S004,Global Parts Ltd,Tier 1,Air,Chemicals,WH-North,2024-07-22,2024-08-12,2024-08-12,2024,7,Q3,Jul,21,0,1,1021,1021,0,0.0,181.9,185719.9,1
PO-05140,S004,Global Parts Ltd,Tier 1,Air,Textiles,WH-East,2024-07-22,2024-08-11,2024-08-11,2024,7,Q3,Jul,20,0,1,695,695,0,0.0,351.84,244528.8,1
PO-05141,S001,FastTrack Logistics,Tier 1,Road,Textiles,WH-East,2024-07-22,2024-07-30,2024-07-30,2024,7,Q3,Jul,8,0,1,1440,1440,0,0.0,263.94,380073.6,1
PO-05142,S003,Apex Supply Co.,Tier 2,Road,Packaging,WH-East,2024-07-22,2024-08-12,2024-08-12,2024,7,Q3,Jul,21,0,1,488,488,0,0.0,411.84,200977.92,1
PO-05143,S006,PrimeParts Inc.,Tier 1,Sea,Finished Goods,WH-East,2024-07-22,2024-08-09,2024-08-09,2024,7,Q3,Jul,18,0,1,1600,1600,0,0.0,115.15,184240.0,1
PO-05144,S009,Eastside Components,Tier 2,Sea,Textiles,WH-West,2024-07-22,2024-08-02,2024-08-02,2024,7,Q3,Jul,11,0,1,1677,1677,0,0.0,270.0,452790.0,1
PO-05145,S008,Northern Logistics,Tier 3,Rail,Raw Materials,WH-East,2024-07-23,2024-08-07,2024-08-07,2024,7,Q3,Jul,15,0,1,858,858,0,0.0,183.3,157271.4,1
PO-05146,S008,Northern Logistics,Tier 3,Rail,Finished Goods,WH-West,2024-07-23,2024-08-10,2024-08-10,2024,7,Q3,Jul,18,0,1,1403,1403,0,0.0,137.93,193515.79,1
PO-05147,S003,Apex Supply Co.,Tier 2,Road,Electronics,WH-Central,2024-07-23,2024-08-05,2024-08-05,2024,7,Q3,Jul,13,0,1,987,987,0,0.0,63.36,62536.32,1
PO-05148,S003,Apex Supply Co.,Tier 2,Road,Spare Parts,WH-East,2024-07-23,2024-08-10,2024-08-10,2024,7,Q3,Jul,18,0,1,136,136,0,0.0,224.44,30523.84,1
PO-05149,S010,Reliable Goods Co.,Tier 3,Road,Finished Goods,WH-North,2024-07-24,2024-08-10,2024-08-22,2024,7,Q3,Jul,17,12,0,1814,1566,248,13.67,10.44,18938.16,0
PO-05150,S009,Eastside Components,Tier 2,Sea,Finished Goods,WH-West,2024-07-24,2024-08-02,2024-08-16,2024,7,Q3,Jul,9,14,0,471,471,0,0.0,499.35,235193.85,1
PO-05151,S005,Metro Distributors,Tier 2,Road,Spare Parts,WH-East,2024-07-24,2024-08-01,2024-08-03,2024,7,Q3,Jul,8,2,0,182,182,0,0.0,86.67,15773.94,1
PO-05152,S003,Apex Supply Co.,Tier 2,Road,Spare Parts,WH-East,2024-07-24,2024-08-12,2024-08-12,2024,7,Q3,Jul,19,0,1,1126,1126,0,0.0,74.27,83628.02,1
PO-05153,S002,BlueStar Freight,Tier 1,Rail,Components,WH-West,2024-07-25,2024-08-03,2024-08-11,2024,7,Q3,Jul,9,8,0,303,303,0,0.0,358.42,108601.26,1
PO-05154,S008,Northern Logistics,Tier 3,Rail,Electronics,WH-East,2024-07-25,2024-07-30,2024-07-30,2024,7,Q3,Jul,5,0,1,1869,1744,125,6.69,139.55,260818.95,0
PO-05155,S008,Northern Logistics,Tier 3,Rail,Chemicals,WH-Central,2024-07-25,2024-08-06,2024-08-16,2024,7,Q3,Jul,12,10,0,1365,1365,0,0.0,136.45,186254.25,1
PO-05156,S002,BlueStar Freight,Tier 1,Rail,Packaging,WH-North,2024-07-25,2024-08-06,2024-08-06,2024,7,Q3,Jul,12,0,1,781,781,0,0.0,274.7,214540.7,1
PO-05157,S006,PrimeParts Inc.,Tier 1,Sea,Components,WH-South,2024-07-25,2024-07-31,2024-07-31,2024,7,Q3,Jul,6,0,1,1411,1411,0,0.0,307.49,433868.39,1
PO-05158,S001,FastTrack Logistics,Tier 1,Road,Textiles,WH-North,2024-07-25,2024-08-05,2024-08-05,2024,7,Q3,Jul,11,0,1,1642,1642,0,0.0,385.64,633220.88,1
PO-05159,S004,Global Parts Ltd,Tier 1,Air,Spare Parts,WH-West,2024-07-25,2024-07-30,2024-07-30,2024,7,Q3,Jul,5,0,1,1782,1782,0,0.0,11.69,20831.58,1
PO-05160,S010,Reliable Goods Co.,Tier 3,Road,Components,WH-South,2024-07-26,2024-08-03,2024-08-03,2024,7,Q3,Jul,8,0,1,129,129,0,0.0,94.99,12253.71,1
PO-05161,S007,Swift Carriers,Tier 2,Road,Finished Goods,WH-South,2024-07-26,2024-08-15,2024-08-15,2024,7,Q3,Jul,20,0,1,56,56,0,0.0,470.24,26333.44,1
PO-05162,S002,BlueStar Freight,Tier 1,Rail,Raw Materials,WH-East,2024-07-26,2024-07-31,2024-07-31,2024,7,Q3,Jul,5,0,1,1895,1895,0,0.0,103.87,196833.65,1
PO-05163,S009,Eastside Components,Tier 2,Sea,Chemicals,WH-Central,2024-07-26,2024-08-07,2024-08-07,2024,7,Q3,Jul,12,0,1,665,665,0,0.0,17.03,11324.95,1
PO-05164,S004,Global Parts Ltd,Tier 1,Air,Chemicals,WH-South,2024-07-26,2024-08-11,2024-08-11,2024,7,Q3,Jul,16,0,1,731,731,0,0.0,309.27,226076.37,1
PO-05165,S002,BlueStar Freight,Tier 1,Rail,Raw Materials,WH-North,2024-07-26,2024-08-11,2024-08-11,2024,7,Q3,Jul,16,0,1,275,275,0,0.0,128.17,35246.75,1
PO-05166,S001,FastTrack Logistics,Tier 1,Road,Components,WH-West,2024-07-26,2024-08-01,2024-08-01,2024,7,Q3,Jul,6,0,1,667,667,0,0.0,249.92,166696.64,1
PO-05167,S008,Northern Logistics,Tier 3,Rail,Packaging,WH-East,2024-07-27,2024-08-12,2024-08-12,2024,7,Q3,Jul,16,0,1,712,712,0,0.0,20.41,14531.92,1
PO-05168,S006,PrimeParts Inc.,Tier 1,Sea,Textiles,WH-East,2024-07-27,2024-08-05,2024-08-05,2024,7,Q3,Jul,9,0,1,1156,1156,0,0.0,112.76,130350.56,1
PO-05169,S010,Reliable Goods Co.,Tier 3,Road,Finished Goods,WH-North,2024-07-27,2024-07-30,2024-07-30,2024,7,Q3,Jul,3,0,1,112,112,0,0.0,153.8,17225.6,1
PO-05170,S002,BlueStar Freight,Tier 1,Rail,Packaging,WH-North,2024-07-27,2024-08-14,2024-08-20,2024,7,Q3,Jul,18,6,0,1678,1678,0,0.0,415.48,697175.44,1
PO-05171,S009,Eastside Components,Tier 2,Sea,Textiles,WH-North,2024-07-27,2024-08-08,2024-08-08,2024,7,Q3,Jul,12,0,1,1546,1546,0,0.0,338.71,523645.66,1
PO-05172,S009,Eastside Components,Tier 2,Sea,Packaging,WH-South,2024-07-27,2024-08-10,2024-08-10,2024,7,Q3,Jul,14,0,1,539,539,0,0.0,262.47,141471.33,1
PO-05173,S006,PrimeParts Inc.,Tier 1,Sea,Spare Parts,WH-East,2024-07-28,2024-08-15,2024-08-15,2024,7,Q3,Jul,18,0,1,756,756,0,0.0,323.19,244331.64,1
PO-05174,S001,FastTrack Logistics,Tier 1,Road,Electronics,WH-East,2024-07-28,2024-08-08,2024-08-08,2024,7,Q3,Jul,11,0,1,1401,1401,0,0.0,375.06,525459.06,1
PO-05175,S004,Global Parts Ltd,Tier 1,Air,Finished Goods,WH-West,2024-07-28,2024-08-09,2024-08-09,2024,7,Q3,Jul,12,0,1,582,582,0,0.0,469.37,273173.34,1
PO-05176,S008,Northern Logistics,Tier 3,Rail,Spare Parts,WH-South,2024-07-28,2024-08-06,2024-08-08,2024,7,Q3,Jul,9,2,0,319,319,0,0.0,235.07,74987.33,1
PO-05177,S009,Eastside Components,Tier 2,Sea,Spare Parts,WH-Central,2024-07-28,2024-08-08,2024-08-08,2024,7,Q3,Jul,11,0,1,88,88,0,0.0,486.46,42808.48,1
PO-05178,S004,Global Parts Ltd,Tier 1,Air,Raw Materials,WH-North,2024-07-28,2024-08-15,2024-08-15,2024,7,Q3,Jul,18,0,1,1111,1111,0,0.0,401.84,446444.24,1
PO-05179,S001,FastTrack Logistics,Tier 1,Road,Spare Parts,WH-East,2024-07-28,2024-08-12,2024-08-12,2024,7,Q3,Jul,15,0,1,789,789,0,0.0,80.46,63482.94,1
PO-05180,S005,Metro Distributors,Tier 2,Road,Components,WH-West,2024-07-29,2024-08-08,2024-08-08,2024,7,Q3,Jul,10,0,1,1015,1015,0,0.0,427.84,434257.6,1
PO-05181,S009,Eastside Components,Tier 2,Sea,Packaging,WH-South,2024-07-29,2024-08-16,2024-08-16,2024,7,Q3,Jul,18,0,1,908,908,0,0.0,491.23,446036.84,1
PO-05182,S001,FastTrack Logistics,Tier 1,Road,Textiles,WH-South,2024-07-29,2024-08-08,2024-08-08,2024,7,Q3,Jul,10,0,1,656,656,0,0.0,98.49,64609.44,1
PO-05183,S002,BlueStar Freight,Tier 1,Rail,Electronics,WH-North,2024-07-29,2024-08-09,2024-08-15,2024,7,Q3,Jul,11,6,0,1575,1575,0,0.0,43.73,68874.75,1
PO-05184,S008,Northern Logistics,Tier 3,Rail,Raw Materials,WH-West,2024-07-29,2024-08-19,2024-08-27,2024,7,Q3,Jul,21,8,0,618,579,39,6.31,131.06,80995.08,0
PO-05185,S009,Eastside Components,Tier 2,Sea,Finished Goods,WH-North,2024-07-29,2024-08-05,2024-08-05,2024,7,Q3,Jul,7,0,1,1474,1474,0,0.0,34.47,50808.78,1
PO-05186,S004,Global Parts Ltd,Tier 1,Air,Spare Parts,WH-Central,2024-07-29,2024-08-01,2024-08-01,2024,7,Q3,Jul,3,0,1,1368,1368,0,0.0,82.84,113325.12,1
PO-05187,S007,Swift Carriers,Tier 2,Road,Spare Parts,WH-Central,2024-07-29,2024-08-06,2024-08-16,2024,7,Q3,Jul,8,10,0,1307,1177,130,9.95,466.8,610107.6,0
PO-05188,S006,PrimeParts Inc.,Tier 1,Sea,Textiles,WH-Central,2024-07-30,2024-08-15,2024-08-15,2024,7,Q3,Jul,16,0,1,687,687,0,0.0,391.76,269139.12,1
PO-05189,S008,Northern Logistics,Tier 3,Rail,Packaging,WH-North,2024-07-30,2024-08-05,2024-08-05,2024,7,Q3,Jul,6,0,1,636,636,0,0.0,171.77,109245.72,1
PO-05190,S001,FastTrack Logistics,Tier 1,Road,Textiles,WH-South,2024-07-30,2024-08-18,2024-08-29,2024,7,Q3,Jul,19,11,0,289,289,0,0.0,107.4,31038.6,1
PO-05191,S005,Metro Distributors,Tier 2,Road,Textiles,WH-West,2024-07-30,2024-08-12,2024-08-12,2024,7,Q3,Jul,13,0,1,183,183,0,0.0,16.49,3017.67,1
PO-05192,S010,Reliable Goods Co.,Tier 3,Road,Raw Materials,WH-Central,2024-07-31,2024-08-06,2024-08-11,2024,7,Q3,Jul,6,5,0,907,907,0,0.0,50.93,46193.51,1
PO-05193,S002,BlueStar Freight,Tier 1,Rail,Spare Parts,WH-North,2024-07-31,2024-08-20,2024-08-20,2024,7,Q3,Jul,20,0,1,1419,1419,0,0.0,316.98,449794.62,1
PO-05194,S008,Northern Logistics,Tier 3,Rail,Spare Parts,WH-East,2024-07-31,2024-08-18,2024-08-19,2024,7,Q3,Jul,18,1,0,1724,1724,0,0.0,51.5,88786.0,1
PO-05195,S009,Eastside Components,Tier 2,Sea,Finished Goods,WH-West,2024-07-31,2024-08-03,2024-08-14,2024,7,Q3,Jul,3,11,0,840,840,0,0.0,214.91,180524.4,1
PO-05196,S001,FastTrack Logistics,Tier 1,Road,Chemicals,WH-North,2024-08-01,2024-08-18,2024-08-18,2024,8,Q3,Aug,17,0,1,1093,1093,0,0.0,193.23,211200.39,1
PO-05197,S004,Global Parts Ltd,Tier 1,Air,Finished Goods,WH-West,2024-08-01,2024-08-10,2024-08-10,2024,8,Q3,Aug,9,0,1,1189,1189,0,0.0,468.79,557391.31,1
PO-05198,S010,Reliable Goods Co.,Tier 3,Road,Electronics,WH-Central,2024-08-01,2024-08-08,2024-08-17,2024,8,Q3,Aug,7,9,0,1846,1846,0,0.0,455.65,841129.9,1
PO-05199,S007,Swift Carriers,Tier 2,Road,Spare Parts,WH-West,2024-08-01,2024-08-12,2024-08-12,2024,8,Q3,Aug,11,0,1,1315,1210,105,7.98,200.15,263197.25,0
PO-05200,S002,BlueStar Freight,Tier 1,Rail,Components,WH-East,2024-08-01,2024-08-05,2024-08-05,2024,8,Q3,Aug,4,0,1,1691,1691,0,0.0,444.04,750871.64,1
PO-05201,S006,PrimeParts Inc.,Tier 1,Sea,Packaging,WH-South,2024-08-01,2024-08-10,2024-08-10,2024,8,Q3,Aug,9,0,1,973,946,27,2.77,419.08,407764.84,0
PO-05202,S009,Eastside Components,Tier 2,Sea,Raw Materials,WH-Central,2024-08-01,2024-08-19,2024-08-27,2024,8,Q3,Aug,18,8,0,733,733,0,0.0,326.63,239419.79,1
PO-05203,S004,Global Parts Ltd,Tier 1,Air,Chemicals,WH-North,2024-08-02,2024-08-10,2024-08-10,2024,8,Q3,Aug,8,0,1,1180,1180,0,0.0,425.93,502597.4,1
PO-05204,S008,Northern Logistics,Tier 3,Rail,Raw Materials,WH-East,2024-08-02,2024-08-12,2024-08-12,2024,8,Q3,Aug,10,0,1,1082,1082,0,0.0,330.71,357828.22,1
PO-05205,S009,Eastside Components,Tier 2,Sea,Textiles,WH-East,2024-08-02,2024-08-15,2024-08-15,2024,8,Q3,Aug,13,0,1,84,84,0,0.0,105.17,8834.28,1
PO-05206,S007,Swift Carriers,Tier 2,Road,Electronics,WH-North,2024-08-02,2024-08-09,2024-08-09,2024,8,Q3,Aug,7,0,1,684,684,0,0.0,446.77,305590.68,1
PO-05207,S010,Reliable Goods Co.,Tier 3,Road,Spare Parts,WH-West,2024-08-02,2024-08-13,2024-08-13,2024,8,Q3,Aug,11,0,1,541,541,0,0.0,159.62,86354.42,1
PO-05208,S004,Global Parts Ltd,Tier 1,Air,Chemicals,WH-West,2024-08-02,2024-08-22,2024-08-22,2024,8,Q3,Aug,20,0,1,737,737,0,0.0,349.97,257927.89,1
PO-05209,S009,Eastside Components,Tier 2,Sea,Raw Materials,WH-West,2024-08-02,2024-08-10,2024-08-10,2024,8,Q3,Aug,8,0,1,1192,1192,0,0.0,145.0,172840.0,1
PO-05210,S002,BlueStar Freight,Tier 1,Rail,Chemicals,WH-West,2024-08-03,2024-08-10,2024-08-10,2024,8,Q3,Aug,7,0,1,1289,1289,0,0.0,41.7,53751.3,1
PO-05211,S002,BlueStar Freight,Tier 1,Rail,Electronics,WH-Central,2024-08-03,2024-08-20,2024-08-20,2024,8,Q3,Aug,17,0,1,365,365,0,0.0,136.03,49650.95,1
PO-05212,S008,Northern Logistics,Tier 3,Rail,Electronics,WH-West,2024-08-03,2024-08-10,2024-08-14,2024,8,Q3,Aug,7,4,0,1131,1131,0,0.0,227.24,257008.44,1
PO-05213,S010,Reliable Goods Co.,Tier 3,Road,Spare Parts,WH-South,2024-08-03,2024-08-06,2024-08-16,2024,8,Q3,Aug,3,10,0,198,198,0,0.0,464.53,91976.94,1
PO-05214,S005,Metro Distributors,Tier 2,Road,Spare Parts,WH-North,2024-08-03,2024-08-19,2024-08-27,2024,8,Q3,Aug,16,8,0,1397,1397,0,0.0,283.19,395616.43,1
PO-05215,S005,Metro Distributors,Tier 2,Road,Finished Goods,WH-North,2024-08-03,2024-08-20,2024-08-20,2024,8,Q3,Aug,17,0,1,717,717,0,0.0,107.85,77328.45,1
PO-05216,S009,Eastside Components,Tier 2,Sea,Finished Goods,WH-West,2024-08-03,2024-08-17,2024-08-17,2024,8,Q3,Aug,14,0,1,1767,1767,0,0.0,423.92,749066.64,1
PO-05217,S010,Reliable Goods Co.,Tier 3,Road,Spare Parts,WH-West,2024-08-03,2024-08-19,2024-08-30,2024,8,Q3,Aug,16,11,0,1980,1980,0,0.0,37.51,74269.8,1
PO-05218,S009,Eastside Components,Tier 2,Sea,Finished Goods,WH-Central,2024-08-04,2024-08-09,2024-08-21,2024,8,Q3,Aug,5,12,0,332,332,0,0.0,231.42,76831.44,1
PO-05219,S002,BlueStar Freight,Tier 1,Rail,Electronics,WH-South,2024-08-04,2024-08-24,2024-08-24,2024,8,Q3,Aug,20,0,1,917,917,0,0.0,105.05,96330.85,1
PO-05220,S009,Eastside Components,Tier 2,Sea,Raw Materials,WH-South,2024-08-04,2024-08-19,2024-08-19,2024,8,Q3,Aug,15,0,1,1916,1916,0,0.0,453.52,868944.32,1
PO-05221,S007,Swift Carriers,Tier 2,Road,Spare Parts,WH-West,2024-08-04,2024-08-22,2024-08-22,2024,8,Q3,Aug,18,0,1,1155,1155,0,0.0,347.44,401293.2,1
PO-05222,S009,Eastside Components,Tier 2,Sea,Components,WH-East,2024-08-04,2024-08-07,2024-08-10,2024,8,Q3,Aug,3,3,0,724,724,0,0.0,400.53,289983.72,1
PO-05223,S010,Reliable Goods Co.,Tier 3,Road,Spare Parts,WH-North,2024-08-05,2024-08-10,2024-08-10,2024,8,Q3,Aug,5,0,1,1635,1635,0,0.0,312.93,511640.55,1
PO-05224,S001,FastTrack Logistics,Tier 1,Road,Packaging,WH-East,2024-08-05,2024-08-16,2024-08-18,2024,8,Q3,Aug,11,2,0,306,306,0,0.0,19.67,6019.02,1
PO-05225,S008,Northern Logistics,Tier 3,Rail,Spare Parts,WH-Central,2024-08-05,2024-08-19,2024-08-19,2024,8,Q3,Aug,14,0,1,654,654,0,0.0,77.07,50403.78,1
PO-05226,S005,Metro Distributors,Tier 2,Road,Chemicals,WH-East,2024-08-05,2024-08-25,2024-09-03,2024,8,Q3,Aug,20,9,0,65,65,0,0.0,267.34,17377.1,1
PO-05227,S003,Apex Supply Co.,Tier 2,Road,Textiles,WH-West,2024-08-05,2024-08-18,2024-08-18,2024,8,Q3,Aug,13,0,1,996,996,0,0.0,76.52,76213.92,1
PO-05228,S008,Northern Logistics,Tier 3,Rail,Components,WH-North,2024-08-06,2024-08-27,2024-08-27,2024,8,Q3,Aug,21,0,1,180,180,0,0.0,309.23,55661.4,1
PO-05229,S008,Northern Logistics,Tier 3,Rail,Components,WH-North,2024-08-06,2024-08-19,2024-08-19,2024,8,Q3,Aug,13,0,1,1444,1444,0,0.0,492.7,711458.8,1
PO-05230,S007,Swift Carriers,Tier 2,Road,Raw Materials,WH-North,2024-08-06,2024-08-23,2024-08-23,2024,8,Q3,Aug,17,0,1,1149,1149,0,0.0,325.43,373919.07,1
PO-05231,S008,Northern Logistics,Tier 3,Rail,Components,WH-East,2024-08-06,2024-08-26,2024-09-04,2024,8,Q3,Aug,20,9,0,1866,1866,0,0.0,148.56,277212.96,1
PO-05232,S002,BlueStar Freight,Tier 1,Rail,Packaging,WH-West,2024-08-07,2024-08-12,2024-08-12,2024,8,Q3,Aug,5,0,1,1987,1987,0,0.0,473.82,941480.34,1
PO-05233,S007,Swift Carriers,Tier 2,Road,Chemicals,WH-Central,2024-08-07,2024-08-16,2024-08-16,2024,8,Q3,Aug,9,0,1,1166,1166,0,0.0,413.63,482292.58,1
PO-05234,S005,Metro Distributors,Tier 2,Road,Finished Goods,WH-Central,2024-08-07,2024-08-28,2024-08-28,2024,8,Q3,Aug,21,0,1,1812,1812,0,0.0,303.34,549652.08,1
PO-05235,S005,Metro Distributors,Tier 2,Road,Raw Materials,WH-South,2024-08-07,2024-08-17,2024-08-17,2024,8,Q3,Aug,10,0,1,652,652,0,0.0,205.56,134025.12,1
PO-05236,S003,Apex Supply Co.,Tier 2,Road,Chemicals,WH-South,2024-08-08,2024-08-20,2024-08-20,2024,8,Q3,Aug,12,0,1,686,686,0,0.0,57.93,39739.98,1
PO-05237,S006,PrimeParts Inc.,Tier 1,Sea,Finished Goods,WH-North,2024-08-08,2024-08-21,2024-08-29,2024,8,Q3,Aug,13,8,0,259,259,0,0.0,398.23,103141.57,1
PO-05238,S008,Northern Logistics,Tier 3,Rail,Components,WH-Central,2024-08-08,2024-08-13,2024-08-13,2024,8,Q3,Aug,5,0,1,1011,1011,0,0.0,345.17,348966.87,1
PO-05239,S003,Apex Supply Co.,Tier 2,Road,Packaging,WH-Central,2024-08-09,2024-08-15,2024-08-15,2024,8,Q3,Aug,6,0,1,797,797,0,0.0,382.55,304892.35,1
PO-05240,S010,Reliable Goods Co.,Tier 3,Road,Electronics,WH-Central,2024-08-09,2024-08-22,2024-08-29,2024,8,Q3,Aug,13,7,0,1453,1430,23,1.58,472.17,686063.01,0
PO-05241,S008,Northern Logistics,Tier 3,Rail,Chemicals,WH-West,2024-08-09,2024-08-28,2024-08-28,2024,8,Q3,Aug,19,0,1,1434,1434,0,0.0,343.36,492378.24,1
PO-05242,S003,Apex Supply Co.,Tier 2,Road,Electronics,WH-Central,2024-08-09,2024-08-17,2024-08-17,2024,8,Q3,Aug,8,0,1,1284,1146,138,10.75,280.58,360264.72,0
PO-05243,S007,Swift Carriers,Tier 2,Road,Raw Materials,WH-East,2024-08-09,2024-08-17,2024-08-17,2024,8,Q3,Aug,8,0,1,98,98,0,0.0,303.73,29765.54,1
PO-05244,S010,Reliable Goods Co.,Tier 3,Road,Textiles,WH-North,2024-08-09,2024-08-25,2024-08-28,2024,8,Q3,Aug,16,3,0,1135,1135,0,0.0,370.61,420642.35,1
PO-05245,S009,Eastside Components,Tier 2,Sea,Textiles,WH-South,2024-08-10,2024-08-23,2024-08-23,2024,8,Q3,Aug,13,0,1,1353,1353,0,0.0,169.76,229685.28,1
PO-05246,S009,Eastside Components,Tier 2,Sea,Packaging,WH-West,2024-08-10,2024-08-24,2024-08-24,2024,8,Q3,Aug,14,0,1,1587,1587,0,0.0,302.75,480464.25,1
PO-05247,S010,Reliable Goods Co.,Tier 3,Road,Components,WH-East,2024-08-10,2024-08-28,2024-09-04,2024,8,Q3,Aug,18,7,0,1125,1125,0,0.0,450.59,506913.75,1
PO-05248,S006,PrimeParts Inc.,Tier 1,Sea,Finished Goods,WH-West,2024-08-10,2024-08-20,2024-08-20,2024,8,Q3,Aug,10,0,1,603,603,0,0.0,290.25,175020.75,1
PO-05249,S002,BlueStar Freight,Tier 1,Rail,Chemicals,WH-South,2024-08-11,2024-08-18,2024-08-18,2024,8,Q3,Aug,7,0,1,366,366,0,0.0,41.97,15361.02,1
PO-05250,S009,Eastside Components,Tier 2,Sea,Chemicals,WH-East,2024-08-11,2024-08-18,2024-08-31,2024,8,Q3,Aug,7,13,0,1972,1972,0,0.0,446.16,879827.52,1
PO-05251,S008,Northern Logistics,Tier 3,Rail,Electronics,WH-North,2024-08-11,2024-08-19,2024-08-19,2024,8,Q3,Aug,8,0,1,1221,1221,0,0.0,139.95,170878.95,1
PO-05252,S004,Global Parts Ltd,Tier 1,Air,Spare Parts,WH-North,2024-08-11,2024-08-21,2024-08-21,2024,8,Q3,Aug,10,0,1,1602,1602,0,0.0,79.59,127503.18,1
PO-05253,S008,Northern Logistics,Tier 3,Rail,Chemicals,WH-South,2024-08-11,2024-08-24,2024-08-25,2024,8,Q3,Aug,13,1,0,1901,1901,0,0.0,474.75,902499.75,1
PO-05254,S008,Northern Logistics,Tier 3,Rail,Spare Parts,WH-South,2024-08-11,2024-08-23,2024-08-23,2024,8,Q3,Aug,12,0,1,1919,1913,6,0.31,93.55,179522.45,0
PO-05255,S009,Eastside Components,Tier 2,Sea,Raw Materials,WH-North,2024-08-11,2024-08-29,2024-08-29,2024,8,Q3,Aug,18,0,1,1495,1495,0,0.0,425.75,636496.25,1
PO-05256,S001,FastTrack Logistics,Tier 1,Road,Packaging,WH-East,2024-08-12,2024-08-16,2024-08-16,2024,8,Q3,Aug,4,0,1,468,468,0,0.0,237.15,110986.2,1
PO-05257,S002,BlueStar Freight,Tier 1,Rail,Electronics,WH-East,2024-08-12,2024-08-31,2024-08-31,2024,8,Q3,Aug,19,0,1,72,72,0,0.0,10.36,745.92,1
PO-05258,S007,Swift Carriers,Tier 2,Road,Components,WH-South,2024-08-12,2024-09-02,2024-09-02,2024,8,Q3,Aug,21,0,1,1719,1719,0,0.0,395.19,679331.61,1
PO-05259,S010,Reliable Goods Co.,Tier 3,Road,Finished Goods,WH-South,2024-08-12,2024-08-19,2024-08-19,2024,8,Q3,Aug,7,0,1,314,314,0,0.0,28.69,9008.66,1
PO-05260,S003,Apex Supply Co.,Tier 2,Road,Textiles,WH-East,2024-08-12,2024-08-31,2024-08-31,2024,8,Q3,Aug,19,0,1,1936,1936,0,0.0,250.24,484464.64,1
PO-05261,S005,Metro Distributors,Tier 2,Road,Raw Materials,WH-North,2024-08-12,2024-08-20,2024-08-20,2024,8,Q3,Aug,8,0,1,283,283,0,0.0,150.65,42633.95,1
PO-05262,S001,FastTrack Logistics,Tier 1,Road,Textiles,WH-South,2024-08-12,2024-08-19,2024-08-19,2024,8,Q3,Aug,7,0,1,467,467,0,0.0,290.4,135616.8,1
PO-05263,S001,FastTrack Logistics,Tier 1,Road,Spare Parts,WH-North,2024-08-12,2024-08-19,2024-08-19,2024,8,Q3,Aug,7,0,1,773,773,0,0.0,386.95,299112.35,1
PO-05264,S007,Swift Carriers,Tier 2,Road,Finished Goods,WH-West,2024-08-13,2024-08-30,2024-08-30,2024,8,Q3,Aug,17,0,1,1891,1891,0,0.0,250.85,474357.35,1
PO-05265,S009,Eastside Components,Tier 2,Sea,Finished Goods,WH-Central,2024-08-13,2024-08-29,2024-08-29,2024,8,Q3,Aug,16,0,1,1609,1609,0,0.0,380.84,612771.56,1
PO-05266,S005,Metro Distributors,Tier 2,Road,Raw Materials,WH-North,2024-08-13,2024-08-20,2024-08-20,2024,8,Q3,Aug,7,0,1,1094,1094,0,0.0,467.9,511882.6,1
PO-05267,S004,Global Parts Ltd,Tier 1,Air,Spare Parts,WH-North,2024-08-13,2024-09-02,2024-09-02,2024,8,Q3,Aug,20,0,1,1253,1253,0,0.0,401.47,503041.91,1
PO-05268,S002,BlueStar Freight,Tier 1,Rail,Spare Parts,WH-South,2024-08-13,2024-08-16,2024-08-16,2024,8,Q3,Aug,3,0,1,1987,1987,0,0.0,495.41,984379.67,1
PO-05269,S005,Metro Distributors,Tier 2,Road,Packaging,WH-West,2024-08-13,2024-08-16,2024-08-16,2024,8,Q3,Aug,3,0,1,950,950,0,0.0,82.45,78327.5,1
PO-05270,S004,Global Parts Ltd,Tier 1,Air,Textiles,WH-South,2024-08-13,2024-08-31,2024-08-31,2024,8,Q3,Aug,18,0,1,1792,1792,0,0.0,63.6,113971.2,1
PO-05271,S008,Northern Logistics,Tier 3,Rail,Textiles,WH-West,2024-08-14,2024-09-03,2024-09-13,2024,8,Q3,Aug,20,10,0,1319,1319,0,0.0,458.29,604484.51,1
PO-05272,S004,Global Parts Ltd,Tier 1,Air,Packaging,WH-North,2024-08-14,2024-08-26,2024-08-26,2024,8,Q3,Aug,12,0,1,934,934,0,0.0,227.37,212363.58,1
PO-05273,S005,Metro Distributors,Tier 2,Road,Chemicals,WH-East,2024-08-14,2024-09-01,2024-09-01,2024,8,Q3,Aug,18,0,1,1724,1724,0,0.0,378.32,652223.68,1
PO-05274,S003,Apex Supply Co.,Tier 2,Road,Spare Parts,WH-West,2024-08-14,2024-08-22,2024-08-22,2024,8,Q3,Aug,8,0,1,1415,1415,0,0.0,376.26,532407.9,1
PO-05275,S004,Global Parts Ltd,Tier 1,Air,Components,WH-Central,2024-08-15,2024-09-01,2024-09-01,2024,8,Q3,Aug,17,0,1,1185,1185,0,0.0,15.33,18166.05,1
PO-05276,S006,PrimeParts Inc.,Tier 1,Sea,Finished Goods,WH-East,2024-08-15,2024-08-19,2024-08-19,2024,8,Q3,Aug,4,0,1,983,983,0,0.0,276.96,272251.68,1
PO-05277,S009,Eastside Components,Tier 2,Sea,Finished Goods,WH-Central,2024-08-15,2024-08-23,2024-08-27,2024,8,Q3,Aug,8,4,0,702,702,0,0.0,136.69,95956.38,1
PO-05278,S010,Reliable Goods Co.,Tier 3,Road,Components,WH-East,2024-08-15,2024-09-05,2024-09-14,2024,8,Q3,Aug,21,9,0,1432,1432,0,0.0,179.65,257258.8,1
PO-05279,S005,Metro Distributors,Tier 2,Road,Spare Parts,WH-West,2024-08-15,2024-08-21,2024-08-21,2024,8,Q3,Aug,6,0,1,280,280,0,0.0,219.05,61334.0,1
PO-05280,S009,Eastside Components,Tier 2,Sea,Textiles,WH-Central,2024-08-16,2024-08-30,2024-08-30,2024,8,Q3,Aug,14,0,1,128,128,0,0.0,32.7,4185.6,1
PO-05281,S010,Reliable Goods Co.,Tier 3,Road,Textiles,WH-West,2024-08-16,2024-08-27,2024-08-27,2024,8,Q3,Aug,11,0,1,219,194,25,11.42,293.82,64346.58,0
PO-05282,S002,BlueStar Freight,Tier 1,Rail,Spare Parts,WH-North,2024-08-16,2024-08-25,2024-08-25,2024,8,Q3,Aug,9,0,1,51,51,0,0.0,437.47,22310.97,1
PO-05283,S002,BlueStar Freight,Tier 1,Rail,Chemicals,WH-East,2024-08-16,2024-08-21,2024-08-27,2024,8,Q3,Aug,5,6,0,1847,1644,203,10.99,156.32,288723.04,0
PO-05284,S007,Swift Carriers,Tier 2,Road,Raw Materials,WH-South,2024-08-16,2024-09-01,2024-09-13,2024,8,Q3,Aug,16,12,0,348,348,0,0.0,201.81,70229.88,1
PO-05285,S004,Global Parts Ltd,Tier 1,Air,Finished Goods,WH-West,2024-08-16,2024-08-31,2024-08-31,2024,8,Q3,Aug,15,0,1,309,309,0,0.0,59.96,18527.64,1
PO-05286,S002,BlueStar Freight,Tier 1,Rail,Textiles,WH-Central,2024-08-16,2024-08-24,2024-08-24,2024,8,Q3,Aug,8,0,1,1138,1138,0,0.0,168.46,191707.48,1
PO-05287,S005,Metro Distributors,Tier 2,Road,Components,WH-Central,2024-08-16,2024-09-04,2024-09-04,2024,8,Q3,Aug,19,0,1,1957,1957,0,0.0,138.34,270731.38,1
PO-05288,S002,BlueStar Freight,Tier 1,Rail,Chemicals,WH-North,2024-08-17,2024-09-03,2024-09-03,2024,8,Q3,Aug,17,0,1,856,856,0,0.0,177.13,151623.28,1
PO-05289,S009,Eastside Components,Tier 2,Sea,Electronics,WH-South,2024-08-17,2024-08-24,2024-08-24,2024,8,Q3,Aug,7,0,1,968,968,0,0.0,159.54,154434.72,1
PO-05290,S003,Apex Supply Co.,Tier 2,Road,Spare Parts,WH-South,2024-08-17,2024-08-30,2024-08-30,2024,8,Q3,Aug,13,0,1,1733,1614,119,6.87,98.55,170787.15,0
PO-05291,S001,FastTrack Logistics,Tier 1,Road,Finished Goods,WH-East,2024-08-17,2024-09-06,2024-09-06,2024,8,Q3,Aug,20,0,1,1296,1296,0,0.0,250.53,324686.88,1
PO-05292,S010,Reliable Goods Co.,Tier 3,Road,Chemicals,WH-West,2024-08-17,2024-08-20,2024-08-20,2024,8,Q3,Aug,3,0,1,1348,1304,44,3.26,413.62,557559.76,0
PO-05293,S007,Swift Carriers,Tier 2,Road,Chemicals,WH-East,2024-08-17,2024-08-20,2024-08-22,2024,8,Q3,Aug,3,2,0,743,738,5,0.67,215.19,159886.17,0
PO-05294,S003,Apex Supply Co.,Tier 2,Road,Textiles,WH-South,2024-08-18,2024-08-28,2024-09-07,2024,8,Q3,Aug,10,10,0,1615,1615,0,0.0,433.85,700667.75,1
PO-05295,S009,Eastside Components,Tier 2,Sea,Packaging,WH-Central,2024-08-18,2024-09-02,2024-09-14,2024,8,Q3,Aug,15,12,0,876,876,0,0.0,374.52,328079.52,1
PO-05296,S001,FastTrack Logistics,Tier 1,Road,Electronics,WH-South,2024-08-18,2024-08-25,2024-09-02,2024,8,Q3,Aug,7,8,0,850,850,0,0.0,7.37,6264.5,1
PO-05297,S009,Eastside Components,Tier 2,Sea,Chemicals,WH-East,2024-08-18,2024-09-03,2024-09-03,2024,8,Q3,Aug,16,0,1,1905,1905,0,0.0,273.19,520426.95,1
PO-05298,S007,Swift Carriers,Tier 2,Road,Raw Materials,WH-East,2024-08-18,2024-08-30,2024-08-30,2024,8,Q3,Aug,12,0,1,909,909,0,0.0,468.3,425684.7,1
PO-05299,S009,Eastside Components,Tier 2,Sea,Electronics,WH-South,2024-08-18,2024-08-24,2024-08-24,2024,8,Q3,Aug,6,0,1,944,912,32,3.39,303.3,286315.2,0
PO-05300,S001,FastTrack Logistics,Tier 1,Road,Components,WH-West,2024-08-18,2024-08-30,2024-08-30,2024,8,Q3,Aug,12,0,1,1703,1703,0,0.0,52.16,88828.48,1
PO-05301,S008,Northern Logistics,Tier 3,Rail,Textiles,WH-West,2024-08-18,2024-08-26,2024-09-05,2024,8,Q3,Aug,8,10,0,1518,1518,0,0.0,138.41,210106.38,1
PO-05302,S007,Swift Carriers,Tier 2,Road,Components,WH-East,2024-08-19,2024-08-30,2024-09-07,2024,8,Q3,Aug,11,8,0,650,650,0,0.0,127.68,82992.0,1
PO-05303,S007,Swift Carriers,Tier 2,Road,Electronics,WH-Central,2024-08-19,2024-09-06,2024-09-06,2024,8,Q3,Aug,18,0,1,1262,1262,0,0.0,284.38,358887.56,1
PO-05304,S006,PrimeParts Inc.,Tier 1,Sea,Raw Materials,WH-East,2024-08-19,2024-09-07,2024-09-07,2024,8,Q3,Aug,19,0,1,785,785,0,0.0,385.75,302813.75,1
PO-05305,S002,BlueStar Freight,Tier 1,Rail,Spare Parts,WH-East,2024-08-19,2024-09-07,2024-09-07,2024,8,Q3,Aug,19,0,1,1259,1259,0,0.0,23.53,29624.27,1
PO-05306,S001,FastTrack Logistics,Tier 1,Road,Spare Parts,WH-North,2024-08-19,2024-08-23,2024-08-23,2024,8,Q3,Aug,4,0,1,247,247,0,0.0,451.56,111535.32,1
PO-05307,S009,Eastside Components,Tier 2,Sea,Finished Goods,WH-Central,2024-08-19,2024-09-04,2024-09-04,2024,8,Q3,Aug,16,0,1,1472,1472,0,0.0,463.67,682522.24,1
PO-05308,S007,Swift Carriers,Tier 2,Road,Finished Goods,WH-East,2024-08-19,2024-08-28,2024-08-28,2024,8,Q3,Aug,9,0,1,120,120,0,0.0,201.01,24121.2,1
PO-05309,S002,BlueStar Freight,Tier 1,Rail,Components,WH-West,2024-08-20,2024-09-02,2024-09-02,2024,8,Q3,Aug,13,0,1,141,141,0,0.0,283.73,40005.93,1
PO-05310,S002,BlueStar Freight,Tier 1,Rail,Packaging,WH-South,2024-08-20,2024-08-23,2024-08-23,2024,8,Q3,Aug,3,0,1,753,753,0,0.0,9.97,7507.41,1
PO-05311,S004,Global Parts Ltd,Tier 1,Air,Chemicals,WH-South,2024-08-20,2024-09-09,2024-09-09,2024,8,Q3,Aug,20,0,1,1153,1153,0,0.0,129.34,149129.02,1
PO-05312,S005,Metro Distributors,Tier 2,Road,Chemicals,WH-East,2024-08-21,2024-08-31,2024-09-06,2024,8,Q3,Aug,10,6,0,1002,887,115,11.48,189.09,189468.18,0
PO-05313,S007,Swift Carriers,Tier 2,Road,Components,WH-West,2024-08-21,2024-09-10,2024-09-10,2024,8,Q3,Aug,20,0,1,352,352,0,0.0,450.92,158723.84,1
PO-05314,S007,Swift Carriers,Tier 2,Road,Finished Goods,WH-South,2024-08-21,2024-09-07,2024-09-07,2024,8,Q3,Aug,17,0,1,299,299,0,0.0,281.84,84270.16,1
PO-05315,S009,Eastside Components,Tier 2,Sea,Electronics,WH-East,2024-08-21,2024-08-27,2024-08-27,2024,8,Q3,Aug,6,0,1,1770,1770,0,0.0,290.78,514680.6,1
PO-05316,S006,PrimeParts Inc.,Tier 1,Sea,Components,WH-West,2024-08-21,2024-08-24,2024-08-30,2024,8,Q3,Aug,3,6,0,1421,1421,0,0.0,219.23,311525.83,1
PO-05317,S006,PrimeParts Inc.,Tier 1,Sea,Chemicals,WH-West,2024-08-21,2024-08-24,2024-08-24,2024,8,Q3,Aug,3,0,1,1935,1935,0,0.0,48.15,93170.25,1
PO-05318,S004,Global Parts Ltd,Tier 1,Air,Chemicals,WH-North,2024-08-21,2024-09-01,2024-09-01,2024,8,Q3,Aug,11,0,1,1436,1436,0,0.0,102.97,147864.92,1
PO-05319,S007,Swift Carriers,Tier 2,Road,Components,WH-East,2024-08-22,2024-08-27,2024-08-27,2024,8,Q3,Aug,5,0,1,1150,1150,0,0.0,330.64,380236.0,1
PO-05320,S008,Northern Logistics,Tier 3,Rail,Packaging,WH-West,2024-08-22,2024-09-01,2024-09-10,2024,8,Q3,Aug,10,9,0,297,297,0,0.0,146.96,43647.12,1
PO-05321,S004,Global Parts Ltd,Tier 1,Air,Spare Parts,WH-South,2024-08-22,2024-08-29,2024-08-29,2024,8,Q3,Aug,7,0,1,629,629,0,0.0,413.61,260160.69,1
PO-05322,S004,Global Parts Ltd,Tier 1,Air,Spare Parts,WH-Central,2024-08-22,2024-08-28,2024-08-28,2024,8,Q3,Aug,6,0,1,1607,1607,0,0.0,197.17,316852.19,1
PO-05323,S003,Apex Supply Co.,Tier 2,Road,Finished Goods,WH-South,2024-08-23,2024-08-31,2024-08-31,2024,8,Q3,Aug,8,0,1,1337,1337,0,0.0,292.96,391687.52,1
PO-05324,S005,Metro Distributors,Tier 2,Road,Textiles,WH-Central,2024-08-23,2024-09-10,2024-09-10,2024,8,Q3,Aug,18,0,1,997,997,0,0.0,144.95,144515.15,1
PO-05325,S002,BlueStar Freight,Tier 1,Rail,Packaging,WH-Central,2024-08-23,2024-08-26,2024-08-26,2024,8,Q3,Aug,3,0,1,1380,1380,0,0.0,263.31,363367.8,1
PO-05326,S008,Northern Logistics,Tier 3,Rail,Electronics,WH-North,2024-08-23,2024-08-29,2024-08-29,2024,8,Q3,Aug,6,0,1,1344,1344,0,0.0,98.99,133042.56,1
PO-05327,S002,BlueStar Freight,Tier 1,Rail,Textiles,WH-East,2024-08-23,2024-08-31,2024-08-31,2024,8,Q3,Aug,8,0,1,1146,1146,0,0.0,347.14,397822.44,1
PO-05328,S003,Apex Supply Co.,Tier 2,Road,Finished Goods,WH-South,2024-08-23,2024-08-26,2024-08-26,2024,8,Q3,Aug,3,0,1,1875,1875,0,0.0,319.14,598387.5,1
PO-05329,S009,Eastside Components,Tier 2,Sea,Finished Goods,WH-Central,2024-08-23,2024-09-03,2024-09-14,2024,8,Q3,Aug,11,11,0,1420,1420,0,0.0,325.84,462692.8,1
PO-05330,S004,Global Parts Ltd,Tier 1,Air,Components,WH-Central,2024-08-24,2024-09-08,2024-09-08,2024,8,Q3,Aug,15,0,1,1517,1517,0,0.0,55.61,84360.37,1
PO-05331,S001,FastTrack Logistics,Tier 1,Road,Spare Parts,WH-West,2024-08-24,2024-08-27,2024-08-27,2024,8,Q3,Aug,3,0,1,704,704,0,0.0,358.35,252278.4,1
PO-05332,S006,PrimeParts Inc.,Tier 1,Sea,Chemicals,WH-South,2024-08-24,2024-09-04,2024-09-04,2024,8,Q3,Aug,11,0,1,1290,1290,0,0.0,168.31,217119.9,1
PO-05333,S001,FastTrack Logistics,Tier 1,Road,Chemicals,WH-East,2024-08-24,2024-09-09,2024-09-09,2024,8,Q3,Aug,16,0,1,1906,1906,0,0.0,326.82,622918.92,1
PO-05334,S002,BlueStar Freight,Tier 1,Rail,Finished Goods,WH-East,2024-08-24,2024-09-03,2024-09-03,2024,8,Q3,Aug,10,0,1,342,342,0,0.0,174.76,59767.92,1
PO-05335,S010,Reliable Goods Co.,Tier 3,Road,Packaging,WH-Central,2024-08-24,2024-08-31,2024-08-31,2024,8,Q3,Aug,7,0,1,1683,1683,0,0.0,363.36,611534.88,1
PO-05336,S005,Metro Distributors,Tier 2,Road,Raw Materials,WH-Central,2024-08-25,2024-09-14,2024-09-14,2024,8,Q3,Aug,20,0,1,218,218,0,0.0,51.13,11146.34,1
PO-05337,S002,BlueStar Freight,Tier 1,Rail,Chemicals,WH-Central,2024-08-25,2024-09-04,2024-09-04,2024,8,Q3,Aug,10,0,1,1467,1467,0,0.0,424.39,622580.13,1
PO-05338,S002,BlueStar Freight,Tier 1,Rail,Spare Parts,WH-North,2024-08-25,2024-09-11,2024-09-11,2024,8,Q3,Aug,17,0,1,281,281,0,0.0,395.48,111129.88,1
PO-05339,S002,BlueStar Freight,Tier 1,Rail,Components,WH-Central,2024-08-25,2024-08-30,2024-08-30,2024,8,Q3,Aug,5,0,1,259,259,0,0.0,446.58,115664.22,1
PO-05340,S005,Metro Distributors,Tier 2,Road,Textiles,WH-West,2024-08-25,2024-09-12,2024-09-19,2024,8,Q3,Aug,18,7,0,555,555,0,0.0,44.57,24736.35,1
PO-05341,S010,Reliable Goods Co.,Tier 3,Road,Electronics,WH-South,2024-08-25,2024-09-05,2024-09-05,2024,8,Q3,Aug,11,0,1,149,149,0,0.0,471.89,70311.61,1
PO-05342,S010,Reliable Goods Co.,Tier 3,Road,Packaging,WH-South,2024-08-26,2024-09-15,2024-09-15,2024,8,Q3,Aug,20,0,1,1129,1129,0,0.0,256.57,289667.53,1
PO-05343,S006,PrimeParts Inc.,Tier 1,Sea,Electronics,WH-East,2024-08-26,2024-08-31,2024-08-31,2024,8,Q3,Aug,5,0,1,816,816,0,0.0,301.5,246024.0,1
PO-05344,S009,Eastside Components,Tier 2,Sea,Chemicals,WH-South,2024-08-26,2024-09-11,2024-09-11,2024,8,Q3,Aug,16,0,1,695,695,0,0.0,128.64,89404.8,1
PO-05345,S009,Eastside Components,Tier 2,Sea,Chemicals,WH-West,2024-08-26,2024-09-02,2024-09-02,2024,8,Q3,Aug,7,0,1,1261,1261,0,0.0,210.69,265680.09,1
PO-05346,S009,Eastside Components,Tier 2,Sea,Packaging,WH-Central,2024-08-26,2024-09-07,2024-09-07,2024,8,Q3,Aug,12,0,1,1406,1406,0,0.0,318.3,447529.8,1
PO-05347,S009,Eastside Components,Tier 2,Sea,Spare Parts,WH-South,2024-08-26,2024-09-07,2024-09-13,2024,8,Q3,Aug,12,6,0,1553,1553,0,0.0,126.04,195740.12,1
PO-05348,S010,Reliable Goods Co.,Tier 3,Road,Finished Goods,WH-East,2024-08-27,2024-09-14,2024-09-14,2024,8,Q3,Aug,18,0,1,558,523,35,6.27,278.61,155464.38,0
PO-05349,S007,Swift Carriers,Tier 2,Road,Chemicals,WH-West,2024-08-27,2024-09-17,2024-09-30,2024,8,Q3,Aug,21,13,0,316,316,0,0.0,386.63,122175.08,1
PO-05350,S004,Global Parts Ltd,Tier 1,Air,Spare Parts,WH-North,2024-08-27,2024-09-11,2024-09-11,2024,8,Q3,Aug,15,0,1,1289,1289,0,0.0,170.59,219890.51,1
PO-05351,S003,Apex Supply Co.,Tier 2,Road,Chemicals,WH-North,2024-08-27,2024-09-02,2024-09-02,2024,8,Q3,Aug,6,0,1,255,255,0,0.0,20.18,5145.9,1
PO-05352,S006,PrimeParts Inc.,Tier 1,Sea,Raw Materials,WH-South,2024-08-27,2024-09-04,2024-09-04,2024,8,Q3,Aug,8,0,1,52,51,1,1.92,310.15,16127.8,0
PO-05353,S008,Northern Logistics,Tier 3,Rail,Packaging,WH-North,2024-08-27,2024-09-01,2024-09-01,2024,8,Q3,Aug,5,0,1,739,739,0,0.0,384.14,283879.46,1
PO-05354,S006,PrimeParts Inc.,Tier 1,Sea,Spare Parts,WH-East,2024-08-27,2024-09-14,2024-09-14,2024,8,Q3,Aug,18,0,1,981,981,0,0.0,444.44,435995.64,1
PO-05355,S003,Apex Supply Co.,Tier 2,Road,Packaging,WH-Central,2024-08-28,2024-09-02,2024-09-02,2024,8,Q3,Aug,5,0,1,1067,1067,0,0.0,229.28,244641.76,1
PO-05356,S007,Swift Carriers,Tier 2,Road,Finished Goods,WH-Central,2024-08-28,2024-09-18,2024-09-18,2024,8,Q3,Aug,21,0,1,1931,1931,0,0.0,352.99,681623.69,1
PO-05357,S008,Northern Logistics,Tier 3,Rail,Textiles,WH-North,2024-08-28,2024-09-15,2024-09-22,2024,8,Q3,Aug,18,7,0,1512,1512,0,0.0,350.09,529336.08,1
PO-05358,S010,Reliable Goods Co.,Tier 3,Road,Packaging,WH-East,2024-08-28,2024-09-04,2024-09-04,2024,8,Q3,Aug,7,0,1,993,993,0,0.0,96.02,95347.86,1
PO-05359,S004,Global Parts Ltd,Tier 1,Air,Components,WH-North,2024-08-28,2024-09-09,2024-09-09,2024,8,Q3,Aug,12,0,1,842,842,0,0.0,112.75,94935.5,1
PO-05360,S001,FastTrack Logistics,Tier 1,Road,Chemicals,WH-East,2024-08-28,2024-09-07,2024-09-07,2024,8,Q3,Aug,10,0,1,1192,1192,0,0.0,148.09,176523.28,1
PO-05361,S002,BlueStar Freight,Tier 1,Rail,Spare Parts,WH-Central,2024-08-28,2024-09-10,2024-09-10,2024,8,Q3,Aug,13,0,1,1752,1752,0,0.0,461.71,808915.92,1
PO-05362,S010,Reliable Goods Co.,Tier 3,Road,Chemicals,WH-South,2024-08-29,2024-09-02,2024-09-02,2024,8,Q3,Aug,4,0,1,1135,1135,0,0.0,147.95,167923.25,1
PO-05363,S008,Northern Logistics,Tier 3,Rail,Electronics,WH-North,2024-08-29,2024-09-04,2024-09-11,2024,8,Q3,Aug,6,7,0,1592,1592,0,0.0,434.7,692042.4,1
PO-05364,S003,Apex Supply Co.,Tier 2,Road,Textiles,WH-West,2024-08-29,2024-09-11,2024-09-11,2024,8,Q3,Aug,13,0,1,1377,1377,0,0.0,204.73,281913.21,1
PO-05365,S008,Northern Logistics,Tier 3,Rail,Spare Parts,WH-South,2024-08-29,2024-09-04,2024-09-06,2024,8,Q3,Aug,6,2,0,746,746,0,0.0,160.97,120083.62,1
PO-05366,S010,Reliable Goods Co.,Tier 3,Road,Finished Goods,WH-East,2024-08-29,2024-09-09,2024-09-09,2024,8,Q3,Aug,11,0,1,1671,1574,97,5.8,85.43,142753.53,0
PO-05367,S005,Metro Distributors,Tier 2,Road,Components,WH-South,2024-08-30,2024-09-06,2024-09-06,2024,8,Q3,Aug,7,0,1,712,712,0,0.0,91.55,65183.6,1
PO-05368,S001,FastTrack Logistics,Tier 1,Road,Components,WH-West,2024-08-30,2024-09-05,2024-09-05,2024,8,Q3,Aug,6,0,1,927,927,0,0.0,311.34,288612.18,1
PO-05369,S007,Swift Carriers,Tier 2,Road,Spare Parts,WH-West,2024-08-30,2024-09-03,2024-09-15,2024,8,Q3,Aug,4,12,0,1461,1461,0,0.0,73.02,106682.22,1
PO-05370,S010,Reliable Goods Co.,Tier 3,Road,Textiles,WH-South,2024-08-31,2024-09-11,2024-09-21,2024,8,Q3,Aug,11,10,0,824,824,0,0.0,323.48,266547.52,1
PO-05371,S008,Northern Logistics,Tier 3,Rail,Textiles,WH-East,2024-08-31,2024-09-16,2024-09-16,2024,8,Q3,Aug,16,0,1,310,310,0,0.0,405.04,125562.4,1
PO-05372,S005,Metro Distributors,Tier 2,Road,Components,WH-East,2024-08-31,2024-09-17,2024-09-17,2024,8,Q3,Aug,17,0,1,1884,1884,0,0.0,103.49,194975.16,1
PO-05373,S010,Reliable Goods Co.,Tier 3,Road,Spare Parts,WH-Central,2024-08-31,2024-09-20,2024-09-20,2024,8,Q3,Aug,20,0,1,363,363,0,0.0,170.7,61964.1,1
PO-05374,S004,Global Parts Ltd,Tier 1,Air,Spare Parts,WH-North,2024-09-01,2024-09-09,2024-09-09,2024,9,Q3,Sep,8,0,1,1309,1309,0,0.0,80.42,105269.78,1
PO-05375,S010,Reliable Goods Co.,Tier 3,Road,Spare Parts,WH-West,2024-09-01,2024-09-06,2024-09-13,2024,9,Q3,Sep,5,7,0,1007,1007,0,0.0,230.01,231620.07,1
PO-05376,S007,Swift Carriers,Tier 2,Road,Packaging,WH-East,2024-09-01,2024-09-04,2024-09-04,2024,9,Q3,Sep,3,0,1,251,251,0,0.0,364.41,91466.91,1
PO-05377,S001,FastTrack Logistics,Tier 1,Road,Spare Parts,WH-Central,2024-09-01,2024-09-17,2024-09-17,2024,9,Q3,Sep,16,0,1,570,570,0,0.0,8.76,4993.2,1
PO-05378,S004,Global Parts Ltd,Tier 1,Air,Electronics,WH-North,2024-09-01,2024-09-11,2024-09-11,2024,9,Q3,Sep,10,0,1,1226,1226,0,0.0,219.36,268935.36,1
PO-05379,S008,Northern Logistics,Tier 3,Rail,Components,WH-North,2024-09-01,2024-09-17,2024-09-22,2024,9,Q3,Sep,16,5,0,444,444,0,0.0,494.6,219602.4,1
PO-05380,S008,Northern Logistics,Tier 3,Rail,Chemicals,WH-Central,2024-09-01,2024-09-13,2024-09-13,2024,9,Q3,Sep,12,0,1,911,911,0,0.0,323.06,294307.66,1
PO-05381,S003,Apex Supply Co.,Tier 2,Road,Electronics,WH-South,2024-09-01,2024-09-10,2024-09-10,2024,9,Q3,Sep,9,0,1,1899,1899,0,0.0,381.71,724867.29,1
PO-05382,S001,FastTrack Logistics,Tier 1,Road,Finished Goods,WH-North,2024-09-02,2024-09-18,2024-09-18,2024,9,Q3,Sep,16,0,1,1350,1350,0,0.0,95.62,129087.0,1
PO-05383,S008,Northern Logistics,Tier 3,Rail,Chemicals,WH-Central,2024-09-02,2024-09-12,2024-09-14,2024,9,Q3,Sep,10,2,0,884,884,0,0.0,418.66,370095.44,1
PO-05384,S001,FastTrack Logistics,Tier 1,Road,Textiles,WH-East,2024-09-02,2024-09-15,2024-09-15,2024,9,Q3,Sep,13,0,1,390,390,0,0.0,154.94,60426.6,1
PO-05385,S004,Global Parts Ltd,Tier 1,Air,Textiles,WH-East,2024-09-02,2024-09-14,2024-09-14,2024,9,Q3,Sep,12,0,1,1695,1695,0,0.0,283.9,481210.5,1
PO-05386,S008,Northern Logistics,Tier 3,Rail,Packaging,WH-Central,2024-09-02,2024-09-18,2024-09-30,2024,9,Q3,Sep,16,12,0,1047,1047,0,0.0,251.49,263310.03,1
PO-05387,S003,Apex Supply Co.,Tier 2,Road,Electronics,WH-West,2024-09-03,2024-09-18,2024-09-18,2024,9,Q3,Sep,15,0,1,148,148,0,0.0,226.16,33471.68,1
PO-05388,S007,Swift Carriers,Tier 2,Road,Textiles,WH-South,2024-09-03,2024-09-11,2024-09-11,2024,9,Q3,Sep,8,0,1,1826,1826,0,0.0,94.86,173214.36,1
PO-05389,S010,Reliable Goods Co.,Tier 3,Road,Electronics,WH-West,2024-09-03,2024-09-17,2024-09-17,2024,9,Q3,Sep,14,0,1,1398,1398,0,0.0,114.44,159987.12,1
PO-05390,S007,Swift Carriers,Tier 2,Road,Spare Parts,WH-South,2024-09-04,2024-09-09,2024-09-09,2024,9,Q3,Sep,5,0,1,936,936,0,0.0,255.4,239054.4,1
PO-05391,S005,Metro Distributors,Tier 2,Road,Raw Materials,WH-North,2024-09-04,2024-09-22,2024-09-22,2024,9,Q3,Sep,18,0,1,230,230,0,0.0,18.76,4314.8,1
PO-05392,S007,Swift Carriers,Tier 2,Road,Chemicals,WH-South,2024-09-04,2024-09-12,2024-09-19,2024,9,Q3,Sep,8,7,0,1095,1095,0,0.0,151.92,166352.4,1
PO-05393,S005,Metro Distributors,Tier 2,Road,Components,WH-East,2024-09-04,2024-09-19,2024-10-02,2024,9,Q3,Sep,15,13,0,803,803,0,0.0,222.42,178603.26,1
PO-05394,S010,Reliable Goods Co.,Tier 3,Road,Spare Parts,WH-South,2024-09-05,2024-09-15,2024-09-27,2024,9,Q3,Sep,10,12,0,647,647,0,0.0,453.86,293647.42,1
PO-05395,S003,Apex Supply Co.,Tier 2,Road,Electronics,WH-West,2024-09-05,2024-09-20,2024-09-23,2024,9,Q3,Sep,15,3,0,732,732,0,0.0,175.78,128670.96,1
PO-05396,S003,Apex Supply Co.,Tier 2,Road,Packaging,WH-South,2024-09-05,2024-09-20,2024-09-20,2024,9,Q3,Sep,15,0,1,1115,1115,0,0.0,178.24,198737.6,1
PO-05397,S009,Eastside Components,Tier 2,Sea,Electronics,WH-South,2024-09-05,2024-09-13,2024-09-13,2024,9,Q3,Sep,8,0,1,1854,1854,0,0.0,130.02,241057.08,1
PO-05398,S003,Apex Supply Co.,Tier 2,Road,Textiles,WH-East,2024-09-06,2024-09-09,2024-09-17,2024,9,Q3,Sep,3,8,0,630,630,0,0.0,428.04,269665.2,1
PO-05399,S008,Northern Logistics,Tier 3,Rail,Chemicals,WH-South,2024-09-06,2024-09-15,2024-09-26,2024,9,Q3,Sep,9,11,0,1493,1493,0,0.0,183.77,274368.61,1
PO-05400,S009,Eastside Components,Tier 2,Sea,Raw Materials,WH-North,2024-09-06,2024-09-23,2024-10-04,2024,9,Q3,Sep,17,11,0,174,153,21,12.07,231.12,40214.88,0
PO-05401,S002,BlueStar Freight,Tier 1,Rail,Spare Parts,WH-Central,2024-09-06,2024-09-26,2024-09-26,2024,9,Q3,Sep,20,0,1,1599,1599,0,0.0,132.57,211979.43,1
PO-05402,S001,FastTrack Logistics,Tier 1,Road,Chemicals,WH-West,2024-09-06,2024-09-10,2024-09-10,2024,9,Q3,Sep,4,0,1,806,806,0,0.0,153.98,124107.88,1
PO-05403,S003,Apex Supply Co.,Tier 2,Road,Textiles,WH-West,2024-09-07,2024-09-23,2024-09-23,2024,9,Q3,Sep,16,0,1,152,152,0,0.0,273.82,41620.64,1
PO-05404,S010,Reliable Goods Co.,Tier 3,Road,Packaging,WH-West,2024-09-07,2024-09-22,2024-09-22,2024,9,Q3,Sep,15,0,1,1303,1303,0,0.0,419.0,545957.0,1
PO-05405,S006,PrimeParts Inc.,Tier 1,Sea,Spare Parts,WH-South,2024-09-07,2024-09-19,2024-09-19,2024,9,Q3,Sep,12,0,1,1161,1161,0,0.0,357.21,414720.81,1
PO-05406,S005,Metro Distributors,Tier 2,Road,Electronics,WH-Central,2024-09-07,2024-09-26,2024-10-04,2024,9,Q3,Sep,19,8,0,1136,1136,0,0.0,150.69,171183.84,1
PO-05407,S003,Apex Supply Co.,Tier 2,Road,Packaging,WH-South,2024-09-07,2024-09-26,2024-09-26,2024,9,Q3,Sep,19,0,1,846,846,0,0.0,109.62,92738.52,1
PO-05408,S007,Swift Carriers,Tier 2,Road,Chemicals,WH-South,2024-09-07,2024-09-10,2024-09-10,2024,9,Q3,Sep,3,0,1,1474,1474,0,0.0,459.69,677583.06,1
PO-05409,S001,FastTrack Logistics,Tier 1,Road,Packaging,WH-North,2024-09-08,2024-09-12,2024-09-12,2024,9,Q3,Sep,4,0,1,1331,1331,0,0.0,23.31,31025.61,1
PO-05410,S002,BlueStar Freight,Tier 1,Rail,Electronics,WH-South,2024-09-08,2024-09-29,2024-09-29,2024,9,Q3,Sep,21,0,1,706,706,0,0.0,219.8,155178.8,1
PO-05411,S010,Reliable Goods Co.,Tier 3,Road,Textiles,WH-North,2024-09-08,2024-09-28,2024-10-01,2024,9,Q3,Sep,20,3,0,282,282,0,0.0,214.41,60463.62,1
PO-05412,S006,PrimeParts Inc.,Tier 1,Sea,Chemicals,WH-West,2024-09-08,2024-09-14,2024-09-14,2024,9,Q3,Sep,6,0,1,616,616,0,0.0,45.08,27769.28,1
PO-05413,S007,Swift Carriers,Tier 2,Road,Textiles,WH-North,2024-09-09,2024-09-21,2024-09-27,2024,9,Q3,Sep,12,6,0,1898,1898,0,0.0,310.22,588797.56,1
PO-05414,S001,FastTrack Logistics,Tier 1,Road,Components,WH-West,2024-09-09,2024-09-17,2024-09-17,2024,9,Q3,Sep,8,0,1,1687,1687,0,0.0,342.46,577730.02,1
PO-05415,S002,BlueStar Freight,Tier 1,Rail,Packaging,WH-West,2024-09-09,2024-09-29,2024-09-29,2024,9,Q3,Sep,20,0,1,1577,1577,0,0.0,313.22,493947.94,1
PO-05416,S003,Apex Supply Co.,Tier 2,Road,Finished Goods,WH-South,2024-09-10,2024-09-16,2024-09-16,2024,9,Q3,Sep,6,0,1,1775,1775,0,0.0,448.4,795910.0,1
PO-05417,S001,FastTrack Logistics,Tier 1,Road,Components,WH-North,2024-09-10,2024-09-28,2024-09-28,2024,9,Q3,Sep,18,0,1,1496,1496,0,0.0,241.01,360550.96,1
PO-05418,S010,Reliable Goods Co.,Tier 3,Road,Chemicals,WH-Central,2024-09-10,2024-09-27,2024-10-02,2024,9,Q3,Sep,17,5,0,986,986,0,0.0,96.13,94784.18,1
PO-05419,S008,Northern Logistics,Tier 3,Rail,Packaging,WH-North,2024-09-11,2024-10-01,2024-10-07,2024,9,Q3,Sep,20,6,0,688,688,0,0.0,434.97,299259.36,1
PO-05420,S009,Eastside Components,Tier 2,Sea,Finished Goods,WH-Central,2024-09-11,2024-09-18,2024-09-18,2024,9,Q3,Sep,7,0,1,1319,1319,0,0.0,92.66,122218.54,1
PO-05421,S001,FastTrack Logistics,Tier 1,Road,Finished Goods,WH-East,2024-09-11,2024-10-02,2024-10-02,2024,9,Q3,Sep,21,0,1,388,388,0,0.0,396.62,153888.56,1
PO-05422,S007,Swift Carriers,Tier 2,Road,Packaging,WH-East,2024-09-12,2024-09-21,2024-09-27,2024,9,Q3,Sep,9,6,0,499,499,0,0.0,322.68,161017.32,1
PO-05423,S002,BlueStar Freight,Tier 1,Rail,Packaging,WH-West,2024-09-12,2024-09-21,2024-10-03,2024,9,Q3,Sep,9,12,0,1072,1072,0,0.0,341.18,365744.96,1
PO-05424,S008,Northern Logistics,Tier 3,Rail,Raw Materials,WH-North,2024-09-12,2024-09-30,2024-09-30,2024,9,Q3,Sep,18,0,1,182,182,0,0.0,381.59,69449.38,1
PO-05425,S005,Metro Distributors,Tier 2,Road,Finished Goods,WH-West,2024-09-12,2024-09-28,2024-09-29,2024,9,Q3,Sep,16,1,0,181,181,0,0.0,303.02,54846.62,1
PO-05426,S001,FastTrack Logistics,Tier 1,Road,Finished Goods,WH-West,2024-09-12,2024-09-19,2024-09-19,2024,9,Q3,Sep,7,0,1,116,116,0,0.0,19.99,2318.84,1
PO-05427,S007,Swift Carriers,Tier 2,Road,Electronics,WH-East,2024-09-12,2024-09-25,2024-10-08,2024,9,Q3,Sep,13,13,0,926,926,0,0.0,380.96,352768.96,1
PO-05428,S001,FastTrack Logistics,Tier 1,Road,Textiles,WH-North,2024-09-13,2024-09-22,2024-09-22,2024,9,Q3,Sep,9,0,1,1099,1099,0,0.0,491.72,540400.28,1
PO-05429,S008,Northern Logistics,Tier 3,Rail,Finished Goods,WH-Central,2024-09-13,2024-09-25,2024-10-06,2024,9,Q3,Sep,12,11,0,661,661,0,0.0,32.44,21442.84,1
PO-05430,S003,Apex Supply Co.,Tier 2,Road,Textiles,WH-West,2024-09-13,2024-09-22,2024-09-22,2024,9,Q3,Sep,9,0,1,58,58,0,0.0,126.62,7343.96,1
PO-05431,S004,Global Parts Ltd,Tier 1,Air,Electronics,WH-Central,2024-09-14,2024-09-23,2024-09-23,2024,9,Q3,Sep,9,0,1,1633,1633,0,0.0,412.92,674298.36,1
PO-05432,S009,Eastside Components,Tier 2,Sea,Chemicals,WH-West,2024-09-14,2024-09-20,2024-09-20,2024,9,Q3,Sep,6,0,1,1630,1630,0,0.0,429.05,699351.5,1
PO-05433,S002,BlueStar Freight,Tier 1,Rail,Components,WH-East,2024-09-14,2024-09-21,2024-09-21,2024,9,Q3,Sep,7,0,1,395,395,0,0.0,479.02,189212.9,1
PO-05434,S004,Global Parts Ltd,Tier 1,Air,Textiles,WH-West,2024-09-14,2024-09-24,2024-09-24,2024,9,Q3,Sep,10,0,1,1025,1025,0,0.0,121.73,124773.25,1
PO-05435,S001,FastTrack Logistics,Tier 1,Road,Textiles,WH-East,2024-09-15,2024-09-19,2024-09-19,2024,9,Q3,Sep,4,0,1,1270,1270,0,0.0,159.7,202819.0,1
PO-05436,S003,Apex Supply Co.,Tier 2,Road,Finished Goods,WH-Central,2024-09-15,2024-09-22,2024-09-29,2024,9,Q3,Sep,7,7,0,1973,1973,0,0.0,41.75,82372.75,1
PO-05437,S002,BlueStar Freight,Tier 1,Rail,Components,WH-Central,2024-09-15,2024-09-25,2024-09-25,2024,9,Q3,Sep,10,0,1,538,538,0,0.0,31.39,16887.82,1
PO-05438,S006,PrimeParts Inc.,Tier 1,Sea,Textiles,WH-West,2024-09-15,2024-09-22,2024-09-22,2024,9,Q3,Sep,7,0,1,119,119,0,0.0,136.37,16228.03,1
PO-05439,S009,Eastside Components,Tier 2,Sea,Components,WH-Central,2024-09-15,2024-10-05,2024-10-05,2024,9,Q3,Sep,20,0,1,322,322,0,0.0,283.33,91232.26,1
PO-05440,S006,PrimeParts Inc.,Tier 1,Sea,Chemicals,WH-East,2024-09-15,2024-09-23,2024-09-23,2024,9,Q3,Sep,8,0,1,1895,1895,0,0.0,146.39,277409.05,1
PO-05441,S002,BlueStar Freight,Tier 1,Rail,Textiles,WH-East,2024-09-16,2024-09-22,2024-09-22,2024,9,Q3,Sep,6,0,1,1819,1701,118,6.49,308.91,561907.29,0
PO-05442,S003,Apex Supply Co.,Tier 2,Road,Packaging,WH-Central,2024-09-16,2024-09-30,2024-10-13,2024,9,Q3,Sep,14,13,0,531,504,27,5.08,149.02,79129.62,0
PO-05443,S002,BlueStar Freight,Tier 1,Rail,Spare Parts,WH-Central,2024-09-16,2024-10-03,2024-10-03,2024,9,Q3,Sep,17,0,1,1164,1164,0,0.0,194.93,226898.52,1
PO-05444,S010,Reliable Goods Co.,Tier 3,Road,Components,WH-North,2024-09-16,2024-09-29,2024-10-02,2024,9,Q3,Sep,13,3,0,1923,1923,0,0.0,459.05,882753.15,1
PO-05445,S002,BlueStar Freight,Tier 1,Rail,Chemicals,WH-East,2024-09-16,2024-10-06,2024-10-06,2024,9,Q3,Sep,20,0,1,117,117,0,0.0,244.79,28640.43,1
PO-05446,S007,Swift Carriers,Tier 2,Road,Spare Parts,WH-East,2024-09-17,2024-09-20,2024-09-20,2024,9,Q3,Sep,3,0,1,640,640,0,0.0,413.45,264608.0,1
PO-05447,S007,Swift Carriers,Tier 2,Road,Electronics,WH-North,2024-09-17,2024-09-27,2024-09-27,2024,9,Q3,Sep,10,0,1,256,256,0,0.0,23.7,6067.2,1
PO-05448,S008,Northern Logistics,Tier 3,Rail,Spare Parts,WH-West,2024-09-17,2024-09-27,2024-10-03,2024,9,Q3,Sep,10,6,0,1878,1878,0,0.0,184.25,346021.5,1
PO-05449,S001,FastTrack Logistics,Tier 1,Road,Raw Materials,WH-North,2024-09-17,2024-10-07,2024-10-07,2024,9,Q3,Sep,20,0,1,412,412,0,0.0,161.6,66579.2,1
PO-05450,S008,Northern Logistics,Tier 3,Rail,Textiles,WH-South,2024-09-17,2024-09-28,2024-10-03,2024,9,Q3,Sep,11,5,0,1591,1591,0,0.0,84.48,134407.68,1
PO-05451,S006,PrimeParts Inc.,Tier 1,Sea,Components,WH-North,2024-09-18,2024-10-01,2024-10-01,2024,9,Q3,Sep,13,0,1,712,712,0,0.0,449.41,319979.92,1
PO-05452,S008,Northern Logistics,Tier 3,Rail,Spare Parts,WH-West,2024-09-18,2024-10-06,2024-10-06,2024,9,Q3,Sep,18,0,1,743,743,0,0.0,374.91,278558.13,1
PO-05453,S006,PrimeParts Inc.,Tier 1,Sea,Finished Goods,WH-West,2024-09-18,2024-09-26,2024-09-26,2024,9,Q3,Sep,8,0,1,1204,1204,0,0.0,339.65,408938.6,1
PO-05454,S002,BlueStar Freight,Tier 1,Rail,Packaging,WH-West,2024-09-18,2024-10-02,2024-10-02,2024,9,Q3,Sep,14,0,1,824,824,0,0.0,461.56,380325.44,1
PO-05455,S004,Global Parts Ltd,Tier 1,Air,Finished Goods,WH-South,2024-09-19,2024-10-07,2024-10-17,2024,9,Q3,Sep,18,10,0,955,955,0,0.0,74.94,71567.7,1
PO-05456,S010,Reliable Goods Co.,Tier 3,Road,Spare Parts,WH-South,2024-09-19,2024-10-03,2024-10-03,2024,9,Q3,Sep,14,0,1,115,115,0,0.0,355.41,40872.15,1
PO-05457,S001,FastTrack Logistics,Tier 1,Road,Textiles,WH-North,2024-09-19,2024-09-23,2024-09-23,2024,9,Q3,Sep,4,0,1,1372,1372,0,0.0,441.97,606382.84,1
PO-05458,S003,Apex Supply Co.,Tier 2,Road,Electronics,WH-East,2024-09-19,2024-09-24,2024-09-24,2024,9,Q3,Sep,5,0,1,1318,1318,0,0.0,136.86,180381.48,1
PO-05459,S002,BlueStar Freight,Tier 1,Rail,Components,WH-North,2024-09-19,2024-09-30,2024-09-30,2024,9,Q3,Sep,11,0,1,1657,1657,0,0.0,452.51,749809.07,1
PO-05460,S004,Global Parts Ltd,Tier 1,Air,Components,WH-Central,2024-09-19,2024-09-23,2024-09-23,2024,9,Q3,Sep,4,0,1,967,967,0,0.0,305.35,295273.45,1
PO-05461,S009,Eastside Components,Tier 2,Sea,Finished Goods,WH-West,2024-09-20,2024-10-04,2024-10-04,2024,9,Q3,Sep,14,0,1,1982,1982,0,0.0,334.65,663276.3,1
PO-05462,S008,Northern Logistics,Tier 3,Rail,Chemicals,WH-East,2024-09-20,2024-09-23,2024-10-04,2024,9,Q3,Sep,3,11,0,1962,1962,0,0.0,283.07,555383.34,1
PO-05463,S006,PrimeParts Inc.,Tier 1,Sea,Spare Parts,WH-East,2024-09-20,2024-10-07,2024-10-07,2024,9,Q3,Sep,17,0,1,312,312,0,0.0,329.94,102941.28,1
PO-05464,S008,Northern Logistics,Tier 3,Rail,Electronics,WH-South,2024-09-20,2024-09-30,2024-09-30,2024,9,Q3,Sep,10,0,1,470,470,0,0.0,113.35,53274.5,1
PO-05465,S007,Swift Carriers,Tier 2,Road,Chemicals,WH-Central,2024-09-20,2024-10-03,2024-10-03,2024,9,Q3,Sep,13,0,1,51,50,1,1.96,205.3,10470.3,0
PO-05466,S001,FastTrack Logistics,Tier 1,Road,Components,WH-South,2024-09-20,2024-09-24,2024-09-24,2024,9,Q3,Sep,4,0,1,1094,1094,0,0.0,107.36,117451.84,1
PO-05467,S006,PrimeParts Inc.,Tier 1,Sea,Raw Materials,WH-West,2024-09-21,2024-09-29,2024-09-29,2024,9,Q3,Sep,8,0,1,1889,1889,0,0.0,304.51,575219.39,1
PO-05468,S004,Global Parts Ltd,Tier 1,Air,Components,WH-South,2024-09-21,2024-10-11,2024-10-11,2024,9,Q3,Sep,20,0,1,1017,1017,0,0.0,392.13,398796.21,1
PO-05469,S010,Reliable Goods Co.,Tier 3,Road,Electronics,WH-South,2024-09-21,2024-10-01,2024-10-05,2024,9,Q3,Sep,10,4,0,984,984,0,0.0,116.82,114950.88,1
PO-05470,S002,BlueStar Freight,Tier 1,Rail,Raw Materials,WH-East,2024-09-21,2024-09-30,2024-09-30,2024,9,Q3,Sep,9,0,1,169,169,0,0.0,433.71,73296.99,1
PO-05471,S008,Northern Logistics,Tier 3,Rail,Packaging,WH-Central,2024-09-21,2024-09-26,2024-10-06,2024,9,Q3,Sep,5,10,0,146,146,0,0.0,171.96,25106.16,1
PO-05472,S006,PrimeParts Inc.,Tier 1,Sea,Components,WH-West,2024-09-21,2024-10-07,2024-10-07,2024,9,Q3,Sep,16,0,1,277,277,0,0.0,211.5,58585.5,1
PO-05473,S001,FastTrack Logistics,Tier 1,Road,Packaging,WH-East,2024-09-21,2024-09-24,2024-09-24,2024,9,Q3,Sep,3,0,1,1252,1252,0,0.0,281.37,352275.24,1
PO-05474,S002,BlueStar Freight,Tier 1,Rail,Components,WH-Central,2024-09-21,2024-10-09,2024-10-09,2024,9,Q3,Sep,18,0,1,684,684,0,0.0,33.22,22722.48,1
PO-05475,S008,Northern Logistics,Tier 3,Rail,Chemicals,WH-North,2024-09-22,2024-10-01,2024-10-01,2024,9,Q3,Sep,9,0,1,1130,1130,0,0.0,448.85,507200.5,1
PO-05476,S006,PrimeParts Inc.,Tier 1,Sea,Chemicals,WH-Central,2024-09-22,2024-10-08,2024-10-08,2024,9,Q3,Sep,16,0,1,1290,1290,0,0.0,240.01,309612.9,1
PO-05477,S004,Global Parts Ltd,Tier 1,Air,Textiles,WH-South,2024-09-22,2024-09-28,2024-09-28,2024,9,Q3,Sep,6,0,1,1050,1050,0,0.0,135.06,141813.0,1
PO-05478,S003,Apex Supply Co.,Tier 2,Road,Electronics,WH-West,2024-09-22,2024-09-30,2024-10-04,2024,9,Q3,Sep,8,4,0,1136,1136,0,0.0,208.98,237401.28,1
PO-05479,S003,Apex Supply Co.,Tier 2,Road,Spare Parts,WH-North,2024-09-22,2024-09-25,2024-09-25,2024,9,Q3,Sep,3,0,1,686,686,0,0.0,45.03,30890.58,1
PO-05480,S006,PrimeParts Inc.,Tier 1,Sea,Components,WH-North,2024-09-22,2024-10-11,2024-10-11,2024,9,Q3,Sep,19,0,1,702,702,0,0.0,31.41,22049.82,1
PO-05481,S008,Northern Logistics,Tier 3,Rail,Components,WH-West,2024-09-22,2024-09-25,2024-09-25,2024,9,Q3,Sep,3,0,1,1067,909,158,14.81,39.9,42573.3,0
PO-05482,S005,Metro Distributors,Tier 2,Road,Raw Materials,WH-West,2024-09-23,2024-10-10,2024-10-10,2024,9,Q3,Sep,17,0,1,1128,1128,0,0.0,241.93,272897.04,1
PO-05483,S010,Reliable Goods Co.,Tier 3,Road,Components,WH-Central,2024-09-23,2024-09-30,2024-09-30,2024,9,Q3,Sep,7,0,1,556,556,0,0.0,94.61,52603.16,1
PO-05484,S002,BlueStar Freight,Tier 1,Rail,Components,WH-West,2024-09-23,2024-10-12,2024-10-12,2024,9,Q3,Sep,19,0,1,55,55,0,0.0,8.97,493.35,1
PO-05485,S010,Reliable Goods Co.,Tier 3,Road,Chemicals,WH-North,2024-09-23,2024-10-06,2024-10-06,2024,9,Q3,Sep,13,0,1,1644,1644,0,0.0,172.52,283622.88,1
PO-05486,S003,Apex Supply Co.,Tier 2,Road,Packaging,WH-South,2024-09-23,2024-09-29,2024-09-30,2024,9,Q3,Sep,6,1,0,333,333,0,0.0,246.83,82194.39,1
PO-05487,S010,Reliable Goods Co.,Tier 3,Road,Components,WH-West,2024-09-23,2024-10-03,2024-10-03,2024,9,Q3,Sep,10,0,1,854,854,0,0.0,486.72,415658.88,1
PO-05488,S010,Reliable Goods Co.,Tier 3,Road,Finished Goods,WH-West,2024-09-23,2024-10-07,2024-10-07,2024,9,Q3,Sep,14,0,1,463,463,0,0.0,460.43,213179.09,1
PO-05489,S005,Metro Distributors,Tier 2,Road,Packaging,WH-South,2024-09-23,2024-10-12,2024-10-23,2024,9,Q3,Sep,19,11,0,617,617,0,0.0,145.94,90044.98,1
PO-05490,S010,Reliable Goods Co.,Tier 3,Road,Components,WH-South,2024-09-24,2024-10-06,2024-10-07,2024,9,Q3,Sep,12,1,0,1914,1914,0,0.0,444.47,850715.58,1
PO-05491,S010,Reliable Goods Co.,Tier 3,Road,Components,WH-Central,2024-09-24,2024-10-15,2024-10-24,2024,9,Q3,Sep,21,9,0,1905,1905,0,0.0,406.92,775182.6,1
PO-05492,S007,Swift Carriers,Tier 2,Road,Electronics,WH-North,2024-09-24,2024-10-08,2024-10-08,2024,9,Q3,Sep,14,0,1,1715,1715,0,0.0,301.07,516335.05,1
PO-05493,S008,Northern Logistics,Tier 3,Rail,Textiles,WH-Central,2024-09-24,2024-10-01,2024-10-01,2024,9,Q3,Sep,7,0,1,1839,1839,0,0.0,192.69,354356.91,1
PO-05494,S006,PrimeParts Inc.,Tier 1,Sea,Raw Materials,WH-Central,2024-09-24,2024-09-30,2024-10-03,2024,9,Q3,Sep,6,3,0,1888,1888,0,0.0,385.6,728012.8,1
PO-05495,S001,FastTrack Logistics,Tier 1,Road,Raw Materials,WH-North,2024-09-24,2024-10-03,2024-10-03,2024,9,Q3,Sep,9,0,1,1631,1631,0,0.0,297.86,485809.66,1
PO-05496,S007,Swift Carriers,Tier 2,Road,Textiles,WH-South,2024-09-24,2024-09-28,2024-10-11,2024,9,Q3,Sep,4,13,0,1363,1363,0,0.0,192.53,262418.39,1
PO-05497,S005,Metro Distributors,Tier 2,Road,Chemicals,WH-South,2024-09-25,2024-10-08,2024-10-20,2024,9,Q3,Sep,13,12,0,1923,1923,0,0.0,238.14,457943.22,1
PO-05498,S001,FastTrack Logistics,Tier 1,Road,Spare Parts,WH-West,2024-09-25,2024-10-08,2024-10-08,2024,9,Q3,Sep,13,0,1,639,639,0,0.0,392.96,251101.44,1
PO-05499,S010,Reliable Goods Co.,Tier 3,Road,Components,WH-East,2024-09-25,2024-10-08,2024-10-08,2024,9,Q3,Sep,13,0,1,656,656,0,0.0,42.23,27702.88,1
PO-05500,S001,FastTrack Logistics,Tier 1,Road,Spare Parts,WH-North,2024-09-25,2024-10-14,2024-10-14,2024,9,Q3,Sep,19,0,1,1816,1816,0,0.0,142.79,259306.64,1
PO-05501,S003,Apex Supply Co.,Tier 2,Road,Raw Materials,WH-Central,2024-09-25,2024-09-28,2024-09-28,2024,9,Q3,Sep,3,0,1,233,233,0,0.0,380.78,88721.74,1
PO-05502,S007,Swift Carriers,Tier 2,Road,Finished Goods,WH-Central,2024-09-26,2024-10-01,2024-10-01,2024,9,Q3,Sep,5,0,1,380,380,0,0.0,411.52,156377.6,1
PO-05503,S001,FastTrack Logistics,Tier 1,Road,Electronics,WH-Central,2024-09-26,2024-10-13,2024-10-13,2024,9,Q3,Sep,17,0,1,1344,1344,0,0.0,12.38,16638.72,1
PO-05504,S009,Eastside Components,Tier 2,Sea,Textiles,WH-North,2024-09-26,2024-10-04,2024-10-04,2024,9,Q3,Sep,8,0,1,1519,1519,0,0.0,295.45,448788.55,1
PO-05505,S008,Northern Logistics,Tier 3,Rail,Electronics,WH-East,2024-09-26,2024-10-13,2024-10-13,2024,9,Q3,Sep,17,0,1,174,174,0,0.0,10.71,1863.54,1
PO-05506,S009,Eastside Components,Tier 2,Sea,Finished Goods,WH-Central,2024-09-26,2024-10-16,2024-10-28,2024,9,Q3,Sep,20,12,0,1626,1626,0,0.0,29.68,48259.68,1
PO-05507,S004,Global Parts Ltd,Tier 1,Air,Electronics,WH-North,2024-09-26,2024-10-04,2024-10-04,2024,9,Q3,Sep,8,0,1,493,471,22,4.46,370.24,182528.32,0
PO-05508,S008,Northern Logistics,Tier 3,Rail,Electronics,WH-Central,2024-09-27,2024-10-03,2024-10-03,2024,9,Q3,Sep,6,0,1,1355,1355,0,0.0,393.99,533856.45,1
PO-05509,S009,Eastside Components,Tier 2,Sea,Chemicals,WH-South,2024-09-27,2024-09-30,2024-09-30,2024,9,Q3,Sep,3,0,1,199,199,0,0.0,255.5,50844.5,1
PO-05510,S002,BlueStar Freight,Tier 1,Rail,Textiles,WH-North,2024-09-27,2024-10-18,2024-10-18,2024,9,Q3,Sep,21,0,1,972,972,0,0.0,251.41,244370.52,1
PO-05511,S007,Swift Carriers,Tier 2,Road,Chemicals,WH-South,2024-09-28,2024-10-11,2024-10-15,2024,9,Q3,Sep,13,4,0,190,190,0,0.0,256.74,48780.6,1
PO-05512,S006,PrimeParts Inc.,Tier 1,Sea,Spare Parts,WH-South,2024-09-28,2024-10-08,2024-10-08,2024,9,Q3,Sep,10,0,1,1960,1960,0,0.0,318.83,624906.8,1
PO-05513,S006,PrimeParts Inc.,Tier 1,Sea,Raw Materials,WH-West,2024-09-28,2024-10-11,2024-10-11,2024,9,Q3,Sep,13,0,1,1710,1710,0,0.0,437.15,747526.5,1
PO-05514,S006,PrimeParts Inc.,Tier 1,Sea,Packaging,WH-Central,2024-09-28,2024-10-08,2024-10-08,2024,9,Q3,Sep,10,0,1,516,516,0,0.0,248.07,128004.12,1
PO-05515,S007,Swift Carriers,Tier 2,Road,Textiles,WH-East,2024-09-28,2024-10-12,2024-10-25,2024,9,Q3,Sep,14,13,0,315,315,0,0.0,239.84,75549.6,1
PO-05516,S009,Eastside Components,Tier 2,Sea,Electronics,WH-East,2024-09-29,2024-10-14,2024-10-14,2024,9,Q3,Sep,15,0,1,219,219,0,0.0,268.27,58751.13,1
PO-05517,S010,Reliable Goods Co.,Tier 3,Road,Raw Materials,WH-Central,2024-09-29,2024-10-06,2024-10-09,2024,9,Q3,Sep,7,3,0,174,153,21,12.07,121.88,21207.12,0
PO-05518,S001,FastTrack Logistics,Tier 1,Road,Electronics,WH-West,2024-09-29,2024-10-11,2024-10-11,2024,9,Q3,Sep,12,0,1,612,612,0,0.0,437.74,267896.88,1
PO-05519,S008,Northern Logistics,Tier 3,Rail,Chemicals,WH-South,2024-09-29,2024-10-11,2024-10-21,2024,9,Q3,Sep,12,10,0,902,902,0,0.0,216.44,195228.88,1
PO-05520,S006,PrimeParts Inc.,Tier 1,Sea,Finished Goods,WH-East,2024-09-29,2024-10-12,2024-10-12,2024,9,Q3,Sep,13,0,1,615,615,0,0.0,356.04,218964.6,1
PO-05521,S002,BlueStar Freight,Tier 1,Rail,Raw Materials,WH-North,2024-09-29,2024-10-12,2024-10-12,2024,9,Q3,Sep,13,0,1,1403,1403,0,0.0,404.42,567401.26,1
PO-05522,S005,Metro Distributors,Tier 2,Road,Packaging,WH-South,2024-09-30,2024-10-06,2024-10-06,2024,9,Q3,Sep,6,0,1,1783,1771,12,0.67,178.74,318693.42,0
PO-05523,S005,Metro Distributors,Tier 2,Road,Textiles,WH-South,2024-09-30,2024-10-20,2024-10-30,2024,9,Q3,Sep,20,10,0,1091,1091,0,0.0,332.64,362910.24,1
PO-05524,S006,PrimeParts Inc.,Tier 1,Sea,Electronics,WH-East,2024-09-30,2024-10-12,2024-10-12,2024,9,Q3,Sep,12,0,1,530,530,0,0.0,388.39,205846.7,1
PO-05525,S001,FastTrack Logistics,Tier 1,Road,Spare Parts,WH-Central,2024-09-30,2024-10-16,2024-10-16,2024,9,Q3,Sep,16,0,1,138,138,0,0.0,246.77,34054.26,1
PO-05526,S002,BlueStar Freight,Tier 1,Rail,Spare Parts,WH-South,2024-09-30,2024-10-06,2024-10-06,2024,9,Q3,Sep,6,0,1,1467,1467,0,0.0,230.46,338084.82,1
PO-05527,S006,PrimeParts Inc.,Tier 1,Sea,Chemicals,WH-West,2024-09-30,2024-10-21,2024-10-21,2024,9,Q3,Sep,21,0,1,264,264,0,0.0,159.52,42113.28,1
PO-05528,S004,Global Parts Ltd,Tier 1,Air,Electronics,WH-East,2024-09-30,2024-10-08,2024-10-08,2024,9,Q3,Sep,8,0,1,1011,1011,0,0.0,17.97,18167.67,1
PO-05529,S006,PrimeParts Inc.,Tier 1,Sea,Packaging,WH-South,2024-10-01,2024-10-19,2024-10-22,2024,10,Q4,Oct,18,3,0,690,690,0,0.0,79.63,54944.7,1
PO-05530,S009,Eastside Components,Tier 2,Sea,Components,WH-West,2024-10-01,2024-10-12,2024-10-24,2024,10,Q4,Oct,11,12,0,1543,1543,0,0.0,328.93,507538.99,1
PO-05531,S010,Reliable Goods Co.,Tier 3,Road,Packaging,WH-West,2024-10-01,2024-10-11,2024-10-11,2024,10,Q4,Oct,10,0,1,622,622,0,0.0,437.55,272156.1,1
PO-05532,S005,Metro Distributors,Tier 2,Road,Finished Goods,WH-West,2024-10-01,2024-10-13,2024-10-13,2024,10,Q4,Oct,12,0,1,1966,1966,0,0.0,98.2,193061.2,1
PO-05533,S007,Swift Carriers,Tier 2,Road,Components,WH-Central,2024-10-01,2024-10-08,2024-10-08,2024,10,Q4,Oct,7,0,1,1921,1921,0,0.0,198.24,380819.04,1
PO-05534,S007,Swift Carriers,Tier 2,Road,Textiles,WH-North,2024-10-02,2024-10-15,2024-10-15,2024,10,Q4,Oct,13,0,1,1020,1020,0,0.0,365.68,372993.6,1
PO-05535,S010,Reliable Goods Co.,Tier 3,Road,Chemicals,WH-West,2024-10-02,2024-10-06,2024-10-06,2024,10,Q4,Oct,4,0,1,699,699,0,0.0,68.25,47706.75,1
PO-05536,S008,Northern Logistics,Tier 3,Rail,Finished Goods,WH-West,2024-10-02,2024-10-21,2024-10-23,2024,10,Q4,Oct,19,2,0,1665,1665,0,0.0,12.52,20845.8,1
PO-05537,S006,PrimeParts Inc.,Tier 1,Sea,Raw Materials,WH-North,2024-10-02,2024-10-11,2024-10-11,2024,10,Q4,Oct,9,0,1,966,966,0,0.0,65.29,63070.14,1
PO-05538,S004,Global Parts Ltd,Tier 1,Air,Textiles,WH-Central,2024-10-02,2024-10-14,2024-10-14,2024,10,Q4,Oct,12,0,1,1031,1031,0,0.0,13.54,13959.74,1
PO-05539,S008,Northern Logistics,Tier 3,Rail,Raw Materials,WH-North,2024-10-02,2024-10-16,2024-10-16,2024,10,Q4,Oct,14,0,1,1479,1479,0,0.0,158.54,234480.66,1
PO-05540,S002,BlueStar Freight,Tier 1,Rail,Chemicals,WH-Central,2024-10-03,2024-10-22,2024-10-22,2024,10,Q4,Oct,19,0,1,1138,1138,0,0.0,434.6,494574.8,1
PO-05541,S005,Metro Distributors,Tier 2,Road,Electronics,WH-West,2024-10-03,2024-10-19,2024-10-19,2024,10,Q4,Oct,16,0,1,882,882,0,0.0,313.21,276251.22,1
PO-05542,S005,Metro Distributors,Tier 2,Road,Components,WH-Central,2024-10-03,2024-10-16,2024-10-16,2024,10,Q4,Oct,13,0,1,1674,1674,0,0.0,39.51,66139.74,1
PO-05543,S001,FastTrack Logistics,Tier 1,Road,Packaging,WH-South,2024-10-03,2024-10-15,2024-10-15,2024,10,Q4,Oct,12,0,1,1960,1960,0,0.0,277.79,544468.4,1
PO-05544,S003,Apex Supply Co.,Tier 2,Road,Electronics,WH-East,2024-10-04,2024-10-22,2024-11-05,2024,10,Q4,Oct,18,14,0,1637,1637,0,0.0,110.98,181674.26,1
PO-05545,S002,BlueStar Freight,Tier 1,Rail,Finished Goods,WH-Central,2024-10-04,2024-10-24,2024-10-24,2024,10,Q4,Oct,20,0,1,1310,1310,0,0.0,401.43,525873.3,1
PO-05546,S004,Global Parts Ltd,Tier 1,Air,Textiles,WH-East,2024-10-04,2024-10-17,2024-10-17,2024,10,Q4,Oct,13,0,1,1050,1050,0,0.0,214.52,225246.0,1
PO-05547,S003,Apex Supply Co.,Tier 2,Road,Finished Goods,WH-East,2024-10-04,2024-10-25,2024-10-31,2024,10,Q4,Oct,21,6,0,1118,1118,0,0.0,93.38,104398.84,1
PO-05548,S004,Global Parts Ltd,Tier 1,Air,Finished Goods,WH-West,2024-10-05,2024-10-26,2024-10-26,2024,10,Q4,Oct,21,0,1,578,578,0,0.0,121.76,70377.28,1
PO-05549,S007,Swift Carriers,Tier 2,Road,Textiles,WH-East,2024-10-05,2024-10-15,2024-10-15,2024,10,Q4,Oct,10,0,1,1539,1539,0,0.0,125.55,193221.45,1
PO-05550,S007,Swift Carriers,Tier 2,Road,Chemicals,WH-West,2024-10-05,2024-10-10,2024-10-10,2024,10,Q4,Oct,5,0,1,1621,1621,0,0.0,433.48,702671.08,1
PO-05551,S008,Northern Logistics,Tier 3,Rail,Finished Goods,WH-South,2024-10-05,2024-10-09,2024-10-14,2024,10,Q4,Oct,4,5,0,1618,1618,0,0.0,22.83,36938.94,1
PO-05552,S008,Northern Logistics,Tier 3,Rail,Finished Goods,WH-West,2024-10-05,2024-10-14,2024-10-21,2024,10,Q4,Oct,9,7,0,973,973,0,0.0,219.03,213116.19,1
PO-05553,S001,FastTrack Logistics,Tier 1,Road,Electronics,WH-Central,2024-10-05,2024-10-13,2024-10-13,2024,10,Q4,Oct,8,0,1,1936,1936,0,0.0,361.15,699186.4,1
PO-05554,S006,PrimeParts Inc.,Tier 1,Sea,Chemicals,WH-East,2024-10-06,2024-10-18,2024-10-26,2024,10,Q4,Oct,12,8,0,1202,1202,0,0.0,158.3,190276.6,1
PO-05555,S010,Reliable Goods Co.,Tier 3,Road,Spare Parts,WH-North,2024-10-06,2024-10-09,2024-10-12,2024,10,Q4,Oct,3,3,0,1372,1372,0,0.0,427.95,587147.4,1
PO-05556,S003,Apex Supply Co.,Tier 2,Road,Chemicals,WH-South,2024-10-06,2024-10-12,2024-10-21,2024,10,Q4,Oct,6,9,0,563,563,0,0.0,194.56,109537.28,1
PO-05557,S007,Swift Carriers,Tier 2,Road,Components,WH-Central,2024-10-06,2024-10-22,2024-10-22,2024,10,Q4,Oct,16,0,1,1031,1031,0,0.0,402.62,415101.22,1
PO-05558,S003,Apex Supply Co.,Tier 2,Road,Packaging,WH-North,2024-10-06,2024-10-23,2024-11-03,2024,10,Q4,Oct,17,11,0,1449,1449,0,0.0,155.62,225493.38,1
PO-05559,S007,Swift Carriers,Tier 2,Road,Packaging,WH-East,2024-10-06,2024-10-22,2024-10-22,2024,10,Q4,Oct,16,0,1,1783,1783,0,0.0,311.9,556117.7,1
PO-05560,S004,Global Parts Ltd,Tier 1,Air,Textiles,WH-South,2024-10-06,2024-10-16,2024-10-16,2024,10,Q4,Oct,10,0,1,1244,1244,0,0.0,329.67,410109.48,1
PO-05561,S003,Apex Supply Co.,Tier 2,Road,Raw Materials,WH-South,2024-10-07,2024-10-12,2024-10-12,2024,10,Q4,Oct,5,0,1,1127,1127,0,0.0,33.8,38092.6,1
PO-05562,S010,Reliable Goods Co.,Tier 3,Road,Electronics,WH-Central,2024-10-07,2024-10-26,2024-11-03,2024,10,Q4,Oct,19,8,0,1449,1449,0,0.0,340.59,493514.91,1
PO-05563,S003,Apex Supply Co.,Tier 2,Road,Raw Materials,WH-South,2024-10-07,2024-10-13,2024-10-24,2024,10,Q4,Oct,6,11,0,1927,1927,0,0.0,436.54,841212.58,1
PO-05564,S002,BlueStar Freight,Tier 1,Rail,Textiles,WH-South,2024-10-07,2024-10-10,2024-10-10,2024,10,Q4,Oct,3,0,1,637,637,0,0.0,147.65,94053.05,1
PO-05565,S008,Northern Logistics,Tier 3,Rail,Electronics,WH-North,2024-10-07,2024-10-24,2024-11-06,2024,10,Q4,Oct,17,13,0,1177,1177,0,0.0,77.89,91676.53,1
PO-05566,S003,Apex Supply Co.,Tier 2,Road,Components,WH-West,2024-10-07,2024-10-26,2024-10-26,2024,10,Q4,Oct,19,0,1,532,532,0,0.0,156.38,83194.16,1
PO-05567,S009,Eastside Components,Tier 2,Sea,Finished Goods,WH-Central,2024-10-07,2024-10-18,2024-10-18,2024,10,Q4,Oct,11,0,1,783,783,0,0.0,275.24,215512.92,1
PO-05568,S002,BlueStar Freight,Tier 1,Rail,Raw Materials,WH-West,2024-10-07,2024-10-20,2024-10-20,2024,10,Q4,Oct,13,0,1,549,549,0,0.0,453.45,248944.05,1
PO-05569,S001,FastTrack Logistics,Tier 1,Road,Textiles,WH-Central,2024-10-08,2024-10-16,2024-10-16,2024,10,Q4,Oct,8,0,1,1123,1016,107,9.53,60.09,67481.07,0
PO-05570,S008,Northern Logistics,Tier 3,Rail,Packaging,WH-North,2024-10-08,2024-10-22,2024-10-22,2024,10,Q4,Oct,14,0,1,1535,1535,0,0.0,63.66,97718.1,1
PO-05571,S009,Eastside Components,Tier 2,Sea,Electronics,WH-North,2024-10-08,2024-10-17,2024-10-29,2024,10,Q4,Oct,9,12,0,656,656,0,0.0,55.37,36322.72,1
PO-05572,S004,Global Parts Ltd,Tier 1,Air,Raw Materials,WH-East,2024-10-08,2024-10-23,2024-10-23,2024,10,Q4,Oct,15,0,1,231,231,0,0.0,427.24,98692.44,1
PO-05573,S006,PrimeParts Inc.,Tier 1,Sea,Chemicals,WH-East,2024-10-08,2024-10-14,2024-10-14,2024,10,Q4,Oct,6,0,1,88,88,0,0.0,267.67,23554.96,1
PO-05574,S007,Swift Carriers,Tier 2,Road,Raw Materials,WH-East,2024-10-09,2024-10-16,2024-10-16,2024,10,Q4,Oct,7,0,1,1139,1139,0,0.0,58.52,66654.28,1
PO-05575,S005,Metro Distributors,Tier 2,Road,Spare Parts,WH-East,2024-10-09,2024-10-16,2024-10-21,2024,10,Q4,Oct,7,5,0,55,55,0,0.0,250.67,13786.85,1
PO-05576,S007,Swift Carriers,Tier 2,Road,Electronics,WH-Central,2024-10-09,2024-10-12,2024-10-12,2024,10,Q4,Oct,3,0,1,1970,1970,0,0.0,397.84,783744.8,1
PO-05577,S009,Eastside Components,Tier 2,Sea,Packaging,WH-Central,2024-10-10,2024-10-18,2024-10-18,2024,10,Q4,Oct,8,0,1,1665,1665,0,0.0,173.46,288810.9,1
PO-05578,S005,Metro Distributors,Tier 2,Road,Spare Parts,WH-North,2024-10-10,2024-10-31,2024-10-31,2024,10,Q4,Oct,21,0,1,527,483,44,8.35,335.07,176581.89,0
PO-05579,S003,Apex Supply Co.,Tier 2,Road,Chemicals,WH-South,2024-10-10,2024-10-20,2024-10-20,2024,10,Q4,Oct,10,0,1,961,961,0,0.0,106.96,102788.56,1
PO-05580,S010,Reliable Goods Co.,Tier 3,Road,Electronics,WH-East,2024-10-10,2024-10-15,2024-10-21,2024,10,Q4,Oct,5,6,0,158,156,2,1.27,388.72,61417.76,0
PO-05581,S001,FastTrack Logistics,Tier 1,Road,Finished Goods,WH-North,2024-10-10,2024-10-29,2024-10-29,2024,10,Q4,Oct,19,0,1,676,676,0,0.0,118.71,80247.96,1
PO-05582,S007,Swift Carriers,Tier 2,Road,Electronics,WH-South,2024-10-10,2024-10-24,2024-10-24,2024,10,Q4,Oct,14,0,1,118,110,8,6.78,116.3,13723.4,0
PO-05583,S004,Global Parts Ltd,Tier 1,Air,Raw Materials,WH-South,2024-10-10,2024-10-26,2024-11-02,2024,10,Q4,Oct,16,7,0,880,880,0,0.0,163.74,144091.2,1
PO-05584,S003,Apex Supply Co.,Tier 2,Road,Raw Materials,WH-West,2024-10-11,2024-10-19,2024-10-19,2024,10,Q4,Oct,8,0,1,1205,1205,0,0.0,270.0,325350.0,1
PO-05585,S009,Eastside Components,Tier 2,Sea,Raw Materials,WH-South,2024-10-11,2024-10-22,2024-10-22,2024,10,Q4,Oct,11,0,1,508,508,0,0.0,179.45,91160.6,1
PO-05586,S008,Northern Logistics,Tier 3,Rail,Finished Goods,WH-South,2024-10-11,2024-10-19,2024-10-19,2024,10,Q4,Oct,8,0,1,1964,1964,0,0.0,257.06,504865.84,1
PO-05587,S005,Metro Distributors,Tier 2,Road,Packaging,WH-North,2024-10-12,2024-10-31,2024-10-31,2024,10,Q4,Oct,19,0,1,1245,1245,0,0.0,34.68,43176.6,1
PO-05588,S009,Eastside Components,Tier 2,Sea,Raw Materials,WH-North,2024-10-12,2024-10-21,2024-10-21,2024,10,Q4,Oct,9,0,1,155,155,0,0.0,241.87,37489.85,1
PO-05589,S009,Eastside Components,Tier 2,Sea,Components,WH-Central,2024-10-12,2024-10-17,2024-10-21,2024,10,Q4,Oct,5,4,0,980,980,0,0.0,309.92,303721.6,1
PO-05590,S003,Apex Supply Co.,Tier 2,Road,Chemicals,WH-Central,2024-10-12,2024-10-22,2024-10-22,2024,10,Q4,Oct,10,0,1,1860,1860,0,0.0,114.28,212560.8,1
PO-05591,S008,Northern Logistics,Tier 3,Rail,Textiles,WH-North,2024-10-12,2024-10-25,2024-10-25,2024,10,Q4,Oct,13,0,1,1374,1374,0,0.0,45.75,62860.5,1
PO-05592,S010,Reliable Goods Co.,Tier 3,Road,Components,WH-East,2024-10-12,2024-11-01,2024-11-01,2024,10,Q4,Oct,20,0,1,1875,1875,0,0.0,55.33,103743.75,1
PO-05593,S001,FastTrack Logistics,Tier 1,Road,Finished Goods,WH-North,2024-10-12,2024-10-22,2024-10-22,2024,10,Q4,Oct,10,0,1,671,671,0,0.0,109.46,73447.66,1
PO-05594,S008,Northern Logistics,Tier 3,Rail,Raw Materials,WH-North,2024-10-13,2024-10-20,2024-10-20,2024,10,Q4,Oct,7,0,1,1906,1815,91,4.77,420.62,801701.72,0
PO-05595,S005,Metro Distributors,Tier 2,Road,Components,WH-South,2024-10-13,2024-10-18,2024-10-18,2024,10,Q4,Oct,5,0,1,1057,1057,0,0.0,209.96,221927.72,1
PO-05596,S010,Reliable Goods Co.,Tier 3,Road,Finished Goods,WH-East,2024-10-13,2024-10-21,2024-10-21,2024,10,Q4,Oct,8,0,1,536,536,0,0.0,47.12,25256.32,1
PO-05597,S004,Global Parts Ltd,Tier 1,Air,Raw Materials,WH-West,2024-10-13,2024-10-29,2024-10-29,2024,10,Q4,Oct,16,0,1,296,296,0,0.0,46.13,13654.48,1
PO-05598,S003,Apex Supply Co.,Tier 2,Road,Chemicals,WH-North,2024-10-13,2024-10-21,2024-10-21,2024,10,Q4,Oct,8,0,1,1956,1956,0,0.0,468.41,916209.96,1
PO-05599,S010,Reliable Goods Co.,Tier 3,Road,Spare Parts,WH-East,2024-10-13,2024-10-26,2024-10-26,2024,10,Q4,Oct,13,0,1,482,451,31,6.43,486.82,234647.24,0
PO-05600,S005,Metro Distributors,Tier 2,Road,Raw Materials,WH-West,2024-10-13,2024-10-21,2024-10-23,2024,10,Q4,Oct,8,2,0,296,296,0,0.0,240.45,71173.2,1
PO-05601,S001,FastTrack Logistics,Tier 1,Road,Chemicals,WH-North,2024-10-13,2024-10-22,2024-10-22,2024,10,Q4,Oct,9,0,1,185,185,0,0.0,354.3,65545.5,1
PO-05602,S002,BlueStar Freight,Tier 1,Rail,Textiles,WH-East,2024-10-14,2024-11-01,2024-11-01,2024,10,Q4,Oct,18,0,1,756,756,0,0.0,404.26,305620.56,1
PO-05603,S005,Metro Distributors,Tier 2,Road,Packaging,WH-East,2024-10-14,2024-10-22,2024-11-04,2024,10,Q4,Oct,8,13,0,1300,1300,0,0.0,84.34,109642.0,1
PO-05604,S006,PrimeParts Inc.,Tier 1,Sea,Textiles,WH-West,2024-10-14,2024-11-02,2024-11-02,2024,10,Q4,Oct,19,0,1,1507,1507,0,0.0,302.75,456244.25,1
PO-05605,S001,FastTrack Logistics,Tier 1,Road,Raw Materials,WH-South,2024-10-14,2024-10-23,2024-10-23,2024,10,Q4,Oct,9,0,1,1239,1239,0,0.0,241.1,298722.9,1
PO-05606,S007,Swift Carriers,Tier 2,Road,Chemicals,WH-East,2024-10-14,2024-10-26,2024-10-26,2024,10,Q4,Oct,12,0,1,849,849,0,0.0,274.54,233084.46,1
PO-05607,S003,Apex Supply Co.,Tier 2,Road,Raw Materials,WH-West,2024-10-14,2024-10-25,2024-10-25,2024,10,Q4,Oct,11,0,1,147,147,0,0.0,70.75,10400.25,1
PO-05608,S001,FastTrack Logistics,Tier 1,Road,Raw Materials,WH-West,2024-10-14,2024-10-21,2024-10-21,2024,10,Q4,Oct,7,0,1,216,216,0,0.0,485.88,104950.08,1
PO-05609,S004,Global Parts Ltd,Tier 1,Air,Packaging,WH-South,2024-10-15,2024-11-01,2024-11-14,2024,10,Q4,Oct,17,13,0,209,209,0,0.0,186.12,38899.08,1
PO-05610,S008,Northern Logistics,Tier 3,Rail,Electronics,WH-Central,2024-10-15,2024-10-29,2024-11-06,2024,10,Q4,Oct,14,8,0,962,962,0,0.0,326.39,313987.18,1
PO-05611,S006,PrimeParts Inc.,Tier 1,Sea,Raw Materials,WH-South,2024-10-15,2024-10-27,2024-10-27,2024,10,Q4,Oct,12,0,1,1801,1801,0,0.0,190.26,342658.26,1
PO-05612,S005,Metro Distributors,Tier 2,Road,Chemicals,WH-Central,2024-10-15,2024-10-27,2024-10-27,2024,10,Q4,Oct,12,0,1,1580,1580,0,0.0,86.73,137033.4,1
PO-05613,S003,Apex Supply Co.,Tier 2,Road,Components,WH-South,2024-10-15,2024-11-05,2024-11-05,2024,10,Q4,Oct,21,0,1,1703,1703,0,0.0,373.12,635423.36,1
PO-05614,S006,PrimeParts Inc.,Tier 1,Sea,Raw Materials,WH-West,2024-10-15,2024-11-05,2024-11-05,2024,10,Q4,Oct,21,0,1,1955,1955,0,0.0,287.3,561671.5,1
PO-05615,S001,FastTrack Logistics,Tier 1,Road,Textiles,WH-Central,2024-10-15,2024-10-23,2024-10-23,2024,10,Q4,Oct,8,0,1,423,423,0,0.0,482.51,204101.73,1
PO-05616,S003,Apex Supply Co.,Tier 2,Road,Spare Parts,WH-West,2024-10-15,2024-11-01,2024-11-01,2024,10,Q4,Oct,17,0,1,1354,1354,0,0.0,324.15,438899.1,1
PO-05617,S006,PrimeParts Inc.,Tier 1,Sea,Raw Materials,WH-Central,2024-10-16,2024-11-06,2024-11-06,2024,10,Q4,Oct,21,0,1,266,266,0,0.0,106.52,28334.32,1
PO-05618,S007,Swift Carriers,Tier 2,Road,Raw Materials,WH-Central,2024-10-16,2024-10-19,2024-10-19,2024,10,Q4,Oct,3,0,1,247,247,0,0.0,87.58,21632.26,1
PO-05619,S004,Global Parts Ltd,Tier 1,Air,Spare Parts,WH-West,2024-10-16,2024-11-03,2024-11-03,2024,10,Q4,Oct,18,0,1,1706,1706,0,0.0,290.19,495064.14,1
PO-05620,S007,Swift Carriers,Tier 2,Road,Packaging,WH-South,2024-10-16,2024-11-02,2024-11-02,2024,10,Q4,Oct,17,0,1,357,357,0,0.0,423.13,151057.41,1
PO-05621,S008,Northern Logistics,Tier 3,Rail,Chemicals,WH-Central,2024-10-17,2024-11-04,2024-11-04,2024,10,Q4,Oct,18,0,1,226,226,0,0.0,470.16,106256.16,1
PO-05622,S006,PrimeParts Inc.,Tier 1,Sea,Spare Parts,WH-Central,2024-10-17,2024-11-02,2024-11-02,2024,10,Q4,Oct,16,0,1,1537,1537,0,0.0,177.74,273186.38,1
PO-05623,S006,PrimeParts Inc.,Tier 1,Sea,Finished Goods,WH-Central,2024-10-17,2024-11-03,2024-11-03,2024,10,Q4,Oct,17,0,1,1616,1616,0,0.0,264.15,426866.4,1
PO-05624,S006,PrimeParts Inc.,Tier 1,Sea,Finished Goods,WH-South,2024-10-18,2024-11-08,2024-11-08,2024,10,Q4,Oct,21,0,1,1237,1237,0,0.0,115.39,142737.43,1
PO-05625,S001,FastTrack Logistics,Tier 1,Road,Textiles,WH-Central,2024-10-18,2024-11-05,2024-11-05,2024,10,Q4,Oct,18,0,1,1076,1076,0,0.0,63.17,67970.92,1
PO-05626,S007,Swift Carriers,Tier 2,Road,Electronics,WH-North,2024-10-18,2024-10-25,2024-10-25,2024,10,Q4,Oct,7,0,1,1790,1790,0,0.0,360.36,645044.4,1
PO-05627,S006,PrimeParts Inc.,Tier 1,Sea,Textiles,WH-East,2024-10-19,2024-10-29,2024-10-29,2024,10,Q4,Oct,10,0,1,501,501,0,0.0,233.73,117098.73,1
PO-05628,S002,BlueStar Freight,Tier 1,Rail,Finished Goods,WH-Central,2024-10-19,2024-10-25,2024-10-25,2024,10,Q4,Oct,6,0,1,928,928,0,0.0,371.71,344946.88,1
PO-05629,S006,PrimeParts Inc.,Tier 1,Sea,Raw Materials,WH-West,2024-10-19,2024-11-02,2024-11-02,2024,10,Q4,Oct,14,0,1,1892,1892,0,0.0,440.19,832839.48,1
PO-05630,S007,Swift Carriers,Tier 2,Road,Packaging,WH-East,2024-10-19,2024-11-03,2024-11-03,2024,10,Q4,Oct,15,0,1,1582,1582,0,0.0,233.88,369998.16,1
PO-05631,S008,Northern Logistics,Tier 3,Rail,Chemicals,WH-North,2024-10-19,2024-11-06,2024-11-08,2024,10,Q4,Oct,18,2,0,1052,1052,0,0.0,276.97,291372.44,1
PO-05632,S001,FastTrack Logistics,Tier 1,Road,Electronics,WH-East,2024-10-19,2024-11-05,2024-11-05,2024,10,Q4,Oct,17,0,1,1214,1214,0,0.0,157.74,191496.36,1
PO-05633,S003,Apex Supply Co.,Tier 2,Road,Textiles,WH-East,2024-10-19,2024-10-25,2024-10-25,2024,10,Q4,Oct,6,0,1,1171,1171,0,0.0,288.21,337493.91,1
PO-05634,S010,Reliable Goods Co.,Tier 3,Road,Textiles,WH-East,2024-10-19,2024-10-25,2024-10-25,2024,10,Q4,Oct,6,0,1,150,150,0,0.0,309.04,46356.0,1
PO-05635,S007,Swift Carriers,Tier 2,Road,Electronics,WH-Central,2024-10-20,2024-11-07,2024-11-07,2024,10,Q4,Oct,18,0,1,738,738,0,0.0,304.36,224617.68,1
PO-05636,S002,BlueStar Freight,Tier 1,Rail,Finished Goods,WH-Central,2024-10-20,2024-11-01,2024-11-01,2024,10,Q4,Oct,12,0,1,947,947,0,0.0,174.52,165270.44,1
PO-05637,S008,Northern Logistics,Tier 3,Rail,Electronics,WH-Central,2024-10-20,2024-10-29,2024-10-31,2024,10,Q4,Oct,9,2,0,496,496,0,0.0,148.14,73477.44,1
PO-05638,S005,Metro Distributors,Tier 2,Road,Finished Goods,WH-North,2024-10-21,2024-10-30,2024-11-10,2024,10,Q4,Oct,9,11,0,955,955,0,0.0,209.53,200101.15,1
PO-05639,S004,Global Parts Ltd,Tier 1,Air,Raw Materials,WH-Central,2024-10-21,2024-11-10,2024-11-10,2024,10,Q4,Oct,20,0,1,482,482,0,0.0,472.34,227667.88,1
PO-05640,S006,PrimeParts Inc.,Tier 1,Sea,Components,WH-East,2024-10-21,2024-10-31,2024-10-31,2024,10,Q4,Oct,10,0,1,181,181,0,0.0,143.76,26020.56,1
PO-05641,S003,Apex Supply Co.,Tier 2,Road,Components,WH-Central,2024-10-21,2024-11-08,2024-11-08,2024,10,Q4,Oct,18,0,1,73,73,0,0.0,31.68,2312.64,1
PO-05642,S003,Apex Supply Co.,Tier 2,Road,Electronics,WH-Central,2024-10-21,2024-10-26,2024-10-28,2024,10,Q4,Oct,5,2,0,1272,1272,0,0.0,388.82,494579.04,1
PO-05643,S005,Metro Distributors,Tier 2,Road,Raw Materials,WH-North,2024-10-21,2024-11-04,2024-11-04,2024,10,Q4,Oct,14,0,1,234,234,0,0.0,141.54,33120.36,1
PO-05644,S004,Global Parts Ltd,Tier 1,Air,Packaging,WH-East,2024-10-21,2024-11-05,2024-11-05,2024,10,Q4,Oct,15,0,1,102,102,0,0.0,334.0,34068.0,1
PO-05645,S002,BlueStar Freight,Tier 1,Rail,Raw Materials,WH-Central,2024-10-22,2024-11-02,2024-11-08,2024,10,Q4,Oct,11,6,0,688,688,0,0.0,100.82,69364.16,1
PO-05646,S002,BlueStar Freight,Tier 1,Rail,Chemicals,WH-West,2024-10-22,2024-10-26,2024-10-26,2024,10,Q4,Oct,4,0,1,1825,1825,0,0.0,386.32,705034.0,1
PO-05647,S002,BlueStar Freight,Tier 1,Rail,Textiles,WH-West,2024-10-22,2024-11-10,2024-11-10,2024,10,Q4,Oct,19,0,1,809,809,0,0.0,326.43,264081.87,1
PO-05648,S010,Reliable Goods Co.,Tier 3,Road,Packaging,WH-West,2024-10-22,2024-11-05,2024-11-19,2024,10,Q4,Oct,14,14,0,624,624,0,0.0,26.59,16592.16,1
PO-05649,S007,Swift Carriers,Tier 2,Road,Packaging,WH-East,2024-10-23,2024-11-04,2024-11-06,2024,10,Q4,Oct,12,2,0,602,602,0,0.0,32.17,19366.34,1
PO-05650,S009,Eastside Components,Tier 2,Sea,Packaging,WH-Central,2024-10-23,2024-10-27,2024-10-27,2024,10,Q4,Oct,4,0,1,1637,1637,0,0.0,32.2,52711.4,1
PO-05651,S010,Reliable Goods Co.,Tier 3,Road,Textiles,WH-West,2024-10-23,2024-10-27,2024-10-27,2024,10,Q4,Oct,4,0,1,1039,1039,0,0.0,247.82,257484.98,1
PO-05652,S005,Metro Distributors,Tier 2,Road,Electronics,WH-West,2024-10-23,2024-11-03,2024-11-03,2024,10,Q4,Oct,11,0,1,322,322,0,0.0,319.19,102779.18,1
PO-05653,S002,BlueStar Freight,Tier 1,Rail,Components,WH-East,2024-10-23,2024-10-26,2024-10-26,2024,10,Q4,Oct,3,0,1,223,223,0,0.0,96.38,21492.74,1
PO-05654,S005,Metro Distributors,Tier 2,Road,Spare Parts,WH-Central,2024-10-23,2024-11-11,2024-11-23,2024,10,Q4,Oct,19,12,0,1875,1875,0,0.0,296.46,555862.5,1
PO-05655,S004,Global Parts Ltd,Tier 1,Air,Textiles,WH-North,2024-10-24,2024-11-04,2024-11-04,2024,10,Q4,Oct,11,0,1,692,692,0,0.0,73.98,51194.16,1
PO-05656,S010,Reliable Goods Co.,Tier 3,Road,Spare Parts,WH-South,2024-10-24,2024-11-13,2024-11-13,2024,10,Q4,Oct,20,0,1,590,590,0,0.0,464.26,273913.4,1
PO-05657,S002,BlueStar Freight,Tier 1,Rail,Textiles,WH-North,2024-10-24,2024-11-10,2024-11-10,2024,10,Q4,Oct,17,0,1,1181,1181,0,0.0,86.84,102558.04,1
PO-05658,S001,FastTrack Logistics,Tier 1,Road,Raw Materials,WH-North,2024-10-24,2024-11-03,2024-11-03,2024,10,Q4,Oct,10,0,1,1689,1689,0,0.0,201.1,339657.9,1
PO-05659,S006,PrimeParts Inc.,Tier 1,Sea,Finished Goods,WH-South,2024-10-24,2024-11-05,2024-11-05,2024,10,Q4,Oct,12,0,1,1166,1166,0,0.0,188.18,219417.88,1
PO-05660,S010,Reliable Goods Co.,Tier 3,Road,Chemicals,WH-Central,2024-10-24,2024-10-29,2024-10-29,2024,10,Q4,Oct,5,0,1,1964,1964,0,0.0,240.73,472793.72,1
PO-05661,S003,Apex Supply Co.,Tier 2,Road,Components,WH-West,2024-10-24,2024-11-14,2024-11-19,2024,10,Q4,Oct,21,5,0,1621,1621,0,0.0,61.58,99821.18,1
PO-05662,S007,Swift Carriers,Tier 2,Road,Raw Materials,WH-North,2024-10-25,2024-11-01,2024-11-02,2024,10,Q4,Oct,7,1,0,1144,1004,140,12.24,294.51,336919.44,0
PO-05663,S007,Swift Carriers,Tier 2,Road,Spare Parts,WH-North,2024-10-25,2024-11-05,2024-11-05,2024,10,Q4,Oct,11,0,1,1161,1161,0,0.0,37.52,43560.72,1
PO-05664,S010,Reliable Goods Co.,Tier 3,Road,Components,WH-South,2024-10-25,2024-11-10,2024-11-10,2024,10,Q4,Oct,16,0,1,1878,1878,0,0.0,34.67,65110.26,1
PO-05665,S010,Reliable Goods Co.,Tier 3,Road,Finished Goods,WH-Central,2024-10-26,2024-11-01,2024-11-14,2024,10,Q4,Oct,6,13,0,1120,1120,0,0.0,205.56,230227.2,1
PO-05666,S006,PrimeParts Inc.,Tier 1,Sea,Raw Materials,WH-Central,2024-10-26,2024-11-04,2024-11-04,2024,10,Q4,Oct,9,0,1,1285,1285,0,0.0,12.38,15908.3,1
PO-05667,S004,Global Parts Ltd,Tier 1,Air,Packaging,WH-East,2024-10-26,2024-11-10,2024-11-10,2024,10,Q4,Oct,15,0,1,1819,1819,0,0.0,456.12,829682.28,1
PO-05668,S010,Reliable Goods Co.,Tier 3,Road,Finished Goods,WH-Central,2024-10-26,2024-10-30,2024-11-03,2024,10,Q4,Oct,4,4,0,1519,1519,0,0.0,162.55,246913.45,1
PO-05669,S008,Northern Logistics,Tier 3,Rail,Electronics,WH-West,2024-10-27,2024-11-17,2024-11-17,2024,10,Q4,Oct,21,0,1,1400,1400,0,0.0,345.11,483154.0,1
PO-05670,S005,Metro Distributors,Tier 2,Road,Chemicals,WH-East,2024-10-27,2024-10-30,2024-10-30,2024,10,Q4,Oct,3,0,1,1489,1489,0,0.0,365.84,544735.76,1
PO-05671,S010,Reliable Goods Co.,Tier 3,Road,Components,WH-Central,2024-10-27,2024-11-15,2024-11-15,2024,10,Q4,Oct,19,0,1,1495,1495,0,0.0,238.57,356662.15,1
PO-05672,S006,PrimeParts Inc.,Tier 1,Sea,Raw Materials,WH-East,2024-10-27,2024-11-03,2024-11-03,2024,10,Q4,Oct,7,0,1,662,662,0,0.0,96.67,63995.54,1
PO-05673,S009,Eastside Components,Tier 2,Sea,Packaging,WH-Central,2024-10-27,2024-11-05,2024-11-05,2024,10,Q4,Oct,9,0,1,489,489,0,0.0,33.32,16293.48,1
PO-05674,S005,Metro Distributors,Tier 2,Road,Packaging,WH-West,2024-10-28,2024-11-07,2024-11-07,2024,10,Q4,Oct,10,0,1,1273,1176,97,7.62,422.99,538466.27,0
PO-05675,S004,Global Parts Ltd,Tier 1,Air,Packaging,WH-Central,2024-10-28,2024-11-07,2024-11-07,2024,10,Q4,Oct,10,0,1,1255,1255,0,0.0,72.07,90447.85,1
PO-05676,S006,PrimeParts Inc.,Tier 1,Sea,Electronics,WH-South,2024-10-28,2024-11-10,2024-11-10,2024,10,Q4,Oct,13,0,1,1880,1880,0,0.0,23.86,44856.8,1
PO-05677,S006,PrimeParts Inc.,Tier 1,Sea,Spare Parts,WH-Central,2024-10-28,2024-11-05,2024-11-05,2024,10,Q4,Oct,8,0,1,450,450,0,0.0,118.3,53235.0,1
PO-05678,S004,Global Parts Ltd,Tier 1,Air,Textiles,WH-West,2024-10-28,2024-11-17,2024-11-17,2024,10,Q4,Oct,20,0,1,1962,1962,0,0.0,94.42,185252.04,1
PO-05679,S004,Global Parts Ltd,Tier 1,Air,Packaging,WH-South,2024-10-29,2024-11-13,2024-11-13,2024,10,Q4,Oct,15,0,1,1972,1972,0,0.0,250.98,494932.56,1
PO-05680,S005,Metro Distributors,Tier 2,Road,Finished Goods,WH-East,2024-10-29,2024-11-16,2024-11-16,2024,10,Q4,Oct,18,0,1,1484,1484,0,0.0,12.46,18490.64,1
PO-05681,S010,Reliable Goods Co.,Tier 3,Road,Textiles,WH-North,2024-10-29,2024-11-04,2024-11-04,2024,10,Q4,Oct,6,0,1,840,840,0,0.0,35.01,29408.4,1
PO-05682,S008,Northern Logistics,Tier 3,Rail,Textiles,WH-South,2024-10-29,2024-11-07,2024-11-07,2024,10,Q4,Oct,9,0,1,1682,1682,0,0.0,422.73,711031.86,1
PO-05683,S006,PrimeParts Inc.,Tier 1,Sea,Raw Materials,WH-West,2024-10-29,2024-11-14,2024-11-14,2024,10,Q4,Oct,16,0,1,71,71,0,0.0,373.2,26497.2,1
PO-05684,S003,Apex Supply Co.,Tier 2,Road,Electronics,WH-South,2024-10-29,2024-11-07,2024-11-07,2024,10,Q4,Oct,9,0,1,1494,1494,0,0.0,377.89,564567.66,1
PO-05685,S008,Northern Logistics,Tier 3,Rail,Electronics,WH-North,2024-10-29,2024-11-04,2024-11-04,2024,10,Q4,Oct,6,0,1,1486,1486,0,0.0,305.11,453393.46,1
PO-05686,S001,FastTrack Logistics,Tier 1,Road,Raw Materials,WH-South,2024-10-30,2024-11-20,2024-11-20,2024,10,Q4,Oct,21,0,1,297,297,0,0.0,264.76,78633.72,1
PO-05687,S009,Eastside Components,Tier 2,Sea,Finished Goods,WH-Central,2024-10-30,2024-11-12,2024-11-12,2024,10,Q4,Oct,13,0,1,1964,1964,0,0.0,378.27,742922.28,1
PO-05688,S002,BlueStar Freight,Tier 1,Rail,Components,WH-South,2024-10-30,2024-11-11,2024-11-11,2024,10,Q4,Oct,12,0,1,914,914,0,0.0,311.42,284637.88,1
PO-05689,S002,BlueStar Freight,Tier 1,Rail,Raw Materials,WH-Central,2024-10-30,2024-11-12,2024-11-14,2024,10,Q4,Oct,13,2,0,1265,1265,0,0.0,147.76,186916.4,1
PO-05690,S009,Eastside Components,Tier 2,Sea,Textiles,WH-East,2024-10-30,2024-11-11,2024-11-24,2024,10,Q4,Oct,12,13,0,116,116,0,0.0,220.68,25598.88,1
PO-05691,S008,Northern Logistics,Tier 3,Rail,Raw Materials,WH-East,2024-10-31,2024-11-13,2024-11-13,2024,10,Q4,Oct,13,0,1,932,899,33,3.54,450.39,419763.48,0
PO-05692,S004,Global Parts Ltd,Tier 1,Air,Spare Parts,WH-North,2024-10-31,2024-11-11,2024-11-11,2024,10,Q4,Oct,11,0,1,625,625,0,0.0,21.58,13487.5,1
PO-05693,S004,Global Parts Ltd,Tier 1,Air,Components,WH-North,2024-10-31,2024-11-04,2024-11-04,2024,10,Q4,Oct,4,0,1,1408,1408,0,0.0,314.93,443421.44,1
PO-05694,S006,PrimeParts Inc.,Tier 1,Sea,Spare Parts,WH-South,2024-10-31,2024-11-16,2024-11-16,2024,10,Q4,Oct,16,0,1,710,710,0,0.0,399.53,283666.3,1
PO-05695,S004,Global Parts Ltd,Tier 1,Air,Spare Parts,WH-Central,2024-10-31,2024-11-16,2024-11-16,2024,10,Q4,Oct,16,0,1,1890,1890,0,0.0,444.8,840672.0,1
PO-05696,S004,Global Parts Ltd,Tier 1,Air,Packaging,WH-North,2024-11-01,2024-11-05,2024-11-05,2024,11,Q4,Nov,4,0,1,1305,1305,0,0.0,194.46,253770.3,1
PO-05697,S010,Reliable Goods Co.,Tier 3,Road,Packaging,WH-North,2024-11-01,2024-11-09,2024-11-09,2024,11,Q4,Nov,8,0,1,1116,1116,0,0.0,486.48,542911.68,1
PO-05698,S005,Metro Distributors,Tier 2,Road,Finished Goods,WH-South,2024-11-01,2024-11-20,2024-11-20,2024,11,Q4,Nov,19,0,1,1932,1932,0,0.0,319.53,617331.96,1
PO-05699,S008,Northern Logistics,Tier 3,Rail,Textiles,WH-South,2024-11-02,2024-11-13,2024-11-13,2024,11,Q4,Nov,11,0,1,567,567,0,0.0,341.02,193358.34,1
PO-05700,S010,Reliable Goods Co.,Tier 3,Road,Raw Materials,WH-Central,2024-11-02,2024-11-16,2024-11-16,2024,11,Q4,Nov,14,0,1,1533,1533,0,0.0,219.32,336217.56,1
PO-05701,S009,Eastside Components,Tier 2,Sea,Spare Parts,WH-West,2024-11-02,2024-11-22,2024-11-22,2024,11,Q4,Nov,20,0,1,1470,1470,0,0.0,260.33,382685.1,1
PO-05702,S004,Global Parts Ltd,Tier 1,Air,Electronics,WH-Central,2024-11-03,2024-11-10,2024-11-10,2024,11,Q4,Nov,7,0,1,122,106,16,13.11,24.69,3012.18,0
PO-05703,S003,Apex Supply Co.,Tier 2,Road,Textiles,WH-West,2024-11-03,2024-11-16,2024-11-18,2024,11,Q4,Nov,13,2,0,251,251,0,0.0,10.93,2743.43,1
PO-05704,S002,BlueStar Freight,Tier 1,Rail,Chemicals,WH-West,2024-11-03,2024-11-16,2024-11-16,2024,11,Q4,Nov,13,0,1,1511,1511,0,0.0,228.61,345429.71,1
PO-05705,S010,Reliable Goods Co.,Tier 3,Road,Components,WH-South,2024-11-03,2024-11-14,2024-11-19,2024,11,Q4,Nov,11,5,0,1552,1552,0,0.0,7.58,11764.16,1
PO-05706,S005,Metro Distributors,Tier 2,Road,Spare Parts,WH-East,2024-11-04,2024-11-18,2024-11-18,2024,11,Q4,Nov,14,0,1,1929,1929,0,0.0,365.52,705088.08,1
PO-05707,S009,Eastside Components,Tier 2,Sea,Electronics,WH-West,2024-11-04,2024-11-25,2024-11-25,2024,11,Q4,Nov,21,0,1,1618,1618,0,0.0,361.66,585165.88,1
PO-05708,S003,Apex Supply Co.,Tier 2,Road,Chemicals,WH-Central,2024-11-04,2024-11-23,2024-11-29,2024,11,Q4,Nov,19,6,0,1082,1082,0,0.0,55.95,60537.9,1
PO-05709,S006,PrimeParts Inc.,Tier 1,Sea,Raw Materials,WH-West,2024-11-04,2024-11-07,2024-11-07,2024,11,Q4,Nov,3,0,1,807,807,0,0.0,102.57,82773.99,1
PO-05710,S005,Metro Distributors,Tier 2,Road,Textiles,WH-South,2024-11-05,2024-11-18,2024-11-18,2024,11,Q4,Nov,13,0,1,690,690,0,0.0,407.07,280878.3,1
PO-05711,S005,Metro Distributors,Tier 2,Road,Electronics,WH-North,2024-11-05,2024-11-18,2024-11-18,2024,11,Q4,Nov,13,0,1,622,531,91,14.63,420.42,261501.24,0
PO-05712,S009,Eastside Components,Tier 2,Sea,Components,WH-West,2024-11-05,2024-11-16,2024-11-24,2024,11,Q4,Nov,11,8,0,1868,1868,0,0.0,451.51,843420.68,1
PO-05713,S008,Northern Logistics,Tier 3,Rail,Electronics,WH-East,2024-11-05,2024-11-21,2024-11-30,2024,11,Q4,Nov,16,9,0,1413,1413,0,0.0,271.24,383262.12,1
PO-05714,S008,Northern Logistics,Tier 3,Rail,Packaging,WH-Central,2024-11-05,2024-11-24,2024-12-05,2024,11,Q4,Nov,19,11,0,1154,1154,0,0.0,135.12,155928.48,1
PO-05715,S008,Northern Logistics,Tier 3,Rail,Finished Goods,WH-Central,2024-11-05,2024-11-24,2024-12-05,2024,11,Q4,Nov,19,11,0,600,600,0,0.0,443.89,266334.0,1
PO-05716,S001,FastTrack Logistics,Tier 1,Road,Packaging,WH-East,2024-11-06,2024-11-19,2024-11-19,2024,11,Q4,Nov,13,0,1,1118,1118,0,0.0,489.4,547149.2,1
PO-05717,S004,Global Parts Ltd,Tier 1,Air,Electronics,WH-North,2024-11-06,2024-11-18,2024-11-18,2024,11,Q4,Nov,12,0,1,612,612,0,0.0,238.4,145900.8,1
PO-05718,S008,Northern Logistics,Tier 3,Rail,Finished Goods,WH-North,2024-11-06,2024-11-15,2024-11-15,2024,11,Q4,Nov,9,0,1,1940,1940,0,0.0,363.87,705907.8,1
PO-05719,S003,Apex Supply Co.,Tier 2,Road,Packaging,WH-Central,2024-11-06,2024-11-21,2024-11-22,2024,11,Q4,Nov,15,1,0,1377,1377,0,0.0,14.64,20159.28,1
PO-05720,S003,Apex Supply Co.,Tier 2,Road,Chemicals,WH-East,2024-11-06,2024-11-10,2024-11-10,2024,11,Q4,Nov,4,0,1,1286,1286,0,0.0,429.66,552542.76,1
PO-05721,S009,Eastside Components,Tier 2,Sea,Textiles,WH-North,2024-11-06,2024-11-10,2024-11-10,2024,11,Q4,Nov,4,0,1,1835,1835,0,0.0,385.12,706695.2,1
PO-05722,S004,Global Parts Ltd,Tier 1,Air,Raw Materials,WH-South,2024-11-06,2024-11-16,2024-11-16,2024,11,Q4,Nov,10,0,1,977,977,0,0.0,101.22,98891.94,1
PO-05723,S007,Swift Carriers,Tier 2,Road,Chemicals,WH-Central,2024-11-07,2024-11-15,2024-11-15,2024,11,Q4,Nov,8,0,1,131,131,0,0.0,211.76,27740.56,1
PO-05724,S001,FastTrack Logistics,Tier 1,Road,Chemicals,WH-East,2024-11-07,2024-11-12,2024-11-12,2024,11,Q4,Nov,5,0,1,871,871,0,0.0,182.16,158661.36,1
PO-05725,S004,Global Parts Ltd,Tier 1,Air,Spare Parts,WH-North,2024-11-07,2024-11-27,2024-11-27,2024,11,Q4,Nov,20,0,1,750,750,0,0.0,409.12,306840.0,1
PO-05726,S009,Eastside Components,Tier 2,Sea,Components,WH-North,2024-11-07,2024-11-16,2024-11-16,2024,11,Q4,Nov,9,0,1,1606,1606,0,0.0,263.23,422747.38,1
PO-05727,S009,Eastside Components,Tier 2,Sea,Chemicals,WH-North,2024-11-07,2024-11-17,2024-11-17,2024,11,Q4,Nov,10,0,1,1285,1124,161,12.53,412.61,530203.85,0
PO-05728,S003,Apex Supply Co.,Tier 2,Road,Chemicals,WH-Central,2024-11-07,2024-11-14,2024-11-14,2024,11,Q4,Nov,7,0,1,1395,1395,0,0.0,464.51,647991.45,1
PO-05729,S004,Global Parts Ltd,Tier 1,Air,Textiles,WH-Central,2024-11-07,2024-11-18,2024-11-28,2024,11,Q4,Nov,11,10,0,1052,1052,0,0.0,12.79,13455.08,1
PO-05730,S006,PrimeParts Inc.,Tier 1,Sea,Components,WH-Central,2024-11-08,2024-11-16,2024-11-16,2024,11,Q4,Nov,8,0,1,1678,1678,0,0.0,224.95,377466.1,1
PO-05731,S002,BlueStar Freight,Tier 1,Rail,Electronics,WH-North,2024-11-08,2024-11-23,2024-11-23,2024,11,Q4,Nov,15,0,1,1930,1930,0,0.0,62.81,121223.3,1
PO-05732,S001,FastTrack Logistics,Tier 1,Road,Packaging,WH-Central,2024-11-08,2024-11-19,2024-11-21,2024,11,Q4,Nov,11,2,0,1248,1248,0,0.0,157.95,197121.6,1
PO-05733,S010,Reliable Goods Co.,Tier 3,Road,Components,WH-North,2024-11-08,2024-11-13,2024-11-17,2024,11,Q4,Nov,5,4,0,885,885,0,0.0,477.41,422507.85,1
PO-05734,S002,BlueStar Freight,Tier 1,Rail,Textiles,WH-East,2024-11-08,2024-11-11,2024-11-11,2024,11,Q4,Nov,3,0,1,214,214,0,0.0,229.28,49065.92,1
PO-05735,S002,BlueStar Freight,Tier 1,Rail,Electronics,WH-East,2024-11-08,2024-11-12,2024-11-12,2024,11,Q4,Nov,4,0,1,1577,1577,0,0.0,27.35,43130.95,1
PO-05736,S003,Apex Supply Co.,Tier 2,Road,Chemicals,WH-East,2024-11-09,2024-11-28,2024-11-28,2024,11,Q4,Nov,19,0,1,844,844,0,0.0,104.71,88375.24,1
PO-05737,S002,BlueStar Freight,Tier 1,Rail,Packaging,WH-Central,2024-11-09,2024-11-16,2024-11-16,2024,11,Q4,Nov,7,0,1,214,214,0,0.0,375.45,80346.3,1
PO-05738,S009,Eastside Components,Tier 2,Sea,Spare Parts,WH-North,2024-11-09,2024-11-29,2024-11-29,2024,11,Q4,Nov,20,0,1,1736,1736,0,0.0,297.98,517293.28,1
PO-05739,S004,Global Parts Ltd,Tier 1,Air,Packaging,WH-West,2024-11-09,2024-11-21,2024-11-21,2024,11,Q4,Nov,12,0,1,948,948,0,0.0,318.46,301900.08,1
PO-05740,S006,PrimeParts Inc.,Tier 1,Sea,Raw Materials,WH-Central,2024-11-09,2024-11-17,2024-11-17,2024,11,Q4,Nov,8,0,1,1177,1177,0,0.0,210.74,248040.98,1
PO-05741,S009,Eastside Components,Tier 2,Sea,Chemicals,WH-South,2024-11-10,2024-11-20,2024-12-02,2024,11,Q4,Nov,10,12,0,924,924,0,0.0,246.76,228006.24,1
PO-05742,S002,BlueStar Freight,Tier 1,Rail,Packaging,WH-Central,2024-11-10,2024-11-27,2024-11-27,2024,11,Q4,Nov,17,0,1,345,345,0,0.0,489.72,168953.4,1
PO-05743,S003,Apex Supply Co.,Tier 2,Road,Chemicals,WH-West,2024-11-10,2024-11-24,2024-11-24,2024,11,Q4,Nov,14,0,1,149,149,0,0.0,146.75,21865.75,1
PO-05744,S007,Swift Carriers,Tier 2,Road,Finished Goods,WH-Central,2024-11-10,2024-11-28,2024-11-28,2024,11,Q4,Nov,18,0,1,153,153,0,0.0,13.27,2030.31,1
PO-05745,S004,Global Parts Ltd,Tier 1,Air,Components,WH-North,2024-11-10,2024-11-23,2024-11-23,2024,11,Q4,Nov,13,0,1,903,903,0,0.0,212.88,192230.64,1
PO-05746,S009,Eastside Components,Tier 2,Sea,Electronics,WH-North,2024-11-10,2024-12-01,2024-12-01,2024,11,Q4,Nov,21,0,1,527,527,0,0.0,375.96,198130.92,1
PO-05747,S005,Metro Distributors,Tier 2,Road,Chemicals,WH-North,2024-11-11,2024-11-22,2024-11-26,2024,11,Q4,Nov,11,4,0,204,204,0,0.0,199.63,40724.52,1
PO-05748,S007,Swift Carriers,Tier 2,Road,Finished Goods,WH-East,2024-11-11,2024-11-26,2024-11-26,2024,11,Q4,Nov,15,0,1,1632,1632,0,0.0,497.85,812491.2,1
PO-05749,S005,Metro Distributors,Tier 2,Road,Spare Parts,WH-West,2024-11-11,2024-12-01,2024-12-01,2024,11,Q4,Nov,20,0,1,1389,1389,0,0.0,156.86,217878.54,1
PO-05750,S003,Apex Supply Co.,Tier 2,Road,Spare Parts,WH-West,2024-11-11,2024-11-30,2024-11-30,2024,11,Q4,Nov,19,0,1,1835,1835,0,0.0,20.0,36700.0,1
PO-05751,S009,Eastside Components,Tier 2,Sea,Packaging,WH-Central,2024-11-11,2024-11-19,2024-11-19,2024,11,Q4,Nov,8,0,1,524,524,0,0.0,169.26,88692.24,1
PO-05752,S009,Eastside Components,Tier 2,Sea,Packaging,WH-East,2024-11-11,2024-11-27,2024-11-27,2024,11,Q4,Nov,16,0,1,532,491,41,7.71,304.94,162228.08,0
PO-05753,S005,Metro Distributors,Tier 2,Road,Packaging,WH-Central,2024-11-11,2024-11-17,2024-11-30,2024,11,Q4,Nov,6,13,0,889,889,0,0.0,435.07,386777.23,1
PO-05754,S008,Northern Logistics,Tier 3,Rail,Packaging,WH-West,2024-11-11,2024-11-30,2024-11-30,2024,11,Q4,Nov,19,0,1,367,367,0,0.0,395.11,145005.37,1
PO-05755,S009,Eastside Components,Tier 2,Sea,Raw Materials,WH-North,2024-11-12,2024-11-30,2024-11-30,2024,11,Q4,Nov,18,0,1,1373,1373,0,0.0,327.8,450069.4,1
PO-05756,S007,Swift Carriers,Tier 2,Road,Finished Goods,WH-West,2024-11-12,2024-11-25,2024-11-25,2024,11,Q4,Nov,13,0,1,652,652,0,0.0,152.47,99410.44,1
PO-05757,S005,Metro Distributors,Tier 2,Road,Raw Materials,WH-East,2024-11-12,2024-11-22,2024-11-22,2024,11,Q4,Nov,10,0,1,1998,1998,0,0.0,214.22,428011.56,1
PO-05758,S005,Metro Distributors,Tier 2,Road,Chemicals,WH-West,2024-11-12,2024-11-15,2024-11-15,2024,11,Q4,Nov,3,0,1,1544,1544,0,0.0,308.24,475922.56,1
PO-05759,S006,PrimeParts Inc.,Tier 1,Sea,Electronics,WH-East,2024-11-12,2024-11-28,2024-12-03,2024,11,Q4,Nov,16,5,0,903,903,0,0.0,125.2,113055.6,1
PO-05760,S005,Metro Distributors,Tier 2,Road,Raw Materials,WH-Central,2024-11-12,2024-12-02,2024-12-02,2024,11,Q4,Nov,20,0,1,1641,1641,0,0.0,213.66,350616.06,1
PO-05761,S004,Global Parts Ltd,Tier 1,Air,Raw Materials,WH-Central,2024-11-12,2024-11-28,2024-11-28,2024,11,Q4,Nov,16,0,1,690,690,0,0.0,477.36,329378.4,1
PO-05762,S002,BlueStar Freight,Tier 1,Rail,Raw Materials,WH-West,2024-11-12,2024-11-20,2024-11-20,2024,11,Q4,Nov,8,0,1,1665,1665,0,0.0,417.7,695470.5,1
PO-05763,S006,PrimeParts Inc.,Tier 1,Sea,Packaging,WH-North,2024-11-13,2024-11-16,2024-11-16,2024,11,Q4,Nov,3,0,1,550,550,0,0.0,136.84,75262.0,1
PO-05764,S006,PrimeParts Inc.,Tier 1,Sea,Electronics,WH-South,2024-11-13,2024-11-22,2024-11-22,2024,11,Q4,Nov,9,0,1,324,324,0,0.0,377.3,122245.2,1
PO-05765,S002,BlueStar Freight,Tier 1,Rail,Electronics,WH-South,2024-11-13,2024-11-28,2024-11-28,2024,11,Q4,Nov,15,0,1,1394,1394,0,0.0,160.33,223500.02,1
PO-05766,S009,Eastside Components,Tier 2,Sea,Spare Parts,WH-Central,2024-11-13,2024-11-24,2024-11-24,2024,11,Q4,Nov,11,0,1,1470,1470,0,0.0,330.34,485599.8,1
PO-05767,S009,Eastside Components,Tier 2,Sea,Spare Parts,WH-West,2024-11-13,2024-11-26,2024-11-26,2024,11,Q4,Nov,13,0,1,1717,1717,0,0.0,28.1,48247.7,1
PO-05768,S003,Apex Supply Co.,Tier 2,Road,Components,WH-Central,2024-11-14,2024-11-28,2024-12-07,2024,11,Q4,Nov,14,9,0,1391,1391,0,0.0,35.29,49088.39,1
PO-05769,S007,Swift Carriers,Tier 2,Road,Textiles,WH-Central,2024-11-14,2024-11-24,2024-11-24,2024,11,Q4,Nov,10,0,1,1127,1127,0,0.0,131.73,148459.71,1
PO-05770,S008,Northern Logistics,Tier 3,Rail,Finished Goods,WH-West,2024-11-14,2024-11-29,2024-11-29,2024,11,Q4,Nov,15,0,1,1059,911,148,13.98,303.64,321554.76,0
PO-05771,S008,Northern Logistics,Tier 3,Rail,Spare Parts,WH-North,2024-11-14,2024-12-03,2024-12-03,2024,11,Q4,Nov,19,0,1,386,386,0,0.0,132.92,51307.12,1
PO-05772,S006,PrimeParts Inc.,Tier 1,Sea,Raw Materials,WH-South,2024-11-15,2024-11-25,2024-12-03,2024,11,Q4,Nov,10,8,0,1016,1016,0,0.0,450.61,457819.76,1
PO-05773,S003,Apex Supply Co.,Tier 2,Road,Chemicals,WH-East,2024-11-15,2024-12-03,2024-12-03,2024,11,Q4,Nov,18,0,1,442,442,0,0.0,236.45,104510.9,1
PO-05774,S003,Apex Supply Co.,Tier 2,Road,Packaging,WH-South,2024-11-15,2024-11-24,2024-11-24,2024,11,Q4,Nov,9,0,1,1500,1500,0,0.0,107.07,160605.0,1
PO-05775,S006,PrimeParts Inc.,Tier 1,Sea,Packaging,WH-North,2024-11-15,2024-11-28,2024-12-02,2024,11,Q4,Nov,13,4,0,1450,1450,0,0.0,359.37,521086.5,1
PO-05776,S009,Eastside Components,Tier 2,Sea,Chemicals,WH-North,2024-11-15,2024-12-01,2024-12-01,2024,11,Q4,Nov,16,0,1,461,461,0,0.0,335.29,154568.69,1
PO-05777,S003,Apex Supply Co.,Tier 2,Road,Chemicals,WH-North,2024-11-15,2024-12-03,2024-12-03,2024,11,Q4,Nov,18,0,1,707,707,0,0.0,186.55,131890.85,1
PO-05778,S006,PrimeParts Inc.,Tier 1,Sea,Components,WH-West,2024-11-15,2024-11-30,2024-11-30,2024,11,Q4,Nov,15,0,1,447,447,0,0.0,432.03,193117.41,1
PO-05779,S007,Swift Carriers,Tier 2,Road,Textiles,WH-Central,2024-11-15,2024-11-22,2024-11-22,2024,11,Q4,Nov,7,0,1,1231,1164,67,5.44,268.66,330720.46,0
PO-05780,S005,Metro Distributors,Tier 2,Road,Textiles,WH-Central,2024-11-16,2024-11-29,2024-12-08,2024,11,Q4,Nov,13,9,0,1410,1410,0,0.0,298.84,421364.4,1
PO-05781,S001,FastTrack Logistics,Tier 1,Road,Raw Materials,WH-East,2024-11-16,2024-11-23,2024-11-23,2024,11,Q4,Nov,7,0,1,825,825,0,0.0,470.44,388113.0,1
PO-05782,S008,Northern Logistics,Tier 3,Rail,Chemicals,WH-South,2024-11-16,2024-11-30,2024-11-30,2024,11,Q4,Nov,14,0,1,906,906,0,0.0,330.11,299079.66,1
PO-05783,S001,FastTrack Logistics,Tier 1,Road,Packaging,WH-Central,2024-11-16,2024-11-20,2024-11-20,2024,11,Q4,Nov,4,0,1,1694,1694,0,0.0,397.33,673077.02,1
PO-05784,S010,Reliable Goods Co.,Tier 3,Road,Spare Parts,WH-North,2024-11-16,2024-12-02,2024-12-02,2024,11,Q4,Nov,16,0,1,464,464,0,0.0,380.39,176500.96,1
PO-05785,S010,Reliable Goods Co.,Tier 3,Road,Packaging,WH-Central,2024-11-16,2024-11-22,2024-12-04,2024,11,Q4,Nov,6,12,0,1839,1665,174,9.46,222.65,409453.35,0
PO-05786,S005,Metro Distributors,Tier 2,Road,Components,WH-South,2024-11-16,2024-11-29,2024-11-29,2024,11,Q4,Nov,13,0,1,1013,1013,0,0.0,323.31,327513.03,1
PO-05787,S007,Swift Carriers,Tier 2,Road,Components,WH-East,2024-11-16,2024-11-23,2024-12-02,2024,11,Q4,Nov,7,9,0,462,462,0,0.0,27.52,12714.24,1
PO-05788,S007,Swift Carriers,Tier 2,Road,Chemicals,WH-North,2024-11-17,2024-11-21,2024-11-23,2024,11,Q4,Nov,4,2,0,193,193,0,0.0,133.15,25697.95,1
PO-05789,S007,Swift Carriers,Tier 2,Road,Textiles,WH-Central,2024-11-17,2024-11-26,2024-11-26,2024,11,Q4,Nov,9,0,1,980,972,8,0.82,32.85,32193.0,0
PO-05790,S004,Global Parts Ltd,Tier 1,Air,Textiles,WH-North,2024-11-17,2024-11-23,2024-11-23,2024,11,Q4,Nov,6,0,1,149,149,0,0.0,85.81,12785.69,1
PO-05791,S009,Eastside Components,Tier 2,Sea,Finished Goods,WH-South,2024-11-18,2024-11-26,2024-11-26,2024,11,Q4,Nov,8,0,1,1650,1650,0,0.0,119.99,197983.5,1
PO-05792,S009,Eastside Components,Tier 2,Sea,Electronics,WH-East,2024-11-18,2024-12-06,2024-12-13,2024,11,Q4,Nov,18,7,0,1045,1038,7,0.67,199.55,208529.75,0
PO-05793,S008,Northern Logistics,Tier 3,Rail,Packaging,WH-West,2024-11-18,2024-11-26,2024-11-26,2024,11,Q4,Nov,8,0,1,688,688,0,0.0,190.96,131380.48,1
PO-05794,S009,Eastside Components,Tier 2,Sea,Packaging,WH-North,2024-11-18,2024-12-01,2024-12-01,2024,11,Q4,Nov,13,0,1,220,220,0,0.0,63.5,13970.0,1
PO-05795,S006,PrimeParts Inc.,Tier 1,Sea,Raw Materials,WH-South,2024-11-18,2024-11-30,2024-11-30,2024,11,Q4,Nov,12,0,1,362,362,0,0.0,124.96,45235.52,1
PO-05796,S003,Apex Supply Co.,Tier 2,Road,Electronics,WH-South,2024-11-18,2024-11-27,2024-12-01,2024,11,Q4,Nov,9,4,0,1557,1391,166,10.66,278.47,433577.79,0
PO-05797,S007,Swift Carriers,Tier 2,Road,Spare Parts,WH-West,2024-11-19,2024-12-01,2024-12-01,2024,11,Q4,Nov,12,0,1,421,421,0,0.0,59.61,25095.81,1
PO-05798,S004,Global Parts Ltd,Tier 1,Air,Spare Parts,WH-West,2024-11-19,2024-11-28,2024-11-28,2024,11,Q4,Nov,9,0,1,228,228,0,0.0,46.66,10638.48,1
PO-05799,S001,FastTrack Logistics,Tier 1,Road,Raw Materials,WH-North,2024-11-19,2024-11-26,2024-11-26,2024,11,Q4,Nov,7,0,1,194,194,0,0.0,272.62,52888.28,1
PO-05800,S001,FastTrack Logistics,Tier 1,Road,Electronics,WH-East,2024-11-19,2024-11-29,2024-11-29,2024,11,Q4,Nov,10,0,1,827,827,0,0.0,123.26,101936.02,1
PO-05801,S006,PrimeParts Inc.,Tier 1,Sea,Components,WH-East,2024-11-19,2024-11-27,2024-11-27,2024,11,Q4,Nov,8,0,1,1892,1892,0,0.0,485.37,918320.04,1
PO-05802,S006,PrimeParts Inc.,Tier 1,Sea,Packaging,WH-East,2024-11-20,2024-12-06,2024-12-06,2024,11,Q4,Nov,16,0,1,62,62,0,0.0,226.48,14041.76,1
PO-05803,S001,FastTrack Logistics,Tier 1,Road,Finished Goods,WH-South,2024-11-20,2024-11-24,2024-11-24,2024,11,Q4,Nov,4,0,1,1413,1413,0,0.0,111.16,157069.08,1
PO-05804,S002,BlueStar Freight,Tier 1,Rail,Finished Goods,WH-South,2024-11-20,2024-12-06,2024-12-06,2024,11,Q4,Nov,16,0,1,553,553,0,0.0,184.91,102255.23,1
PO-05805,S008,Northern Logistics,Tier 3,Rail,Chemicals,WH-South,2024-11-20,2024-12-11,2024-12-21,2024,11,Q4,Nov,21,10,0,1809,1809,0,0.0,104.43,188913.87,1
PO-05806,S007,Swift Carriers,Tier 2,Road,Packaging,WH-Central,2024-11-20,2024-12-07,2024-12-11,2024,11,Q4,Nov,17,4,0,1421,1421,0,0.0,363.8,516959.8,1
PO-05807,S010,Reliable Goods Co.,Tier 3,Road,Components,WH-North,2024-11-20,2024-12-02,2024-12-02,2024,11,Q4,Nov,12,0,1,1788,1788,0,0.0,237.04,423827.52,1
PO-05808,S009,Eastside Components,Tier 2,Sea,Raw Materials,WH-Central,2024-11-21,2024-12-03,2024-12-03,2024,11,Q4,Nov,12,0,1,279,279,0,0.0,315.22,87946.38,1
PO-05809,S002,BlueStar Freight,Tier 1,Rail,Finished Goods,WH-West,2024-11-21,2024-11-28,2024-12-11,2024,11,Q4,Nov,7,13,0,516,516,0,0.0,290.23,149758.68,1
PO-05810,S009,Eastside Components,Tier 2,Sea,Chemicals,WH-West,2024-11-21,2024-12-11,2024-12-11,2024,11,Q4,Nov,20,0,1,712,712,0,0.0,255.71,182065.52,1
PO-05811,S008,Northern Logistics,Tier 3,Rail,Textiles,WH-North,2024-11-21,2024-11-26,2024-11-26,2024,11,Q4,Nov,5,0,1,688,688,0,0.0,183.35,126144.8,1
PO-05812,S005,Metro Distributors,Tier 2,Road,Finished Goods,WH-North,2024-11-22,2024-12-07,2024-12-15,2024,11,Q4,Nov,15,8,0,1748,1748,0,0.0,186.76,326456.48,1
PO-05813,S006,PrimeParts Inc.,Tier 1,Sea,Textiles,WH-East,2024-11-22,2024-12-01,2024-12-01,2024,11,Q4,Nov,9,0,1,386,386,0,0.0,185.5,71603.0,1
PO-05814,S006,PrimeParts Inc.,Tier 1,Sea,Spare Parts,WH-Central,2024-11-22,2024-11-30,2024-11-30,2024,11,Q4,Nov,8,0,1,1542,1542,0,0.0,408.59,630045.78,1
PO-05815,S005,Metro Distributors,Tier 2,Road,Raw Materials,WH-West,2024-11-22,2024-12-07,2024-12-07,2024,11,Q4,Nov,15,0,1,1402,1402,0,0.0,414.37,580946.74,1
PO-05816,S009,Eastside Components,Tier 2,Sea,Packaging,WH-South,2024-11-22,2024-11-27,2024-11-27,2024,11,Q4,Nov,5,0,1,230,205,25,10.87,255.33,58725.9,0
PO-05817,S005,Metro Distributors,Tier 2,Road,Spare Parts,WH-West,2024-11-23,2024-12-04,2024-12-04,2024,11,Q4,Nov,11,0,1,291,291,0,0.0,158.24,46047.84,1
PO-05818,S003,Apex Supply Co.,Tier 2,Road,Packaging,WH-Central,2024-11-23,2024-12-08,2024-12-08,2024,11,Q4,Nov,15,0,1,571,571,0,0.0,338.77,193437.67,1
PO-05819,S010,Reliable Goods Co.,Tier 3,Road,Packaging,WH-South,2024-11-23,2024-12-13,2024-12-23,2024,11,Q4,Nov,20,10,0,1594,1594,0,0.0,476.03,758791.82,1
PO-05820,S009,Eastside Components,Tier 2,Sea,Packaging,WH-North,2024-11-23,2024-12-03,2024-12-15,2024,11,Q4,Nov,10,12,0,1637,1637,0,0.0,176.56,289028.72,1
PO-05821,S010,Reliable Goods Co.,Tier 3,Road,Raw Materials,WH-Central,2024-11-24,2024-11-28,2024-12-07,2024,11,Q4,Nov,4,9,0,1037,1037,0,0.0,13.98,14497.26,1
PO-05822,S007,Swift Carriers,Tier 2,Road,Components,WH-North,2024-11-24,2024-12-02,2024-12-02,2024,11,Q4,Nov,8,0,1,816,816,0,0.0,495.29,404156.64,1
PO-05823,S007,Swift Carriers,Tier 2,Road,Packaging,WH-South,2024-11-24,2024-12-13,2024-12-24,2024,11,Q4,Nov,19,11,0,142,142,0,0.0,412.93,58636.06,1
PO-05824,S002,BlueStar Freight,Tier 1,Rail,Raw Materials,WH-East,2024-11-24,2024-12-11,2024-12-11,2024,11,Q4,Nov,17,0,1,153,153,0,0.0,353.45,54077.85,1
PO-05825,S005,Metro Distributors,Tier 2,Road,Spare Parts,WH-West,2024-11-24,2024-12-06,2024-12-06,2024,11,Q4,Nov,12,0,1,1304,1304,0,0.0,38.76,50543.04,1
PO-05826,S003,Apex Supply Co.,Tier 2,Road,Components,WH-Central,2024-11-24,2024-12-09,2024-12-09,2024,11,Q4,Nov,15,0,1,1437,1437,0,0.0,95.83,137707.71,1
PO-05827,S001,FastTrack Logistics,Tier 1,Road,Components,WH-Central,2024-11-25,2024-11-28,2024-11-28,2024,11,Q4,Nov,3,0,1,1837,1837,0,0.0,273.55,502511.35,1
PO-05828,S006,PrimeParts Inc.,Tier 1,Sea,Finished Goods,WH-West,2024-11-25,2024-12-04,2024-12-04,2024,11,Q4,Nov,9,0,1,101,101,0,0.0,338.36,34174.36,1
PO-05829,S007,Swift Carriers,Tier 2,Road,Raw Materials,WH-Central,2024-11-25,2024-12-12,2024-12-12,2024,11,Q4,Nov,17,0,1,137,137,0,0.0,155.16,21256.92,1
PO-05830,S001,FastTrack Logistics,Tier 1,Road,Finished Goods,WH-North,2024-11-25,2024-12-07,2024-12-07,2024,11,Q4,Nov,12,0,1,1559,1559,0,0.0,192.26,299733.34,1
PO-05831,S004,Global Parts Ltd,Tier 1,Air,Finished Goods,WH-Central,2024-11-26,2024-12-11,2024-12-11,2024,11,Q4,Nov,15,0,1,1820,1820,0,0.0,444.37,808753.4,1
PO-05832,S002,BlueStar Freight,Tier 1,Rail,Spare Parts,WH-East,2024-11-26,2024-12-17,2024-12-17,2024,11,Q4,Nov,21,0,1,1408,1408,0,0.0,346.64,488069.12,1
PO-05833,S006,PrimeParts Inc.,Tier 1,Sea,Electronics,WH-North,2024-11-26,2024-12-05,2024-12-05,2024,11,Q4,Nov,9,0,1,1784,1784,0,0.0,45.63,81403.92,1
PO-05834,S010,Reliable Goods Co.,Tier 3,Road,Packaging,WH-West,2024-11-26,2024-12-12,2024-12-12,2024,11,Q4,Nov,16,0,1,210,210,0,0.0,166.42,34948.2,1
PO-05835,S008,Northern Logistics,Tier 3,Rail,Components,WH-Central,2024-11-26,2024-11-30,2024-12-09,2024,11,Q4,Nov,4,9,0,947,947,0,0.0,340.69,322633.43,1
PO-05836,S001,FastTrack Logistics,Tier 1,Road,Textiles,WH-West,2024-11-26,2024-12-08,2024-12-08,2024,11,Q4,Nov,12,0,1,529,529,0,0.0,359.98,190429.42,1
PO-05837,S002,BlueStar Freight,Tier 1,Rail,Components,WH-South,2024-11-26,2024-12-02,2024-12-02,2024,11,Q4,Nov,6,0,1,291,291,0,0.0,216.48,62995.68,1
PO-05838,S006,PrimeParts Inc.,Tier 1,Sea,Components,WH-Central,2024-11-27,2024-12-10,2024-12-10,2024,11,Q4,Nov,13,0,1,1179,1179,0,0.0,489.13,576684.27,1
PO-05839,S006,PrimeParts Inc.,Tier 1,Sea,Electronics,WH-North,2024-11-27,2024-12-14,2024-12-14,2024,11,Q4,Nov,17,0,1,1846,1846,0,0.0,447.4,825900.4,1
PO-05840,S004,Global Parts Ltd,Tier 1,Air,Spare Parts,WH-West,2024-11-27,2024-12-06,2024-12-06,2024,11,Q4,Nov,9,0,1,1448,1448,0,0.0,310.22,449198.56,1
PO-05841,S002,BlueStar Freight,Tier 1,Rail,Spare Parts,WH-South,2024-11-27,2024-12-09,2024-12-09,2024,11,Q4,Nov,12,0,1,816,816,0,0.0,135.82,110829.12,1
PO-05842,S007,Swift Carriers,Tier 2,Road,Chemicals,WH-Central,2024-11-27,2024-12-11,2024-12-14,2024,11,Q4,Nov,14,3,0,1321,1321,0,0.0,21.13,27912.73,1
PO-05843,S004,Global Parts Ltd,Tier 1,Air,Textiles,WH-North,2024-11-27,2024-12-06,2024-12-06,2024,11,Q4,Nov,9,0,1,287,287,0,0.0,406.55,116679.85,1
PO-05844,S002,BlueStar Freight,Tier 1,Rail,Spare Parts,WH-West,2024-11-28,2024-12-05,2024-12-05,2024,11,Q4,Nov,7,0,1,1523,1523,0,0.0,408.26,621779.98,1
PO-05845,S004,Global Parts Ltd,Tier 1,Air,Chemicals,WH-South,2024-11-28,2024-12-09,2024-12-09,2024,11,Q4,Nov,11,0,1,53,53,0,0.0,321.74,17052.22,1
PO-05846,S003,Apex Supply Co.,Tier 2,Road,Components,WH-East,2024-11-28,2024-12-18,2024-12-28,2024,11,Q4,Nov,20,10,0,846,846,0,0.0,268.6,227235.6,1
PO-05847,S002,BlueStar Freight,Tier 1,Rail,Electronics,WH-Central,2024-11-28,2024-12-16,2024-12-16,2024,11,Q4,Nov,18,0,1,316,316,0,0.0,318.39,100611.24,1
PO-05848,S008,Northern Logistics,Tier 3,Rail,Chemicals,WH-South,2024-11-28,2024-12-09,2024-12-11,2024,11,Q4,Nov,11,2,0,882,882,0,0.0,349.03,307844.46,1
PO-05849,S006,PrimeParts Inc.,Tier 1,Sea,Components,WH-Central,2024-11-28,2024-12-06,2024-12-15,2024,11,Q4,Nov,8,9,0,1317,1317,0,0.0,13.79,18161.43,1
PO-05850,S009,Eastside Components,Tier 2,Sea,Electronics,WH-South,2024-11-29,2024-12-07,2024-12-16,2024,11,Q4,Nov,8,9,0,1279,1279,0,0.0,127.65,163264.35,1
PO-05851,S010,Reliable Goods Co.,Tier 3,Road,Chemicals,WH-West,2024-11-29,2024-12-05,2024-12-17,2024,11,Q4,Nov,6,12,0,1744,1744,0,0.0,82.73,144281.12,1
PO-05852,S004,Global Parts Ltd,Tier 1,Air,Raw Materials,WH-East,2024-11-29,2024-12-06,2024-12-06,2024,11,Q4,Nov,7,0,1,647,647,0,0.0,360.07,232965.29,1
PO-05853,S005,Metro Distributors,Tier 2,Road,Packaging,WH-South,2024-11-30,2024-12-11,2024-12-11,2024,11,Q4,Nov,11,0,1,65,65,0,0.0,132.57,8617.05,1
PO-05854,S009,Eastside Components,Tier 2,Sea,Raw Materials,WH-East,2024-11-30,2024-12-21,2024-12-21,2024,11,Q4,Nov,21,0,1,75,75,0,0.0,305.55,22916.25,1
PO-05855,S005,Metro Distributors,Tier 2,Road,Electronics,WH-East,2024-11-30,2024-12-17,2024-12-21,2024,11,Q4,Nov,17,4,0,1526,1526,0,0.0,267.13,407640.38,1
PO-05856,S010,Reliable Goods Co.,Tier 3,Road,Raw Materials,WH-South,2024-11-30,2024-12-03,2024-12-03,2024,11,Q4,Nov,3,0,1,100,98,2,2.0,214.27,21427.0,0
PO-05857,S002,BlueStar Freight,Tier 1,Rail,Finished Goods,WH-Central,2024-11-30,2024-12-06,2024-12-06,2024,11,Q4,Nov,6,0,1,1148,1148,0,0.0,55.96,64242.08,1
PO-05858,S007,Swift Carriers,Tier 2,Road,Packaging,WH-North,2024-11-30,2024-12-16,2024-12-16,2024,11,Q4,Nov,16,0,1,763,763,0,0.0,21.36,16297.68,1
PO-05859,S009,Eastside Components,Tier 2,Sea,Chemicals,WH-South,2024-11-30,2024-12-21,2024-12-21,2024,11,Q4,Nov,21,0,1,1177,1177,0,0.0,265.28,312234.56,1
PO-05860,S010,Reliable Goods Co.,Tier 3,Road,Components,WH-South,2024-12-01,2024-12-17,2024-12-28,2024,12,Q4,Dec,16,11,0,1774,1774,0,0.0,97.53,173018.22,1
PO-05861,S010,Reliable Goods Co.,Tier 3,Road,Components,WH-South,2024-12-01,2024-12-16,2024-12-16,2024,12,Q4,Dec,15,0,1,1841,1841,0,0.0,467.08,859894.28,1
PO-05862,S005,Metro Distributors,Tier 2,Road,Components,WH-Central,2024-12-01,2024-12-11,2024-12-11,2024,12,Q4,Dec,10,0,1,1024,1024,0,0.0,147.88,151429.12,1
PO-05863,S001,FastTrack Logistics,Tier 1,Road,Electronics,WH-South,2024-12-02,2024-12-16,2024-12-16,2024,12,Q4,Dec,14,0,1,1305,1305,0,0.0,235.44,307249.2,1
PO-05864,S010,Reliable Goods Co.,Tier 3,Road,Spare Parts,WH-East,2024-12-02,2024-12-06,2024-12-18,2024,12,Q4,Dec,4,12,0,1841,1841,0,0.0,373.6,687797.6,1
PO-05865,S008,Northern Logistics,Tier 3,Rail,Chemicals,WH-Central,2024-12-02,2024-12-12,2024-12-18,2024,12,Q4,Dec,10,6,0,1792,1792,0,0.0,422.22,756618.24,1
PO-05866,S010,Reliable Goods Co.,Tier 3,Road,Textiles,WH-East,2024-12-03,2024-12-20,2024-12-20,2024,12,Q4,Dec,17,0,1,1153,1153,0,0.0,61.76,71209.28,1
PO-05867,S004,Global Parts Ltd,Tier 1,Air,Textiles,WH-Central,2024-12-03,2024-12-11,2024-12-11,2024,12,Q4,Dec,8,0,1,1204,1204,0,0.0,106.45,128165.8,1
PO-05868,S008,Northern Logistics,Tier 3,Rail,Packaging,WH-North,2024-12-03,2024-12-09,2024-12-09,2024,12,Q4,Dec,6,0,1,1625,1625,0,0.0,233.35,379193.75,1
PO-05869,S001,FastTrack Logistics,Tier 1,Road,Packaging,WH-North,2024-12-04,2024-12-14,2024-12-14,2024,12,Q4,Dec,10,0,1,876,876,0,0.0,99.95,87556.2,1
PO-05870,S009,Eastside Components,Tier 2,Sea,Components,WH-East,2024-12-04,2024-12-22,2024-12-22,2024,12,Q4,Dec,18,0,1,993,993,0,0.0,112.77,111980.61,1
PO-05871,S007,Swift Carriers,Tier 2,Road,Textiles,WH-West,2024-12-04,2024-12-25,2024-12-25,2024,12,Q4,Dec,21,0,1,1236,1236,0,0.0,37.59,46461.24,1
PO-05872,S007,Swift Carriers,Tier 2,Road,Components,WH-North,2024-12-04,2024-12-23,2025-01-06,2024,12,Q4,Dec,19,14,0,1381,1363,18,1.3,283.81,391941.61,0
PO-05873,S004,Global Parts Ltd,Tier 1,Air,Electronics,WH-West,2024-12-04,2024-12-18,2024-12-18,2024,12,Q4,Dec,14,0,1,293,293,0,0.0,461.67,135269.31,1
PO-05874,S009,Eastside Components,Tier 2,Sea,Packaging,WH-East,2024-12-04,2024-12-18,2024-12-26,2024,12,Q4,Dec,14,8,0,1298,1298,0,0.0,184.09,238948.82,1
PO-05875,S002,BlueStar Freight,Tier 1,Rail,Chemicals,WH-East,2024-12-05,2024-12-16,2024-12-16,2024,12,Q4,Dec,11,0,1,1221,1221,0,0.0,446.3,544932.3,1
PO-05876,S002,BlueStar Freight,Tier 1,Rail,Components,WH-West,2024-12-05,2024-12-24,2024-12-24,2024,12,Q4,Dec,19,0,1,511,511,0,0.0,48.43,24747.73,1
PO-05877,S001,FastTrack Logistics,Tier 1,Road,Components,WH-Central,2024-12-05,2024-12-25,2024-12-25,2024,12,Q4,Dec,20,0,1,939,939,0,0.0,400.38,375956.82,1
PO-05878,S003,Apex Supply Co.,Tier 2,Road,Finished Goods,WH-West,2024-12-05,2024-12-20,2024-12-20,2024,12,Q4,Dec,15,0,1,1953,1953,0,0.0,400.01,781219.53,1
PO-05879,S008,Northern Logistics,Tier 3,Rail,Packaging,WH-South,2024-12-05,2024-12-21,2024-12-21,2024,12,Q4,Dec,16,0,1,896,896,0,0.0,432.18,387233.28,1
PO-05880,S001,FastTrack Logistics,Tier 1,Road,Textiles,WH-West,2024-12-06,2024-12-14,2024-12-14,2024,12,Q4,Dec,8,0,1,1140,1140,0,0.0,411.34,468927.6,1
PO-05881,S010,Reliable Goods Co.,Tier 3,Road,Spare Parts,WH-North,2024-12-06,2024-12-17,2024-12-17,2024,12,Q4,Dec,11,0,1,471,471,0,0.0,428.21,201686.91,1
PO-05882,S006,PrimeParts Inc.,Tier 1,Sea,Raw Materials,WH-Central,2024-12-06,2024-12-19,2024-12-19,2024,12,Q4,Dec,13,0,1,1587,1587,0,0.0,447.98,710944.26,1
PO-05883,S003,Apex Supply Co.,Tier 2,Road,Textiles,WH-Central,2024-12-06,2024-12-14,2024-12-27,2024,12,Q4,Dec,8,13,0,1860,1860,0,0.0,76.68,142624.8,1
PO-05884,S003,Apex Supply Co.,Tier 2,Road,Chemicals,WH-Central,2024-12-06,2024-12-19,2024-12-29,2024,12,Q4,Dec,13,10,0,1529,1529,0,0.0,402.23,615009.67,1
PO-05885,S008,Northern Logistics,Tier 3,Rail,Finished Goods,WH-North,2024-12-06,2024-12-20,2024-12-20,2024,12,Q4,Dec,14,0,1,700,700,0,0.0,415.83,291081.0,1
PO-05886,S009,Eastside Components,Tier 2,Sea,Electronics,WH-South,2024-12-07,2024-12-26,2024-12-26,2024,12,Q4,Dec,19,0,1,491,491,0,0.0,14.38,7060.58,1
PO-05887,S002,BlueStar Freight,Tier 1,Rail,Chemicals,WH-West,2024-12-07,2024-12-13,2024-12-13,2024,12,Q4,Dec,6,0,1,338,338,0,0.0,254.49,86017.62,1
PO-05888,S005,Metro Distributors,Tier 2,Road,Textiles,WH-South,2024-12-07,2024-12-14,2024-12-22,2024,12,Q4,Dec,7,8,0,785,785,0,0.0,352.8,276948.0,1
PO-05889,S001,FastTrack Logistics,Tier 1,Road,Components,WH-North,2024-12-08,2024-12-20,2024-12-20,2024,12,Q4,Dec,12,0,1,547,547,0,0.0,150.67,82416.49,1
PO-05890,S006,PrimeParts Inc.,Tier 1,Sea,Electronics,WH-East,2024-12-08,2024-12-14,2024-12-14,2024,12,Q4,Dec,6,0,1,1545,1545,0,0.0,240.74,371943.3,1
PO-05891,S006,PrimeParts Inc.,Tier 1,Sea,Components,WH-East,2024-12-08,2024-12-22,2024-12-22,2024,12,Q4,Dec,14,0,1,465,465,0,0.0,168.79,78487.35,1
PO-05892,S005,Metro Distributors,Tier 2,Road,Electronics,WH-North,2024-12-08,2024-12-22,2024-12-22,2024,12,Q4,Dec,14,0,1,1971,1971,0,0.0,136.21,268469.91,1
PO-05893,S006,PrimeParts Inc.,Tier 1,Sea,Textiles,WH-Central,2024-12-08,2024-12-27,2024-12-27,2024,12,Q4,Dec,19,0,1,228,228,0,0.0,481.55,109793.4,1
PO-05894,S003,Apex Supply Co.,Tier 2,Road,Raw Materials,WH-North,2024-12-09,2024-12-19,2024-12-19,2024,12,Q4,Dec,10,0,1,1033,1033,0,0.0,120.57,124548.81,1
PO-05895,S005,Metro Distributors,Tier 2,Road,Packaging,WH-East,2024-12-09,2024-12-26,2024-12-26,2024,12,Q4,Dec,17,0,1,1659,1659,0,0.0,250.66,415844.94,1
PO-05896,S006,PrimeParts Inc.,Tier 1,Sea,Electronics,WH-South,2024-12-09,2024-12-20,2024-12-20,2024,12,Q4,Dec,11,0,1,1031,1031,0,0.0,316.43,326239.33,1
PO-05897,S008,Northern Logistics,Tier 3,Rail,Chemicals,WH-Central,2024-12-09,2024-12-18,2024-12-29,2024,12,Q4,Dec,9,11,0,93,93,0,0.0,484.74,45080.82,1
PO-05898,S008,Northern Logistics,Tier 3,Rail,Finished Goods,WH-East,2024-12-10,2024-12-18,2024-12-18,2024,12,Q4,Dec,8,0,1,317,317,0,0.0,243.72,77259.24,1
PO-05899,S003,Apex Supply Co.,Tier 2,Road,Spare Parts,WH-South,2024-12-10,2024-12-31,2024-12-31,2024,12,Q4,Dec,21,0,1,898,898,0,0.0,200.43,179986.14,1
PO-05900,S002,BlueStar Freight,Tier 1,Rail,Components,WH-South,2024-12-10,2024-12-16,2024-12-16,2024,12,Q4,Dec,6,0,1,801,801,0,0.0,272.25,218072.25,1
PO-05901,S006,PrimeParts Inc.,Tier 1,Sea,Spare Parts,WH-Central,2024-12-10,2024-12-26,2024-12-26,2024,12,Q4,Dec,16,0,1,1921,1921,0,0.0,13.58,26087.18,1
PO-05902,S003,Apex Supply Co.,Tier 2,Road,Textiles,WH-East,2024-12-10,2024-12-18,2024-12-18,2024,12,Q4,Dec,8,0,1,1105,1105,0,0.0,279.97,309366.85,1
PO-05903,S004,Global Parts Ltd,Tier 1,Air,Chemicals,WH-North,2024-12-11,2024-12-20,2024-12-20,2024,12,Q4,Dec,9,0,1,499,499,0,0.0,143.38,71546.62,1
PO-05904,S008,Northern Logistics,Tier 3,Rail,Chemicals,WH-South,2024-12-11,2024-12-21,2024-12-21,2024,12,Q4,Dec,10,0,1,1575,1538,37,2.35,183.34,288760.5,0
PO-05905,S005,Metro Distributors,Tier 2,Road,Packaging,WH-South,2024-12-11,2024-12-20,2024-12-31,2024,12,Q4,Dec,9,11,0,84,84,0,0.0,378.37,31783.08,1
PO-05906,S003,Apex Supply Co.,Tier 2,Road,Chemicals,WH-North,2024-12-11,2024-12-19,2024-12-19,2024,12,Q4,Dec,8,0,1,661,661,0,0.0,471.03,311350.83,1
PO-05907,S005,Metro Distributors,Tier 2,Road,Components,WH-West,2024-12-11,2024-12-22,2024-12-22,2024,12,Q4,Dec,11,0,1,1126,1126,0,0.0,230.45,259486.7,1
PO-05908,S010,Reliable Goods Co.,Tier 3,Road,Finished Goods,WH-Central,2024-12-12,2024-12-28,2024-12-28,2024,12,Q4,Dec,16,0,1,838,838,0,0.0,446.53,374192.14,1
PO-05909,S005,Metro Distributors,Tier 2,Road,Raw Materials,WH-Central,2024-12-12,2024-12-27,2024-12-27,2024,12,Q4,Dec,15,0,1,191,191,0,0.0,102.51,19579.41,1
PO-05910,S010,Reliable Goods Co.,Tier 3,Road,Spare Parts,WH-West,2024-12-12,2024-12-24,2024-12-28,2024,12,Q4,Dec,12,4,0,231,231,0,0.0,212.98,49198.38,1
PO-05911,S002,BlueStar Freight,Tier 1,Rail,Components,WH-South,2024-12-12,2024-12-31,2024-12-31,2024,12,Q4,Dec,19,0,1,64,64,0,0.0,56.58,3621.12,1
PO-05912,S003,Apex Supply Co.,Tier 2,Road,Electronics,WH-East,2024-12-13,2024-12-20,2024-12-20,2024,12,Q4,Dec,7,0,1,744,744,0,0.0,439.9,327285.6,1
PO-05913,S001,FastTrack Logistics,Tier 1,Road,Components,WH-Central,2024-12-13,2024-12-28,2024-12-28,2024,12,Q4,Dec,15,0,1,125,125,0,0.0,146.24,18280.0,1
PO-05914,S007,Swift Carriers,Tier 2,Road,Raw Materials,WH-West,2024-12-13,2025-01-03,2025-01-04,2024,12,Q4,Dec,21,1,0,1416,1416,0,0.0,53.89,76308.24,1
PO-05915,S002,BlueStar Freight,Tier 1,Rail,Packaging,WH-South,2024-12-13,2024-12-25,2024-12-25,2024,12,Q4,Dec,12,0,1,1901,1901,0,0.0,249.9,475059.9,1
PO-05916,S008,Northern Logistics,Tier 3,Rail,Raw Materials,WH-East,2024-12-13,2025-01-03,2025-01-03,2024,12,Q4,Dec,21,0,1,926,868,58,6.26,121.72,112712.72,0
PO-05917,S002,BlueStar Freight,Tier 1,Rail,Electronics,WH-North,2024-12-13,2024-12-20,2024-12-23,2024,12,Q4,Dec,7,3,0,1450,1450,0,0.0,397.32,576114.0,1
PO-05918,S007,Swift Carriers,Tier 2,Road,Spare Parts,WH-North,2024-12-13,2024-12-26,2025-01-01,2024,12,Q4,Dec,13,6,0,1339,1339,0,0.0,347.27,464994.53,1
PO-05919,S007,Swift Carriers,Tier 2,Road,Finished Goods,WH-East,2024-12-14,2024-12-25,2024-12-25,2024,12,Q4,Dec,11,0,1,960,960,0,0.0,57.23,54940.8,1
PO-05920,S003,Apex Supply Co.,Tier 2,Road,Finished Goods,WH-East,2024-12-14,2024-12-24,2024-12-24,2024,12,Q4,Dec,10,0,1,768,768,0,0.0,413.82,317813.76,1
PO-05921,S010,Reliable Goods Co.,Tier 3,Road,Chemicals,WH-West,2024-12-14,2024-12-26,2024-12-26,2024,12,Q4,Dec,12,0,1,1292,1284,8,0.62,218.05,281720.6,0
PO-05922,S008,Northern Logistics,Tier 3,Rail,Chemicals,WH-West,2024-12-14,2024-12-26,2024-12-26,2024,12,Q4,Dec,12,0,1,1162,992,170,14.63,389.86,453017.32,0
PO-05923,S010,Reliable Goods Co.,Tier 3,Road,Packaging,WH-East,2024-12-14,2024-12-28,2025-01-09,2024,12,Q4,Dec,14,12,0,79,79,0,0.0,215.73,17042.67,1
PO-05924,S003,Apex Supply Co.,Tier 2,Road,Finished Goods,WH-North,2024-12-14,2024-12-28,2024-12-28,2024,12,Q4,Dec,14,0,1,906,906,0,0.0,273.34,247646.04,1
PO-05925,S003,Apex Supply Co.,Tier 2,Road,Components,WH-Central,2024-12-14,2024-12-24,2024-12-24,2024,12,Q4,Dec,10,0,1,936,906,30,3.21,128.05,119854.8,0
PO-05926,S010,Reliable Goods Co.,Tier 3,Road,Electronics,WH-Central,2024-12-14,2024-12-29,2025-01-12,2024,12,Q4,Dec,15,14,0,1971,1971,0,0.0,108.59,214030.89,1
PO-05927,S005,Metro Distributors,Tier 2,Road,Components,WH-North,2024-12-15,2024-12-25,2025-01-05,2024,12,Q4,Dec,10,11,0,1540,1540,0,0.0,229.6,353584.0,1
PO-05928,S002,BlueStar Freight,Tier 1,Rail,Chemicals,WH-East,2024-12-15,2024-12-25,2024-12-25,2024,12,Q4,Dec,10,0,1,1532,1532,0,0.0,206.67,316618.44,1
PO-05929,S005,Metro Distributors,Tier 2,Road,Raw Materials,WH-North,2024-12-15,2025-01-03,2025-01-03,2024,12,Q4,Dec,19,0,1,879,879,0,0.0,51.29,45083.91,1
PO-05930,S004,Global Parts Ltd,Tier 1,Air,Packaging,WH-East,2024-12-16,2024-12-29,2024-12-29,2024,12,Q4,Dec,13,0,1,1805,1805,0,0.0,197.08,355729.4,1
PO-05931,S009,Eastside Components,Tier 2,Sea,Electronics,WH-Central,2024-12-16,2024-12-25,2024-12-25,2024,12,Q4,Dec,9,0,1,1499,1499,0,0.0,273.94,410636.06,1
PO-05932,S001,FastTrack Logistics,Tier 1,Road,Raw Materials,WH-West,2024-12-16,2025-01-03,2025-01-03,2024,12,Q4,Dec,18,0,1,469,469,0,0.0,382.26,179279.94,1
PO-05933,S001,FastTrack Logistics,Tier 1,Road,Raw Materials,WH-North,2024-12-16,2024-12-22,2024-12-22,2024,12,Q4,Dec,6,0,1,1041,1041,0,0.0,152.16,158398.56,1
PO-05934,S001,FastTrack Logistics,Tier 1,Road,Raw Materials,WH-East,2024-12-17,2025-01-07,2025-01-07,2024,12,Q4,Dec,21,0,1,489,489,0,0.0,304.7,148998.3,1
PO-05935,S007,Swift Carriers,Tier 2,Road,Spare Parts,WH-South,2024-12-17,2024-12-23,2024-12-23,2024,12,Q4,Dec,6,0,1,524,524,0,0.0,204.22,107011.28,1
PO-05936,S006,PrimeParts Inc.,Tier 1,Sea,Chemicals,WH-North,2024-12-17,2025-01-06,2025-01-06,2024,12,Q4,Dec,20,0,1,1709,1709,0,0.0,58.85,100574.65,1
PO-05937,S010,Reliable Goods Co.,Tier 3,Road,Chemicals,WH-East,2024-12-17,2024-12-30,2024-12-30,2024,12,Q4,Dec,13,0,1,1428,1428,0,0.0,328.69,469369.32,1
PO-05938,S001,FastTrack Logistics,Tier 1,Road,Chemicals,WH-North,2024-12-18,2024-12-27,2024-12-27,2024,12,Q4,Dec,9,0,1,619,619,0,0.0,382.73,236909.87,1
PO-05939,S005,Metro Distributors,Tier 2,Road,Chemicals,WH-West,2024-12-18,2025-01-02,2025-01-07,2024,12,Q4,Dec,15,5,0,488,488,0,0.0,337.15,164529.2,1
PO-05940,S010,Reliable Goods Co.,Tier 3,Road,Components,WH-North,2024-12-18,2024-12-27,2024-12-27,2024,12,Q4,Dec,9,0,1,299,299,0,0.0,311.29,93075.71,1
PO-05941,S004,Global Parts Ltd,Tier 1,Air,Textiles,WH-East,2024-12-18,2024-12-25,2024-12-25,2024,12,Q4,Dec,7,0,1,925,925,0,0.0,19.55,18083.75,1
PO-05942,S005,Metro Distributors,Tier 2,Road,Spare Parts,WH-Central,2024-12-18,2025-01-04,2025-01-04,2024,12,Q4,Dec,17,0,1,444,444,0,0.0,235.77,104681.88,1
PO-05943,S002,BlueStar Freight,Tier 1,Rail,Finished Goods,WH-East,2024-12-18,2025-01-03,2025-01-03,2024,12,Q4,Dec,16,0,1,739,739,0,0.0,305.25,225579.75,1
PO-05944,S005,Metro Distributors,Tier 2,Road,Packaging,WH-North,2024-12-18,2024-12-28,2025-01-08,2024,12,Q4,Dec,10,11,0,200,200,0,0.0,229.1,45820.0,1
PO-05945,S010,Reliable Goods Co.,Tier 3,Road,Spare Parts,WH-East,2024-12-18,2024-12-22,2024-12-23,2024,12,Q4,Dec,4,1,0,414,414,0,0.0,280.99,116329.86,1
PO-05946,S010,Reliable Goods Co.,Tier 3,Road,Components,WH-North,2024-12-19,2024-12-31,2025-01-12,2024,12,Q4,Dec,12,12,0,59,59,0,0.0,436.06,25727.54,1
PO-05947,S008,Northern Logistics,Tier 3,Rail,Chemicals,WH-South,2024-12-19,2025-01-01,2025-01-05,2024,12,Q4,Dec,13,4,0,1945,1945,0,0.0,57.65,112129.25,1
PO-05948,S006,PrimeParts Inc.,Tier 1,Sea,Chemicals,WH-South,2024-12-19,2024-12-30,2024-12-30,2024,12,Q4,Dec,11,0,1,807,807,0,0.0,143.71,115973.97,1
PO-05949,S007,Swift Carriers,Tier 2,Road,Spare Parts,WH-North,2024-12-19,2024-12-29,2024-12-29,2024,12,Q4,Dec,10,0,1,1202,1202,0,0.0,213.09,256134.18,1
PO-05950,S010,Reliable Goods Co.,Tier 3,Road,Electronics,WH-North,2024-12-19,2025-01-07,2025-01-07,2024,12,Q4,Dec,19,0,1,436,436,0,0.0,180.98,78907.28,1
PO-05951,S003,Apex Supply Co.,Tier 2,Road,Packaging,WH-East,2024-12-19,2025-01-02,2025-01-02,2024,12,Q4,Dec,14,0,1,1481,1481,0,0.0,296.94,439768.14,1
PO-05952,S009,Eastside Components,Tier 2,Sea,Textiles,WH-East,2024-12-19,2024-12-23,2024-12-23,2024,12,Q4,Dec,4,0,1,1208,1208,0,0.0,307.83,371858.64,1
PO-05953,S006,PrimeParts Inc.,Tier 1,Sea,Electronics,WH-West,2024-12-20,2024-12-23,2024-12-23,2024,12,Q4,Dec,3,0,1,1420,1420,0,0.0,288.36,409471.2,1
PO-05954,S005,Metro Distributors,Tier 2,Road,Textiles,WH-Central,2024-12-20,2025-01-01,2025-01-01,2024,12,Q4,Dec,12,0,1,1169,1169,0,0.0,146.89,171714.41,1
PO-05955,S004,Global Parts Ltd,Tier 1,Air,Components,WH-North,2024-12-20,2024-12-31,2024-12-31,2024,12,Q4,Dec,11,0,1,465,465,0,0.0,387.8,180327.0,1
PO-05956,S006,PrimeParts Inc.,Tier 1,Sea,Packaging,WH-Central,2024-12-20,2024-12-28,2024-12-28,2024,12,Q4,Dec,8,0,1,518,518,0,0.0,306.09,158554.62,1
PO-05957,S003,Apex Supply Co.,Tier 2,Road,Textiles,WH-North,2024-12-20,2024-12-26,2024-12-26,2024,12,Q4,Dec,6,0,1,412,412,0,0.0,354.04,145864.48,1
PO-05958,S007,Swift Carriers,Tier 2,Road,Raw Materials,WH-South,2024-12-20,2025-01-03,2025-01-03,2024,12,Q4,Dec,14,0,1,359,359,0,0.0,489.47,175719.73,1
PO-05959,S007,Swift Carriers,Tier 2,Road,Components,WH-East,2024-12-20,2024-12-29,2024-12-29,2024,12,Q4,Dec,9,0,1,933,933,0,0.0,22.22,20731.26,1
PO-05960,S007,Swift Carriers,Tier 2,Road,Packaging,WH-North,2024-12-20,2024-12-26,2024-12-26,2024,12,Q4,Dec,6,0,1,116,116,0,0.0,371.28,43068.48,1
PO-05961,S007,Swift Carriers,Tier 2,Road,Spare Parts,WH-East,2024-12-21,2025-01-07,2025-01-15,2024,12,Q4,Dec,17,8,0,104,104,0,0.0,127.49,13258.96,1
PO-05962,S008,Northern Logistics,Tier 3,Rail,Spare Parts,WH-Central,2024-12-21,2025-01-03,2025-01-05,2024,12,Q4,Dec,13,2,0,477,477,0,0.0,274.37,130874.49,1
PO-05963,S001,FastTrack Logistics,Tier 1,Road,Chemicals,WH-North,2024-12-21,2025-01-10,2025-01-10,2024,12,Q4,Dec,20,0,1,1433,1433,0,0.0,142.92,204804.36,1
PO-05964,S001,FastTrack Logistics,Tier 1,Road,Finished Goods,WH-East,2024-12-21,2025-01-11,2025-01-11,2024,12,Q4,Dec,21,0,1,1380,1380,0,0.0,93.1,128478.0,1
PO-05965,S010,Reliable Goods Co.,Tier 3,Road,Electronics,WH-East,2024-12-21,2024-12-29,2025-01-05,2024,12,Q4,Dec,8,7,0,1343,1343,0,0.0,451.83,606807.69,1
PO-05966,S006,PrimeParts Inc.,Tier 1,Sea,Textiles,WH-East,2024-12-21,2025-01-05,2025-01-05,2024,12,Q4,Dec,15,0,1,1671,1669,2,0.12,267.76,447426.96,0
PO-05967,S001,FastTrack Logistics,Tier 1,Road,Chemicals,WH-North,2024-12-22,2025-01-03,2025-01-03,2024,12,Q4,Dec,12,0,1,784,784,0,0.0,188.61,147870.24,1
PO-05968,S008,Northern Logistics,Tier 3,Rail,Chemicals,WH-East,2024-12-22,2024-12-29,2025-01-10,2024,12,Q4,Dec,7,12,0,900,900,0,0.0,359.83,323847.0,1
PO-05969,S006,PrimeParts Inc.,Tier 1,Sea,Components,WH-West,2024-12-22,2025-01-02,2025-01-10,2024,12,Q4,Dec,11,8,0,231,231,0,0.0,85.81,19822.11,1
PO-05970,S007,Swift Carriers,Tier 2,Road,Packaging,WH-East,2024-12-22,2025-01-12,2025-01-12,2024,12,Q4,Dec,21,0,1,1211,1101,110,9.08,345.51,418412.61,0
PO-05971,S009,Eastside Components,Tier 2,Sea,Spare Parts,WH-North,2024-12-22,2024-12-30,2024-12-30,2024,12,Q4,Dec,8,0,1,1146,1146,0,0.0,380.19,435697.74,1
PO-05972,S009,Eastside Components,Tier 2,Sea,Components,WH-East,2024-12-22,2025-01-10,2025-01-10,2024,12,Q4,Dec,19,0,1,1820,1820,0,0.0,223.71,407152.2,1
PO-05973,S009,Eastside Components,Tier 2,Sea,Components,WH-Central,2024-12-23,2025-01-11,2025-01-11,2024,12,Q4,Dec,19,0,1,1462,1462,0,0.0,51.0,74562.0,1
PO-05974,S005,Metro Distributors,Tier 2,Road,Finished Goods,WH-East,2024-12-23,2025-01-13,2025-01-13,2024,12,Q4,Dec,21,0,1,741,741,0,0.0,229.05,169726.05,1
PO-05975,S004,Global Parts Ltd,Tier 1,Air,Electronics,WH-West,2024-12-23,2025-01-08,2025-01-08,2024,12,Q4,Dec,16,0,1,1310,1310,0,0.0,225.13,294920.3,1
PO-05976,S003,Apex Supply Co.,Tier 2,Road,Textiles,WH-Central,2024-12-24,2025-01-11,2025-01-11,2024,12,Q4,Dec,18,0,1,868,868,0,0.0,420.28,364803.04,1
PO-05977,S010,Reliable Goods Co.,Tier 3,Road,Finished Goods,WH-North,2024-12-24,2025-01-12,2025-01-19,2024,12,Q4,Dec,19,7,0,1446,1446,0,0.0,38.64,55873.44,1
PO-05978,S001,FastTrack Logistics,Tier 1,Road,Components,WH-South,2024-12-24,2025-01-03,2025-01-03,2024,12,Q4,Dec,10,0,1,1136,1136,0,0.0,326.85,371301.6,1
PO-05979,S001,FastTrack Logistics,Tier 1,Road,Textiles,WH-South,2024-12-24,2024-12-30,2024-12-30,2024,12,Q4,Dec,6,0,1,351,351,0,0.0,105.44,37009.44,1
PO-05980,S003,Apex Supply Co.,Tier 2,Road,Finished Goods,WH-East,2024-12-25,2025-01-09,2025-01-09,2024,12,Q4,Dec,15,0,1,702,702,0,0.0,388.22,272530.44,1
PO-05981,S006,PrimeParts Inc.,Tier 1,Sea,Packaging,WH-South,2024-12-25,2025-01-05,2025-01-05,2024,12,Q4,Dec,11,0,1,1240,1240,0,0.0,457.46,567250.4,1
PO-05982,S009,Eastside Components,Tier 2,Sea,Components,WH-North,2024-12-25,2025-01-12,2025-01-12,2024,12,Q4,Dec,18,0,1,440,440,0,0.0,211.59,93099.6,1
PO-05983,S005,Metro Distributors,Tier 2,Road,Textiles,WH-East,2024-12-25,2025-01-14,2025-01-14,2024,12,Q4,Dec,20,0,1,1994,1994,0,0.0,473.98,945116.12,1
PO-05984,S006,PrimeParts Inc.,Tier 1,Sea,Packaging,WH-South,2024-12-25,2024-12-31,2024-12-31,2024,12,Q4,Dec,6,0,1,200,200,0,0.0,104.19,20838.0,1
PO-05985,S001,FastTrack Logistics,Tier 1,Road,Finished Goods,WH-South,2024-12-25,2025-01-14,2025-01-14,2024,12,Q4,Dec,20,0,1,444,444,0,0.0,183.45,81451.8,1
PO-05986,S001,FastTrack Logistics,Tier 1,Road,Raw Materials,WH-North,2024-12-26,2024-12-30,2024-12-30,2024,12,Q4,Dec,4,0,1,208,208,0,0.0,258.03,53670.24,1
PO-05987,S002,BlueStar Freight,Tier 1,Rail,Packaging,WH-Central,2024-12-26,2025-01-11,2025-01-11,2024,12,Q4,Dec,16,0,1,835,835,0,0.0,138.59,115722.65,1
PO-05988,S007,Swift Carriers,Tier 2,Road,Electronics,WH-South,2024-12-26,2025-01-09,2025-01-09,2024,12,Q4,Dec,14,0,1,86,86,0,0.0,59.94,5154.84,1
PO-05989,S003,Apex Supply Co.,Tier 2,Road,Chemicals,WH-South,2024-12-26,2025-01-01,2025-01-07,2024,12,Q4,Dec,6,6,0,1323,1323,0,0.0,260.67,344866.41,1
PO-05990,S010,Reliable Goods Co.,Tier 3,Road,Finished Goods,WH-North,2024-12-26,2025-01-05,2025-01-05,2024,12,Q4,Dec,10,0,1,1678,1678,0,0.0,178.05,298767.9,1
PO-05991,S004,Global Parts Ltd,Tier 1,Air,Packaging,WH-North,2024-12-27,2025-01-11,2025-01-11,2024,12,Q4,Dec,15,0,1,147,147,0,0.0,366.21,53832.87,1
PO-05992,S004,Global Parts Ltd,Tier 1,Air,Textiles,WH-East,2024-12-27,2025-01-02,2025-01-02,2024,12,Q4,Dec,6,0,1,860,860,0,0.0,269.37,231658.2,1
PO-05993,S009,Eastside Components,Tier 2,Sea,Spare Parts,WH-Central,2024-12-27,2025-01-13,2025-01-13,2024,12,Q4,Dec,17,0,1,662,662,0,0.0,346.79,229574.98,1
PO-05994,S002,BlueStar Freight,Tier 1,Rail,Textiles,WH-North,2024-12-27,2025-01-03,2025-01-03,2024,12,Q4,Dec,7,0,1,1600,1600,0,0.0,343.74,549984.0,1
PO-05995,S002,BlueStar Freight,Tier 1,Rail,Finished Goods,WH-South,2024-12-27,2025-01-03,2025-01-03,2024,12,Q4,Dec,7,0,1,965,965,0,0.0,444.9,429328.5,1
PO-05996,S008,Northern Logistics,Tier 3,Rail,Raw Materials,WH-East,2024-12-27,2025-01-17,2025-01-23,2024,12,Q4,Dec,21,6,0,1912,1912,0,0.0,227.88,435706.56,1
PO-05997,S004,Global Parts Ltd,Tier 1,Air,Packaging,WH-West,2024-12-27,2025-01-08,2025-01-08,2024,12,Q4,Dec,12,0,1,1556,1556,0,0.0,156.05,242813.8,1
PO-05998,S003,Apex Supply Co.,Tier 2,Road,Finished Goods,WH-North,2024-12-28,2025-01-09,2025-01-09,2024,12,Q4,Dec,12,0,1,1590,1527,63,3.96,414.32,658768.8,0
PO-05999,S003,Apex Supply Co.,Tier 2,Road,Packaging,WH-Central,2024-12-28,2025-01-05,2025-01-05,2024,12,Q4,Dec,8,0,1,822,822,0,0.0,137.37,112918.14,1
PO-06000,S006,PrimeParts Inc.,Tier 1,Sea,Electronics,WH-East,2024-12-28,2025-01-04,2025-01-04,2024,12,Q4,Dec,7,0,1,1917,1917,0,0.0,308.33,591068.61,1
PO-06001,S006,PrimeParts Inc.,Tier 1,Sea,Spare Parts,WH-Central,2024-12-28,2025-01-05,2025-01-05,2024,12,Q4,Dec,8,0,1,81,81,0,0.0,99.16,8031.96,1
PO-06002,S004,Global Parts Ltd,Tier 1,Air,Raw Materials,WH-West,2024-12-28,2025-01-12,2025-01-12,2024,12,Q4,Dec,15,0,1,483,483,0,0.0,23.94,11563.02,1
PO-06003,S010,Reliable Goods Co.,Tier 3,Road,Raw Materials,WH-West,2024-12-28,2025-01-05,2025-01-08,2024,12,Q4,Dec,8,3,0,1009,1009,0,0.0,367.23,370535.07,1
PO-06004,S007,Swift Carriers,Tier 2,Road,Packaging,WH-West,2024-12-28,2025-01-04,2025-01-06,2024,12,Q4,Dec,7,2,0,547,547,0,0.0,349.31,191072.57,1
PO-06005,S008,Northern Logistics,Tier 3,Rail,Raw Materials,WH-South,2024-12-28,2025-01-08,2025-01-08,2024,12,Q4,Dec,11,0,1,1285,1285,0,0.0,455.68,585548.8,1
PO-06006,S008,Northern Logistics,Tier 3,Rail,Finished Goods,WH-South,2024-12-29,2025-01-17,2025-01-30,2024,12,Q4,Dec,19,13,0,498,498,0,0.0,112.57,56059.86,1
PO-06007,S004,Global Parts Ltd,Tier 1,Air,Spare Parts,WH-North,2024-12-29,2025-01-09,2025-01-09,2024,12,Q4,Dec,11,0,1,1645,1430,215,13.07,244.28,401840.6,0
PO-06008,S010,Reliable Goods Co.,Tier 3,Road,Packaging,WH-West,2024-12-29,2025-01-18,2025-01-18,2024,12,Q4,Dec,20,0,1,440,440,0,0.0,41.57,18290.8,1
PO-06009,S010,Reliable Goods Co.,Tier 3,Road,Packaging,WH-North,2024-12-30,2025-01-02,2025-01-02,2024,12,Q4,Dec,3,0,1,866,866,0,0.0,14.45,12513.7,1
PO-06010,S004,Global Parts Ltd,Tier 1,Air,Raw Materials,WH-West,2024-12-30,2025-01-07,2025-01-07,2024,12,Q4,Dec,8,0,1,662,662,0,0.0,352.66,233460.92,1
PO-06011,S001,FastTrack Logistics,Tier 1,Road,Finished Goods,WH-North,2024-12-30,2025-01-14,2025-01-14,2024,12,Q4,Dec,15,0,1,203,203,0,0.0,284.07,57666.21,1
PO-06012,S009,Eastside Components,Tier 2,Sea,Raw Materials,WH-South,2024-12-31,2025-01-05,2025-01-05,2024,12,Q4,Dec,5,0,1,1081,1081,0,0.0,371.33,401407.73,1
PO-06013,S003,Apex Supply Co.,Tier 2,Road,Packaging,WH-South,2024-12-31,2025-01-19,2025-01-30,2024,12,Q4,Dec,19,11,0,1364,1364,0,0.0,423.83,578104.12,1
PO-06014,S004,Global Parts Ltd,Tier 1,Air,Textiles,WH-North,2024-12-31,2025-01-12,2025-01-12,2024,12,Q4,Dec,12,0,1,1041,1041,0,0.0,91.02,94751.82,1
PO-06015,S003,Apex Supply Co.,Tier 2,Road,Components,WH-Central,2024-12-31,2025-01-14,2025-01-14,2024,12,Q4,Dec,14,0,1,551,551,0,0.0,436.15,240318.65,1
PO-06016,S006,PrimeParts Inc.,Tier 1,Sea,Spare Parts,WH-East,2024-12-31,2025-01-15,2025-01-15,2024,12,Q4,Dec,15,0,1,853,853,0,0.0,265.85,226770.05,1
PO-06017,S005,Metro Distributors,Tier 2,Road,Raw Materials,WH-East,2024-12-31,2025-01-20,2025-01-20,2024,12,Q4,Dec,20,0,1,1205,1205,0,0.0,375.94,453007.7,1
PO-06018,S003,Apex Supply Co.,Tier 2,Road,Electronics,WH-Central,2024-12-31,2025-01-06,2025-01-07,2024,12,Q4,Dec,6,1,0,1963,1963,0,0.0,366.26,718968.38,1
