order_id,order_date,order_time
1,2023-01-01,13:15:00
2,2023-01-01,11:43:00
3,2023-01-01,18:37:00
4,2023-01-01,15:05:00
5,2023-01-01,11:35:00
6,2023-01-01,14:14:00
7,2023-01-01,16:51:00
8,2023-01-01,19:44:00
9,2023-01-01,16:09:00
10,2023-01-01,13:06:00
11,2023-01-01,11:22:00
12,2023-01-01,20:51:00
13,2023-01-01,10:34:00
14,2023-01-01,14:05:00
15,2023-01-01,20:36:00
16,2023-01-01,11:02:00
17,2023-01-01,20:05:00
18,2023-01-01,18:24:00
19,2023-01-01,13:10:00
20,2023-01-01,12:42:00
21,2023-01-01,11:38:00
22,2023-01-01,19:10:00
23,2023-01-01,16:59:00
24,2023-01-01,19:43:00
25,2023-01-01,11:14:00
26,2023-01-01,20:25:00
27,2023-01-01,12:58:00
28,2023-01-01,20:13:00
29,2023-01-01,21:56:00
30,2023-01-01,21:09:00
31,2023-01-01,12:47:00
32,2023-01-01,20:47:00
33,2023-01-01,21:23:00
34,2023-01-01,12:32:00
35,2023-01-01,15:55:00
36,2023-01-01,12:50:00
37,2023-01-01,18:24:00
38,2023-01-01,14:33:00
39,2023-01-01,11:43:00
40,2023-01-01,20:49:00
41,2023-01-01,18:18:00
42,2023-01-01,16:00:00
43,2023-01-01,23:32:00
44,2023-01-01,18:55:00
45,2023-01-01,19:09:00
46,2023-01-01,12:34:00
47,2023-01-01,22:38:00
48,2023-01-01,11:07:00
49,2023-01-01,20:15:00
50,2023-01-01,11:05:00
51,2023-01-02,19:08:00
52,2023-01-02,19:16:00
53,2023-01-02,21:13:00
54,2023-01-02,19:45:00
55,2023-01-02,13:28:00
56,2023-01-02,21:07:00
57,2023-01-02,11:21:00
58,2023-01-02,08:37:00
59,2023-01-02,11:45:00
60,2023-01-02,19:04:00
61,2023-01-02,20:04:00
62,2023-01-02,20:42:00
63,2023-01-02,17:08:00
64,2023-01-02,21:15:00
65,2023-01-02,21:12:00
66,2023-01-02,14:22:00
67,2023-01-02,16:55:00
68,2023-01-02,18:03:00
69,2023-01-02,16:51:00
70,2023-01-02,19:12:00
71,2023-01-02,14:08:00
72,2023-01-02,16:29:00
73,2023-01-02,11:28:00
74,2023-01-02,18:03:00
75,2023-01-02,18:05:00
76,2023-01-02,19:10:00
77,2023-01-02,16:13:00
78,2023-01-02,18:10:00
79,2023-01-02,14:16:00
80,2023-01-02,21:18:00
81,2023-01-02,17:50:00
82,2023-01-02,21:09:00
83,2023-01-02,12:03:00
84,2023-01-03,13:03:00
85,2023-01-03,14:32:00
86,2023-01-03,19:03:00
87,2023-01-03,22:54:00
88,2023-01-03,11:43:00
89,2023-01-03,21:07:00
90,2023-01-03,19:37:00
91,2023-01-03,18:26:00
92,2023-01-03,20:59:00
93,2023-01-03,13:15:00
94,2023-01-03,12:42:00
95,2023-01-03,21:20:00
96,2023-01-03,18:00:00
97,2023-01-03,17:06:00
98,2023-01-03,12:32:00
99,2023-01-03,13:56:00
100,2023-01-03,12:23:00
101,2023-01-03,14:53:00
102,2023-01-03,20:39:00
103,2023-01-03,22:42:00
104,2023-01-03,20:59:00
105,2023-01-03,19:16:00
106,2023-01-03,11:47:00
107,2023-01-03,20:18:00
108,2023-01-03,20:13:00
109,2023-01-03,20:32:00
110,2023-01-03,15:05:00
111,2023-01-03,20:02:00
112,2023-01-03,08:40:00
113,2023-01-03,22:47:00
114,2023-01-03,17:27:00
115,2023-01-03,18:04:00
116,2023-01-03,19:34:00
117,2023-01-03,09:37:00
118,2023-01-03,21:08:00
119,2023-01-04,11:57:00
120,2023-01-04,12:42:00
121,2023-01-04,14:39:00
122,2023-01-04,19:55:00
123,2023-01-04,12:56:00
124,2023-01-04,15:47:00
125,2023-01-04,21:51:00
126,2023-01-04,19:17:00
127,2023-01-04,11:24:00
128,2023-01-04,21:14:00
129,2023-01-04,14:22:00
130,2023-01-04,12:14:00
131,2023-01-04,08:25:00
132,2023-01-04,11:49:00
133,2023-01-04,14:43:00
134,2023-01-04,23:01:00
135,2023-01-04,13:11:00
136,2023-01-04,20:02:00
137,2023-01-04,14:22:00
138,2023-01-05,17:07:00
139,2023-01-05,12:16:00
140,2023-01-05,10:00:00
141,2023-01-05,19:23:00
142,2023-01-05,17:58:00
143,2023-01-05,13:42:00
144,2023-01-05,20:32:00
145,2023-01-05,14:20:00
146,2023-01-05,16:35:00
147,2023-01-05,14:42:00
148,2023-01-05,19:39:00
149,2023-01-05,21:35:00
150,2023-01-05,20:18:00
151,2023-01-05,13:29:00
152,2023-01-05,17:13:00
153,2023-01-05,19:42:00
154,2023-01-05,13:05:00
155,2023-01-05,19:43:00
156,2023-01-05,12:09:00
157,2023-01-05,08:30:00
158,2023-01-05,18:29:00
159,2023-01-05,17:36:00
160,2023-01-05,14:31:00
161,2023-01-05,12:41:00
162,2023-01-05,18:49:00
163,2023-01-05,15:51:00
164,2023-01-05,23:03:00
165,2023-01-05,18:29:00
166,2023-01-06,20:48:00
167,2023-01-06,21:53:00
168,2023-01-06,21:57:00
169,2023-01-06,14:28:00
170,2023-01-06,12:53:00
171,2023-01-06,21:40:00
172,2023-01-06,14:04:00
173,2023-01-06,19:17:00
174,2023-01-06,11:08:00
175,2023-01-06,14:44:00
176,2023-01-06,12:04:00
177,2023-01-06,16:34:00
178,2023-01-06,15:13:00
179,2023-01-06,21:57:00
180,2023-01-06,18:54:00
181,2023-01-06,21:30:00
182,2023-01-06,09:19:00
183,2023-01-06,21:34:00
184,2023-01-06,19:31:00
185,2023-01-06,14:31:00
186,2023-01-06,09:42:00
187,2023-01-06,21:46:00
188,2023-01-06,14:58:00
189,2023-01-06,11:58:00
190,2023-01-06,11:05:00
191,2023-01-06,19:55:00
192,2023-01-06,15:16:00
193,2023-01-06,12:29:00
194,2023-01-06,14:17:00
195,2023-01-06,21:16:00
196,2023-01-06,21:01:00
197,2023-01-06,18:22:00
198,2023-01-06,11:49:00
199,2023-01-06,22:48:00
200,2023-01-07,19:53:00
201,2023-01-07,08:15:00
202,2023-01-07,11:36:00
203,2023-01-07,21:44:00
204,2023-01-07,13:10:00
205,2023-01-07,18:49:00
206,2023-01-07,20:06:00
207,2023-01-07,20:36:00
208,2023-01-07,21:25:00
209,2023-01-07,19:04:00
210,2023-01-07,19:06:00
211,2023-01-07,20:54:00
212,2023-01-07,18:50:00
213,2023-01-07,22:22:00
214,2023-01-07,20:04:00
215,2023-01-07,20:00:00
216,2023-01-07,21:06:00
217,2023-01-07,16:40:00
218,2023-01-07,21:45:00
219,2023-01-07,12:46:00
220,2023-01-07,20:39:00
221,2023-01-07,21:29:00
222,2023-01-07,17:37:00
223,2023-01-07,12:53:00
224,2023-01-07,20:56:00
225,2023-01-07,16:36:00
226,2023-01-07,21:21:00
227,2023-01-07,09:11:00
228,2023-01-07,16:51:00
229,2023-01-07,13:56:00
230,2023-01-08,20:35:00
231,2023-01-08,08:05:00
232,2023-01-08,14:31:00
233,2023-01-08,19:44:00
234,2023-01-08,17:31:00
235,2023-01-08,15:05:00
236,2023-01-08,14:44:00
237,2023-01-08,13:30:00
238,2023-01-08,20:27:00
239,2023-01-08,23:22:00
240,2023-01-08,20:19:00
241,2023-01-08,11:46:00
242,2023-01-08,11:47:00
243,2023-01-08,19:12:00
244,2023-01-08,14:17:00
245,2023-01-08,20:06:00
246,2023-01-08,20:14:00
247,2023-01-08,13:00:00
248,2023-01-08,19:17:00
249,2023-01-08,07:35:00
250,2023-01-08,12:40:00
251,2023-01-08,21:06:00
252,2023-01-08,20:30:00
253,2023-01-08,16:11:00
254,2023-01-08,23:55:00
255,2023-01-08,15:25:00
256,2023-01-08,17:40:00
257,2023-01-08,19:09:00
258,2023-01-08,20:05:00
259,2023-01-08,22:35:00
260,2023-01-08,19:49:00
261,2023-01-08,21:58:00
262,2023-01-08,17:27:00
263,2023-01-08,11:39:00
264,2023-01-08,22:48:00
265,2023-01-08,12:16:00
266,2023-01-08,19:15:00
267,2023-01-08,11:10:00
268,2023-01-08,10:44:00
269,2023-01-08,20:02:00
270,2023-01-08,13:44:00
271,2023-01-08,18:43:00
272,2023-01-08,13:50:00
273,2023-01-08,19:27:00
274,2023-01-08,12:41:00
275,2023-01-08,13:52:00
276,2023-01-08,11:10:00
277,2023-01-08,20:28:00
278,2023-01-08,13:44:00
279,2023-01-09,21:28:00
280,2023-01-09,11:56:00
281,2023-01-09,16:38:00
282,2023-01-09,11:14:00
283,2023-01-09,22:48:00
284,2023-01-09,20:36:00
285,2023-01-09,08:30:00
286,2023-01-09,21:58:00
287,2023-01-09,14:40:00
288,2023-01-09,18:30:00
289,2023-01-09,13:20:00
290,2023-01-09,19:21:00
291,2023-01-09,16:18:00
292,2023-01-09,21:52:00
293,2023-01-09,18:29:00
294,2023-01-09,13:20:00
295,2023-01-09,14:55:00
296,2023-01-09,18:42:00
297,2023-01-09,21:26:00
298,2023-01-09,13:39:00
299,2023-01-09,21:48:00
300,2023-01-09,13:35:00
301,2023-01-09,13:28:00
302,2023-01-09,21:07:00
303,2023-01-09,08:45:00
304,2023-01-09,11:35:00
305,2023-01-09,15:53:00
306,2023-01-09,21:07:00
307,2023-01-09,19:31:00
308,2023-01-09,20:32:00
309,2023-01-10,16:30:00
310,2023-01-10,12:24:00
311,2023-01-10,12:55:00
312,2023-01-10,14:21:00
313,2023-01-10,20:52:00
314,2023-01-10,09:53:00
315,2023-01-10,21:55:00
316,2023-01-10,14:22:00
317,2023-01-10,14:29:00
318,2023-01-10,19:44:00
319,2023-01-10,14:14:00
320,2023-01-10,21:02:00
321,2023-01-10,14:45:00
322,2023-01-10,21:24:00
323,2023-01-10,22:31:00
324,2023-01-10,22:32:00
325,2023-01-10,23:55:00
326,2023-01-10,14:06:00
327,2023-01-10,21:00:00
328,2023-01-10,21:55:00
329,2023-01-10,19:04:00
330,2023-01-10,16:21:00
331,2023-01-10,21:41:00
332,2023-01-10,13:54:00
333,2023-01-10,21:20:00
334,2023-01-10,21:55:00
335,2023-01-11,07:15:00
336,2023-01-11,20:14:00
337,2023-01-11,21:06:00
338,2023-01-11,18:28:00
339,2023-01-11,13:57:00
340,2023-01-11,09:50:00
341,2023-01-11,13:23:00
342,2023-01-11,15:33:00
343,2023-01-11,17:50:00
344,2023-01-11,12:05:00
345,2023-01-11,21:39:00
346,2023-01-11,21:58:00
347,2023-01-11,19:29:00
348,2023-01-11,21:16:00
349,2023-01-11,21:57:00
350,2023-01-11,12:04:00
351,2023-01-11,16:37:00
352,2023-01-11,14:44:00
353,2023-01-11,13:12:00
354,2023-01-11,23:06:00
355,2023-01-11,13:36:00
356,2023-01-11,13:01:00
357,2023-01-11,23:17:00
358,2023-01-11,07:58:00
359,2023-01-11,21:53:00
360,2023-01-11,20:49:00
361,2023-01-11,20:14:00
362,2023-01-11,20:43:00
363,2023-01-11,19:40:00
364,2023-01-11,11:19:00
365,2023-01-11,18:37:00
366,2023-01-11,12:05:00
367,2023-01-11,20:47:00
368,2023-01-11,15:08:00
369,2023-01-11,20:33:00
370,2023-01-12,19:16:00
371,2023-01-12,21:51:00
372,2023-01-12,13:51:00
373,2023-01-12,11:09:00
374,2023-01-12,19:55:00
375,2023-01-12,21:54:00
376,2023-01-12,20:05:00
377,2023-01-12,18:16:00
378,2023-01-12,21:23:00
379,2023-01-12,20:37:00
380,2023-01-12,13:06:00
381,2023-01-12,21:01:00
382,2023-01-12,20:58:00
383,2023-01-12,18:40:00
384,2023-01-12,20:41:00
385,2023-01-12,15:02:00
386,2023-01-12,20:31:00
387,2023-01-12,12:56:00
388,2023-01-12,21:29:00
389,2023-01-12,14:37:00
390,2023-01-12,19:56:00
391,2023-01-12,15:53:00
392,2023-01-12,16:17:00
393,2023-01-12,09:13:00
394,2023-01-12,15:54:00
395,2023-01-12,13:34:00
396,2023-01-12,20:03:00
397,2023-01-12,12:07:00
398,2023-01-12,21:05:00
399,2023-01-12,18:03:00
400,2023-01-12,19:08:00
401,2023-01-12,19:04:00
402,2023-01-12,19:37:00
403,2023-01-12,12:21:00
404,2023-01-13,18:17:00
405,2023-01-13,19:08:00
406,2023-01-13,19:07:00
407,2023-01-13,18:08:00
408,2023-01-13,08:37:00
409,2023-01-13,12:16:00
410,2023-01-13,14:33:00
411,2023-01-13,11:30:00
412,2023-01-13,16:32:00
413,2023-01-13,21:32:00
414,2023-01-13,11:46:00
415,2023-01-13,20:29:00
416,2023-01-13,18:03:00
417,2023-01-13,23:27:00
418,2023-01-13,21:45:00
419,2023-01-13,18:57:00
420,2023-01-13,12:04:00
421,2023-01-13,13:24:00
422,2023-01-13,23:29:00
423,2023-01-13,21:06:00
424,2023-01-13,18:54:00
425,2023-01-13,19:27:00
426,2023-01-13,15:26:00
427,2023-01-13,14:25:00
428,2023-01-13,15:20:00
429,2023-01-13,17:16:00
430,2023-01-13,12:43:00
431,2023-01-13,18:05:00
432,2023-01-13,18:27:00
433,2023-01-13,13:51:00
434,2023-01-13,11:37:00
435,2023-01-13,23:42:00
436,2023-01-13,13:55:00
437,2023-01-13,21:55:00
438,2023-01-14,23:22:00
439,2023-01-14,12:09:00
440,2023-01-14,19:54:00
441,2023-01-14,13:07:00
442,2023-01-14,19:51:00
443,2023-01-14,17:49:00
444,2023-01-14,18:38:00
445,2023-01-14,20:01:00
446,2023-01-14,13:58:00
447,2023-01-14,11:11:00
448,2023-01-14,21:04:00
449,2023-01-14,11:05:00
450,2023-01-14,19:24:00
451,2023-01-14,16:10:00
452,2023-01-14,13:49:00
453,2023-01-14,18:56:00
454,2023-01-14,12:48:00
455,2023-01-14,18:17:00
456,2023-01-14,16:31:00
457,2023-01-14,21:17:00
458,2023-01-14,11:22:00
459,2023-01-14,16:43:00
460,2023-01-14,21:33:00
461,2023-01-14,18:14:00
462,2023-01-14,11:00:00
463,2023-01-14,12:49:00
464,2023-01-14,13:18:00
465,2023-01-14,11:31:00
466,2023-01-14,19:08:00
467,2023-01-14,12:32:00
468,2023-01-14,20:04:00
469,2023-01-15,18:27:00
470,2023-01-15,07:55:00
471,2023-01-15,14:36:00
472,2023-01-15,17:26:00
473,2023-01-15,14:01:00
474,2023-01-15,22:51:00
475,2023-01-15,21:53:00
476,2023-01-15,20:05:00
477,2023-01-15,15:15:00
478,2023-01-15,16:33:00
479,2023-01-15,13:47:00
480,2023-01-15,13:49:00
481,2023-01-15,11:33:00
482,2023-01-15,20:22:00
483,2023-01-15,19:15:00
484,2023-01-15,13:12:00
485,2023-01-15,12:48:00
486,2023-01-15,18:11:00
487,2023-01-15,23:29:00
488,2023-01-15,21:43:00
489,2023-01-15,20:55:00
490,2023-01-15,23:09:00
491,2023-01-15,16:28:00
492,2023-01-15,20:37:00
493,2023-01-15,11:19:00
494,2023-01-15,15:03:00
495,2023-01-15,13:04:00
496,2023-01-15,18:39:00
497,2023-01-15,21:29:00
498,2023-01-15,18:28:00
499,2023-01-15,19:20:00
500,2023-01-15,19:03:00
501,2023-01-15,16:45:00
502,2023-01-15,12:02:00
503,2023-01-15,14:28:00
504,2023-01-15,19:23:00
505,2023-01-15,13:24:00
506,2023-01-15,16:43:00
507,2023-01-15,20:04:00
508,2023-01-15,14:18:00
509,2023-01-15,12:21:00
510,2023-01-15,12:58:00
511,2023-01-16,14:08:00
512,2023-01-16,18:19:00
513,2023-01-16,20:52:00
514,2023-01-16,11:41:00
515,2023-01-16,20:01:00
516,2023-01-16,12:13:00
517,2023-01-16,14:12:00
518,2023-01-16,12:09:00
519,2023-01-16,11:32:00
520,2023-01-16,18:42:00
521,2023-01-16,12:38:00
522,2023-01-16,12:11:00
523,2023-01-16,19:46:00
524,2023-01-16,16:23:00
525,2023-01-16,19:28:00
526,2023-01-16,21:14:00
527,2023-01-16,20:51:00
528,2023-01-16,19:23:00
529,2023-01-16,21:29:00
530,2023-01-16,21:32:00
531,2023-01-16,19:52:00
532,2023-01-16,12:55:00
533,2023-01-16,14:55:00
534,2023-01-16,11:45:00
535,2023-01-16,18:18:00
536,2023-01-16,12:17:00
537,2023-01-16,17:09:00
538,2023-01-16,18:58:00
539,2023-01-16,14:56:00
540,2023-01-17,21:03:00
541,2023-01-17,13:15:00
542,2023-01-17,11:23:00
543,2023-01-17,13:59:00
544,2023-01-17,13:50:00
545,2023-01-17,11:18:00
546,2023-01-17,21:44:00
547,2023-01-17,21:28:00
548,2023-01-17,18:01:00
549,2023-01-17,12:35:00
550,2023-01-17,21:07:00
551,2023-01-17,19:19:00
552,2023-01-17,12:26:00
553,2023-01-17,21:04:00
554,2023-01-17,14:38:00
555,2023-01-17,19:45:00
556,2023-01-17,14:00:00
557,2023-01-17,19:36:00
558,2023-01-17,17:42:00
559,2023-01-17,13:04:00
560,2023-01-17,22:24:00
561,2023-01-17,18:40:00
562,2023-01-17,13:16:00
563,2023-01-17,20:50:00
564,2023-01-17,12:46:00
565,2023-01-17,18:49:00
566,2023-01-17,20:08:00
567,2023-01-17,09:52:00
568,2023-01-17,21:44:00
569,2023-01-18,19:04:00
570,2023-01-18,21:02:00
571,2023-01-18,11:50:00
572,2023-01-18,11:20:00
573,2023-01-18,21:52:00
574,2023-01-18,20:02:00
575,2023-01-18,19:18:00
576,2023-01-18,11:55:00
577,2023-01-18,20:07:00
578,2023-01-18,21:56:00
579,2023-01-18,16:57:00
580,2023-01-18,23:11:00
581,2023-01-18,16:23:00
582,2023-01-18,20:51:00
583,2023-01-18,14:05:00
584,2023-01-18,15:34:00
585,2023-01-18,11:05:00
586,2023-01-18,13:19:00
587,2023-01-18,17:27:00
588,2023-01-18,14:22:00
589,2023-01-18,17:55:00
590,2023-01-18,21:17:00
591,2023-01-18,18:04:00
592,2023-01-18,21:23:00
593,2023-01-18,19:01:00
594,2023-01-18,14:02:00
595,2023-01-18,12:49:00
596,2023-01-18,20:24:00
597,2023-01-18,18:38:00
598,2023-01-18,14:23:00
599,2023-01-18,11:36:00
600,2023-01-18,13:25:00
601,2023-01-18,13:15:00
602,2023-01-19,08:31:00
603,2023-01-19,18:16:00
604,2023-01-19,21:13:00
605,2023-01-19,23:44:00
606,2023-01-19,21:12:00
607,2023-01-19,11:28:00
608,2023-01-19,14:05:00
609,2023-01-19,20:42:00
610,2023-01-19,11:35:00
611,2023-01-19,20:54:00
612,2023-01-19,12:50:00
613,2023-01-19,12:07:00
614,2023-01-19,22:15:00
615,2023-01-19,18:23:00
616,2023-01-19,20:29:00
617,2023-01-19,19:39:00
618,2023-01-19,18:19:00
619,2023-01-19,14:33:00
620,2023-01-19,16:52:00
621,2023-01-19,19:20:00
622,2023-01-19,21:29:00
623,2023-01-20,12:49:00
624,2023-01-20,23:32:00
625,2023-01-20,18:53:00
626,2023-01-20,12:19:00
627,2023-01-20,13:59:00
628,2023-01-20,20:33:00
629,2023-01-20,18:16:00
630,2023-01-20,13:08:00
631,2023-01-20,18:32:00
632,2023-01-20,19:10:00
633,2023-01-20,20:53:00
634,2023-01-20,18:52:00
635,2023-01-20,18:02:00
636,2023-01-20,20:41:00
637,2023-01-20,14:39:00
638,2023-01-20,21:56:00
639,2023-01-20,20:41:00
640,2023-01-20,23:15:00
641,2023-01-20,21:19:00
642,2023-01-20,17:03:00
643,2023-01-20,14:30:00
644,2023-01-20,16:38:00
645,2023-01-20,13:46:00
646,2023-01-20,23:25:00
647,2023-01-20,13:32:00
648,2023-01-20,20:15:00
649,2023-01-20,16:28:00
650,2023-01-20,11:03:00
651,2023-01-20,14:55:00
652,2023-01-20,19:55:00
653,2023-01-20,20:59:00
654,2023-01-20,20:12:00
655,2023-01-20,21:32:00
656,2023-01-20,16:31:00
657,2023-01-20,10:32:00
658,2023-01-20,15:13:00
659,2023-01-20,18:03:00
660,2023-01-20,14:18:00
661,2023-01-20,18:27:00
662,2023-01-20,13:46:00
663,2023-01-20,14:23:00
664,2023-01-20,07:36:00
665,2023-01-20,20:35:00
666,2023-01-20,14:32:00
667,2023-01-20,17:17:00
668,2023-01-20,18:08:00
669,2023-01-21,13:35:00
670,2023-01-21,19:12:00
671,2023-01-21,21:32:00
672,2023-01-21,07:08:00
673,2023-01-21,21:33:00
674,2023-01-21,17:57:00
675,2023-01-21,20:59:00
676,2023-01-21,19:25:00
677,2023-01-21,23:37:00
678,2023-01-21,14:45:00
679,2023-01-21,21:52:00
680,2023-01-21,09:43:00
681,2023-01-21,14:37:00
682,2023-01-21,11:38:00
683,2023-01-21,17:50:00
684,2023-01-21,22:46:00
685,2023-01-21,14:10:00
686,2023-01-21,21:09:00
687,2023-01-21,19:02:00
688,2023-01-21,18:12:00
689,2023-01-21,09:26:00
690,2023-01-21,12:26:00
691,2023-01-21,21:55:00
692,2023-01-21,18:45:00
693,2023-01-21,12:35:00
694,2023-01-21,14:33:00
695,2023-01-21,12:29:00
696,2023-01-21,20:34:00
697,2023-01-21,13:39:00
698,2023-01-21,15:17:00
699,2023-01-21,19:19:00
700,2023-01-21,19:44:00
701,2023-01-21,20:30:00
702,2023-01-22,20:18:00
703,2023-01-22,14:57:00
704,2023-01-22,23:49:00
705,2023-01-22,20:02:00
706,2023-01-22,11:22:00
707,2023-01-22,20:47:00
708,2023-01-22,15:52:00
709,2023-01-22,20:08:00
710,2023-01-22,12:15:00
711,2023-01-22,12:40:00
712,2023-01-22,11:26:00
713,2023-01-22,14:06:00
714,2023-01-22,19:00:00
715,2023-01-22,22:26:00
716,2023-01-22,21:30:00
717,2023-01-22,20:20:00
718,2023-01-22,11:58:00
719,2023-01-22,19:34:00
720,2023-01-22,18:58:00
721,2023-01-22,21:56:00
722,2023-01-22,18:53:00
723,2023-01-22,14:11:00
724,2023-01-22,20:56:00
725,2023-01-22,09:36:00
726,2023-01-22,20:18:00
727,2023-01-22,17:34:00
728,2023-01-22,19:54:00
729,2023-01-22,20:12:00
730,2023-01-22,20:10:00
731,2023-01-22,20:45:00
732,2023-01-22,13:50:00
733,2023-01-22,12:11:00
734,2023-01-22,21:52:00
735,2023-01-22,16:05:00
736,2023-01-22,15:11:00
737,2023-01-22,23:20:00
738,2023-01-22,18:16:00
739,2023-01-22,14:48:00
740,2023-01-22,13:19:00
741,2023-01-22,18:16:00
742,2023-01-22,19:03:00
743,2023-01-23,15:25:00
744,2023-01-23,20:44:00
745,2023-01-23,13:23:00
746,2023-01-23,19:08:00
747,2023-01-23,16:47:00
748,2023-01-23,23:26:00
749,2023-01-23,21:48:00
750,2023-01-23,19:48:00
751,2023-01-23,11:33:00
752,2023-01-23,17:23:00
753,2023-01-23,11:03:00
754,2023-01-23,19:36:00
755,2023-01-23,19:20:00
756,2023-01-23,21:07:00
757,2023-01-23,21:05:00
758,2023-01-23,21:51:00
759,2023-01-23,12:32:00
760,2023-01-23,17:03:00
761,2023-01-23,20:46:00
762,2023-01-23,09:52:00
763,2023-01-23,08:37:00
764,2023-01-24,09:44:00
765,2023-01-24,11:59:00
766,2023-01-24,21:02:00
767,2023-01-24,12:49:00
768,2023-01-24,14:23:00
769,2023-01-24,23:28:00
770,2023-01-24,21:24:00
771,2023-01-24,12:41:00
772,2023-01-24,18:11:00
773,2023-01-24,23:33:00
774,2023-01-24,12:53:00
775,2023-01-24,07:19:00
776,2023-01-24,17:34:00
777,2023-01-24,16:52:00
778,2023-01-24,14:22:00
779,2023-01-24,12:59:00
780,2023-01-24,18:02:00
781,2023-01-24,21:39:00
782,2023-01-24,18:15:00
783,2023-01-24,11:38:00
784,2023-01-25,17:45:00
785,2023-01-25,19:47:00
786,2023-01-25,10:14:00
787,2023-01-25,18:08:00
788,2023-01-25,20:14:00
789,2023-01-25,20:36:00
790,2023-01-25,20:15:00
791,2023-01-25,12:42:00
792,2023-01-25,21:19:00
793,2023-01-25,12:40:00
794,2023-01-25,21:03:00
795,2023-01-25,23:50:00
796,2023-01-25,21:26:00
797,2023-01-25,14:11:00
798,2023-01-25,21:15:00
799,2023-01-25,20:54:00
800,2023-01-25,21:58:00
801,2023-01-25,14:26:00
802,2023-01-25,19:24:00
803,2023-01-26,13:41:00
804,2023-01-26,14:54:00
805,2023-01-26,12:03:00
806,2023-01-26,11:55:00
807,2023-01-26,12:30:00
808,2023-01-26,13:19:00
809,2023-01-26,22:13:00
810,2023-01-26,18:47:00
811,2023-01-26,23:58:00
812,2023-01-26,12:25:00
813,2023-01-26,20:49:00
814,2023-01-26,14:34:00
815,2023-01-26,20:16:00
816,2023-01-26,14:29:00
817,2023-01-26,14:48:00
818,2023-01-26,19:23:00
819,2023-01-26,11:36:00
820,2023-01-26,19:01:00
821,2023-01-26,14:18:00
822,2023-01-26,13:14:00
823,2023-01-26,12:31:00
824,2023-01-26,20:16:00
825,2023-01-26,21:46:00
826,2023-01-26,21:29:00
827,2023-01-26,13:10:00
828,2023-01-27,21:11:00
829,2023-01-27,18:33:00
830,2023-01-27,07:52:00
831,2023-01-27,18:26:00
832,2023-01-27,12:04:00
833,2023-01-27,18:13:00
834,2023-01-27,20:03:00
835,2023-01-27,21:42:00
836,2023-01-27,15:34:00
837,2023-01-27,18:01:00
838,2023-01-27,20:34:00
839,2023-01-27,22:32:00
840,2023-01-27,21:51:00
841,2023-01-27,19:06:00
842,2023-01-27,19:15:00
843,2023-01-27,13:52:00
844,2023-01-27,14:05:00
845,2023-01-27,14:29:00
846,2023-01-27,19:19:00
847,2023-01-27,18:41:00
848,2023-01-27,22:05:00
849,2023-01-27,16:35:00
850,2023-01-27,17:00:00
851,2023-01-27,18:31:00
852,2023-01-27,20:36:00
853,2023-01-27,22:57:00
854,2023-01-27,18:14:00
855,2023-01-27,14:17:00
856,2023-01-27,07:43:00
857,2023-01-27,18:11:00
858,2023-01-27,20:01:00
859,2023-01-27,22:48:00
860,2023-01-27,21:59:00
861,2023-01-27,12:36:00
862,2023-01-28,21:43:00
863,2023-01-28,20:24:00
864,2023-01-28,19:50:00
865,2023-01-28,22:32:00
866,2023-01-28,20:03:00
867,2023-01-28,12:53:00
868,2023-01-28,14:49:00
869,2023-01-28,13:50:00
870,2023-01-28,23:14:00
871,2023-01-28,14:27:00
872,2023-01-28,14:05:00
873,2023-01-28,20:51:00
874,2023-01-28,11:05:00
875,2023-01-28,14:45:00
876,2023-01-28,19:47:00
877,2023-01-28,13:06:00
878,2023-01-28,13:28:00
879,2023-01-28,13:06:00
880,2023-01-28,12:27:00
881,2023-01-28,17:32:00
882,2023-01-28,15:05:00
883,2023-01-28,11:38:00
884,2023-01-28,20:55:00
885,2023-01-28,13:26:00
886,2023-01-28,11:46:00
887,2023-01-28,19:36:00
888,2023-01-28,21:10:00
889,2023-01-28,13:17:00
890,2023-01-28,15:10:00
891,2023-01-28,16:19:00
892,2023-01-28,15:23:00
893,2023-01-28,12:46:00
894,2023-01-28,19:29:00
895,2023-01-28,13:00:00
896,2023-01-28,20:53:00
897,2023-01-28,20:28:00
898,2023-01-28,12:19:00
899,2023-01-29,19:30:00
900,2023-01-29,14:20:00
901,2023-01-29,14:36:00
902,2023-01-29,20:24:00
903,2023-01-29,14:23:00
904,2023-01-29,12:37:00
905,2023-01-29,22:43:00
906,2023-01-29,18:46:00
907,2023-01-29,17:13:00
908,2023-01-29,16:53:00
909,2023-01-29,21:43:00
910,2023-01-29,17:19:00
911,2023-01-29,12:45:00
912,2023-01-29,16:04:00
913,2023-01-29,17:30:00
914,2023-01-29,21:34:00
915,2023-01-29,09:44:00
916,2023-01-29,18:06:00
917,2023-01-29,20:10:00
918,2023-01-29,18:36:00
919,2023-01-29,23:48:00
920,2023-01-29,14:06:00
921,2023-01-29,09:14:00
922,2023-01-29,19:28:00
923,2023-01-29,14:49:00
924,2023-01-29,19:22:00
925,2023-01-29,23:06:00
926,2023-01-29,11:07:00
927,2023-01-29,19:22:00
928,2023-01-29,14:50:00
929,2023-01-29,14:22:00
930,2023-01-29,16:46:00
931,2023-01-29,20:04:00
932,2023-01-29,11:01:00
933,2023-01-29,18:43:00
934,2023-01-29,19:33:00
935,2023-01-29,12:21:00
936,2023-01-29,21:14:00
937,2023-01-29,19:11:00
938,2023-01-29,21:25:00
939,2023-01-30,19:28:00
940,2023-01-30,21:00:00
941,2023-01-30,19:17:00
942,2023-01-30,18:36:00
943,2023-01-30,12:23:00
944,2023-01-30,14:07:00
945,2023-01-30,14:33:00
946,2023-01-30,23:38:00
947,2023-01-30,14:37:00
948,2023-01-30,13:54:00
949,2023-01-30,15:52:00
950,2023-01-30,20:58:00
951,2023-01-30,18:43:00
952,2023-01-30,11:15:00
953,2023-01-30,12:23:00
954,2023-01-30,21:26:00
955,2023-01-30,21:27:00
956,2023-01-30,12:35:00
957,2023-01-31,15:11:00
958,2023-01-31,14:39:00
959,2023-01-31,13:00:00
960,2023-01-31,15:52:00
961,2023-01-31,14:26:00
962,2023-01-31,21:45:00
963,2023-01-31,21:10:00
964,2023-01-31,11:50:00
965,2023-01-31,20:02:00
966,2023-01-31,13:10:00
967,2023-01-31,21:35:00
968,2023-01-31,18:17:00
969,2023-01-31,20:34:00
970,2023-01-31,18:48:00
971,2023-01-31,19:27:00
972,2023-01-31,12:19:00
973,2023-01-31,18:28:00
974,2023-01-31,11:28:00
975,2023-01-31,18:49:00
976,2023-01-31,19:51:00
977,2023-01-31,20:55:00
978,2023-01-31,21:10:00
979,2023-01-31,19:52:00
980,2023-02-01,20:34:00
981,2023-02-01,12:20:00
982,2023-02-01,23:18:00
983,2023-02-01,18:08:00
984,2023-02-01,23:58:00
985,2023-02-01,13:55:00
986,2023-02-01,19:15:00
987,2023-02-01,13:53:00
988,2023-02-01,14:31:00
989,2023-02-01,13:40:00
990,2023-02-01,16:04:00
991,2023-02-01,18:25:00
992,2023-02-01,20:44:00
993,2023-02-01,20:29:00
994,2023-02-01,23:37:00
995,2023-02-01,07:46:00
996,2023-02-01,23:54:00
997,2023-02-01,14:13:00
998,2023-02-01,22:31:00
999,2023-02-01,13:21:00
1000,2023-02-01,19:36:00
1001,2023-02-01,20:57:00
1002,2023-02-01,18:02:00
1003,2023-02-01,14:01:00
1004,2023-02-02,19:28:00
1005,2023-02-02,16:12:00
1006,2023-02-02,22:56:00
1007,2023-02-02,19:55:00
1008,2023-02-02,20:05:00
1009,2023-02-02,20:05:00
1010,2023-02-02,12:03:00
1011,2023-02-02,13:46:00
1012,2023-02-02,19:27:00
1013,2023-02-02,18:00:00
1014,2023-02-02,11:08:00
1015,2023-02-02,21:00:00
1016,2023-02-02,09:52:00
1017,2023-02-02,14:44:00
1018,2023-02-02,11:14:00
1019,2023-02-02,11:06:00
1020,2023-02-02,13:08:00
1021,2023-02-02,12:41:00
1022,2023-02-02,22:04:00
1023,2023-02-02,18:39:00
1024,2023-02-02,21:22:00
1025,2023-02-03,19:58:00
1026,2023-02-03,17:28:00
1027,2023-02-03,18:57:00
1028,2023-02-03,11:37:00
1029,2023-02-03,20:27:00
1030,2023-02-03,12:15:00
1031,2023-02-03,11:15:00
1032,2023-02-03,20:49:00
1033,2023-02-03,18:54:00
1034,2023-02-03,20:13:00
1035,2023-02-03,19:47:00
1036,2023-02-03,11:50:00
1037,2023-02-03,19:31:00
1038,2023-02-03,12:31:00
1039,2023-02-03,18:33:00
1040,2023-02-03,18:23:00
1041,2023-02-03,19:24:00
1042,2023-02-03,21:23:00
1043,2023-02-03,19:48:00
1044,2023-02-03,15:01:00
1045,2023-02-03,18:16:00
1046,2023-02-03,11:50:00
1047,2023-02-03,13:40:00
1048,2023-02-03,21:27:00
1049,2023-02-03,18:40:00
1050,2023-02-03,19:17:00
1051,2023-02-03,11:32:00
1052,2023-02-03,19:34:00
1053,2023-02-03,11:19:00
1054,2023-02-03,19:03:00
1055,2023-02-03,14:07:00
1056,2023-02-03,17:03:00
1057,2023-02-03,12:07:00
1058,2023-02-03,08:44:00
1059,2023-02-03,10:22:00
1060,2023-02-03,20:10:00
1061,2023-02-04,13:46:00
1062,2023-02-04,18:21:00
1063,2023-02-04,20:33:00
1064,2023-02-04,11:31:00
1065,2023-02-04,16:03:00
1066,2023-02-04,17:10:00
1067,2023-02-04,13:49:00
1068,2023-02-04,11:14:00
1069,2023-02-04,18:02:00
1070,2023-02-04,18:15:00
1071,2023-02-04,09:24:00
1072,2023-02-04,19:59:00
1073,2023-02-04,22:35:00
1074,2023-02-04,21:14:00
1075,2023-02-04,14:58:00
1076,2023-02-04,20:52:00
1077,2023-02-04,13:07:00
1078,2023-02-04,18:11:00
1079,2023-02-04,11:25:00
1080,2023-02-04,14:55:00
1081,2023-02-04,13:20:00
1082,2023-02-04,14:00:00
1083,2023-02-04,13:36:00
1084,2023-02-04,19:29:00
1085,2023-02-04,14:49:00
1086,2023-02-04,19:09:00
1087,2023-02-04,10:01:00
1088,2023-02-04,13:40:00
1089,2023-02-04,18:21:00
1090,2023-02-04,10:54:00
1091,2023-02-04,20:06:00
1092,2023-02-04,12:26:00
1093,2023-02-04,15:09:00
1094,2023-02-04,18:02:00
1095,2023-02-04,21:44:00
1096,2023-02-04,21:47:00
1097,2023-02-04,11:32:00
1098,2023-02-04,14:04:00
1099,2023-02-04,18:27:00
1100,2023-02-04,19:15:00
1101,2023-02-04,13:59:00
1102,2023-02-05,20:20:00
1103,2023-02-05,15:04:00
1104,2023-02-05,19:49:00
1105,2023-02-05,18:09:00
1106,2023-02-05,14:29:00
1107,2023-02-05,11:34:00
1108,2023-02-05,12:28:00
1109,2023-02-05,13:54:00
1110,2023-02-05,12:51:00
1111,2023-02-05,18:13:00
1112,2023-02-05,20:09:00
1113,2023-02-05,12:22:00
1114,2023-02-05,11:43:00
1115,2023-02-05,12:01:00
1116,2023-02-05,23:35:00
1117,2023-02-05,19:06:00
1118,2023-02-05,15:07:00
1119,2023-02-05,08:08:00
1120,2023-02-05,14:23:00
1121,2023-02-05,18:37:00
1122,2023-02-05,18:01:00
1123,2023-02-05,22:57:00
1124,2023-02-05,19:05:00
1125,2023-02-05,20:07:00
1126,2023-02-05,10:03:00
1127,2023-02-05,14:52:00
1128,2023-02-05,21:01:00
1129,2023-02-05,14:11:00
1130,2023-02-05,12:17:00
1131,2023-02-05,12:02:00
1132,2023-02-05,19:41:00
1133,2023-02-05,14:56:00
1134,2023-02-05,18:05:00
1135,2023-02-05,12:26:00
1136,2023-02-05,12:40:00
1137,2023-02-05,22:24:00
1138,2023-02-05,20:30:00
1139,2023-02-05,21:22:00
1140,2023-02-05,20:24:00
1141,2023-02-05,11:20:00
1142,2023-02-05,18:57:00
1143,2023-02-05,20:03:00
1144,2023-02-06,19:10:00
1145,2023-02-06,12:17:00
1146,2023-02-06,18:48:00
1147,2023-02-06,22:36:00
1148,2023-02-06,21:22:00
1149,2023-02-06,19:11:00
1150,2023-02-06,13:51:00
1151,2023-02-06,20:58:00
1152,2023-02-06,20:36:00
1153,2023-02-06,19:53:00
1154,2023-02-06,23:34:00
1155,2023-02-06,14:02:00
1156,2023-02-06,12:38:00
1157,2023-02-06,14:00:00
1158,2023-02-06,12:51:00
1159,2023-02-06,12:58:00
1160,2023-02-06,20:03:00
1161,2023-02-06,08:49:00
1162,2023-02-06,13:04:00
1163,2023-02-06,14:37:00
1164,2023-02-06,13:20:00
1165,2023-02-06,12:46:00
1166,2023-02-06,21:41:00
1167,2023-02-06,13:14:00
1168,2023-02-06,19:24:00
1169,2023-02-06,13:08:00
1170,2023-02-06,11:44:00
1171,2023-02-06,21:54:00
1172,2023-02-06,22:11:00
1173,2023-02-06,19:40:00
1174,2023-02-06,21:09:00
1175,2023-02-06,11:15:00
1176,2023-02-06,13:10:00
1177,2023-02-07,20:28:00
1178,2023-02-07,08:15:00
1179,2023-02-07,20:16:00
1180,2023-02-07,18:03:00
1181,2023-02-07,14:10:00
1182,2023-02-07,21:56:00
1183,2023-02-07,14:06:00
1184,2023-02-07,19:10:00
1185,2023-02-07,15:18:00
1186,2023-02-07,09:06:00
1187,2023-02-07,12:56:00
1188,2023-02-07,11:35:00
1189,2023-02-07,18:21:00
1190,2023-02-07,21:45:00
1191,2023-02-07,08:38:00
1192,2023-02-07,19:03:00
1193,2023-02-07,12:12:00
1194,2023-02-07,17:46:00
1195,2023-02-07,20:42:00
1196,2023-02-07,12:06:00
1197,2023-02-08,14:09:00
1198,2023-02-08,11:27:00
1199,2023-02-08,14:12:00
1200,2023-02-08,12:10:00
1201,2023-02-08,18:30:00
1202,2023-02-08,20:50:00
1203,2023-02-08,14:57:00
1204,2023-02-08,18:41:00
1205,2023-02-08,19:23:00
1206,2023-02-08,20:11:00
1207,2023-02-08,16:28:00
1208,2023-02-08,15:53:00
1209,2023-02-08,11:09:00
1210,2023-02-08,18:05:00
1211,2023-02-08,21:48:00
1212,2023-02-08,18:53:00
1213,2023-02-08,14:34:00
1214,2023-02-08,21:36:00
1215,2023-02-08,21:19:00
1216,2023-02-09,11:32:00
1217,2023-02-09,19:07:00
1218,2023-02-09,21:11:00
1219,2023-02-09,19:13:00
1220,2023-02-09,19:02:00
1221,2023-02-09,17:27:00
1222,2023-02-09,12:53:00
1223,2023-02-09,20:58:00
1224,2023-02-09,18:05:00
1225,2023-02-09,14:35:00
1226,2023-02-09,13:33:00
1227,2023-02-09,15:50:00
1228,2023-02-09,21:07:00
1229,2023-02-09,15:36:00
1230,2023-02-09,18:59:00
1231,2023-02-09,11:50:00
1232,2023-02-09,13:56:00
1233,2023-02-09,16:41:00
1234,2023-02-09,17:30:00
1235,2023-02-09,09:25:00
1236,2023-02-10,21:02:00
1237,2023-02-10,13:44:00
1238,2023-02-10,14:58:00
1239,2023-02-10,13:01:00
1240,2023-02-10,13:19:00
1241,2023-02-10,14:54:00
1242,2023-02-10,18:55:00
1243,2023-02-10,13:47:00
1244,2023-02-10,16:17:00
1245,2023-02-10,18:12:00
1246,2023-02-10,16:47:00
1247,2023-02-10,17:55:00
1248,2023-02-10,11:32:00
1249,2023-02-10,18:19:00
1250,2023-02-10,21:08:00
1251,2023-02-10,18:11:00
1252,2023-02-10,12:53:00
1253,2023-02-10,11:29:00
1254,2023-02-10,13:45:00
1255,2023-02-10,13:52:00
1256,2023-02-10,16:40:00
1257,2023-02-10,18:15:00
1258,2023-02-10,14:11:00
1259,2023-02-10,23:37:00
1260,2023-02-10,20:10:00
1261,2023-02-10,20:47:00
1262,2023-02-10,18:18:00
1263,2023-02-10,07:10:00
1264,2023-02-10,19:54:00
1265,2023-02-10,12:43:00
1266,2023-02-10,14:32:00
1267,2023-02-10,07:30:00
1268,2023-02-10,19:38:00
1269,2023-02-10,19:16:00
1270,2023-02-11,20:45:00
1271,2023-02-11,23:27:00
1272,2023-02-11,20:29:00
1273,2023-02-11,14:19:00
1274,2023-02-11,21:37:00
1275,2023-02-11,13:35:00
1276,2023-02-11,20:19:00
1277,2023-02-11,21:04:00
1278,2023-02-11,13:40:00
1279,2023-02-11,13:16:00
1280,2023-02-11,20:12:00
1281,2023-02-11,12:57:00
1282,2023-02-11,14:42:00
1283,2023-02-11,12:46:00
1284,2023-02-11,10:18:00
1285,2023-02-11,14:25:00
1286,2023-02-11,11:37:00
1287,2023-02-11,19:21:00
1288,2023-02-11,19:43:00
1289,2023-02-11,21:58:00
1290,2023-02-11,20:32:00
1291,2023-02-11,12:53:00
1292,2023-02-11,19:18:00
1293,2023-02-11,12:47:00
1294,2023-02-11,12:43:00
1295,2023-02-11,18:14:00
1296,2023-02-11,13:26:00
1297,2023-02-11,20:23:00
1298,2023-02-11,13:29:00
1299,2023-02-11,21:03:00
1300,2023-02-11,18:30:00
1301,2023-02-11,18:55:00
1302,2023-02-11,20:26:00
1303,2023-02-11,12:08:00
1304,2023-02-11,23:26:00
1305,2023-02-11,23:09:00
1306,2023-02-11,12:49:00
1307,2023-02-11,13:40:00
1308,2023-02-11,23:40:00
1309,2023-02-11,14:17:00
1310,2023-02-11,12:36:00
1311,2023-02-11,21:50:00
1312,2023-02-11,18:08:00
1313,2023-02-11,21:25:00
1314,2023-02-11,16:24:00
1315,2023-02-11,08:46:00
1316,2023-02-11,11:57:00
1317,2023-02-11,12:01:00
1318,2023-02-11,19:14:00
1319,2023-02-12,11:24:00
1320,2023-02-12,20:10:00
1321,2023-02-12,11:19:00
1322,2023-02-12,21:46:00
1323,2023-02-12,20:27:00
1324,2023-02-12,19:21:00
1325,2023-02-12,23:22:00
1326,2023-02-12,19:58:00
1327,2023-02-12,21:01:00
1328,2023-02-12,12:13:00
1329,2023-02-12,19:07:00
1330,2023-02-12,11:24:00
1331,2023-02-12,20:49:00
1332,2023-02-12,18:38:00
1333,2023-02-12,22:41:00
1334,2023-02-12,18:44:00
1335,2023-02-12,14:24:00
1336,2023-02-12,13:30:00
1337,2023-02-12,19:44:00
1338,2023-02-12,18:19:00
1339,2023-02-12,15:42:00
1340,2023-02-12,19:26:00
1341,2023-02-12,18:32:00
1342,2023-02-12,18:18:00
1343,2023-02-12,11:31:00
1344,2023-02-12,12:49:00
1345,2023-02-12,12:22:00
1346,2023-02-12,20:10:00
1347,2023-02-12,10:58:00
1348,2023-02-12,14:21:00
1349,2023-02-12,11:42:00
1350,2023-02-12,11:53:00
1351,2023-02-12,21:09:00
1352,2023-02-12,18:46:00
1353,2023-02-12,20:41:00
1354,2023-02-12,13:16:00
1355,2023-02-12,15:52:00
1356,2023-02-12,11:54:00
1357,2023-02-12,13:27:00
1358,2023-02-12,18:54:00
1359,2023-02-12,18:00:00
1360,2023-02-13,19:21:00
1361,2023-02-13,14:39:00
1362,2023-02-13,11:23:00
1363,2023-02-13,19:07:00
1364,2023-02-13,16:17:00
1365,2023-02-13,21:51:00
1366,2023-02-13,15:07:00
1367,2023-02-13,11:54:00
1368,2023-02-13,14:58:00
1369,2023-02-13,21:11:00
1370,2023-02-13,20:39:00
1371,2023-02-13,08:30:00
1372,2023-02-13,18:56:00
1373,2023-02-13,15:04:00
1374,2023-02-13,13:00:00
1375,2023-02-13,19:42:00
1376,2023-02-13,18:27:00
1377,2023-02-13,19:30:00
1378,2023-02-13,14:09:00
1379,2023-02-13,18:00:00
1380,2023-02-13,19:32:00
1381,2023-02-13,21:55:00
1382,2023-02-14,14:20:00
1383,2023-02-14,13:03:00
1384,2023-02-14,21:25:00
1385,2023-02-14,18:29:00
1386,2023-02-14,17:28:00
1387,2023-02-14,14:28:00
1388,2023-02-14,14:47:00
1389,2023-02-14,18:25:00
1390,2023-02-14,17:35:00
1391,2023-02-14,07:50:00
1392,2023-02-14,20:56:00
1393,2023-02-14,19:41:00
1394,2023-02-14,20:23:00
1395,2023-02-14,19:54:00
1396,2023-02-14,17:49:00
1397,2023-02-14,21:45:00
1398,2023-02-14,21:07:00
1399,2023-02-14,12:00:00
1400,2023-02-14,13:35:00
1401,2023-02-14,18:02:00
1402,2023-02-14,21:08:00
1403,2023-02-14,21:06:00
1404,2023-02-14,12:12:00
1405,2023-02-15,21:13:00
1406,2023-02-15,15:45:00
1407,2023-02-15,14:02:00
1408,2023-02-15,18:49:00
1409,2023-02-15,21:42:00
1410,2023-02-15,19:31:00
1411,2023-02-15,07:35:00
1412,2023-02-15,21:59:00
1413,2023-02-15,19:44:00
1414,2023-02-15,19:06:00
1415,2023-02-15,13:32:00
1416,2023-02-15,21:38:00
1417,2023-02-15,19:17:00
1418,2023-02-15,13:18:00
1419,2023-02-15,15:08:00
1420,2023-02-15,17:56:00
1421,2023-02-15,20:53:00
1422,2023-02-15,20:45:00
1423,2023-02-15,19:12:00
1424,2023-02-15,13:43:00
1425,2023-02-15,12:45:00
1426,2023-02-16,20:45:00
1427,2023-02-16,13:35:00
1428,2023-02-16,17:42:00
1429,2023-02-16,20:56:00
1430,2023-02-16,18:33:00
1431,2023-02-16,14:09:00
1432,2023-02-16,11:12:00
1433,2023-02-16,12:18:00
1434,2023-02-16,19:53:00
1435,2023-02-16,13:13:00
1436,2023-02-16,18:22:00
1437,2023-02-16,18:39:00
1438,2023-02-16,19:47:00
1439,2023-02-16,21:15:00
1440,2023-02-16,20:44:00
1441,2023-02-16,21:24:00
1442,2023-02-16,17:20:00
1443,2023-02-16,22:00:00
1444,2023-02-16,19:39:00
1445,2023-02-16,21:53:00
1446,2023-02-16,13:48:00
1447,2023-02-16,19:49:00
1448,2023-02-16,19:18:00
1449,2023-02-17,11:11:00
1450,2023-02-17,22:24:00
1451,2023-02-17,09:35:00
1452,2023-02-17,12:37:00
1453,2023-02-17,18:21:00
1454,2023-02-17,15:02:00
1455,2023-02-17,13:38:00
1456,2023-02-17,13:31:00
1457,2023-02-17,20:04:00
1458,2023-02-17,20:33:00
1459,2023-02-17,12:33:00
1460,2023-02-17,12:26:00
1461,2023-02-17,21:05:00
1462,2023-02-17,12:42:00
1463,2023-02-17,13:18:00
1464,2023-02-17,14:35:00
1465,2023-02-17,18:07:00
1466,2023-02-17,21:15:00
1467,2023-02-17,19:02:00
1468,2023-02-17,20:24:00
1469,2023-02-17,18:24:00
1470,2023-02-17,13:01:00
1471,2023-02-17,20:32:00
1472,2023-02-17,21:31:00
1473,2023-02-17,08:20:00
1474,2023-02-17,18:10:00
1475,2023-02-17,22:40:00
1476,2023-02-17,12:55:00
1477,2023-02-17,18:13:00
1478,2023-02-17,21:41:00
1479,2023-02-17,18:47:00
1480,2023-02-17,18:29:00
1481,2023-02-17,18:05:00
1482,2023-02-17,12:50:00
1483,2023-02-17,11:36:00
1484,2023-02-17,20:26:00
1485,2023-02-17,14:27:00
1486,2023-02-17,14:43:00
1487,2023-02-17,11:41:00
1488,2023-02-17,18:48:00
1489,2023-02-17,18:44:00
1490,2023-02-17,20:59:00
1491,2023-02-17,20:50:00
1492,2023-02-17,18:18:00
1493,2023-02-18,11:30:00
1494,2023-02-18,12:08:00
1495,2023-02-18,20:40:00
1496,2023-02-18,13:00:00
1497,2023-02-18,19:07:00
1498,2023-02-18,10:34:00
1499,2023-02-18,18:19:00
1500,2023-02-18,13:13:00
1501,2023-02-18,17:54:00
1502,2023-02-18,19:11:00
1503,2023-02-18,13:12:00
1504,2023-02-18,11:54:00
1505,2023-02-18,21:41:00
1506,2023-02-18,20:42:00
1507,2023-02-18,11:12:00
1508,2023-02-18,21:21:00
1509,2023-02-18,12:06:00
1510,2023-02-18,11:57:00
1511,2023-02-18,14:28:00
1512,2023-02-18,13:44:00
1513,2023-02-18,20:51:00
1514,2023-02-18,14:10:00
1515,2023-02-18,08:50:00
1516,2023-02-18,14:17:00
1517,2023-02-18,19:43:00
1518,2023-02-18,21:29:00
1519,2023-02-18,16:31:00
1520,2023-02-18,19:41:00
1521,2023-02-18,20:54:00
1522,2023-02-18,19:16:00
1523,2023-02-18,18:46:00
1524,2023-02-18,11:54:00
1525,2023-02-18,18:52:00
1526,2023-02-18,21:49:00
1527,2023-02-18,18:35:00
1528,2023-02-18,14:41:00
1529,2023-02-18,20:25:00
1530,2023-02-18,13:08:00
1531,2023-02-18,17:05:00
1532,2023-02-18,11:42:00
1533,2023-02-18,12:48:00
1534,2023-02-18,21:10:00
1535,2023-02-18,12:47:00
1536,2023-02-18,20:02:00
1537,2023-02-19,19:04:00
1538,2023-02-19,12:02:00
1539,2023-02-19,20:24:00
1540,2023-02-19,16:56:00
1541,2023-02-19,09:06:00
1542,2023-02-19,20:53:00
1543,2023-02-19,19:24:00
1544,2023-02-19,20:37:00
1545,2023-02-19,18:33:00
1546,2023-02-19,12:33:00
1547,2023-02-19,16:31:00
1548,2023-02-19,18:32:00
1549,2023-02-19,21:10:00
1550,2023-02-19,13:13:00
1551,2023-02-19,12:23:00
1552,2023-02-19,18:42:00
1553,2023-02-19,13:46:00
1554,2023-02-19,14:30:00
1555,2023-02-19,12:41:00
1556,2023-02-19,18:15:00
1557,2023-02-19,08:08:00
1558,2023-02-19,18:57:00
1559,2023-02-19,18:10:00
1560,2023-02-19,12:33:00
1561,2023-02-19,22:56:00
1562,2023-02-19,20:05:00
1563,2023-02-19,14:55:00
1564,2023-02-19,15:53:00
1565,2023-02-19,15:50:00
1566,2023-02-19,19:39:00
1567,2023-02-19,20:10:00
1568,2023-02-19,20:59:00
1569,2023-02-19,17:04:00
1570,2023-02-19,14:08:00
1571,2023-02-19,12:33:00
1572,2023-02-19,21:52:00
1573,2023-02-19,11:11:00
1574,2023-02-20,18:56:00
1575,2023-02-20,18:05:00
1576,2023-02-20,15:57:00
1577,2023-02-20,18:57:00
1578,2023-02-20,21:33:00
1579,2023-02-20,15:44:00
1580,2023-02-20,19:51:00
1581,2023-02-20,16:22:00
1582,2023-02-20,18:27:00
1583,2023-02-20,14:49:00
1584,2023-02-20,11:18:00
1585,2023-02-20,21:16:00
1586,2023-02-20,11:36:00
1587,2023-02-20,18:24:00
1588,2023-02-20,20:26:00
1589,2023-02-20,12:27:00
1590,2023-02-20,20:16:00
1591,2023-02-20,21:36:00
1592,2023-02-20,13:43:00
1593,2023-02-20,12:26:00
1594,2023-02-20,21:11:00
1595,2023-02-20,14:16:00
1596,2023-02-20,23:49:00
1597,2023-02-20,19:54:00
1598,2023-02-20,18:47:00
1599,2023-02-20,12:06:00
1600,2023-02-20,14:50:00
1601,2023-02-20,11:10:00
1602,2023-02-20,11:51:00
1603,2023-02-20,12:30:00
1604,2023-02-20,21:05:00
1605,2023-02-20,12:23:00
1606,2023-02-20,11:46:00
1607,2023-02-21,21:39:00
1608,2023-02-21,20:45:00
1609,2023-02-21,22:49:00
1610,2023-02-21,21:28:00
1611,2023-02-21,09:12:00
1612,2023-02-21,08:39:00
1613,2023-02-21,11:23:00
1614,2023-02-21,11:10:00
1615,2023-02-21,13:49:00
1616,2023-02-21,14:25:00
1617,2023-02-21,18:47:00
1618,2023-02-21,18:35:00
1619,2023-02-21,13:22:00
1620,2023-02-21,23:14:00
1621,2023-02-21,19:29:00
1622,2023-02-21,18:16:00
1623,2023-02-21,11:35:00
1624,2023-02-21,13:21:00
1625,2023-02-21,20:56:00
1626,2023-02-21,20:44:00
1627,2023-02-21,16:36:00
1628,2023-02-21,15:48:00
1629,2023-02-21,14:43:00
1630,2023-02-21,17:55:00
1631,2023-02-21,07:16:00
1632,2023-02-21,12:43:00
1633,2023-02-21,20:26:00
1634,2023-02-21,22:44:00
1635,2023-02-21,19:18:00
1636,2023-02-21,13:04:00
1637,2023-02-22,21:20:00
1638,2023-02-22,13:11:00
1639,2023-02-22,19:31:00
1640,2023-02-22,19:47:00
1641,2023-02-22,13:13:00
1642,2023-02-22,12:53:00
1643,2023-02-22,19:49:00
1644,2023-02-22,11:43:00
1645,2023-02-22,23:39:00
1646,2023-02-22,07:54:00
1647,2023-02-22,17:20:00
1648,2023-02-22,17:55:00
1649,2023-02-22,12:48:00
1650,2023-02-22,20:25:00
1651,2023-02-22,12:03:00
1652,2023-02-22,21:30:00
1653,2023-02-22,18:32:00
1654,2023-02-22,12:29:00
1655,2023-02-22,23:20:00
1656,2023-02-22,18:43:00
1657,2023-02-22,11:20:00
1658,2023-02-22,13:11:00
1659,2023-02-22,19:17:00
1660,2023-02-22,17:21:00
1661,2023-02-22,14:27:00
1662,2023-02-22,13:23:00
1663,2023-02-22,20:28:00
1664,2023-02-22,12:36:00
1665,2023-02-22,18:46:00
1666,2023-02-22,12:35:00
1667,2023-02-22,16:12:00
1668,2023-02-22,12:30:00
1669,2023-02-22,19:26:00
1670,2023-02-22,17:33:00
1671,2023-02-22,20:50:00
1672,2023-02-23,11:25:00
1673,2023-02-23,12:03:00
1674,2023-02-23,13:30:00
1675,2023-02-23,18:28:00
1676,2023-02-23,20:23:00
1677,2023-02-23,13:22:00
1678,2023-02-23,07:22:00
1679,2023-02-23,19:36:00
1680,2023-02-23,19:49:00
1681,2023-02-23,13:43:00
1682,2023-02-23,21:56:00
1683,2023-02-23,13:29:00
1684,2023-02-23,19:55:00
1685,2023-02-23,13:26:00
1686,2023-02-23,21:54:00
1687,2023-02-23,18:10:00
1688,2023-02-23,13:20:00
1689,2023-02-23,20:38:00
1690,2023-02-23,20:56:00
1691,2023-02-23,16:47:00
1692,2023-02-23,21:26:00
1693,2023-02-23,11:08:00
1694,2023-02-23,20:47:00
1695,2023-02-23,18:13:00
1696,2023-02-23,11:06:00
1697,2023-02-23,14:35:00
1698,2023-02-23,14:33:00
1699,2023-02-23,18:06:00
1700,2023-02-23,12:05:00
1701,2023-02-23,21:19:00
1702,2023-02-23,13:28:00
1703,2023-02-23,19:33:00
1704,2023-02-23,18:02:00
1705,2023-02-24,20:55:00
1706,2023-02-24,17:59:00
1707,2023-02-24,14:08:00
1708,2023-02-24,22:37:00
1709,2023-02-24,21:33:00
1710,2023-02-24,20:58:00
1711,2023-02-24,12:51:00
1712,2023-02-24,13:23:00
1713,2023-02-24,15:19:00
1714,2023-02-24,08:22:00
1715,2023-02-24,11:44:00
1716,2023-02-24,21:19:00
1717,2023-02-24,10:51:00
1718,2023-02-24,12:50:00
1719,2023-02-24,09:12:00
1720,2023-02-24,17:27:00
1721,2023-02-24,12:45:00
1722,2023-02-24,21:53:00
1723,2023-02-24,13:05:00
1724,2023-02-24,15:33:00
1725,2023-02-24,20:18:00
1726,2023-02-24,20:26:00
1727,2023-02-24,11:11:00
1728,2023-02-24,11:40:00
1729,2023-02-24,16:17:00
1730,2023-02-24,21:12:00
1731,2023-02-24,12:03:00
1732,2023-02-24,22:11:00
1733,2023-02-24,23:17:00
1734,2023-02-24,14:46:00
1735,2023-02-24,07:09:00
1736,2023-02-24,08:21:00
1737,2023-02-24,16:23:00
1738,2023-02-24,15:21:00
1739,2023-02-24,12:03:00
1740,2023-02-24,14:04:00
1741,2023-02-24,19:12:00
1742,2023-02-24,20:52:00
1743,2023-02-24,11:07:00
1744,2023-02-24,22:24:00
1745,2023-02-24,21:15:00
1746,2023-02-25,11:33:00
1747,2023-02-25,19:30:00
1748,2023-02-25,13:59:00
1749,2023-02-25,11:47:00
1750,2023-02-25,18:16:00
1751,2023-02-25,16:12:00
1752,2023-02-25,11:55:00
1753,2023-02-25,18:15:00
1754,2023-02-25,20:00:00
1755,2023-02-25,13:37:00
1756,2023-02-25,12:00:00
1757,2023-02-25,23:44:00
1758,2023-02-25,20:49:00
1759,2023-02-25,12:31:00
1760,2023-02-25,13:59:00
1761,2023-02-25,22:03:00
1762,2023-02-25,12:44:00
1763,2023-02-25,18:08:00
1764,2023-02-25,16:35:00
1765,2023-02-25,20:51:00
1766,2023-02-25,19:01:00
1767,2023-02-25,20:46:00
1768,2023-02-25,11:31:00
1769,2023-02-25,20:34:00
1770,2023-02-25,19:36:00
1771,2023-02-25,13:20:00
1772,2023-02-25,20:55:00
1773,2023-02-25,19:04:00
1774,2023-02-25,21:18:00
1775,2023-02-25,20:29:00
1776,2023-02-25,10:46:00
1777,2023-02-26,20:49:00
1778,2023-02-26,20:46:00
1779,2023-02-26,14:12:00
1780,2023-02-26,21:49:00
1781,2023-02-26,20:20:00
1782,2023-02-26,16:07:00
1783,2023-02-26,11:02:00
1784,2023-02-26,19:11:00
1785,2023-02-26,19:06:00
1786,2023-02-26,15:02:00
1787,2023-02-26,21:42:00
1788,2023-02-26,17:44:00
1789,2023-02-26,18:23:00
1790,2023-02-26,11:00:00
1791,2023-02-26,19:41:00
1792,2023-02-26,15:29:00
1793,2023-02-26,18:23:00
1794,2023-02-26,21:52:00
1795,2023-02-26,11:52:00
1796,2023-02-26,18:46:00
1797,2023-02-26,13:04:00
1798,2023-02-26,18:06:00
1799,2023-02-26,21:12:00
1800,2023-02-26,12:36:00
1801,2023-02-26,19:35:00
1802,2023-02-26,21:47:00
1803,2023-02-26,13:43:00
1804,2023-02-26,17:27:00
1805,2023-02-26,19:50:00
1806,2023-02-26,14:32:00
1807,2023-02-26,12:34:00
1808,2023-02-26,23:59:00
1809,2023-02-26,13:35:00
1810,2023-02-26,23:54:00
1811,2023-02-26,14:52:00
1812,2023-02-27,19:24:00
1813,2023-02-27,20:23:00
1814,2023-02-27,23:25:00
1815,2023-02-27,07:18:00
1816,2023-02-27,19:56:00
1817,2023-02-27,13:14:00
1818,2023-02-27,13:01:00
1819,2023-02-27,20:58:00
1820,2023-02-27,19:06:00
1821,2023-02-27,09:09:00
1822,2023-02-27,13:56:00
1823,2023-02-27,19:16:00
1824,2023-02-27,18:36:00
1825,2023-02-27,12:46:00
1826,2023-02-27,13:50:00
1827,2023-02-27,16:52:00
1828,2023-02-27,18:38:00
1829,2023-02-27,18:46:00
1830,2023-02-27,21:05:00
1831,2023-02-27,20:22:00
1832,2023-02-27,21:26:00
1833,2023-02-27,18:55:00
1834,2023-02-27,18:40:00
1835,2023-02-27,21:03:00
1836,2023-02-27,11:20:00
1837,2023-02-27,19:20:00
1838,2023-02-27,19:09:00
1839,2023-02-27,14:28:00
1840,2023-02-28,14:18:00
1841,2023-02-28,19:08:00
1842,2023-02-28,14:36:00
1843,2023-02-28,21:16:00
1844,2023-02-28,14:49:00
1845,2023-02-28,19:30:00
1846,2023-02-28,21:25:00
1847,2023-02-28,19:35:00
1848,2023-02-28,19:15:00
1849,2023-02-28,14:20:00
1850,2023-02-28,18:07:00
1851,2023-02-28,21:23:00
1852,2023-02-28,13:22:00
1853,2023-02-28,18:49:00
1854,2023-02-28,13:39:00
1855,2023-02-28,21:39:00
1856,2023-02-28,11:59:00
1857,2023-02-28,19:43:00
1858,2023-02-28,11:07:00
1859,2023-02-28,19:39:00
1860,2023-02-28,20:00:00
1861,2023-02-28,11:19:00
1862,2023-02-28,15:21:00
1863,2023-02-28,12:13:00
1864,2023-02-28,20:35:00
1865,2023-02-28,17:09:00
1866,2023-02-28,18:24:00
1867,2023-02-28,18:16:00
1868,2023-02-28,13:12:00
1869,2023-02-28,20:03:00
1870,2023-02-28,15:04:00
1871,2023-02-28,13:42:00
1872,2023-02-28,20:55:00
1873,2023-02-28,13:55:00
1874,2023-03-01,14:32:00
1875,2023-03-01,22:57:00
1876,2023-03-01,11:11:00
1877,2023-03-01,14:35:00
1878,2023-03-01,18:02:00
1879,2023-03-01,13:21:00
1880,2023-03-01,17:10:00
1881,2023-03-01,09:22:00
1882,2023-03-01,19:32:00
1883,2023-03-01,11:40:00
1884,2023-03-01,14:56:00
1885,2023-03-01,22:35:00
1886,2023-03-01,19:09:00
1887,2023-03-01,14:42:00
1888,2023-03-01,14:33:00
1889,2023-03-01,22:26:00
1890,2023-03-01,12:27:00
1891,2023-03-01,23:28:00
1892,2023-03-01,19:41:00
1893,2023-03-01,12:55:00
1894,2023-03-01,12:27:00
1895,2023-03-01,22:41:00
1896,2023-03-01,19:20:00
1897,2023-03-01,11:11:00
1898,2023-03-01,12:46:00
1899,2023-03-01,09:56:00
1900,2023-03-01,23:19:00
1901,2023-03-01,17:59:00
1902,2023-03-01,19:49:00
1903,2023-03-01,12:11:00
1904,2023-03-02,20:38:00
1905,2023-03-02,19:38:00
1906,2023-03-02,11:22:00
1907,2023-03-02,14:08:00
1908,2023-03-02,21:45:00
1909,2023-03-02,19:54:00
1910,2023-03-02,14:08:00
1911,2023-03-02,12:02:00
1912,2023-03-02,15:59:00
1913,2023-03-02,14:14:00
1914,2023-03-02,19:48:00
1915,2023-03-02,12:59:00
1916,2023-03-02,23:55:00
1917,2023-03-02,20:55:00
1918,2023-03-02,15:27:00
1919,2023-03-02,15:38:00
1920,2023-03-02,21:46:00
1921,2023-03-02,11:33:00
1922,2023-03-03,15:56:00
1923,2023-03-03,23:47:00
1924,2023-03-03,10:33:00
1925,2023-03-03,18:12:00
1926,2023-03-03,14:56:00
1927,2023-03-03,13:29:00
1928,2023-03-03,13:39:00
1929,2023-03-03,19:29:00
1930,2023-03-03,21:05:00
1931,2023-03-03,18:11:00
1932,2023-03-03,19:25:00
1933,2023-03-03,16:01:00
1934,2023-03-03,12:56:00
1935,2023-03-03,16:20:00
1936,2023-03-03,19:45:00
1937,2023-03-03,18:07:00
1938,2023-03-03,20:05:00
1939,2023-03-03,21:46:00
1940,2023-03-03,19:24:00
1941,2023-03-03,18:49:00
1942,2023-03-03,13:36:00
1943,2023-03-03,19:10:00
1944,2023-03-03,19:49:00
1945,2023-03-03,21:19:00
1946,2023-03-03,14:18:00
1947,2023-03-03,18:57:00
1948,2023-03-03,12:00:00
1949,2023-03-03,20:00:00
1950,2023-03-03,16:34:00
1951,2023-03-03,21:15:00
1952,2023-03-03,14:29:00
1953,2023-03-03,15:38:00
1954,2023-03-03,19:56:00
1955,2023-03-04,12:03:00
1956,2023-03-04,11:41:00
1957,2023-03-04,12:54:00
1958,2023-03-04,09:21:00
1959,2023-03-04,18:06:00
1960,2023-03-04,15:10:00
1961,2023-03-04,19:29:00
1962,2023-03-04,20:59:00
1963,2023-03-04,09:20:00
1964,2023-03-04,14:52:00
1965,2023-03-04,14:53:00
1966,2023-03-04,20:30:00
1967,2023-03-04,13:21:00
1968,2023-03-04,19:44:00
1969,2023-03-04,11:06:00
1970,2023-03-04,18:30:00
1971,2023-03-04,20:27:00
1972,2023-03-04,20:16:00
1973,2023-03-04,20:59:00
1974,2023-03-04,14:33:00
1975,2023-03-04,21:31:00
1976,2023-03-04,19:45:00
1977,2023-03-04,12:00:00
1978,2023-03-04,14:40:00
1979,2023-03-04,19:51:00
1980,2023-03-04,21:26:00
1981,2023-03-04,09:35:00
1982,2023-03-04,19:00:00
1983,2023-03-04,20:16:00
1984,2023-03-04,20:19:00
1985,2023-03-04,20:49:00
1986,2023-03-04,09:21:00
1987,2023-03-04,11:53:00
1988,2023-03-04,13:53:00
1989,2023-03-04,14:58:00
1990,2023-03-04,15:41:00
1991,2023-03-04,12:40:00
1992,2023-03-04,17:57:00
1993,2023-03-04,14:59:00
1994,2023-03-04,20:36:00
1995,2023-03-04,20:35:00
1996,2023-03-04,19:36:00
1997,2023-03-04,20:04:00
1998,2023-03-04,23:53:00
1999,2023-03-04,10:40:00
2000,2023-03-04,19:36:00
2001,2023-03-04,19:38:00
2002,2023-03-05,20:45:00
2003,2023-03-05,18:17:00
2004,2023-03-05,16:56:00
2005,2023-03-05,14:53:00
2006,2023-03-05,22:33:00
2007,2023-03-05,11:23:00
2008,2023-03-05,19:58:00
2009,2023-03-05,11:51:00
2010,2023-03-05,17:09:00
2011,2023-03-05,14:46:00
2012,2023-03-05,20:49:00
2013,2023-03-05,11:52:00
2014,2023-03-05,22:13:00
2015,2023-03-05,21:24:00
2016,2023-03-05,18:00:00
2017,2023-03-05,11:43:00
2018,2023-03-05,18:21:00
2019,2023-03-05,15:06:00
2020,2023-03-05,20:01:00
2021,2023-03-05,20:40:00
2022,2023-03-05,20:12:00
2023,2023-03-05,13:34:00
2024,2023-03-05,14:42:00
2025,2023-03-05,12:10:00
2026,2023-03-05,11:39:00
2027,2023-03-05,18:13:00
2028,2023-03-05,20:17:00
2029,2023-03-05,13:36:00
2030,2023-03-05,11:19:00
2031,2023-03-05,20:34:00
2032,2023-03-05,15:01:00
2033,2023-03-05,17:03:00
2034,2023-03-05,11:05:00
2035,2023-03-06,14:39:00
2036,2023-03-06,13:52:00
2037,2023-03-06,11:59:00
2038,2023-03-06,21:36:00
2039,2023-03-06,14:06:00
2040,2023-03-06,17:41:00
2041,2023-03-06,21:30:00
2042,2023-03-06,12:09:00
2043,2023-03-06,20:58:00
2044,2023-03-06,12:44:00
2045,2023-03-06,20:50:00
2046,2023-03-06,20:29:00
2047,2023-03-06,15:30:00
2048,2023-03-06,14:29:00
2049,2023-03-06,20:49:00
2050,2023-03-06,12:32:00
2051,2023-03-06,11:20:00
2052,2023-03-06,18:50:00
2053,2023-03-06,14:25:00
2054,2023-03-06,19:39:00
2055,2023-03-06,12:30:00
2056,2023-03-06,13:13:00
2057,2023-03-06,21:50:00
2058,2023-03-06,23:34:00
2059,2023-03-06,19:42:00
2060,2023-03-06,21:07:00
2061,2023-03-06,21:20:00
2062,2023-03-06,21:11:00
2063,2023-03-06,14:04:00
2064,2023-03-06,21:20:00
2065,2023-03-06,17:03:00
2066,2023-03-07,12:56:00
2067,2023-03-07,18:48:00
2068,2023-03-07,12:28:00
2069,2023-03-07,21:39:00
2070,2023-03-07,19:13:00
2071,2023-03-07,20:19:00
2072,2023-03-07,20:58:00
2073,2023-03-07,21:45:00
2074,2023-03-07,23:05:00
2075,2023-03-07,21:54:00
2076,2023-03-07,13:03:00
2077,2023-03-07,11:00:00
2078,2023-03-07,20:07:00
2079,2023-03-07,18:15:00
2080,2023-03-07,17:25:00
2081,2023-03-07,21:25:00
2082,2023-03-07,12:42:00
2083,2023-03-07,12:12:00
2084,2023-03-07,20:53:00
2085,2023-03-07,16:55:00
2086,2023-03-08,11:41:00
2087,2023-03-08,10:42:00
2088,2023-03-08,15:05:00
2089,2023-03-08,14:55:00
2090,2023-03-08,17:38:00
2091,2023-03-08,19:29:00
2092,2023-03-08,21:24:00
2093,2023-03-08,12:27:00
2094,2023-03-08,21:54:00
2095,2023-03-08,20:26:00
2096,2023-03-08,20:02:00
2097,2023-03-08,23:45:00
2098,2023-03-08,14:44:00
2099,2023-03-08,13:29:00
2100,2023-03-08,18:15:00
2101,2023-03-08,17:42:00
2102,2023-03-08,22:43:00
2103,2023-03-08,20:39:00
2104,2023-03-08,13:34:00
2105,2023-03-08,21:29:00
2106,2023-03-08,21:36:00
2107,2023-03-08,21:22:00
2108,2023-03-09,11:44:00
2109,2023-03-09,20:46:00
2110,2023-03-09,20:03:00
2111,2023-03-09,19:36:00
2112,2023-03-09,13:51:00
2113,2023-03-09,18:18:00
2114,2023-03-09,15:32:00
2115,2023-03-09,13:16:00
2116,2023-03-09,13:17:00
2117,2023-03-09,18:47:00
2118,2023-03-09,12:58:00
2119,2023-03-09,19:42:00
2120,2023-03-09,15:16:00
2121,2023-03-09,19:31:00
2122,2023-03-09,11:21:00
2123,2023-03-09,22:38:00
2124,2023-03-09,19:53:00
2125,2023-03-09,16:49:00
2126,2023-03-09,14:46:00
2127,2023-03-09,19:36:00
2128,2023-03-09,20:03:00
2129,2023-03-09,18:03:00
2130,2023-03-09,14:30:00
2131,2023-03-09,12:24:00
2132,2023-03-09,21:30:00
2133,2023-03-09,14:00:00
2134,2023-03-09,14:24:00
2135,2023-03-10,22:06:00
2136,2023-03-10,20:54:00
2137,2023-03-10,17:54:00
2138,2023-03-10,13:17:00
2139,2023-03-10,20:41:00
2140,2023-03-10,21:49:00
2141,2023-03-10,19:46:00
2142,2023-03-10,19:33:00
2143,2023-03-10,12:20:00
2144,2023-03-10,18:53:00
2145,2023-03-10,14:06:00
2146,2023-03-10,21:22:00
2147,2023-03-10,13:16:00
2148,2023-03-10,11:39:00
2149,2023-03-10,12:38:00
2150,2023-03-10,18:05:00
2151,2023-03-10,19:24:00
2152,2023-03-10,19:57:00
2153,2023-03-10,12:16:00
2154,2023-03-10,11:40:00
2155,2023-03-10,16:49:00
2156,2023-03-10,17:49:00
2157,2023-03-10,20:10:00
2158,2023-03-10,20:49:00
2159,2023-03-10,14:21:00
2160,2023-03-10,23:52:00
2161,2023-03-10,14:04:00
2162,2023-03-10,15:39:00
2163,2023-03-10,14:06:00
2164,2023-03-10,14:13:00
2165,2023-03-10,18:58:00
2166,2023-03-10,16:06:00
2167,2023-03-10,07:36:00
2168,2023-03-10,21:01:00
2169,2023-03-10,19:41:00
2170,2023-03-10,18:42:00
2171,2023-03-10,12:44:00
2172,2023-03-10,14:36:00
2173,2023-03-10,10:30:00
2174,2023-03-10,17:49:00
2175,2023-03-11,18:24:00
2176,2023-03-11,23:07:00
2177,2023-03-11,20:21:00
2178,2023-03-11,21:03:00
2179,2023-03-11,18:23:00
2180,2023-03-11,20:05:00
2181,2023-03-11,20:41:00
2182,2023-03-11,11:24:00
2183,2023-03-11,20:44:00
2184,2023-03-11,11:40:00
2185,2023-03-11,21:05:00
2186,2023-03-11,21:47:00
2187,2023-03-11,11:12:00
2188,2023-03-11,08:31:00
2189,2023-03-11,13:31:00
2190,2023-03-11,21:01:00
2191,2023-03-11,07:21:00
2192,2023-03-11,18:25:00
2193,2023-03-11,14:43:00
2194,2023-03-11,19:47:00
2195,2023-03-11,18:02:00
2196,2023-03-11,21:41:00
2197,2023-03-11,07:15:00
2198,2023-03-11,19:00:00
2199,2023-03-11,11:57:00
2200,2023-03-11,11:29:00
2201,2023-03-11,18:52:00
2202,2023-03-11,18:31:00
2203,2023-03-11,19:04:00
2204,2023-03-11,21:21:00
2205,2023-03-11,21:20:00
2206,2023-03-11,12:20:00
2207,2023-03-12,19:21:00
2208,2023-03-12,13:09:00
2209,2023-03-12,19:44:00
2210,2023-03-12,12:28:00
2211,2023-03-12,11:08:00
2212,2023-03-12,14:49:00
2213,2023-03-12,14:05:00
2214,2023-03-12,08:59:00
2215,2023-03-12,13:26:00
2216,2023-03-12,21:44:00
2217,2023-03-12,12:40:00
2218,2023-03-12,14:26:00
2219,2023-03-12,12:39:00
2220,2023-03-12,19:45:00
2221,2023-03-12,15:40:00
2222,2023-03-12,20:22:00
2223,2023-03-12,17:15:00
2224,2023-03-12,11:39:00
2225,2023-03-12,12:29:00
2226,2023-03-12,19:17:00
2227,2023-03-12,11:50:00
2228,2023-03-12,14:31:00
2229,2023-03-12,11:03:00
2230,2023-03-12,20:13:00
2231,2023-03-12,16:39:00
2232,2023-03-12,21:02:00
2233,2023-03-12,11:59:00
2234,2023-03-12,19:50:00
2235,2023-03-12,07:04:00
2236,2023-03-12,21:37:00
2237,2023-03-12,21:12:00
2238,2023-03-12,20:14:00
2239,2023-03-12,20:14:00
2240,2023-03-12,14:55:00
2241,2023-03-12,12:04:00
2242,2023-03-12,16:03:00
2243,2023-03-13,14:11:00
2244,2023-03-13,12:29:00
2245,2023-03-13,20:17:00
2246,2023-03-13,12:02:00
2247,2023-03-13,18:17:00
2248,2023-03-13,14:29:00
2249,2023-03-13,16:14:00
2250,2023-03-13,19:50:00
2251,2023-03-13,19:36:00
2252,2023-03-13,22:05:00
2253,2023-03-13,17:31:00
2254,2023-03-13,19:37:00
2255,2023-03-13,16:17:00
2256,2023-03-13,10:47:00
2257,2023-03-13,19:20:00
2258,2023-03-13,15:57:00
2259,2023-03-13,19:58:00
2260,2023-03-13,18:26:00
2261,2023-03-13,22:30:00
2262,2023-03-13,18:27:00
2263,2023-03-13,21:51:00
2264,2023-03-13,18:28:00
2265,2023-03-13,15:35:00
2266,2023-03-13,21:13:00
2267,2023-03-13,13:15:00
2268,2023-03-13,18:01:00
2269,2023-03-13,16:10:00
2270,2023-03-13,18:29:00
2271,2023-03-13,15:55:00
2272,2023-03-13,19:50:00
2273,2023-03-13,21:45:00
2274,2023-03-14,18:24:00
2275,2023-03-14,20:33:00
2276,2023-03-14,10:48:00
2277,2023-03-14,12:50:00
2278,2023-03-14,20:47:00
2279,2023-03-14,20:56:00
2280,2023-03-14,14:23:00
2281,2023-03-14,15:23:00
2282,2023-03-14,11:35:00
2283,2023-03-14,19:08:00
2284,2023-03-14,22:34:00
2285,2023-03-14,14:47:00
2286,2023-03-14,19:48:00
2287,2023-03-14,19:20:00
2288,2023-03-14,13:32:00
2289,2023-03-14,20:03:00
2290,2023-03-14,13:28:00
2291,2023-03-14,17:53:00
2292,2023-03-15,17:43:00
2293,2023-03-15,20:28:00
2294,2023-03-15,18:12:00
2295,2023-03-15,21:05:00
2296,2023-03-15,12:18:00
2297,2023-03-15,22:06:00
2298,2023-03-15,11:44:00
2299,2023-03-15,12:55:00
2300,2023-03-15,11:18:00
2301,2023-03-15,17:34:00
2302,2023-03-15,21:22:00
2303,2023-03-15,17:41:00
2304,2023-03-15,08:04:00
2305,2023-03-15,08:53:00
2306,2023-03-15,20:26:00
2307,2023-03-15,20:31:00
2308,2023-03-15,21:29:00
2309,2023-03-15,12:57:00
2310,2023-03-15,19:50:00
2311,2023-03-15,14:23:00
2312,2023-03-15,22:09:00
2313,2023-03-16,12:39:00
2314,2023-03-16,20:11:00
2315,2023-03-16,22:10:00
2316,2023-03-16,11:20:00
2317,2023-03-16,21:16:00
2318,2023-03-16,12:35:00
2319,2023-03-16,20:22:00
2320,2023-03-16,14:34:00
2321,2023-03-16,23:07:00
2322,2023-03-16,21:59:00
2323,2023-03-16,15:29:00
2324,2023-03-16,19:00:00
2325,2023-03-16,23:41:00
2326,2023-03-16,21:57:00
2327,2023-03-16,12:51:00
2328,2023-03-16,21:21:00
2329,2023-03-16,21:57:00
2330,2023-03-16,07:19:00
2331,2023-03-16,08:28:00
2332,2023-03-16,13:03:00
2333,2023-03-16,19:37:00
2334,2023-03-16,20:12:00
2335,2023-03-16,10:43:00
2336,2023-03-16,18:32:00
2337,2023-03-16,14:20:00
2338,2023-03-16,18:58:00
2339,2023-03-16,21:09:00
2340,2023-03-16,21:23:00
2341,2023-03-16,11:18:00
2342,2023-03-17,14:55:00
2343,2023-03-17,19:46:00
2344,2023-03-17,21:51:00
2345,2023-03-17,15:51:00
2346,2023-03-17,21:46:00
2347,2023-03-17,19:53:00
2348,2023-03-17,18:09:00
2349,2023-03-17,14:55:00
2350,2023-03-17,20:04:00
2351,2023-03-17,21:05:00
2352,2023-03-17,09:26:00
2353,2023-03-17,14:45:00
2354,2023-03-17,19:12:00
2355,2023-03-17,14:18:00
2356,2023-03-17,18:52:00
2357,2023-03-17,20:31:00
2358,2023-03-17,21:14:00
2359,2023-03-17,07:09:00
2360,2023-03-17,14:07:00
2361,2023-03-17,20:26:00
2362,2023-03-17,12:01:00
2363,2023-03-17,13:31:00
2364,2023-03-17,22:38:00
2365,2023-03-17,21:36:00
2366,2023-03-17,16:40:00
2367,2023-03-17,18:23:00
2368,2023-03-17,18:54:00
2369,2023-03-17,11:09:00
2370,2023-03-17,12:22:00
2371,2023-03-17,13:23:00
2372,2023-03-17,16:03:00
2373,2023-03-17,11:32:00
2374,2023-03-17,12:48:00
2375,2023-03-17,12:34:00
2376,2023-03-17,13:52:00
2377,2023-03-17,20:17:00
2378,2023-03-17,20:06:00
2379,2023-03-17,20:52:00
2380,2023-03-17,12:33:00
2381,2023-03-17,14:26:00
2382,2023-03-17,12:06:00
2383,2023-03-18,12:53:00
2384,2023-03-18,11:26:00
2385,2023-03-18,15:07:00
2386,2023-03-18,18:30:00
2387,2023-03-18,13:08:00
2388,2023-03-18,20:11:00
2389,2023-03-18,18:47:00
2390,2023-03-18,19:08:00
2391,2023-03-18,19:44:00
2392,2023-03-18,12:13:00
2393,2023-03-18,11:27:00
2394,2023-03-18,18:04:00
2395,2023-03-18,10:48:00
2396,2023-03-18,15:06:00
2397,2023-03-18,07:30:00
2398,2023-03-18,13:02:00
2399,2023-03-18,11:48:00
2400,2023-03-18,11:58:00
2401,2023-03-18,19:11:00
2402,2023-03-18,18:05:00
2403,2023-03-18,13:37:00
2404,2023-03-18,12:54:00
2405,2023-03-18,19:32:00
2406,2023-03-18,18:52:00
2407,2023-03-18,18:33:00
2408,2023-03-18,12:18:00
2409,2023-03-18,11:46:00
2410,2023-03-18,12:58:00
2411,2023-03-18,21:23:00
2412,2023-03-18,19:28:00
2413,2023-03-18,18:11:00
2414,2023-03-18,21:27:00
2415,2023-03-18,12:26:00
2416,2023-03-18,13:07:00
2417,2023-03-18,17:08:00
2418,2023-03-18,16:45:00
2419,2023-03-19,18:05:00
2420,2023-03-19,11:24:00
2421,2023-03-19,13:43:00
2422,2023-03-19,23:14:00
2423,2023-03-19,20:54:00
2424,2023-03-19,15:57:00
2425,2023-03-19,21:43:00
2426,2023-03-19,11:43:00
2427,2023-03-19,15:25:00
2428,2023-03-19,17:43:00
2429,2023-03-19,12:25:00
2430,2023-03-19,17:06:00
2431,2023-03-19,19:04:00
2432,2023-03-19,12:21:00
2433,2023-03-19,14:07:00
2434,2023-03-19,14:46:00
2435,2023-03-19,17:49:00
2436,2023-03-19,20:48:00
2437,2023-03-19,21:22:00
2438,2023-03-19,17:25:00
2439,2023-03-19,23:09:00
2440,2023-03-19,18:07:00
2441,2023-03-19,14:14:00
2442,2023-03-19,19:01:00
2443,2023-03-19,11:53:00
2444,2023-03-19,11:11:00
2445,2023-03-19,13:09:00
2446,2023-03-19,11:48:00
2447,2023-03-19,14:50:00
2448,2023-03-19,16:42:00
2449,2023-03-19,17:16:00
2450,2023-03-19,18:48:00
2451,2023-03-19,10:56:00
2452,2023-03-19,21:28:00
2453,2023-03-19,14:28:00
2454,2023-03-19,15:11:00
2455,2023-03-19,20:56:00
2456,2023-03-19,21:27:00
2457,2023-03-19,14:31:00
2458,2023-03-20,21:42:00
2459,2023-03-20,21:30:00
2460,2023-03-20,19:32:00
2461,2023-03-20,13:31:00
2462,2023-03-20,21:39:00
2463,2023-03-20,20:20:00
2464,2023-03-20,11:08:00
2465,2023-03-20,20:51:00
2466,2023-03-20,18:48:00
2467,2023-03-20,20:24:00
2468,2023-03-20,13:22:00
2469,2023-03-20,15:42:00
2470,2023-03-20,12:41:00
2471,2023-03-20,11:58:00
2472,2023-03-20,20:07:00
2473,2023-03-20,11:34:00
2474,2023-03-20,14:42:00
2475,2023-03-20,21:17:00
2476,2023-03-20,10:37:00
2477,2023-03-20,09:24:00
2478,2023-03-20,20:36:00
2479,2023-03-21,18:44:00
2480,2023-03-21,20:31:00
2481,2023-03-21,20:10:00
2482,2023-03-21,20:27:00
2483,2023-03-21,11:53:00
2484,2023-03-21,19:18:00
2485,2023-03-21,13:36:00
2486,2023-03-21,15:39:00
2487,2023-03-21,18:45:00
2488,2023-03-21,18:37:00
2489,2023-03-21,11:36:00
2490,2023-03-21,21:27:00
2491,2023-03-21,11:41:00
2492,2023-03-21,20:27:00
2493,2023-03-21,20:12:00
2494,2023-03-21,16:39:00
2495,2023-03-21,19:56:00
2496,2023-03-21,08:36:00
2497,2023-03-21,17:52:00
2498,2023-03-21,21:17:00
2499,2023-03-21,21:59:00
2500,2023-03-22,20:29:00
2501,2023-03-22,12:47:00
2502,2023-03-22,20:54:00
2503,2023-03-22,16:55:00
2504,2023-03-22,18:40:00
2505,2023-03-22,14:17:00
2506,2023-03-22,19:16:00
2507,2023-03-22,19:25:00
2508,2023-03-22,12:12:00
2509,2023-03-22,09:29:00
2510,2023-03-22,16:27:00
2511,2023-03-22,18:12:00
2512,2023-03-22,12:01:00
2513,2023-03-22,13:42:00
2514,2023-03-22,18:46:00
2515,2023-03-22,15:03:00
2516,2023-03-22,18:20:00
2517,2023-03-22,18:57:00
2518,2023-03-22,23:42:00
2519,2023-03-23,12:15:00
2520,2023-03-23,11:33:00
2521,2023-03-23,20:31:00
2522,2023-03-23,19:38:00
2523,2023-03-23,13:21:00
2524,2023-03-23,21:51:00
2525,2023-03-23,19:59:00
2526,2023-03-23,15:06:00
2527,2023-03-23,13:28:00
2528,2023-03-23,17:03:00
2529,2023-03-23,16:44:00
2530,2023-03-23,20:34:00
2531,2023-03-23,17:15:00
2532,2023-03-23,22:23:00
2533,2023-03-23,16:52:00
2534,2023-03-23,11:53:00
2535,2023-03-23,18:44:00
2536,2023-03-23,19:16:00
2537,2023-03-23,20:40:00
2538,2023-03-23,23:57:00
2539,2023-03-24,19:54:00
2540,2023-03-24,15:58:00
2541,2023-03-24,23:19:00
2542,2023-03-24,12:19:00
2543,2023-03-24,12:58:00
2544,2023-03-24,16:56:00
2545,2023-03-24,21:50:00
2546,2023-03-24,07:52:00
2547,2023-03-24,21:30:00
2548,2023-03-24,20:45:00
2549,2023-03-24,15:52:00
2550,2023-03-24,13:32:00
2551,2023-03-24,14:38:00
2552,2023-03-24,20:29:00
2553,2023-03-24,18:41:00
2554,2023-03-24,21:50:00
2555,2023-03-24,18:25:00
2556,2023-03-24,13:20:00
2557,2023-03-24,18:10:00
2558,2023-03-24,12:54:00
2559,2023-03-24,21:50:00
2560,2023-03-24,21:30:00
2561,2023-03-24,19:16:00
2562,2023-03-24,13:51:00
2563,2023-03-24,11:26:00
2564,2023-03-24,14:56:00
2565,2023-03-24,12:01:00
2566,2023-03-24,19:58:00
2567,2023-03-24,14:12:00
2568,2023-03-24,12:03:00
2569,2023-03-24,16:38:00
2570,2023-03-24,11:23:00
2571,2023-03-24,11:00:00
2572,2023-03-25,16:52:00
2573,2023-03-25,18:14:00
2574,2023-03-25,19:55:00
2575,2023-03-25,20:18:00
2576,2023-03-25,21:08:00
2577,2023-03-25,15:38:00
2578,2023-03-25,13:46:00
2579,2023-03-25,21:11:00
2580,2023-03-25,15:01:00
2581,2023-03-25,13:15:00
2582,2023-03-25,19:23:00
2583,2023-03-25,21:05:00
2584,2023-03-25,08:55:00
2585,2023-03-25,14:43:00
2586,2023-03-25,14:45:00
2587,2023-03-25,17:16:00
2588,2023-03-25,11:03:00
2589,2023-03-25,12:30:00
2590,2023-03-25,18:00:00
2591,2023-03-25,14:19:00
2592,2023-03-25,23:08:00
2593,2023-03-25,22:37:00
2594,2023-03-25,12:32:00
2595,2023-03-25,16:56:00
2596,2023-03-25,15:20:00
2597,2023-03-25,21:09:00
2598,2023-03-25,13:02:00
2599,2023-03-25,23:55:00
2600,2023-03-25,23:47:00
2601,2023-03-25,14:18:00
2602,2023-03-25,20:39:00
2603,2023-03-25,20:33:00
2604,2023-03-25,12:20:00
2605,2023-03-25,21:48:00
2606,2023-03-25,23:03:00
2607,2023-03-25,11:14:00
2608,2023-03-25,14:16:00
2609,2023-03-25,14:27:00
2610,2023-03-25,14:02:00
2611,2023-03-25,17:35:00
2612,2023-03-25,16:07:00
2613,2023-03-25,19:07:00
2614,2023-03-25,12:55:00
2615,2023-03-25,12:47:00
2616,2023-03-25,20:36:00
2617,2023-03-25,19:37:00
2618,2023-03-26,19:26:00
2619,2023-03-26,19:49:00
2620,2023-03-26,15:56:00
2621,2023-03-26,13:43:00
2622,2023-03-26,22:25:00
2623,2023-03-26,11:53:00
2624,2023-03-26,11:05:00
2625,2023-03-26,17:42:00
2626,2023-03-26,17:17:00
2627,2023-03-26,18:21:00
2628,2023-03-26,23:20:00
2629,2023-03-26,19:13:00
2630,2023-03-26,20:20:00
2631,2023-03-26,18:35:00
2632,2023-03-26,23:05:00
2633,2023-03-26,12:15:00
2634,2023-03-26,23:05:00
2635,2023-03-26,08:10:00
2636,2023-03-26,14:18:00
2637,2023-03-26,19:07:00
2638,2023-03-26,14:47:00
2639,2023-03-26,20:57:00
2640,2023-03-26,19:22:00
2641,2023-03-26,20:32:00
2642,2023-03-26,14:56:00
2643,2023-03-26,13:36:00
2644,2023-03-26,18:48:00
2645,2023-03-26,16:39:00
2646,2023-03-26,14:05:00
2647,2023-03-26,09:29:00
2648,2023-03-27,19:59:00
2649,2023-03-27,17:41:00
2650,2023-03-27,20:29:00
2651,2023-03-27,16:19:00
2652,2023-03-27,12:43:00
2653,2023-03-27,19:33:00
2654,2023-03-27,17:03:00
2655,2023-03-27,18:32:00
2656,2023-03-27,14:26:00
2657,2023-03-27,13:22:00
2658,2023-03-27,11:49:00
2659,2023-03-27,18:47:00
2660,2023-03-27,19:50:00
2661,2023-03-27,14:02:00
2662,2023-03-27,13:20:00
2663,2023-03-27,21:48:00
2664,2023-03-27,20:21:00
2665,2023-03-27,22:13:00
2666,2023-03-27,13:55:00
2667,2023-03-27,21:34:00
2668,2023-03-27,10:07:00
2669,2023-03-27,10:29:00
2670,2023-03-27,21:19:00
2671,2023-03-27,20:44:00
2672,2023-03-27,21:51:00
2673,2023-03-28,12:00:00
2674,2023-03-28,11:44:00
2675,2023-03-28,22:13:00
2676,2023-03-28,15:41:00
2677,2023-03-28,12:05:00
2678,2023-03-28,14:09:00
2679,2023-03-28,15:07:00
2680,2023-03-28,12:47:00
2681,2023-03-28,21:30:00
2682,2023-03-28,10:37:00
2683,2023-03-28,13:36:00
2684,2023-03-28,21:03:00
2685,2023-03-28,11:40:00
2686,2023-03-28,21:26:00
2687,2023-03-28,20:02:00
2688,2023-03-28,16:32:00
2689,2023-03-28,21:14:00
2690,2023-03-28,18:27:00
2691,2023-03-28,18:17:00
2692,2023-03-28,21:56:00
2693,2023-03-28,16:39:00
2694,2023-03-28,20:28:00
2695,2023-03-28,18:10:00
2696,2023-03-28,12:30:00
2697,2023-03-28,12:32:00
2698,2023-03-28,13:58:00
2699,2023-03-28,21:08:00
2700,2023-03-29,21:26:00
2701,2023-03-29,20:50:00
2702,2023-03-29,15:39:00
2703,2023-03-29,11:42:00
2704,2023-03-29,15:12:00
2705,2023-03-29,14:06:00
2706,2023-03-29,21:19:00
2707,2023-03-29,11:01:00
2708,2023-03-29,13:22:00
2709,2023-03-29,19:52:00
2710,2023-03-29,18:51:00
2711,2023-03-29,14:07:00
2712,2023-03-29,18:35:00
2713,2023-03-29,13:21:00
2714,2023-03-29,18:49:00
2715,2023-03-29,20:57:00
2716,2023-03-29,11:45:00
2717,2023-03-29,14:51:00
2718,2023-03-29,15:06:00
2719,2023-03-29,18:52:00
2720,2023-03-29,18:10:00
2721,2023-03-29,19:58:00
2722,2023-03-29,13:45:00
2723,2023-03-29,17:31:00
2724,2023-03-29,18:09:00
2725,2023-03-29,20:52:00
2726,2023-03-29,12:28:00
2727,2023-03-30,18:15:00
2728,2023-03-30,21:21:00
2729,2023-03-30,12:05:00
2730,2023-03-30,14:23:00
2731,2023-03-30,19:09:00
2732,2023-03-30,21:50:00
2733,2023-03-30,14:26:00
2734,2023-03-30,21:54:00
2735,2023-03-30,20:01:00
2736,2023-03-30,15:45:00
2737,2023-03-30,18:05:00
2738,2023-03-30,14:49:00
2739,2023-03-30,11:25:00
2740,2023-03-30,19:57:00
2741,2023-03-30,20:26:00
2742,2023-03-30,17:44:00
2743,2023-03-30,20:46:00
2744,2023-03-30,20:00:00
2745,2023-03-30,19:44:00
2746,2023-03-30,17:13:00
2747,2023-03-30,21:44:00
2748,2023-03-30,14:49:00
2749,2023-03-30,13:05:00
2750,2023-03-30,09:24:00
2751,2023-03-30,19:33:00
2752,2023-03-30,23:13:00
2753,2023-03-30,13:33:00
2754,2023-03-30,12:01:00
2755,2023-03-30,09:15:00
2756,2023-03-30,20:46:00
2757,2023-03-30,17:07:00
2758,2023-03-31,20:40:00
2759,2023-03-31,18:03:00
2760,2023-03-31,18:28:00
2761,2023-03-31,11:29:00
2762,2023-03-31,12:51:00
2763,2023-03-31,19:22:00
2764,2023-03-31,12:45:00
2765,2023-03-31,12:06:00
2766,2023-03-31,12:52:00
2767,2023-03-31,21:06:00
2768,2023-03-31,14:53:00
2769,2023-03-31,15:03:00
2770,2023-03-31,15:30:00
2771,2023-03-31,11:23:00
2772,2023-03-31,21:37:00
2773,2023-03-31,21:55:00
2774,2023-03-31,14:40:00
2775,2023-03-31,16:44:00
2776,2023-03-31,21:46:00
2777,2023-03-31,22:09:00
2778,2023-03-31,21:45:00
2779,2023-03-31,17:32:00
2780,2023-03-31,18:44:00
2781,2023-03-31,14:02:00
2782,2023-03-31,20:58:00
2783,2023-03-31,23:07:00
2784,2023-03-31,13:02:00
2785,2023-03-31,18:23:00
2786,2023-03-31,13:19:00
2787,2023-03-31,11:50:00
2788,2023-03-31,14:03:00
2789,2023-04-01,19:11:00
2790,2023-04-01,21:00:00
2791,2023-04-01,13:04:00
2792,2023-04-01,21:30:00
2793,2023-04-01,21:57:00
2794,2023-04-01,14:30:00
2795,2023-04-01,19:48:00
2796,2023-04-01,14:48:00
2797,2023-04-01,16:09:00
2798,2023-04-01,20:05:00
2799,2023-04-01,21:24:00
2800,2023-04-01,14:21:00
2801,2023-04-01,21:47:00
2802,2023-04-01,11:55:00
2803,2023-04-01,11:36:00
2804,2023-04-01,20:35:00
2805,2023-04-01,18:12:00
2806,2023-04-01,22:36:00
2807,2023-04-01,21:32:00
2808,2023-04-01,18:42:00
2809,2023-04-01,19:01:00
2810,2023-04-01,12:15:00
2811,2023-04-01,21:05:00
2812,2023-04-01,20:25:00
2813,2023-04-01,21:55:00
2814,2023-04-01,20:27:00
2815,2023-04-01,11:55:00
2816,2023-04-01,21:16:00
2817,2023-04-01,11:34:00
2818,2023-04-01,12:11:00
2819,2023-04-01,11:09:00
2820,2023-04-01,14:43:00
2821,2023-04-01,13:11:00
2822,2023-04-01,07:19:00
2823,2023-04-01,13:09:00
2824,2023-04-01,16:16:00
2825,2023-04-01,11:03:00
2826,2023-04-01,12:31:00
2827,2023-04-01,21:07:00
2828,2023-04-02,14:35:00
2829,2023-04-02,16:01:00
2830,2023-04-02,15:58:00
2831,2023-04-02,20:35:00
2832,2023-04-02,22:15:00
2833,2023-04-02,19:19:00
2834,2023-04-02,21:05:00
2835,2023-04-02,19:50:00
2836,2023-04-02,23:34:00
2837,2023-04-02,22:34:00
2838,2023-04-02,23:02:00
2839,2023-04-02,10:53:00
2840,2023-04-02,19:00:00
2841,2023-04-02,14:17:00
2842,2023-04-02,21:22:00
2843,2023-04-02,19:37:00
2844,2023-04-02,20:02:00
2845,2023-04-02,11:19:00
2846,2023-04-02,11:53:00
2847,2023-04-02,13:56:00
2848,2023-04-02,17:32:00
2849,2023-04-02,23:56:00
2850,2023-04-02,20:40:00
2851,2023-04-02,14:17:00
2852,2023-04-02,13:21:00
2853,2023-04-02,13:01:00
2854,2023-04-02,19:41:00
2855,2023-04-02,21:00:00
2856,2023-04-02,19:26:00
2857,2023-04-02,21:48:00
2858,2023-04-02,11:50:00
2859,2023-04-02,18:34:00
2860,2023-04-02,10:43:00
2861,2023-04-02,14:52:00
2862,2023-04-02,21:11:00
2863,2023-04-02,18:07:00
2864,2023-04-02,15:28:00
2865,2023-04-02,07:48:00
2866,2023-04-03,20:12:00
2867,2023-04-03,13:51:00
2868,2023-04-03,19:31:00
2869,2023-04-03,22:17:00
2870,2023-04-03,17:45:00
2871,2023-04-03,18:12:00
2872,2023-04-03,23:07:00
2873,2023-04-03,21:10:00
2874,2023-04-03,19:04:00
2875,2023-04-03,18:08:00
2876,2023-04-03,12:56:00
2877,2023-04-03,20:12:00
2878,2023-04-03,18:44:00
2879,2023-04-03,20:43:00
2880,2023-04-03,21:00:00
2881,2023-04-03,18:54:00
2882,2023-04-03,21:54:00
2883,2023-04-03,23:07:00
2884,2023-04-03,21:31:00
2885,2023-04-03,11:56:00
2886,2023-04-03,18:17:00
2887,2023-04-03,21:20:00
2888,2023-04-03,08:21:00
2889,2023-04-03,11:47:00
2890,2023-04-03,14:04:00
2891,2023-04-03,19:10:00
2892,2023-04-04,11:01:00
2893,2023-04-04,15:37:00
2894,2023-04-04,20:53:00
2895,2023-04-04,11:30:00
2896,2023-04-04,13:53:00
2897,2023-04-04,13:33:00
2898,2023-04-04,18:49:00
2899,2023-04-04,21:48:00
2900,2023-04-04,14:37:00
2901,2023-04-04,11:58:00
2902,2023-04-04,09:56:00
2903,2023-04-04,18:50:00
2904,2023-04-04,14:03:00
2905,2023-04-04,14:04:00
2906,2023-04-04,11:35:00
2907,2023-04-04,14:25:00
2908,2023-04-04,14:14:00
2909,2023-04-04,18:29:00
2910,2023-04-04,14:56:00
2911,2023-04-04,18:21:00
2912,2023-04-04,18:29:00
2913,2023-04-04,19:06:00
2914,2023-04-04,11:37:00
2915,2023-04-04,19:57:00
2916,2023-04-04,20:22:00
2917,2023-04-04,17:39:00
2918,2023-04-04,15:08:00
2919,2023-04-04,18:08:00
2920,2023-04-05,20:19:00
2921,2023-04-05,19:09:00
2922,2023-04-05,17:21:00
2923,2023-04-05,11:33:00
2924,2023-04-05,19:03:00
2925,2023-04-05,11:27:00
2926,2023-04-05,12:40:00
2927,2023-04-05,18:21:00
2928,2023-04-05,14:44:00
2929,2023-04-05,21:38:00
2930,2023-04-05,20:39:00
2931,2023-04-05,13:10:00
2932,2023-04-05,11:31:00
2933,2023-04-05,11:40:00
2934,2023-04-05,12:29:00
2935,2023-04-05,19:30:00
2936,2023-04-05,20:51:00
2937,2023-04-05,19:25:00
2938,2023-04-05,11:23:00
2939,2023-04-05,09:01:00
2940,2023-04-05,19:18:00
2941,2023-04-05,17:37:00
2942,2023-04-05,20:02:00
2943,2023-04-05,22:12:00
2944,2023-04-05,12:56:00
2945,2023-04-05,12:21:00
2946,2023-04-05,19:11:00
2947,2023-04-06,09:58:00
2948,2023-04-06,12:24:00
2949,2023-04-06,18:21:00
2950,2023-04-06,20:29:00
2951,2023-04-06,13:42:00
2952,2023-04-06,14:56:00
2953,2023-04-06,18:09:00
2954,2023-04-06,19:50:00
2955,2023-04-06,14:44:00
2956,2023-04-06,14:40:00
2957,2023-04-06,11:48:00
2958,2023-04-06,19:54:00
2959,2023-04-06,19:20:00
2960,2023-04-06,13:55:00
2961,2023-04-06,14:13:00
2962,2023-04-06,21:50:00
2963,2023-04-06,18:10:00
2964,2023-04-06,20:31:00
2965,2023-04-06,19:20:00
2966,2023-04-06,21:45:00
2967,2023-04-06,23:17:00
2968,2023-04-06,18:13:00
2969,2023-04-06,12:28:00
2970,2023-04-06,21:13:00
2971,2023-04-07,16:36:00
2972,2023-04-07,13:16:00
2973,2023-04-07,19:48:00
2974,2023-04-07,14:33:00
2975,2023-04-07,11:29:00
2976,2023-04-07,20:27:00
2977,2023-04-07,16:26:00
2978,2023-04-07,14:20:00
2979,2023-04-07,11:11:00
2980,2023-04-07,16:41:00
2981,2023-04-07,11:18:00
2982,2023-04-07,18:50:00
2983,2023-04-07,12:06:00
2984,2023-04-07,13:02:00
2985,2023-04-07,20:12:00
2986,2023-04-07,20:19:00
2987,2023-04-07,20:12:00
2988,2023-04-07,19:54:00
2989,2023-04-07,20:00:00
2990,2023-04-07,20:52:00
2991,2023-04-07,14:25:00
2992,2023-04-07,18:30:00
2993,2023-04-07,19:55:00
2994,2023-04-07,12:46:00
2995,2023-04-07,21:14:00
2996,2023-04-07,21:46:00
2997,2023-04-07,20:50:00
2998,2023-04-07,12:27:00
2999,2023-04-07,21:13:00
3000,2023-04-07,17:01:00
3001,2023-04-07,12:19:00
3002,2023-04-07,18:31:00
3003,2023-04-07,20:21:00
3004,2023-04-07,14:43:00
3005,2023-04-07,20:20:00
3006,2023-04-07,18:59:00
3007,2023-04-07,13:36:00
3008,2023-04-07,21:24:00
3009,2023-04-07,14:04:00
3010,2023-04-08,14:06:00
3011,2023-04-08,14:40:00
3012,2023-04-08,18:10:00
3013,2023-04-08,12:02:00
3014,2023-04-08,21:01:00
3015,2023-04-08,11:58:00
3016,2023-04-08,23:13:00
3017,2023-04-08,11:29:00
3018,2023-04-08,11:10:00
3019,2023-04-08,14:25:00
3020,2023-04-08,11:08:00
3021,2023-04-08,21:47:00
3022,2023-04-08,12:08:00
3023,2023-04-08,20:27:00
3024,2023-04-08,21:10:00
3025,2023-04-08,20:37:00
3026,2023-04-08,14:17:00
3027,2023-04-08,12:28:00
3028,2023-04-08,14:38:00
3029,2023-04-08,20:58:00
3030,2023-04-08,21:29:00
3031,2023-04-08,15:47:00
3032,2023-04-08,14:22:00
3033,2023-04-08,20:25:00
3034,2023-04-08,19:26:00
3035,2023-04-08,14:29:00
3036,2023-04-08,12:44:00
3037,2023-04-08,21:44:00
3038,2023-04-08,19:56:00
3039,2023-04-08,20:56:00
3040,2023-04-08,20:42:00
3041,2023-04-08,19:58:00
3042,2023-04-08,17:07:00
3043,2023-04-08,22:48:00
3044,2023-04-08,13:26:00
3045,2023-04-08,16:13:00
3046,2023-04-08,21:01:00
3047,2023-04-08,14:24:00
3048,2023-04-08,14:54:00
3049,2023-04-08,11:00:00
3050,2023-04-08,12:20:00
3051,2023-04-08,21:31:00
3052,2023-04-08,15:35:00
3053,2023-04-08,21:08:00
3054,2023-04-08,16:53:00
3055,2023-04-08,11:38:00
3056,2023-04-08,13:07:00
3057,2023-04-09,19:04:00
3058,2023-04-09,18:43:00
3059,2023-04-09,14:22:00
3060,2023-04-09,11:57:00
3061,2023-04-09,19:28:00
3062,2023-04-09,18:24:00
3063,2023-04-09,21:03:00
3064,2023-04-09,18:49:00
3065,2023-04-09,12:59:00
3066,2023-04-09,12:12:00
3067,2023-04-09,14:01:00
3068,2023-04-09,23:52:00
3069,2023-04-09,11:14:00
3070,2023-04-09,22:51:00
3071,2023-04-09,19:46:00
3072,2023-04-09,14:32:00
3073,2023-04-09,13:20:00
3074,2023-04-09,19:39:00
3075,2023-04-09,14:27:00
3076,2023-04-09,12:06:00
3077,2023-04-09,12:00:00
3078,2023-04-09,16:00:00
3079,2023-04-09,14:14:00
3080,2023-04-09,13:41:00
3081,2023-04-09,18:04:00
3082,2023-04-09,21:19:00
3083,2023-04-09,21:06:00
3084,2023-04-09,19:16:00
3085,2023-04-09,23:40:00
3086,2023-04-09,19:21:00
3087,2023-04-09,13:54:00
3088,2023-04-09,18:21:00
3089,2023-04-09,10:24:00
3090,2023-04-09,19:32:00
3091,2023-04-09,18:14:00
3092,2023-04-09,07:19:00
3093,2023-04-09,14:48:00
3094,2023-04-09,11:03:00
3095,2023-04-09,14:18:00
3096,2023-04-09,14:13:00
3097,2023-04-09,19:59:00
3098,2023-04-09,21:47:00
3099,2023-04-09,19:17:00
3100,2023-04-09,11:33:00
3101,2023-04-09,21:41:00
3102,2023-04-09,18:14:00
3103,2023-04-09,20:21:00
3104,2023-04-10,11:58:00
3105,2023-04-10,19:51:00
3106,2023-04-10,19:38:00
3107,2023-04-10,20:11:00
3108,2023-04-10,15:04:00
3109,2023-04-10,18:12:00
3110,2023-04-10,12:13:00
3111,2023-04-10,12:37:00
3112,2023-04-10,19:15:00
3113,2023-04-10,21:46:00
3114,2023-04-10,15:46:00
3115,2023-04-10,14:11:00
3116,2023-04-10,20:18:00
3117,2023-04-10,19:17:00
3118,2023-04-10,21:05:00
3119,2023-04-10,23:25:00
3120,2023-04-10,14:28:00
3121,2023-04-10,17:47:00
3122,2023-04-10,15:52:00
3123,2023-04-10,23:01:00
3124,2023-04-10,21:54:00
3125,2023-04-10,13:38:00
3126,2023-04-10,19:16:00
3127,2023-04-10,13:29:00
3128,2023-04-10,14:04:00
3129,2023-04-11,14:12:00
3130,2023-04-11,12:00:00
3131,2023-04-11,09:31:00
3132,2023-04-11,16:25:00
3133,2023-04-11,23:24:00
3134,2023-04-11,17:37:00
3135,2023-04-11,11:58:00
3136,2023-04-11,12:12:00
3137,2023-04-11,20:49:00
3138,2023-04-11,20:32:00
3139,2023-04-11,20:44:00
3140,2023-04-11,14:59:00
3141,2023-04-11,15:15:00
3142,2023-04-11,16:40:00
3143,2023-04-11,18:44:00
3144,2023-04-11,19:16:00
3145,2023-04-11,19:16:00
3146,2023-04-11,12:00:00
3147,2023-04-11,11:41:00
3148,2023-04-11,21:25:00
3149,2023-04-11,18:33:00
3150,2023-04-11,21:10:00
3151,2023-04-11,20:44:00
3152,2023-04-11,14:37:00
3153,2023-04-11,14:48:00
3154,2023-04-11,18:06:00
3155,2023-04-11,20:52:00
3156,2023-04-11,12:59:00
3157,2023-04-12,18:10:00
3158,2023-04-12,18:06:00
3159,2023-04-12,14:33:00
3160,2023-04-12,16:46:00
3161,2023-04-12,15:23:00
3162,2023-04-12,12:12:00
3163,2023-04-12,17:07:00
3164,2023-04-12,15:11:00
3165,2023-04-12,12:51:00
3166,2023-04-12,20:57:00
3167,2023-04-12,21:40:00
3168,2023-04-12,18:55:00
3169,2023-04-12,18:18:00
3170,2023-04-12,11:17:00
3171,2023-04-12,11:37:00
3172,2023-04-12,14:43:00
3173,2023-04-12,18:03:00
3174,2023-04-12,11:42:00
3175,2023-04-12,18:06:00
3176,2023-04-12,11:24:00
3177,2023-04-12,20:59:00
3178,2023-04-12,16:38:00
3179,2023-04-12,16:43:00
3180,2023-04-12,20:52:00
3181,2023-04-12,13:42:00
3182,2023-04-12,11:22:00
3183,2023-04-12,18:00:00
3184,2023-04-12,17:25:00
3185,2023-04-12,19:01:00
3186,2023-04-12,20:44:00
3187,2023-04-13,14:32:00
3188,2023-04-13,15:00:00
3189,2023-04-13,23:01:00
3190,2023-04-13,18:51:00
3191,2023-04-13,21:14:00
3192,2023-04-13,21:47:00
3193,2023-04-13,18:22:00
3194,2023-04-13,16:42:00
3195,2023-04-13,18:46:00
3196,2023-04-13,12:45:00
3197,2023-04-13,11:08:00
3198,2023-04-13,15:19:00
3199,2023-04-13,21:10:00
3200,2023-04-13,18:30:00
3201,2023-04-13,19:15:00
3202,2023-04-13,11:06:00
3203,2023-04-13,17:01:00
3204,2023-04-13,13:57:00
3205,2023-04-13,13:14:00
3206,2023-04-13,21:57:00
3207,2023-04-13,19:59:00
3208,2023-04-13,21:05:00
3209,2023-04-13,20:55:00
3210,2023-04-13,11:41:00
3211,2023-04-13,14:41:00
3212,2023-04-14,21:51:00
3213,2023-04-14,13:07:00
3214,2023-04-14,11:05:00
3215,2023-04-14,12:47:00
3216,2023-04-14,20:08:00
3217,2023-04-14,21:36:00
3218,2023-04-14,20:03:00
3219,2023-04-14,19:54:00
3220,2023-04-14,14:20:00
3221,2023-04-14,19:33:00
3222,2023-04-14,19:06:00
3223,2023-04-14,14:20:00
3224,2023-04-14,13:53:00
3225,2023-04-14,14:09:00
3226,2023-04-14,19:47:00
3227,2023-04-14,18:38:00
3228,2023-04-14,11:17:00
3229,2023-04-14,23:40:00
3230,2023-04-14,21:18:00
3231,2023-04-14,21:03:00
3232,2023-04-14,23:09:00
3233,2023-04-14,19:54:00
3234,2023-04-14,19:44:00
3235,2023-04-14,19:54:00
3236,2023-04-14,16:19:00
3237,2023-04-14,22:01:00
3238,2023-04-14,20:27:00
3239,2023-04-14,20:48:00
3240,2023-04-14,11:33:00
3241,2023-04-14,20:44:00
3242,2023-04-14,21:06:00
3243,2023-04-14,11:54:00
3244,2023-04-14,20:29:00
3245,2023-04-14,19:28:00
3246,2023-04-14,20:57:00
3247,2023-04-14,12:51:00
3248,2023-04-14,18:23:00
3249,2023-04-14,18:43:00
3250,2023-04-14,19:24:00
3251,2023-04-14,23:43:00
3252,2023-04-14,18:06:00
3253,2023-04-14,14:11:00
3254,2023-04-14,18:32:00
3255,2023-04-14,21:09:00
3256,2023-04-14,21:15:00
3257,2023-04-14,08:25:00
3258,2023-04-14,17:38:00
3259,2023-04-14,23:49:00
3260,2023-04-14,18:49:00
3261,2023-04-14,17:24:00
3262,2023-04-15,21:23:00
3263,2023-04-15,07:05:00
3264,2023-04-15,12:01:00
3265,2023-04-15,21:17:00
3266,2023-04-15,18:50:00
3267,2023-04-15,21:30:00
3268,2023-04-15,23:19:00
3269,2023-04-15,18:20:00
3270,2023-04-15,12:25:00
3271,2023-04-15,18:25:00
3272,2023-04-15,21:04:00
3273,2023-04-15,18:48:00
3274,2023-04-15,18:11:00
3275,2023-04-15,19:00:00
3276,2023-04-15,20:07:00
3277,2023-04-15,08:41:00
3278,2023-04-15,13:54:00
3279,2023-04-15,18:07:00
3280,2023-04-15,20:34:00
3281,2023-04-15,11:15:00
3282,2023-04-15,13:42:00
3283,2023-04-15,19:36:00
3284,2023-04-15,16:33:00
3285,2023-04-15,20:38:00
3286,2023-04-15,19:44:00
3287,2023-04-15,11:15:00
3288,2023-04-15,08:19:00
3289,2023-04-15,19:08:00
3290,2023-04-15,19:37:00
3291,2023-04-15,12:46:00
3292,2023-04-15,18:35:00
3293,2023-04-15,14:41:00
3294,2023-04-15,21:29:00
3295,2023-04-15,13:43:00
3296,2023-04-15,17:09:00
3297,2023-04-15,18:40:00
3298,2023-04-15,19:45:00
3299,2023-04-15,12:26:00
3300,2023-04-16,14:24:00
3301,2023-04-16,08:04:00
3302,2023-04-16,11:43:00
3303,2023-04-16,18:21:00
3304,2023-04-16,20:58:00
3305,2023-04-16,13:09:00
3306,2023-04-16,19:17:00
3307,2023-04-16,10:14:00
3308,2023-04-16,11:50:00
3309,2023-04-16,19:33:00
3310,2023-04-16,20:37:00
3311,2023-04-16,21:06:00
3312,2023-04-16,20:35:00
3313,2023-04-16,11:57:00
3314,2023-04-16,09:48:00
3315,2023-04-16,13:51:00
3316,2023-04-16,21:30:00
3317,2023-04-16,20:00:00
3318,2023-04-16,19:42:00
3319,2023-04-16,14:36:00
3320,2023-04-16,18:58:00
3321,2023-04-16,20:45:00
3322,2023-04-16,21:45:00
3323,2023-04-16,16:22:00
3324,2023-04-16,20:17:00
3325,2023-04-16,22:19:00
3326,2023-04-16,18:19:00
3327,2023-04-16,16:54:00
3328,2023-04-16,11:04:00
3329,2023-04-16,18:10:00
3330,2023-04-16,18:47:00
3331,2023-04-16,14:51:00
3332,2023-04-16,21:43:00
3333,2023-04-16,19:30:00
3334,2023-04-17,18:25:00
3335,2023-04-17,08:58:00
3336,2023-04-17,18:45:00
3337,2023-04-17,17:47:00
3338,2023-04-17,11:38:00
3339,2023-04-17,15:43:00
3340,2023-04-17,19:11:00
3341,2023-04-17,12:32:00
3342,2023-04-17,11:27:00
3343,2023-04-17,15:23:00
3344,2023-04-17,23:58:00
3345,2023-04-17,18:18:00
3346,2023-04-17,13:16:00
3347,2023-04-17,14:13:00
3348,2023-04-17,18:59:00
3349,2023-04-17,17:54:00
3350,2023-04-17,16:00:00
3351,2023-04-17,20:19:00
3352,2023-04-17,11:22:00
3353,2023-04-17,19:25:00
3354,2023-04-17,11:27:00
3355,2023-04-17,15:33:00
3356,2023-04-17,19:26:00
3357,2023-04-17,14:00:00
3358,2023-04-17,13:14:00
3359,2023-04-17,16:19:00
3360,2023-04-17,12:34:00
3361,2023-04-17,18:28:00
3362,2023-04-17,21:10:00
3363,2023-04-17,14:00:00
3364,2023-04-17,12:07:00
3365,2023-04-17,11:08:00
3366,2023-04-17,13:57:00
3367,2023-04-18,12:30:00
3368,2023-04-18,23:07:00
3369,2023-04-18,17:31:00
3370,2023-04-18,19:20:00
3371,2023-04-18,21:32:00
3372,2023-04-18,21:08:00
3373,2023-04-18,11:50:00
3374,2023-04-18,08:22:00
3375,2023-04-18,19:03:00
3376,2023-04-18,20:27:00
3377,2023-04-18,22:27:00
3378,2023-04-18,16:31:00
3379,2023-04-18,14:15:00
3380,2023-04-18,19:15:00
3381,2023-04-18,11:55:00
3382,2023-04-18,12:42:00
3383,2023-04-18,19:30:00
3384,2023-04-18,18:44:00
3385,2023-04-18,19:12:00
3386,2023-04-19,12:25:00
3387,2023-04-19,08:59:00
3388,2023-04-19,11:39:00
3389,2023-04-19,11:24:00
3390,2023-04-19,16:44:00
3391,2023-04-19,19:14:00
3392,2023-04-19,14:03:00
3393,2023-04-19,18:19:00
3394,2023-04-19,13:17:00
3395,2023-04-19,21:15:00
3396,2023-04-19,11:11:00
3397,2023-04-19,07:42:00
3398,2023-04-19,19:18:00
3399,2023-04-19,17:06:00
3400,2023-04-19,16:31:00
3401,2023-04-19,13:07:00
3402,2023-04-19,11:43:00
3403,2023-04-19,19:21:00
3404,2023-04-19,13:47:00
3405,2023-04-19,20:15:00
3406,2023-04-19,19:37:00
3407,2023-04-19,11:08:00
3408,2023-04-20,08:12:00
3409,2023-04-20,18:04:00
3410,2023-04-20,20:19:00
3411,2023-04-20,19:34:00
3412,2023-04-20,18:08:00
3413,2023-04-20,13:57:00
3414,2023-04-20,20:57:00
3415,2023-04-20,11:58:00
3416,2023-04-20,16:26:00
3417,2023-04-20,18:10:00
3418,2023-04-20,19:18:00
3419,2023-04-20,07:50:00
3420,2023-04-20,22:47:00
3421,2023-04-20,21:43:00
3422,2023-04-20,18:10:00
3423,2023-04-20,17:24:00
3424,2023-04-20,21:25:00
3425,2023-04-20,19:11:00
3426,2023-04-20,08:37:00
3427,2023-04-20,21:32:00
3428,2023-04-20,20:19:00
3429,2023-04-21,13:35:00
3430,2023-04-21,12:02:00
3431,2023-04-21,20:02:00
3432,2023-04-21,20:59:00
3433,2023-04-21,11:41:00
3434,2023-04-21,22:34:00
3435,2023-04-21,13:40:00
3436,2023-04-21,20:20:00
3437,2023-04-21,13:46:00
3438,2023-04-21,13:20:00
3439,2023-04-21,22:52:00
3440,2023-04-21,13:11:00
3441,2023-04-21,11:34:00
3442,2023-04-21,18:46:00
3443,2023-04-21,21:41:00
3444,2023-04-21,12:52:00
3445,2023-04-21,16:17:00
3446,2023-04-21,14:09:00
3447,2023-04-21,17:46:00
3448,2023-04-21,15:57:00
3449,2023-04-21,16:11:00
3450,2023-04-21,15:12:00
3451,2023-04-21,19:41:00
3452,2023-04-21,13:10:00
3453,2023-04-21,21:43:00
3454,2023-04-21,18:09:00
3455,2023-04-21,12:29:00
3456,2023-04-21,21:06:00
3457,2023-04-21,19:46:00
3458,2023-04-21,18:38:00
3459,2023-04-21,14:01:00
3460,2023-04-21,11:48:00
3461,2023-04-21,18:08:00
3462,2023-04-21,11:17:00
3463,2023-04-21,11:50:00
3464,2023-04-21,22:34:00
3465,2023-04-21,20:54:00
3466,2023-04-22,14:48:00
3467,2023-04-22,21:52:00
3468,2023-04-22,13:30:00
3469,2023-04-22,11:34:00
3470,2023-04-22,18:01:00
3471,2023-04-22,18:34:00
3472,2023-04-22,14:09:00
3473,2023-04-22,08:01:00
3474,2023-04-22,14:09:00
3475,2023-04-22,13:14:00
3476,2023-04-22,21:43:00
3477,2023-04-22,18:31:00
3478,2023-04-22,11:14:00
3479,2023-04-22,13:22:00
3480,2023-04-22,13:07:00
3481,2023-04-22,11:57:00
3482,2023-04-22,08:11:00
3483,2023-04-22,16:38:00
3484,2023-04-22,14:09:00
3485,2023-04-22,20:39:00
3486,2023-04-22,20:56:00
3487,2023-04-22,14:42:00
3488,2023-04-22,13:51:00
3489,2023-04-22,18:50:00
3490,2023-04-22,08:49:00
3491,2023-04-22,20:09:00
3492,2023-04-22,14:52:00
3493,2023-04-22,14:46:00
3494,2023-04-22,11:20:00
3495,2023-04-22,22:49:00
3496,2023-04-22,13:31:00
3497,2023-04-22,17:26:00
3498,2023-04-23,20:08:00
3499,2023-04-23,19:24:00
3500,2023-04-23,16:34:00
3501,2023-04-23,19:24:00
3502,2023-04-23,14:33:00
3503,2023-04-23,19:44:00
3504,2023-04-23,13:00:00
3505,2023-04-23,11:23:00
3506,2023-04-23,19:58:00
3507,2023-04-23,13:23:00
3508,2023-04-23,19:18:00
3509,2023-04-23,17:59:00
3510,2023-04-23,19:13:00
3511,2023-04-23,18:47:00
3512,2023-04-23,12:24:00
3513,2023-04-23,21:23:00
3514,2023-04-23,11:42:00
3515,2023-04-23,21:53:00
3516,2023-04-23,19:01:00
3517,2023-04-23,12:05:00
3518,2023-04-23,11:36:00
3519,2023-04-23,21:09:00
3520,2023-04-23,21:47:00
3521,2023-04-23,13:30:00
3522,2023-04-23,16:28:00
3523,2023-04-23,18:18:00
3524,2023-04-23,11:56:00
3525,2023-04-23,19:32:00
3526,2023-04-23,14:53:00
3527,2023-04-23,16:35:00
3528,2023-04-23,20:58:00
3529,2023-04-23,20:45:00
3530,2023-04-23,12:17:00
3531,2023-04-23,23:08:00
3532,2023-04-23,21:39:00
3533,2023-04-23,14:11:00
3534,2023-04-23,18:52:00
3535,2023-04-23,21:20:00
3536,2023-04-23,21:52:00
3537,2023-04-23,11:51:00
3538,2023-04-23,14:12:00
3539,2023-04-23,11:04:00
3540,2023-04-23,13:01:00
3541,2023-04-23,12:34:00
3542,2023-04-23,12:38:00
3543,2023-04-23,09:12:00
3544,2023-04-23,18:15:00
3545,2023-04-23,11:36:00
3546,2023-04-23,23:02:00
3547,2023-04-24,13:00:00
3548,2023-04-24,23:25:00
3549,2023-04-24,20:48:00
3550,2023-04-24,13:08:00
3551,2023-04-24,18:21:00
3552,2023-04-24,17:32:00
3553,2023-04-24,12:01:00
3554,2023-04-24,21:30:00
3555,2023-04-24,18:18:00
3556,2023-04-24,14:05:00
3557,2023-04-24,18:45:00
3558,2023-04-24,12:51:00
3559,2023-04-24,19:49:00
3560,2023-04-24,20:28:00
3561,2023-04-24,20:18:00
3562,2023-04-24,14:02:00
3563,2023-04-24,21:15:00
3564,2023-04-24,11:09:00
3565,2023-04-24,21:06:00
3566,2023-04-25,13:35:00
3567,2023-04-25,18:31:00
3568,2023-04-25,13:10:00
3569,2023-04-25,19:04:00
3570,2023-04-25,13:22:00
3571,2023-04-25,12:45:00
3572,2023-04-25,20:30:00
3573,2023-04-25,23:41:00
3574,2023-04-25,18:36:00
3575,2023-04-25,16:54:00
3576,2023-04-25,14:54:00
3577,2023-04-25,19:28:00
3578,2023-04-25,13:23:00
3579,2023-04-25,14:32:00
3580,2023-04-25,17:02:00
3581,2023-04-25,18:47:00
3582,2023-04-25,18:09:00
3583,2023-04-25,20:24:00
3584,2023-04-26,18:14:00
3585,2023-04-26,14:42:00
3586,2023-04-26,14:29:00
3587,2023-04-26,21:06:00
3588,2023-04-26,11:58:00
3589,2023-04-26,23:49:00
3590,2023-04-26,16:21:00
3591,2023-04-26,13:38:00
3592,2023-04-26,17:47:00
3593,2023-04-26,16:29:00
3594,2023-04-26,08:30:00
3595,2023-04-26,12:20:00
3596,2023-04-26,21:03:00
3597,2023-04-26,20:50:00
3598,2023-04-26,16:13:00
3599,2023-04-26,11:48:00
3600,2023-04-26,20:16:00
3601,2023-04-26,18:09:00
3602,2023-04-26,14:05:00
3603,2023-04-26,14:55:00
3604,2023-04-26,15:42:00
3605,2023-04-26,19:53:00
3606,2023-04-26,14:21:00
3607,2023-04-27,13:26:00
3608,2023-04-27,17:44:00
3609,2023-04-27,21:22:00
3610,2023-04-27,21:52:00
3611,2023-04-27,08:04:00
3612,2023-04-27,19:20:00
3613,2023-04-27,20:00:00
3614,2023-04-27,14:59:00
3615,2023-04-27,13:07:00
3616,2023-04-27,21:16:00
3617,2023-04-27,18:28:00
3618,2023-04-27,19:40:00
3619,2023-04-27,17:06:00
3620,2023-04-27,08:26:00
3621,2023-04-27,19:38:00
3622,2023-04-27,13:13:00
3623,2023-04-27,22:23:00
3624,2023-04-27,18:19:00
3625,2023-04-27,18:44:00
3626,2023-04-27,16:26:00
3627,2023-04-27,16:53:00
3628,2023-04-27,20:07:00
3629,2023-04-27,21:27:00
3630,2023-04-27,12:34:00
3631,2023-04-27,16:54:00
3632,2023-04-27,21:40:00
3633,2023-04-27,11:05:00
3634,2023-04-28,11:39:00
3635,2023-04-28,18:31:00
3636,2023-04-28,18:40:00
3637,2023-04-28,17:51:00
3638,2023-04-28,09:54:00
3639,2023-04-28,15:49:00
3640,2023-04-28,16:07:00
3641,2023-04-28,14:07:00
3642,2023-04-28,14:26:00
3643,2023-04-28,21:00:00
3644,2023-04-28,19:32:00
3645,2023-04-28,13:19:00
3646,2023-04-28,21:43:00
3647,2023-04-28,14:02:00
3648,2023-04-28,08:50:00
3649,2023-04-28,13:21:00
3650,2023-04-28,14:15:00
3651,2023-04-28,21:12:00
3652,2023-04-28,21:53:00
3653,2023-04-28,14:08:00
3654,2023-04-28,21:46:00
3655,2023-04-28,13:33:00
3656,2023-04-28,12:06:00
3657,2023-04-28,19:32:00
3658,2023-04-28,14:53:00
3659,2023-04-28,20:53:00
3660,2023-04-28,20:13:00
3661,2023-04-28,11:27:00
3662,2023-04-28,08:01:00
3663,2023-04-28,18:36:00
3664,2023-04-28,12:29:00
3665,2023-04-28,20:11:00
3666,2023-04-28,12:19:00
3667,2023-04-29,19:46:00
3668,2023-04-29,21:49:00
3669,2023-04-29,11:17:00
3670,2023-04-29,12:40:00
3671,2023-04-29,07:07:00
3672,2023-04-29,17:07:00
3673,2023-04-29,13:16:00
3674,2023-04-29,18:04:00
3675,2023-04-29,16:58:00
3676,2023-04-29,21:06:00
3677,2023-04-29,15:26:00
3678,2023-04-29,11:13:00
3679,2023-04-29,21:56:00
3680,2023-04-29,14:51:00
3681,2023-04-29,13:00:00
3682,2023-04-29,18:07:00
3683,2023-04-29,23:30:00
3684,2023-04-29,22:10:00
3685,2023-04-29,20:59:00
3686,2023-04-29,11:34:00
3687,2023-04-29,08:13:00
3688,2023-04-29,18:57:00
3689,2023-04-29,13:08:00
3690,2023-04-29,12:17:00
3691,2023-04-29,12:05:00
3692,2023-04-29,13:29:00
3693,2023-04-29,21:27:00
3694,2023-04-29,21:59:00
3695,2023-04-29,12:12:00
3696,2023-04-29,20:25:00
3697,2023-04-29,13:10:00
3698,2023-04-29,21:27:00
3699,2023-04-29,21:38:00
3700,2023-04-29,20:39:00
3701,2023-04-29,14:27:00
3702,2023-04-29,13:23:00
3703,2023-04-30,21:10:00
3704,2023-04-30,20:37:00
3705,2023-04-30,17:52:00
3706,2023-04-30,20:25:00
3707,2023-04-30,08:51:00
3708,2023-04-30,12:22:00
3709,2023-04-30,12:42:00
3710,2023-04-30,12:49:00
3711,2023-04-30,11:20:00
3712,2023-04-30,20:13:00
3713,2023-04-30,16:57:00
3714,2023-04-30,11:24:00
3715,2023-04-30,12:33:00
3716,2023-04-30,13:45:00
3717,2023-04-30,18:36:00
3718,2023-04-30,21:43:00
3719,2023-04-30,20:52:00
3720,2023-04-30,12:03:00
3721,2023-04-30,21:02:00
3722,2023-04-30,23:07:00
3723,2023-04-30,12:38:00
3724,2023-04-30,14:15:00
3725,2023-04-30,20:01:00
3726,2023-04-30,18:58:00
3727,2023-04-30,15:53:00
3728,2023-04-30,22:57:00
3729,2023-04-30,18:21:00
3730,2023-04-30,18:30:00
3731,2023-04-30,14:46:00
3732,2023-04-30,13:48:00
3733,2023-04-30,11:35:00
3734,2023-04-30,21:39:00
3735,2023-04-30,09:44:00
3736,2023-04-30,23:54:00
3737,2023-04-30,18:53:00
3738,2023-04-30,11:01:00
3739,2023-04-30,11:08:00
3740,2023-04-30,13:55:00
3741,2023-04-30,21:14:00
3742,2023-04-30,12:46:00
3743,2023-04-30,20:52:00
3744,2023-04-30,18:59:00
3745,2023-04-30,18:16:00
3746,2023-04-30,18:07:00
3747,2023-04-30,09:04:00
3748,2023-04-30,14:17:00
3749,2023-04-30,19:37:00
3750,2023-04-30,15:20:00
3751,2023-04-30,21:40:00
3752,2023-04-30,15:33:00
3753,2023-05-01,14:42:00
3754,2023-05-01,16:20:00
3755,2023-05-01,21:14:00
3756,2023-05-01,13:45:00
3757,2023-05-01,12:42:00
3758,2023-05-01,19:44:00
3759,2023-05-01,14:03:00
3760,2023-05-01,12:29:00
3761,2023-05-01,19:31:00
3762,2023-05-01,12:52:00
3763,2023-05-01,20:48:00
3764,2023-05-01,21:41:00
3765,2023-05-01,11:58:00
3766,2023-05-01,13:24:00
3767,2023-05-01,22:49:00
3768,2023-05-01,15:17:00
3769,2023-05-01,17:19:00
3770,2023-05-01,22:09:00
3771,2023-05-01,15:47:00
3772,2023-05-01,11:57:00
3773,2023-05-01,16:01:00
3774,2023-05-01,17:28:00
3775,2023-05-01,11:59:00
3776,2023-05-01,20:27:00
3777,2023-05-01,14:32:00
3778,2023-05-01,16:03:00
3779,2023-05-01,16:06:00
3780,2023-05-01,10:46:00
3781,2023-05-01,19:18:00
3782,2023-05-01,12:38:00
3783,2023-05-01,14:33:00
3784,2023-05-01,17:03:00
3785,2023-05-01,18:14:00
3786,2023-05-01,11:36:00
3787,2023-05-02,11:17:00
3788,2023-05-02,14:25:00
3789,2023-05-02,12:46:00
3790,2023-05-02,20:31:00
3791,2023-05-02,12:22:00
3792,2023-05-02,20:46:00
3793,2023-05-02,08:32:00
3794,2023-05-02,21:47:00
3795,2023-05-02,12:10:00
3796,2023-05-02,11:10:00
3797,2023-05-02,14:09:00
3798,2023-05-02,23:27:00
3799,2023-05-02,12:16:00
3800,2023-05-02,19:43:00
3801,2023-05-02,18:38:00
3802,2023-05-02,14:37:00
3803,2023-05-02,08:30:00
3804,2023-05-02,11:36:00
3805,2023-05-02,20:53:00
3806,2023-05-02,12:48:00
3807,2023-05-02,11:06:00
3808,2023-05-02,13:28:00
3809,2023-05-02,16:34:00
3810,2023-05-02,14:16:00
3811,2023-05-02,11:52:00
3812,2023-05-02,13:57:00
3813,2023-05-03,21:07:00
3814,2023-05-03,11:09:00
3815,2023-05-03,22:42:00
3816,2023-05-03,23:31:00
3817,2023-05-03,10:23:00
3818,2023-05-03,11:12:00
3819,2023-05-03,21:40:00
3820,2023-05-03,13:56:00
3821,2023-05-03,21:56:00
3822,2023-05-03,20:58:00
3823,2023-05-03,20:25:00
3824,2023-05-03,20:19:00
3825,2023-05-03,13:53:00
3826,2023-05-03,21:50:00
3827,2023-05-03,16:18:00
3828,2023-05-03,11:31:00
3829,2023-05-03,19:29:00
3830,2023-05-03,20:39:00
3831,2023-05-03,19:19:00
3832,2023-05-03,15:51:00
3833,2023-05-03,14:02:00
3834,2023-05-03,11:03:00
3835,2023-05-03,15:27:00
3836,2023-05-03,11:03:00
3837,2023-05-03,13:56:00
3838,2023-05-03,12:05:00
3839,2023-05-03,19:46:00
3840,2023-05-03,11:18:00
3841,2023-05-03,14:59:00
3842,2023-05-03,14:27:00
3843,2023-05-03,11:57:00
3844,2023-05-03,13:38:00
3845,2023-05-03,14:43:00
3846,2023-05-03,19:43:00
3847,2023-05-04,14:35:00
3848,2023-05-04,13:05:00
3849,2023-05-04,14:34:00
3850,2023-05-04,14:06:00
3851,2023-05-04,14:44:00
3852,2023-05-04,13:29:00
3853,2023-05-04,14:26:00
3854,2023-05-04,23:01:00
3855,2023-05-04,18:49:00
3856,2023-05-04,15:39:00
3857,2023-05-04,19:37:00
3858,2023-05-04,19:39:00
3859,2023-05-04,20:03:00
3860,2023-05-04,21:08:00
3861,2023-05-04,15:29:00
3862,2023-05-04,21:53:00
3863,2023-05-04,11:17:00
3864,2023-05-04,18:21:00
3865,2023-05-04,20:36:00
3866,2023-05-04,16:55:00
3867,2023-05-04,11:44:00
3868,2023-05-04,12:35:00
3869,2023-05-04,21:08:00
3870,2023-05-04,12:19:00
3871,2023-05-05,11:51:00
3872,2023-05-05,17:12:00
3873,2023-05-05,11:09:00
3874,2023-05-05,18:33:00
3875,2023-05-05,12:06:00
3876,2023-05-05,17:28:00
3877,2023-05-05,11:19:00
3878,2023-05-05,15:52:00
3879,2023-05-05,13:52:00
3880,2023-05-05,21:54:00
3881,2023-05-05,18:27:00
3882,2023-05-05,11:11:00
3883,2023-05-05,12:10:00
3884,2023-05-05,19:30:00
3885,2023-05-05,16:42:00
3886,2023-05-05,14:23:00
3887,2023-05-05,21:24:00
3888,2023-05-05,18:29:00
3889,2023-05-05,16:09:00
3890,2023-05-05,10:07:00
3891,2023-05-05,18:37:00
3892,2023-05-05,14:02:00
3893,2023-05-05,20:08:00
3894,2023-05-05,17:29:00
3895,2023-05-05,12:22:00
3896,2023-05-05,19:22:00
3897,2023-05-05,21:32:00
3898,2023-05-05,12:22:00
3899,2023-05-05,20:29:00
3900,2023-05-05,19:17:00
3901,2023-05-05,20:59:00
3902,2023-05-05,14:24:00
3903,2023-05-05,22:36:00
3904,2023-05-05,20:08:00
3905,2023-05-05,20:37:00
3906,2023-05-05,21:04:00
3907,2023-05-05,08:14:00
3908,2023-05-05,11:31:00
3909,2023-05-05,21:20:00
3910,2023-05-05,19:06:00
3911,2023-05-05,19:46:00
3912,2023-05-05,21:59:00
3913,2023-05-05,13:07:00
3914,2023-05-05,07:28:00
3915,2023-05-05,18:59:00
3916,2023-05-05,11:44:00
3917,2023-05-05,15:40:00
3918,2023-05-05,19:12:00
3919,2023-05-05,14:43:00
3920,2023-05-05,12:47:00
3921,2023-05-06,17:51:00
3922,2023-05-06,18:37:00
3923,2023-05-06,07:13:00
3924,2023-05-06,08:57:00
3925,2023-05-06,10:36:00
3926,2023-05-06,18:21:00
3927,2023-05-06,14:12:00
3928,2023-05-06,21:32:00
3929,2023-05-06,12:51:00
3930,2023-05-06,14:40:00
3931,2023-05-06,11:36:00
3932,2023-05-06,13:06:00
3933,2023-05-06,12:03:00
3934,2023-05-06,20:01:00
3935,2023-05-06,13:59:00
3936,2023-05-06,21:45:00
3937,2023-05-06,12:18:00
3938,2023-05-06,12:54:00
3939,2023-05-06,20:25:00
3940,2023-05-06,18:37:00
3941,2023-05-06,16:41:00
3942,2023-05-06,09:26:00
3943,2023-05-06,13:56:00
3944,2023-05-06,19:13:00
3945,2023-05-06,20:59:00
3946,2023-05-06,18:15:00
3947,2023-05-06,17:57:00
3948,2023-05-06,18:22:00
3949,2023-05-06,23:38:00
3950,2023-05-06,18:56:00
3951,2023-05-06,19:17:00
3952,2023-05-06,18:02:00
3953,2023-05-06,15:41:00
3954,2023-05-06,14:19:00
3955,2023-05-06,19:01:00
3956,2023-05-07,08:34:00
3957,2023-05-07,21:43:00
3958,2023-05-07,18:35:00
3959,2023-05-07,16:49:00
3960,2023-05-07,12:27:00
3961,2023-05-07,19:07:00
3962,2023-05-07,17:57:00
3963,2023-05-07,12:21:00
3964,2023-05-07,15:15:00
3965,2023-05-07,11:14:00
3966,2023-05-07,17:36:00
3967,2023-05-07,07:55:00
3968,2023-05-07,18:04:00
3969,2023-05-07,14:11:00
3970,2023-05-07,13:22:00
3971,2023-05-07,19:18:00
3972,2023-05-07,14:30:00
3973,2023-05-07,18:04:00
3974,2023-05-07,12:31:00
3975,2023-05-07,20:57:00
3976,2023-05-07,19:28:00
3977,2023-05-07,20:49:00
3978,2023-05-07,19:33:00
3979,2023-05-07,20:44:00
3980,2023-05-07,18:03:00
3981,2023-05-07,14:45:00
3982,2023-05-07,23:17:00
3983,2023-05-07,12:53:00
3984,2023-05-07,22:19:00
3985,2023-05-07,19:07:00
3986,2023-05-07,12:02:00
3987,2023-05-08,21:07:00
3988,2023-05-08,07:17:00
3989,2023-05-08,14:19:00
3990,2023-05-08,18:03:00
3991,2023-05-08,14:31:00
3992,2023-05-08,10:24:00
3993,2023-05-08,15:13:00
3994,2023-05-08,14:34:00
3995,2023-05-08,13:02:00
3996,2023-05-08,20:59:00
3997,2023-05-08,09:59:00
3998,2023-05-08,20:51:00
3999,2023-05-08,19:48:00
4000,2023-05-08,10:55:00
4001,2023-05-08,17:59:00
4002,2023-05-08,18:51:00
4003,2023-05-08,14:46:00
4004,2023-05-08,20:54:00
4005,2023-05-08,23:27:00
4006,2023-05-08,20:10:00
4007,2023-05-08,23:47:00
4008,2023-05-08,22:08:00
4009,2023-05-08,20:51:00
4010,2023-05-08,20:05:00
4011,2023-05-08,23:21:00
4012,2023-05-09,09:23:00
4013,2023-05-09,13:50:00
4014,2023-05-09,18:07:00
4015,2023-05-09,13:53:00
4016,2023-05-09,12:28:00
4017,2023-05-09,16:00:00
4018,2023-05-09,16:30:00
4019,2023-05-09,19:26:00
4020,2023-05-09,11:17:00
4021,2023-05-09,20:04:00
4022,2023-05-09,16:49:00
4023,2023-05-09,20:55:00
4024,2023-05-09,15:40:00
4025,2023-05-09,11:14:00
4026,2023-05-09,11:11:00
4027,2023-05-09,21:37:00
4028,2023-05-09,12:03:00
4029,2023-05-09,23:16:00
4030,2023-05-09,09:34:00
4031,2023-05-09,19:22:00
4032,2023-05-09,14:07:00
4033,2023-05-09,19:13:00
4034,2023-05-09,13:53:00
4035,2023-05-09,21:04:00
4036,2023-05-09,20:09:00
4037,2023-05-09,09:21:00
4038,2023-05-09,23:30:00
4039,2023-05-09,20:39:00
4040,2023-05-09,09:02:00
4041,2023-05-09,12:58:00
4042,2023-05-10,12:51:00
4043,2023-05-10,13:13:00
4044,2023-05-10,11:42:00
4045,2023-05-10,21:48:00
4046,2023-05-10,22:04:00
4047,2023-05-10,22:36:00
4048,2023-05-10,21:34:00
4049,2023-05-10,18:38:00
4050,2023-05-10,17:33:00
4051,2023-05-10,16:12:00
4052,2023-05-10,20:58:00
4053,2023-05-10,12:51:00
4054,2023-05-10,20:14:00
4055,2023-05-10,17:07:00
4056,2023-05-10,21:46:00
4057,2023-05-10,23:23:00
4058,2023-05-10,11:58:00
4059,2023-05-10,14:38:00
4060,2023-05-11,16:14:00
4061,2023-05-11,19:59:00
4062,2023-05-11,21:43:00
4063,2023-05-11,19:38:00
4064,2023-05-11,13:21:00
4065,2023-05-11,11:26:00
4066,2023-05-11,15:36:00
4067,2023-05-11,15:57:00
4068,2023-05-11,14:00:00
4069,2023-05-11,14:16:00
4070,2023-05-11,21:47:00
4071,2023-05-11,11:53:00
4072,2023-05-11,17:10:00
4073,2023-05-11,22:32:00
4074,2023-05-11,21:57:00
4075,2023-05-11,15:25:00
4076,2023-05-11,19:45:00
4077,2023-05-11,13:57:00
4078,2023-05-11,20:37:00
4079,2023-05-11,18:46:00
4080,2023-05-11,09:28:00
4081,2023-05-11,21:47:00
4082,2023-05-11,20:48:00
4083,2023-05-11,15:46:00
4084,2023-05-11,11:09:00
4085,2023-05-12,20:43:00
4086,2023-05-12,21:20:00
4087,2023-05-12,17:46:00
4088,2023-05-12,18:14:00
4089,2023-05-12,13:03:00
4090,2023-05-12,21:18:00
4091,2023-05-12,13:48:00
4092,2023-05-12,12:02:00
4093,2023-05-12,19:27:00
4094,2023-05-12,20:06:00
4095,2023-05-12,12:07:00
4096,2023-05-12,14:28:00
4097,2023-05-12,12:18:00
4098,2023-05-12,20:38:00
4099,2023-05-12,19:42:00
4100,2023-05-12,11:13:00
4101,2023-05-12,19:01:00
4102,2023-05-12,18:57:00
4103,2023-05-12,19:00:00
4104,2023-05-12,15:23:00
4105,2023-05-12,14:46:00
4106,2023-05-12,15:53:00
4107,2023-05-12,15:45:00
4108,2023-05-12,18:28:00
4109,2023-05-12,21:16:00
4110,2023-05-12,12:17:00
4111,2023-05-12,18:22:00
4112,2023-05-12,19:46:00
4113,2023-05-12,12:32:00
4114,2023-05-12,14:40:00
4115,2023-05-13,18:45:00
4116,2023-05-13,18:27:00
4117,2023-05-13,13:12:00
4118,2023-05-13,18:40:00
4119,2023-05-13,19:08:00
4120,2023-05-13,19:43:00
4121,2023-05-13,14:09:00
4122,2023-05-13,15:46:00
4123,2023-05-13,15:12:00
4124,2023-05-13,18:33:00
4125,2023-05-13,19:00:00
4126,2023-05-13,16:35:00
4127,2023-05-13,19:02:00
4128,2023-05-13,16:39:00
4129,2023-05-13,12:40:00
4130,2023-05-13,12:56:00
4131,2023-05-13,12:56:00
4132,2023-05-13,14:31:00
4133,2023-05-13,21:38:00
4134,2023-05-13,14:18:00
4135,2023-05-13,11:56:00
4136,2023-05-13,20:26:00
4137,2023-05-13,23:15:00
4138,2023-05-13,18:11:00
4139,2023-05-13,16:42:00
4140,2023-05-13,14:45:00
4141,2023-05-13,14:53:00
4142,2023-05-13,21:38:00
4143,2023-05-13,15:01:00
4144,2023-05-13,12:56:00
4145,2023-05-13,21:03:00
4146,2023-05-13,20:16:00
4147,2023-05-13,21:25:00
4148,2023-05-13,21:25:00
4149,2023-05-13,11:17:00
4150,2023-05-13,15:21:00
4151,2023-05-13,18:19:00
4152,2023-05-13,15:36:00
4153,2023-05-13,19:49:00
4154,2023-05-13,20:08:00
4155,2023-05-13,18:46:00
4156,2023-05-13,10:05:00
4157,2023-05-13,20:58:00
4158,2023-05-13,11:41:00
4159,2023-05-13,08:23:00
4160,2023-05-13,19:53:00
4161,2023-05-14,12:18:00
4162,2023-05-14,20:21:00
4163,2023-05-14,17:46:00
4164,2023-05-14,11:02:00
4165,2023-05-14,18:32:00
4166,2023-05-14,14:02:00
4167,2023-05-14,13:01:00
4168,2023-05-14,12:02:00
4169,2023-05-14,11:52:00
4170,2023-05-14,21:08:00
4171,2023-05-14,20:55:00
4172,2023-05-14,11:32:00
4173,2023-05-14,21:01:00
4174,2023-05-14,08:06:00
4175,2023-05-14,21:12:00
4176,2023-05-14,20:50:00
4177,2023-05-14,11:19:00
4178,2023-05-14,12:06:00
4179,2023-05-14,14:24:00
4180,2023-05-14,11:14:00
4181,2023-05-14,23:30:00
4182,2023-05-14,12:24:00
4183,2023-05-14,10:46:00
4184,2023-05-14,13:48:00
4185,2023-05-14,18:28:00
4186,2023-05-14,11:25:00
4187,2023-05-14,21:23:00
4188,2023-05-14,15:41:00
4189,2023-05-14,12:51:00
4190,2023-05-14,18:06:00
4191,2023-05-14,19:55:00
4192,2023-05-14,19:05:00
4193,2023-05-14,14:33:00
4194,2023-05-14,19:03:00
4195,2023-05-14,20:26:00
4196,2023-05-14,13:53:00
4197,2023-05-14,13:44:00
4198,2023-05-14,21:55:00
4199,2023-05-14,08:48:00
4200,2023-05-14,21:34:00
4201,2023-05-14,17:15:00
4202,2023-05-14,14:32:00
4203,2023-05-14,18:58:00
4204,2023-05-14,11:24:00
4205,2023-05-14,11:10:00
4206,2023-05-14,18:10:00
4207,2023-05-14,11:02:00
4208,2023-05-15,17:51:00
4209,2023-05-15,19:47:00
4210,2023-05-15,21:25:00
4211,2023-05-15,07:27:00
4212,2023-05-15,23:33:00
4213,2023-05-15,13:36:00
4214,2023-05-15,19:18:00
4215,2023-05-15,19:51:00
4216,2023-05-15,20:33:00
4217,2023-05-15,21:29:00
4218,2023-05-15,13:59:00
4219,2023-05-15,19:10:00
4220,2023-05-15,21:00:00
4221,2023-05-15,12:09:00
4222,2023-05-15,15:19:00
4223,2023-05-15,19:44:00
4224,2023-05-15,14:21:00
4225,2023-05-15,14:38:00
4226,2023-05-15,13:40:00
4227,2023-05-15,19:22:00
4228,2023-05-15,19:17:00
4229,2023-05-15,14:37:00
4230,2023-05-15,20:39:00
4231,2023-05-15,20:35:00
4232,2023-05-15,19:04:00
4233,2023-05-15,18:46:00
4234,2023-05-15,12:16:00
4235,2023-05-15,19:51:00
4236,2023-05-15,21:21:00
4237,2023-05-15,20:51:00
4238,2023-05-15,21:13:00
4239,2023-05-16,08:13:00
4240,2023-05-16,12:09:00
4241,2023-05-16,11:20:00
4242,2023-05-16,11:08:00
4243,2023-05-16,21:27:00
4244,2023-05-16,20:19:00
4245,2023-05-16,18:15:00
4246,2023-05-16,21:49:00
4247,2023-05-16,14:22:00
4248,2023-05-16,13:33:00
4249,2023-05-16,12:10:00
4250,2023-05-16,20:45:00
4251,2023-05-16,14:35:00
4252,2023-05-16,17:50:00
4253,2023-05-16,11:35:00
4254,2023-05-16,20:11:00
4255,2023-05-16,09:54:00
4256,2023-05-16,17:22:00
4257,2023-05-16,19:39:00
4258,2023-05-16,19:24:00
4259,2023-05-16,11:12:00
4260,2023-05-16,17:12:00
4261,2023-05-16,09:21:00
4262,2023-05-17,20:32:00
4263,2023-05-17,20:02:00
4264,2023-05-17,21:25:00
4265,2023-05-17,09:17:00
4266,2023-05-17,18:55:00
4267,2023-05-17,21:38:00
4268,2023-05-17,21:11:00
4269,2023-05-17,17:48:00
4270,2023-05-17,18:02:00
4271,2023-05-17,12:45:00
4272,2023-05-17,19:05:00
4273,2023-05-17,15:03:00
4274,2023-05-17,17:03:00
4275,2023-05-17,13:54:00
4276,2023-05-17,11:21:00
4277,2023-05-17,20:57:00
4278,2023-05-17,20:33:00
4279,2023-05-17,10:26:00
4280,2023-05-17,18:04:00
4281,2023-05-17,12:46:00
4282,2023-05-17,12:28:00
4283,2023-05-18,12:44:00
4284,2023-05-18,19:40:00
4285,2023-05-18,18:19:00
4286,2023-05-18,13:07:00
4287,2023-05-18,11:36:00
4288,2023-05-18,18:07:00
4289,2023-05-18,19:46:00
4290,2023-05-18,13:37:00
4291,2023-05-18,18:49:00
4292,2023-05-18,11:13:00
4293,2023-05-18,21:05:00
4294,2023-05-18,19:19:00
4295,2023-05-18,19:47:00
4296,2023-05-18,19:19:00
4297,2023-05-18,13:11:00
4298,2023-05-18,13:26:00
4299,2023-05-18,12:17:00
4300,2023-05-18,19:18:00
4301,2023-05-18,14:16:00
4302,2023-05-19,17:23:00
4303,2023-05-19,14:53:00
4304,2023-05-19,19:02:00
4305,2023-05-19,21:09:00
4306,2023-05-19,19:44:00
4307,2023-05-19,17:51:00
4308,2023-05-19,20:13:00
4309,2023-05-19,13:05:00
4310,2023-05-19,19:16:00
4311,2023-05-19,13:02:00
4312,2023-05-19,19:30:00
4313,2023-05-19,13:23:00
4314,2023-05-19,18:20:00
4315,2023-05-19,20:55:00
4316,2023-05-19,19:26:00
4317,2023-05-19,16:41:00
4318,2023-05-19,19:58:00
4319,2023-05-19,12:29:00
4320,2023-05-19,18:28:00
4321,2023-05-19,21:37:00
4322,2023-05-19,21:46:00
4323,2023-05-19,12:16:00
4324,2023-05-19,20:30:00
4325,2023-05-19,20:02:00
4326,2023-05-19,22:48:00
4327,2023-05-19,18:26:00
4328,2023-05-19,16:36:00
4329,2023-05-19,15:10:00
4330,2023-05-19,20:56:00
4331,2023-05-19,19:36:00
4332,2023-05-19,19:42:00
4333,2023-05-19,11:05:00
4334,2023-05-20,19:51:00
4335,2023-05-20,14:10:00
4336,2023-05-20,17:09:00
4337,2023-05-20,12:19:00
4338,2023-05-20,12:15:00
4339,2023-05-20,21:05:00
4340,2023-05-20,19:43:00
4341,2023-05-20,20:00:00
4342,2023-05-20,16:06:00
4343,2023-05-20,17:25:00
4344,2023-05-20,21:42:00
4345,2023-05-20,14:45:00
4346,2023-05-20,11:24:00
4347,2023-05-20,12:25:00
4348,2023-05-20,20:52:00
4349,2023-05-20,21:38:00
4350,2023-05-20,11:22:00
4351,2023-05-20,17:37:00
4352,2023-05-20,08:49:00
4353,2023-05-20,13:21:00
4354,2023-05-20,18:39:00
4355,2023-05-20,21:58:00
4356,2023-05-20,12:08:00
4357,2023-05-20,15:13:00
4358,2023-05-20,11:21:00
4359,2023-05-20,12:27:00
4360,2023-05-20,13:24:00
4361,2023-05-20,21:02:00
4362,2023-05-20,14:11:00
4363,2023-05-20,11:29:00
4364,2023-05-20,20:43:00
4365,2023-05-20,21:51:00
4366,2023-05-20,19:20:00
4367,2023-05-20,14:43:00
4368,2023-05-20,16:41:00
4369,2023-05-20,23:27:00
4370,2023-05-20,20:27:00
4371,2023-05-20,11:38:00
4372,2023-05-20,21:32:00
4373,2023-05-21,20:54:00
4374,2023-05-21,20:07:00
4375,2023-05-21,21:34:00
4376,2023-05-21,18:09:00
4377,2023-05-21,09:12:00
4378,2023-05-21,21:27:00
4379,2023-05-21,09:02:00
4380,2023-05-21,14:29:00
4381,2023-05-21,13:16:00
4382,2023-05-21,17:18:00
4383,2023-05-21,18:34:00
4384,2023-05-21,13:22:00
4385,2023-05-21,16:20:00
4386,2023-05-21,11:38:00
4387,2023-05-21,11:34:00
4388,2023-05-21,19:11:00
4389,2023-05-21,11:08:00
4390,2023-05-21,21:27:00
4391,2023-05-21,20:29:00
4392,2023-05-21,19:58:00
4393,2023-05-21,21:02:00
4394,2023-05-21,13:02:00
4395,2023-05-21,11:24:00
4396,2023-05-21,18:21:00
4397,2023-05-21,20:27:00
4398,2023-05-21,15:47:00
4399,2023-05-21,11:53:00
4400,2023-05-21,18:50:00
4401,2023-05-21,13:19:00
4402,2023-05-21,19:44:00
4403,2023-05-21,20:36:00
4404,2023-05-21,16:17:00
4405,2023-05-21,19:17:00
4406,2023-05-21,18:38:00
4407,2023-05-21,12:43:00
4408,2023-05-21,11:26:00
4409,2023-05-21,14:42:00
4410,2023-05-21,13:29:00
4411,2023-05-21,20:06:00
4412,2023-05-21,11:45:00
4413,2023-05-21,11:39:00
4414,2023-05-22,21:37:00
4415,2023-05-22,17:21:00
4416,2023-05-22,21:59:00
4417,2023-05-22,20:21:00
4418,2023-05-22,14:09:00
4419,2023-05-22,17:31:00
4420,2023-05-22,12:43:00
4421,2023-05-22,14:02:00
4422,2023-05-22,18:40:00
4423,2023-05-22,16:05:00
4424,2023-05-22,13:19:00
4425,2023-05-22,13:28:00
4426,2023-05-22,18:09:00
4427,2023-05-22,19:39:00
4428,2023-05-22,14:26:00
4429,2023-05-22,22:48:00
4430,2023-05-22,23:15:00
4431,2023-05-22,12:24:00
4432,2023-05-22,18:06:00
4433,2023-05-22,12:07:00
4434,2023-05-22,19:55:00
4435,2023-05-22,14:35:00
4436,2023-05-22,15:26:00
4437,2023-05-22,20:20:00
4438,2023-05-22,18:42:00
4439,2023-05-22,20:32:00
4440,2023-05-22,21:14:00
4441,2023-05-23,16:18:00
4442,2023-05-23,21:10:00
4443,2023-05-23,19:25:00
4444,2023-05-23,13:48:00
4445,2023-05-23,15:43:00
4446,2023-05-23,21:37:00
4447,2023-05-23,21:26:00
4448,2023-05-23,11:39:00
4449,2023-05-23,11:38:00
4450,2023-05-23,21:01:00
4451,2023-05-23,12:10:00
4452,2023-05-23,21:43:00
4453,2023-05-23,13:01:00
4454,2023-05-23,21:35:00
4455,2023-05-23,19:54:00
4456,2023-05-23,21:23:00
4457,2023-05-23,19:11:00
4458,2023-05-23,17:58:00
4459,2023-05-23,12:18:00
4460,2023-05-23,11:13:00
4461,2023-05-23,21:15:00
4462,2023-05-23,21:15:00
4463,2023-05-23,21:32:00
4464,2023-05-23,20:55:00
4465,2023-05-23,19:15:00
4466,2023-05-23,15:00:00
4467,2023-05-23,21:55:00
4468,2023-05-23,21:55:00
4469,2023-05-23,14:16:00
4470,2023-05-23,18:45:00
4471,2023-05-24,21:30:00
4472,2023-05-24,18:18:00
4473,2023-05-24,18:23:00
4474,2023-05-24,14:27:00
4475,2023-05-24,18:09:00
4476,2023-05-24,18:46:00
4477,2023-05-24,14:42:00
4478,2023-05-24,12:50:00
4479,2023-05-24,16:06:00
4480,2023-05-24,11:29:00
4481,2023-05-24,21:48:00
4482,2023-05-24,13:21:00
4483,2023-05-24,14:21:00
4484,2023-05-24,20:36:00
4485,2023-05-24,11:48:00
4486,2023-05-24,13:01:00
4487,2023-05-24,13:36:00
4488,2023-05-24,13:19:00
4489,2023-05-24,19:36:00
4490,2023-05-24,21:45:00
4491,2023-05-24,16:09:00
4492,2023-05-24,19:09:00
4493,2023-05-24,21:16:00
4494,2023-05-24,18:54:00
4495,2023-05-24,13:09:00
4496,2023-05-24,20:23:00
4497,2023-05-24,21:30:00
4498,2023-05-24,19:22:00
4499,2023-05-24,20:33:00
4500,2023-05-24,14:41:00
4501,2023-05-24,14:11:00
4502,2023-05-24,16:00:00
4503,2023-05-24,18:21:00
4504,2023-05-24,12:14:00
4505,2023-05-24,11:41:00
4506,2023-05-25,14:36:00
4507,2023-05-25,18:53:00
4508,2023-05-25,19:47:00
4509,2023-05-25,11:25:00
4510,2023-05-25,20:32:00
4511,2023-05-25,11:51:00
4512,2023-05-25,12:15:00
4513,2023-05-25,12:44:00
4514,2023-05-25,19:14:00
4515,2023-05-25,21:11:00
4516,2023-05-25,09:35:00
4517,2023-05-25,12:46:00
4518,2023-05-25,18:57:00
4519,2023-05-25,20:03:00
4520,2023-05-25,12:37:00
4521,2023-05-25,21:29:00
4522,2023-05-25,11:20:00
4523,2023-05-25,18:12:00
4524,2023-05-25,16:05:00
4525,2023-05-25,15:34:00
4526,2023-05-25,21:19:00
4527,2023-05-25,21:55:00
4528,2023-05-25,21:49:00
4529,2023-05-25,21:00:00
4530,2023-05-26,20:31:00
4531,2023-05-26,20:32:00
4532,2023-05-26,16:41:00
4533,2023-05-26,12:21:00
4534,2023-05-26,13:40:00
4535,2023-05-26,15:31:00
4536,2023-05-26,10:31:00
4537,2023-05-26,11:48:00
4538,2023-05-26,16:06:00
4539,2023-05-26,21:21:00
4540,2023-05-26,19:12:00
4541,2023-05-26,19:13:00
4542,2023-05-26,13:20:00
4543,2023-05-26,21:06:00
4544,2023-05-26,19:36:00
4545,2023-05-26,20:10:00
4546,2023-05-26,14:50:00
4547,2023-05-26,12:39:00
4548,2023-05-26,20:33:00
4549,2023-05-26,23:49:00
4550,2023-05-26,19:59:00
4551,2023-05-26,13:23:00
4552,2023-05-26,13:46:00
4553,2023-05-26,13:28:00
4554,2023-05-26,14:48:00
4555,2023-05-26,16:03:00
4556,2023-05-26,23:41:00
4557,2023-05-26,21:49:00
4558,2023-05-26,12:13:00
4559,2023-05-26,20:18:00
4560,2023-05-26,18:20:00
4561,2023-05-26,16:20:00
4562,2023-05-26,19:51:00
4563,2023-05-26,14:54:00
4564,2023-05-26,11:15:00
4565,2023-05-26,14:46:00
4566,2023-05-26,18:49:00
4567,2023-05-26,21:15:00
4568,2023-05-27,23:03:00
4569,2023-05-27,13:17:00
4570,2023-05-27,21:59:00
4571,2023-05-27,14:08:00
4572,2023-05-27,18:20:00
4573,2023-05-27,23:52:00
4574,2023-05-27,12:37:00
4575,2023-05-27,12:35:00
4576,2023-05-27,12:20:00
4577,2023-05-27,20:35:00
4578,2023-05-27,20:44:00
4579,2023-05-27,07:55:00
4580,2023-05-27,20:54:00
4581,2023-05-27,14:47:00
4582,2023-05-27,19:20:00
4583,2023-05-27,16:23:00
4584,2023-05-27,13:16:00
4585,2023-05-27,18:08:00
4586,2023-05-27,14:27:00
4587,2023-05-27,14:51:00
4588,2023-05-27,07:58:00
4589,2023-05-27,23:01:00
4590,2023-05-27,18:32:00
4591,2023-05-27,20:50:00
4592,2023-05-27,20:36:00
4593,2023-05-27,11:47:00
4594,2023-05-27,11:35:00
4595,2023-05-27,19:51:00
4596,2023-05-27,18:36:00
4597,2023-05-27,19:48:00
4598,2023-05-27,14:52:00
4599,2023-05-27,14:56:00
4600,2023-05-27,19:41:00
4601,2023-05-27,12:41:00
4602,2023-05-27,21:33:00
4603,2023-05-27,21:56:00
4604,2023-05-27,09:00:00
4605,2023-05-27,21:01:00
4606,2023-05-28,14:09:00
4607,2023-05-28,12:37:00
4608,2023-05-28,20:34:00
4609,2023-05-28,17:12:00
4610,2023-05-28,20:57:00
4611,2023-05-28,19:12:00
4612,2023-05-28,19:19:00
4613,2023-05-28,11:34:00
4614,2023-05-28,18:49:00
4615,2023-05-28,13:04:00
4616,2023-05-28,13:59:00
4617,2023-05-28,12:12:00
4618,2023-05-28,14:17:00
4619,2023-05-28,12:49:00
4620,2023-05-28,12:56:00
4621,2023-05-28,21:07:00
4622,2023-05-28,21:01:00
4623,2023-05-28,17:54:00
4624,2023-05-28,21:03:00
4625,2023-05-28,16:12:00
4626,2023-05-28,14:37:00
4627,2023-05-28,18:11:00
4628,2023-05-28,18:10:00
4629,2023-05-28,18:31:00
4630,2023-05-28,20:47:00
4631,2023-05-28,23:12:00
4632,2023-05-28,11:51:00
4633,2023-05-28,21:16:00
4634,2023-05-28,21:01:00
4635,2023-05-28,10:25:00
4636,2023-05-29,13:53:00
4637,2023-05-29,13:14:00
4638,2023-05-29,22:41:00
4639,2023-05-29,21:56:00
4640,2023-05-29,16:46:00
4641,2023-05-29,20:02:00
4642,2023-05-29,12:11:00
4643,2023-05-29,19:33:00
4644,2023-05-29,14:48:00
4645,2023-05-29,08:55:00
4646,2023-05-29,20:23:00
4647,2023-05-29,19:26:00
4648,2023-05-29,12:47:00
4649,2023-05-29,19:23:00
4650,2023-05-29,18:50:00
4651,2023-05-29,14:13:00
4652,2023-05-29,13:58:00
4653,2023-05-29,20:01:00
4654,2023-05-29,20:01:00
4655,2023-05-29,18:47:00
4656,2023-05-29,21:02:00
4657,2023-05-30,12:10:00
4658,2023-05-30,13:57:00
4659,2023-05-30,14:04:00
4660,2023-05-30,14:29:00
4661,2023-05-30,23:08:00
4662,2023-05-30,18:19:00
4663,2023-05-30,16:08:00
4664,2023-05-30,13:39:00
4665,2023-05-30,18:30:00
4666,2023-05-30,17:12:00
4667,2023-05-30,12:51:00
4668,2023-05-30,19:42:00
4669,2023-05-30,11:45:00
4670,2023-05-30,17:06:00
4671,2023-05-30,13:11:00
4672,2023-05-30,20:21:00
4673,2023-05-30,21:42:00
4674,2023-05-30,20:48:00
4675,2023-05-30,20:27:00
4676,2023-05-30,12:37:00
4677,2023-05-30,18:47:00
4678,2023-05-30,21:40:00
4679,2023-05-30,08:11:00
4680,2023-05-30,07:53:00
4681,2023-05-30,19:25:00
4682,2023-05-30,14:30:00
4683,2023-05-30,19:40:00
4684,2023-05-30,21:28:00
4685,2023-05-30,23:39:00
4686,2023-05-30,14:07:00
4687,2023-05-30,20:21:00
4688,2023-05-30,22:16:00
4689,2023-05-30,14:49:00
4690,2023-05-30,18:42:00
4691,2023-05-30,20:04:00
4692,2023-05-31,15:34:00
4693,2023-05-31,12:29:00
4694,2023-05-31,18:35:00
4695,2023-05-31,19:55:00
4696,2023-05-31,14:27:00
4697,2023-05-31,18:55:00
4698,2023-05-31,22:25:00
4699,2023-05-31,19:09:00
4700,2023-05-31,19:49:00
4701,2023-05-31,09:33:00
4702,2023-05-31,19:36:00
4703,2023-05-31,18:51:00
4704,2023-05-31,19:44:00
4705,2023-05-31,19:23:00
4706,2023-05-31,12:40:00
4707,2023-05-31,19:53:00
4708,2023-05-31,19:34:00
4709,2023-05-31,21:54:00
4710,2023-05-31,11:25:00
4711,2023-05-31,14:57:00
4712,2023-05-31,16:08:00
4713,2023-05-31,20:00:00
4714,2023-05-31,13:13:00
4715,2023-05-31,18:03:00
4716,2023-05-31,19:09:00
4717,2023-05-31,15:48:00
4718,2023-05-31,22:25:00
4719,2023-05-31,21:25:00
4720,2023-05-31,19:53:00
4721,2023-06-01,13:08:00
4722,2023-06-01,18:46:00
4723,2023-06-01,19:13:00
4724,2023-06-01,17:17:00
4725,2023-06-01,18:40:00
4726,2023-06-01,13:33:00
4727,2023-06-01,14:14:00
4728,2023-06-01,20:52:00
4729,2023-06-01,14:09:00
4730,2023-06-01,13:56:00
4731,2023-06-01,11:24:00
4732,2023-06-01,20:07:00
4733,2023-06-01,21:37:00
4734,2023-06-01,14:48:00
4735,2023-06-01,11:05:00
4736,2023-06-01,23:15:00
4737,2023-06-01,21:53:00
4738,2023-06-01,21:26:00
4739,2023-06-01,11:55:00
4740,2023-06-01,20:57:00
4741,2023-06-01,13:26:00
4742,2023-06-01,20:22:00
4743,2023-06-01,11:45:00
4744,2023-06-01,19:37:00
4745,2023-06-01,17:27:00
4746,2023-06-01,18:49:00
4747,2023-06-01,21:35:00
4748,2023-06-01,21:38:00
4749,2023-06-01,21:02:00
4750,2023-06-02,11:36:00
4751,2023-06-02,12:23:00
4752,2023-06-02,21:52:00
4753,2023-06-02,11:22:00
4754,2023-06-02,21:54:00
4755,2023-06-02,17:02:00
4756,2023-06-02,21:42:00
4757,2023-06-02,19:36:00
4758,2023-06-02,13:06:00
4759,2023-06-02,14:51:00
4760,2023-06-02,10:54:00
4761,2023-06-02,20:52:00
4762,2023-06-02,20:15:00
4763,2023-06-02,11:20:00
4764,2023-06-02,17:16:00
4765,2023-06-02,19:13:00
4766,2023-06-02,20:47:00
4767,2023-06-02,16:49:00
4768,2023-06-02,21:54:00
4769,2023-06-02,13:39:00
4770,2023-06-02,19:20:00
4771,2023-06-02,18:58:00
4772,2023-06-02,21:20:00
4773,2023-06-02,19:48:00
4774,2023-06-02,13:54:00
4775,2023-06-02,20:21:00
4776,2023-06-02,20:48:00
4777,2023-06-02,12:20:00
4778,2023-06-02,08:37:00
4779,2023-06-02,13:48:00
4780,2023-06-02,19:25:00
4781,2023-06-02,18:12:00
4782,2023-06-02,14:54:00
4783,2023-06-02,13:34:00
4784,2023-06-02,12:58:00
4785,2023-06-02,13:39:00
4786,2023-06-02,18:20:00
4787,2023-06-02,23:52:00
4788,2023-06-02,08:42:00
4789,2023-06-02,22:31:00
4790,2023-06-02,12:15:00
4791,2023-06-02,21:41:00
4792,2023-06-02,19:00:00
4793,2023-06-02,11:54:00
4794,2023-06-02,21:26:00
4795,2023-06-02,19:26:00
4796,2023-06-02,14:40:00
4797,2023-06-02,21:47:00
4798,2023-06-02,13:51:00
4799,2023-06-03,16:57:00
4800,2023-06-03,19:20:00
4801,2023-06-03,18:44:00
4802,2023-06-03,12:50:00
4803,2023-06-03,19:06:00
4804,2023-06-03,23:34:00
4805,2023-06-03,12:46:00
4806,2023-06-03,12:29:00
4807,2023-06-03,11:29:00
4808,2023-06-03,21:37:00
4809,2023-06-03,15:01:00
4810,2023-06-03,18:57:00
4811,2023-06-03,12:04:00
4812,2023-06-03,18:46:00
4813,2023-06-03,13:57:00
4814,2023-06-03,21:27:00
4815,2023-06-03,19:25:00
4816,2023-06-03,14:19:00
4817,2023-06-03,20:21:00
4818,2023-06-03,14:09:00
4819,2023-06-03,20:55:00
4820,2023-06-03,07:45:00
4821,2023-06-03,18:49:00
4822,2023-06-03,22:33:00
4823,2023-06-03,15:46:00
4824,2023-06-03,12:53:00
4825,2023-06-03,14:46:00
4826,2023-06-03,11:06:00
4827,2023-06-03,21:51:00
4828,2023-06-03,17:30:00
4829,2023-06-03,13:11:00
4830,2023-06-03,13:11:00
4831,2023-06-03,20:31:00
4832,2023-06-03,13:25:00
4833,2023-06-03,13:41:00
4834,2023-06-03,20:28:00
4835,2023-06-03,20:01:00
4836,2023-06-03,18:35:00
4837,2023-06-04,18:10:00
4838,2023-06-04,07:00:00
4839,2023-06-04,13:01:00
4840,2023-06-04,20:54:00
4841,2023-06-04,12:12:00
4842,2023-06-04,21:11:00
4843,2023-06-04,20:06:00
4844,2023-06-04,19:38:00
4845,2023-06-04,12:57:00
4846,2023-06-04,15:32:00
4847,2023-06-04,14:01:00
4848,2023-06-04,18:51:00
4849,2023-06-04,20:06:00
4850,2023-06-04,12:37:00
4851,2023-06-04,18:31:00
4852,2023-06-04,12:39:00
4853,2023-06-04,21:59:00
4854,2023-06-04,21:50:00
4855,2023-06-04,15:42:00
4856,2023-06-04,20:15:00
4857,2023-06-04,12:52:00
4858,2023-06-04,16:02:00
4859,2023-06-04,14:51:00
4860,2023-06-04,18:54:00
4861,2023-06-04,20:58:00
4862,2023-06-04,21:48:00
4863,2023-06-04,19:18:00
4864,2023-06-04,14:48:00
4865,2023-06-04,14:25:00
4866,2023-06-04,15:31:00
4867,2023-06-04,07:20:00
4868,2023-06-05,16:19:00
4869,2023-06-05,16:49:00
4870,2023-06-05,18:33:00
4871,2023-06-05,19:05:00
4872,2023-06-05,12:41:00
4873,2023-06-05,11:34:00
4874,2023-06-05,09:24:00
4875,2023-06-05,11:52:00
4876,2023-06-05,21:47:00
4877,2023-06-05,19:32:00
4878,2023-06-05,11:58:00
4879,2023-06-05,14:11:00
4880,2023-06-05,20:04:00
4881,2023-06-05,21:13:00
4882,2023-06-05,18:02:00
4883,2023-06-05,19:57:00
4884,2023-06-05,20:00:00
4885,2023-06-05,20:11:00
4886,2023-06-05,22:23:00
4887,2023-06-05,21:02:00
4888,2023-06-05,12:39:00
4889,2023-06-05,21:43:00
4890,2023-06-05,20:13:00
4891,2023-06-05,20:26:00
4892,2023-06-05,21:52:00
4893,2023-06-05,16:53:00
4894,2023-06-05,21:16:00
4895,2023-06-05,21:02:00
4896,2023-06-05,21:08:00
4897,2023-06-05,19:04:00
4898,2023-06-05,18:10:00
4899,2023-06-05,21:04:00
4900,2023-06-05,13:10:00
4901,2023-06-05,20:43:00
4902,2023-06-05,21:18:00
4903,2023-06-06,13:06:00
4904,2023-06-06,21:52:00
4905,2023-06-06,19:05:00
4906,2023-06-06,21:12:00
4907,2023-06-06,11:30:00
4908,2023-06-06,15:14:00
4909,2023-06-06,10:11:00
4910,2023-06-06,11:15:00
4911,2023-06-06,16:28:00
4912,2023-06-06,21:38:00
4913,2023-06-06,19:49:00
4914,2023-06-06,13:02:00
4915,2023-06-06,19:21:00
4916,2023-06-06,20:58:00
4917,2023-06-06,14:12:00
4918,2023-06-06,18:25:00
4919,2023-06-06,13:32:00
4920,2023-06-06,12:40:00
4921,2023-06-06,14:01:00
4922,2023-06-06,18:53:00
4923,2023-06-06,13:35:00
4924,2023-06-06,13:03:00
4925,2023-06-06,11:26:00
4926,2023-06-06,18:39:00
4927,2023-06-06,20:23:00
4928,2023-06-06,07:43:00
4929,2023-06-06,14:00:00
4930,2023-06-06,21:49:00
4931,2023-06-06,19:48:00
4932,2023-06-06,18:01:00
4933,2023-06-06,21:59:00
4934,2023-06-06,21:18:00
4935,2023-06-06,21:28:00
4936,2023-06-06,19:43:00
4937,2023-06-06,16:22:00
4938,2023-06-07,15:29:00
4939,2023-06-07,20:14:00
4940,2023-06-07,12:24:00
4941,2023-06-07,22:23:00
4942,2023-06-07,21:51:00
4943,2023-06-07,11:29:00
4944,2023-06-07,17:54:00
4945,2023-06-07,14:08:00
4946,2023-06-07,20:13:00
4947,2023-06-07,21:56:00
4948,2023-06-07,17:28:00
4949,2023-06-07,16:29:00
4950,2023-06-07,13:42:00
4951,2023-06-07,12:15:00
4952,2023-06-07,12:36:00
4953,2023-06-07,13:57:00
4954,2023-06-07,16:23:00
4955,2023-06-07,19:25:00
4956,2023-06-07,11:34:00
4957,2023-06-07,20:57:00
4958,2023-06-07,21:03:00
4959,2023-06-07,13:35:00
4960,2023-06-07,21:59:00
4961,2023-06-07,19:28:00
4962,2023-06-07,08:24:00
4963,2023-06-07,19:17:00
4964,2023-06-07,22:41:00
4965,2023-06-07,15:09:00
4966,2023-06-07,16:15:00
4967,2023-06-07,19:48:00
4968,2023-06-07,20:39:00
4969,2023-06-07,18:43:00
4970,2023-06-08,18:01:00
4971,2023-06-08,07:21:00
4972,2023-06-08,20:59:00
4973,2023-06-08,19:47:00
4974,2023-06-08,12:19:00
4975,2023-06-08,20:39:00
4976,2023-06-08,21:30:00
4977,2023-06-08,12:18:00
4978,2023-06-08,12:57:00
4979,2023-06-08,19:26:00
4980,2023-06-08,14:10:00
4981,2023-06-08,21:44:00
4982,2023-06-08,22:07:00
4983,2023-06-08,19:58:00
4984,2023-06-08,15:08:00
4985,2023-06-08,21:24:00
4986,2023-06-08,15:37:00
4987,2023-06-08,20:59:00
4988,2023-06-08,17:11:00
4989,2023-06-08,15:31:00
4990,2023-06-08,20:56:00
4991,2023-06-09,23:04:00
4992,2023-06-09,13:43:00
4993,2023-06-09,12:07:00
4994,2023-06-09,22:40:00
4995,2023-06-09,11:22:00
4996,2023-06-09,21:01:00
4997,2023-06-09,21:10:00
4998,2023-06-09,13:12:00
4999,2023-06-09,18:31:00
5000,2023-06-09,12:03:00
5001,2023-06-09,20:16:00
5002,2023-06-09,16:21:00
5003,2023-06-09,10:42:00
5004,2023-06-09,11:08:00
5005,2023-06-09,18:47:00
5006,2023-06-09,20:24:00
5007,2023-06-09,14:24:00
5008,2023-06-09,13:44:00
5009,2023-06-09,13:51:00
5010,2023-06-09,21:26:00
5011,2023-06-09,19:22:00
5012,2023-06-09,19:31:00
5013,2023-06-09,11:58:00
5014,2023-06-09,17:05:00
5015,2023-06-09,20:55:00
5016,2023-06-09,18:01:00
5017,2023-06-09,18:15:00
5018,2023-06-09,13:04:00
5019,2023-06-09,12:49:00
5020,2023-06-09,11:00:00
5021,2023-06-09,20:55:00
5022,2023-06-09,18:09:00
5023,2023-06-09,21:40:00
5024,2023-06-09,18:39:00
5025,2023-06-09,12:12:00
5026,2023-06-09,18:11:00
5027,2023-06-09,11:00:00
5028,2023-06-09,17:14:00
5029,2023-06-09,11:24:00
5030,2023-06-09,12:30:00
5031,2023-06-10,21:38:00
5032,2023-06-10,21:18:00
5033,2023-06-10,18:28:00
5034,2023-06-10,11:05:00
5035,2023-06-10,12:16:00
5036,2023-06-10,12:44:00
5037,2023-06-10,11:12:00
5038,2023-06-10,13:48:00
5039,2023-06-10,22:25:00
5040,2023-06-10,20:38:00
5041,2023-06-10,17:18:00
5042,2023-06-10,13:52:00
5043,2023-06-10,12:33:00
5044,2023-06-10,09:18:00
5045,2023-06-10,18:03:00
5046,2023-06-10,13:57:00
5047,2023-06-10,21:05:00
5048,2023-06-10,21:00:00
5049,2023-06-10,22:20:00
5050,2023-06-10,20:44:00
5051,2023-06-10,18:36:00
5052,2023-06-10,13:28:00
5053,2023-06-10,14:23:00
5054,2023-06-10,16:20:00
5055,2023-06-10,19:14:00
5056,2023-06-10,18:44:00
5057,2023-06-10,14:56:00
5058,2023-06-10,16:29:00
5059,2023-06-10,21:28:00
5060,2023-06-10,14:26:00
5061,2023-06-10,19:50:00
5062,2023-06-10,12:25:00
5063,2023-06-10,14:50:00
5064,2023-06-10,19:09:00
5065,2023-06-10,19:13:00
5066,2023-06-10,14:30:00
5067,2023-06-11,12:01:00
5068,2023-06-11,15:19:00
5069,2023-06-11,20:14:00
5070,2023-06-11,14:27:00
5071,2023-06-11,15:31:00
5072,2023-06-11,22:22:00
5073,2023-06-11,22:20:00
5074,2023-06-11,20:09:00
5075,2023-06-11,14:51:00
5076,2023-06-11,14:00:00
5077,2023-06-11,22:21:00
5078,2023-06-11,21:39:00
5079,2023-06-11,12:33:00
5080,2023-06-11,13:51:00
5081,2023-06-11,19:23:00
5082,2023-06-11,21:04:00
5083,2023-06-11,09:26:00
5084,2023-06-11,13:44:00
5085,2023-06-11,13:40:00
5086,2023-06-11,21:50:00
5087,2023-06-11,13:36:00
5088,2023-06-11,19:57:00
5089,2023-06-11,13:50:00
5090,2023-06-11,19:45:00
5091,2023-06-11,19:52:00
5092,2023-06-11,21:36:00
5093,2023-06-11,15:20:00
5094,2023-06-11,18:24:00
5095,2023-06-11,20:05:00
5096,2023-06-11,21:38:00
5097,2023-06-11,20:04:00
5098,2023-06-11,15:50:00
5099,2023-06-11,19:23:00
5100,2023-06-11,18:30:00
5101,2023-06-12,11:20:00
5102,2023-06-12,14:35:00
5103,2023-06-12,13:20:00
5104,2023-06-12,16:38:00
5105,2023-06-12,19:52:00
5106,2023-06-12,19:59:00
5107,2023-06-12,18:18:00
5108,2023-06-12,19:33:00
5109,2023-06-12,20:15:00
5110,2023-06-12,21:44:00
5111,2023-06-12,18:19:00
5112,2023-06-12,12:18:00
5113,2023-06-12,10:05:00
5114,2023-06-12,12:28:00
5115,2023-06-12,19:38:00
5116,2023-06-12,16:06:00
5117,2023-06-12,21:17:00
5118,2023-06-12,14:18:00
5119,2023-06-12,12:20:00
5120,2023-06-12,22:03:00
5121,2023-06-12,21:23:00
5122,2023-06-12,14:35:00
5123,2023-06-12,10:41:00
5124,2023-06-12,12:20:00
5125,2023-06-12,18:41:00
5126,2023-06-13,11:56:00
5127,2023-06-13,19:31:00
5128,2023-06-13,11:08:00
5129,2023-06-13,12:45:00
5130,2023-06-13,13:22:00
5131,2023-06-13,14:21:00
5132,2023-06-13,21:25:00
5133,2023-06-13,21:41:00
5134,2023-06-13,19:35:00
5135,2023-06-13,19:28:00
5136,2023-06-13,13:14:00
5137,2023-06-13,11:03:00
5138,2023-06-13,19:30:00
5139,2023-06-13,08:48:00
5140,2023-06-13,12:55:00
5141,2023-06-13,13:20:00
5142,2023-06-13,14:01:00
5143,2023-06-13,20:31:00
5144,2023-06-13,10:35:00
5145,2023-06-13,12:37:00
5146,2023-06-13,08:37:00
5147,2023-06-13,16:44:00
5148,2023-06-13,13:32:00
5149,2023-06-13,19:25:00
5150,2023-06-13,11:58:00
5151,2023-06-13,20:17:00
5152,2023-06-13,21:10:00
5153,2023-06-14,20:21:00
5154,2023-06-14,13:25:00
5155,2023-06-14,13:28:00
5156,2023-06-14,10:13:00
5157,2023-06-14,11:24:00
5158,2023-06-14,19:12:00
5159,2023-06-14,20:53:00
5160,2023-06-14,19:56:00
5161,2023-06-14,20:23:00
5162,2023-06-14,17:40:00
5163,2023-06-14,13:13:00
5164,2023-06-14,20:00:00
5165,2023-06-14,12:55:00
5166,2023-06-14,14:46:00
5167,2023-06-14,13:29:00
5168,2023-06-14,22:58:00
5169,2023-06-14,17:38:00
5170,2023-06-14,12:04:00
5171,2023-06-14,18:54:00
5172,2023-06-14,07:54:00
5173,2023-06-14,09:59:00
5174,2023-06-14,10:24:00
5175,2023-06-14,19:06:00
5176,2023-06-14,12:41:00
5177,2023-06-15,23:04:00
5178,2023-06-15,11:19:00
5179,2023-06-15,18:19:00
5180,2023-06-15,14:59:00
5181,2023-06-15,19:07:00
5182,2023-06-15,18:56:00
5183,2023-06-15,21:11:00
5184,2023-06-15,07:46:00
5185,2023-06-15,13:17:00
5186,2023-06-15,10:04:00
5187,2023-06-15,19:13:00
5188,2023-06-15,14:01:00
5189,2023-06-15,10:53:00
5190,2023-06-15,15:00:00
5191,2023-06-15,18:42:00
5192,2023-06-15,13:45:00
5193,2023-06-15,14:12:00
5194,2023-06-15,18:42:00
5195,2023-06-15,12:15:00
5196,2023-06-15,18:41:00
5197,2023-06-15,10:35:00
5198,2023-06-15,23:50:00
5199,2023-06-15,11:18:00
5200,2023-06-15,13:29:00
5201,2023-06-16,20:42:00
5202,2023-06-16,19:20:00
5203,2023-06-16,20:26:00
5204,2023-06-16,14:23:00
5205,2023-06-16,16:49:00
5206,2023-06-16,14:43:00
5207,2023-06-16,20:27:00
5208,2023-06-16,13:56:00
5209,2023-06-16,13:41:00
5210,2023-06-16,17:55:00
5211,2023-06-16,18:21:00
5212,2023-06-16,19:38:00
5213,2023-06-16,12:54:00
5214,2023-06-16,19:52:00
5215,2023-06-16,21:05:00
5216,2023-06-16,18:32:00
5217,2023-06-16,18:36:00
5218,2023-06-16,08:47:00
5219,2023-06-16,13:31:00
5220,2023-06-16,13:35:00
5221,2023-06-16,21:14:00
5222,2023-06-16,21:44:00
5223,2023-06-16,18:14:00
5224,2023-06-16,21:09:00
5225,2023-06-16,19:45:00
5226,2023-06-16,07:31:00
5227,2023-06-16,11:44:00
5228,2023-06-16,22:48:00
5229,2023-06-16,15:34:00
5230,2023-06-16,19:01:00
5231,2023-06-16,09:07:00
5232,2023-06-16,11:04:00
5233,2023-06-16,11:27:00
5234,2023-06-16,21:00:00
5235,2023-06-16,20:21:00
5236,2023-06-16,12:19:00
5237,2023-06-16,17:58:00
5238,2023-06-16,17:37:00
5239,2023-06-16,10:02:00
5240,2023-06-16,16:01:00
5241,2023-06-16,14:55:00
5242,2023-06-16,18:27:00
5243,2023-06-16,20:43:00
5244,2023-06-16,15:24:00
5245,2023-06-16,10:48:00
5246,2023-06-17,17:05:00
5247,2023-06-17,11:29:00
5248,2023-06-17,13:15:00
5249,2023-06-17,21:02:00
5250,2023-06-17,14:13:00
5251,2023-06-17,18:00:00
5252,2023-06-17,18:59:00
5253,2023-06-17,18:32:00
5254,2023-06-17,13:44:00
5255,2023-06-17,18:16:00
5256,2023-06-17,21:11:00
5257,2023-06-17,20:54:00
5258,2023-06-17,13:38:00
5259,2023-06-17,11:43:00
5260,2023-06-17,11:12:00
5261,2023-06-17,15:00:00
5262,2023-06-17,12:49:00
5263,2023-06-17,13:11:00
5264,2023-06-17,14:14:00
5265,2023-06-17,18:06:00
5266,2023-06-17,12:47:00
5267,2023-06-17,22:28:00
5268,2023-06-17,17:27:00
5269,2023-06-17,09:40:00
5270,2023-06-17,21:30:00
5271,2023-06-17,10:35:00
5272,2023-06-17,18:04:00
5273,2023-06-17,13:30:00
5274,2023-06-17,15:58:00
5275,2023-06-17,19:07:00
5276,2023-06-17,07:36:00
5277,2023-06-17,12:28:00
5278,2023-06-18,13:30:00
5279,2023-06-18,12:37:00
5280,2023-06-18,17:02:00
5281,2023-06-18,12:19:00
5282,2023-06-18,14:00:00
5283,2023-06-18,11:07:00
5284,2023-06-18,20:37:00
5285,2023-06-18,20:56:00
5286,2023-06-18,20:58:00
5287,2023-06-18,14:51:00
5288,2023-06-18,14:30:00
5289,2023-06-18,15:11:00
5290,2023-06-18,11:09:00
5291,2023-06-18,19:55:00
5292,2023-06-18,21:32:00
5293,2023-06-18,22:36:00
5294,2023-06-18,14:53:00
5295,2023-06-18,19:52:00
5296,2023-06-18,11:48:00
5297,2023-06-18,16:49:00
5298,2023-06-18,12:42:00
5299,2023-06-18,20:25:00
5300,2023-06-18,15:47:00
5301,2023-06-18,21:39:00
5302,2023-06-18,21:41:00
5303,2023-06-18,19:15:00
5304,2023-06-18,20:31:00
5305,2023-06-18,21:38:00
5306,2023-06-18,07:35:00
5307,2023-06-18,12:49:00
5308,2023-06-18,20:17:00
5309,2023-06-18,14:41:00
5310,2023-06-18,20:19:00
5311,2023-06-18,20:58:00
5312,2023-06-18,14:32:00
5313,2023-06-18,17:37:00
5314,2023-06-18,19:30:00
5315,2023-06-18,14:21:00
5316,2023-06-18,18:16:00
5317,2023-06-18,20:55:00
5318,2023-06-18,12:20:00
5319,2023-06-18,20:58:00
5320,2023-06-18,12:22:00
5321,2023-06-18,22:52:00
5322,2023-06-18,14:17:00
5323,2023-06-18,14:42:00
5324,2023-06-18,19:51:00
5325,2023-06-19,13:45:00
5326,2023-06-19,20:13:00
5327,2023-06-19,19:07:00
5328,2023-06-19,20:40:00
5329,2023-06-19,13:11:00
5330,2023-06-19,21:23:00
5331,2023-06-19,14:45:00
5332,2023-06-19,14:34:00
5333,2023-06-19,13:38:00
5334,2023-06-19,11:24:00
5335,2023-06-19,21:00:00
5336,2023-06-19,13:59:00
5337,2023-06-19,17:37:00
5338,2023-06-19,21:12:00
5339,2023-06-19,14:40:00
5340,2023-06-19,22:30:00
5341,2023-06-19,16:07:00
5342,2023-06-19,11:23:00
5343,2023-06-19,18:02:00
5344,2023-06-19,20:06:00
5345,2023-06-19,20:08:00
5346,2023-06-19,21:13:00
5347,2023-06-19,07:00:00
5348,2023-06-19,13:18:00
5349,2023-06-19,15:14:00
5350,2023-06-19,20:59:00
5351,2023-06-19,19:09:00
5352,2023-06-20,20:48:00
5353,2023-06-20,14:13:00
5354,2023-06-20,18:10:00
5355,2023-06-20,13:51:00
5356,2023-06-20,15:15:00
5357,2023-06-20,19:15:00
5358,2023-06-20,15:57:00
5359,2023-06-20,12:17:00
5360,2023-06-20,12:42:00
5361,2023-06-20,14:28:00
5362,2023-06-20,11:54:00
5363,2023-06-20,14:28:00
5364,2023-06-20,14:54:00
5365,2023-06-20,21:01:00
5366,2023-06-20,20:13:00
5367,2023-06-20,21:27:00
5368,2023-06-20,20:20:00
5369,2023-06-20,10:53:00
5370,2023-06-21,20:09:00
5371,2023-06-21,21:10:00
5372,2023-06-21,19:13:00
5373,2023-06-21,14:17:00
5374,2023-06-21,13:57:00
5375,2023-06-21,14:01:00
5376,2023-06-21,19:41:00
5377,2023-06-21,21:45:00
5378,2023-06-21,21:36:00
5379,2023-06-21,14:01:00
5380,2023-06-21,17:28:00
5381,2023-06-21,18:27:00
5382,2023-06-21,12:17:00
5383,2023-06-21,13:30:00
5384,2023-06-21,12:54:00
5385,2023-06-21,19:54:00
5386,2023-06-21,10:23:00
5387,2023-06-21,08:05:00
5388,2023-06-21,19:05:00
5389,2023-06-21,18:16:00
5390,2023-06-21,13:28:00
5391,2023-06-21,12:54:00
5392,2023-06-21,15:14:00
5393,2023-06-21,15:33:00
5394,2023-06-21,11:39:00
5395,2023-06-21,12:18:00
5396,2023-06-21,21:57:00
5397,2023-06-21,11:51:00
5398,2023-06-21,22:04:00
5399,2023-06-21,20:52:00
5400,2023-06-21,18:49:00
5401,2023-06-21,16:46:00
5402,2023-06-22,12:15:00
5403,2023-06-22,20:54:00
5404,2023-06-22,13:32:00
5405,2023-06-22,18:25:00
5406,2023-06-22,11:30:00
5407,2023-06-22,12:15:00
5408,2023-06-22,20:36:00
5409,2023-06-22,21:15:00
5410,2023-06-22,17:07:00
5411,2023-06-22,19:40:00
5412,2023-06-22,18:04:00
5413,2023-06-22,22:00:00
5414,2023-06-22,14:43:00
5415,2023-06-22,21:56:00
5416,2023-06-22,20:50:00
5417,2023-06-22,21:48:00
5418,2023-06-22,14:10:00
5419,2023-06-22,21:08:00
5420,2023-06-22,19:04:00
5421,2023-06-22,20:53:00
5422,2023-06-22,14:24:00
5423,2023-06-22,13:01:00
5424,2023-06-22,12:48:00
5425,2023-06-23,12:28:00
5426,2023-06-23,19:41:00
5427,2023-06-23,21:15:00
5428,2023-06-23,12:57:00
5429,2023-06-23,16:25:00
5430,2023-06-23,16:23:00
5431,2023-06-23,21:08:00
5432,2023-06-23,15:15:00
5433,2023-06-23,18:18:00
5434,2023-06-23,13:29:00
5435,2023-06-23,21:04:00
5436,2023-06-23,20:52:00
5437,2023-06-23,21:02:00
5438,2023-06-23,21:04:00
5439,2023-06-23,12:19:00
5440,2023-06-23,19:00:00
5441,2023-06-23,22:47:00
5442,2023-06-23,20:03:00
5443,2023-06-23,08:40:00
5444,2023-06-23,18:28:00
5445,2023-06-23,17:29:00
5446,2023-06-23,13:18:00
5447,2023-06-23,11:56:00
5448,2023-06-23,16:27:00
5449,2023-06-23,18:42:00
5450,2023-06-23,18:09:00
5451,2023-06-23,21:21:00
5452,2023-06-23,21:46:00
5453,2023-06-23,20:09:00
5454,2023-06-23,12:05:00
5455,2023-06-24,14:14:00
5456,2023-06-24,09:00:00
5457,2023-06-24,22:26:00
5458,2023-06-24,21:51:00
5459,2023-06-24,19:27:00
5460,2023-06-24,20:58:00
5461,2023-06-24,11:10:00
5462,2023-06-24,20:46:00
5463,2023-06-24,15:14:00
5464,2023-06-24,15:59:00
5465,2023-06-24,18:05:00
5466,2023-06-24,20:39:00
5467,2023-06-24,20:54:00
5468,2023-06-24,16:36:00
5469,2023-06-24,20:40:00
5470,2023-06-24,19:42:00
5471,2023-06-24,20:51:00
5472,2023-06-24,19:14:00
5473,2023-06-24,21:30:00
5474,2023-06-24,13:31:00
5475,2023-06-24,23:03:00
5476,2023-06-24,23:51:00
5477,2023-06-24,18:52:00
5478,2023-06-24,12:54:00
5479,2023-06-24,19:29:00
5480,2023-06-24,18:44:00
5481,2023-06-24,20:26:00
5482,2023-06-24,21:36:00
5483,2023-06-24,11:15:00
5484,2023-06-24,14:59:00
5485,2023-06-24,20:59:00
5486,2023-06-24,21:25:00
5487,2023-06-24,19:26:00
5488,2023-06-24,15:21:00
5489,2023-06-24,18:19:00
5490,2023-06-24,14:59:00
5491,2023-06-24,22:25:00
5492,2023-06-24,15:18:00
5493,2023-06-24,12:21:00
5494,2023-06-24,13:37:00
5495,2023-06-24,11:06:00
5496,2023-06-24,11:09:00
5497,2023-06-24,21:57:00
5498,2023-06-24,12:03:00
5499,2023-06-24,08:02:00
5500,2023-06-24,13:43:00
5501,2023-06-24,20:42:00
5502,2023-06-24,18:10:00
5503,2023-06-24,20:06:00
5504,2023-06-25,22:02:00
5505,2023-06-25,19:50:00
5506,2023-06-25,14:52:00
5507,2023-06-25,22:17:00
5508,2023-06-25,18:53:00
5509,2023-06-25,19:04:00
5510,2023-06-25,16:10:00
5511,2023-06-25,18:31:00
5512,2023-06-25,20:02:00
5513,2023-06-25,13:42:00
5514,2023-06-25,14:51:00
5515,2023-06-25,17:19:00
5516,2023-06-25,14:26:00
5517,2023-06-25,19:50:00
5518,2023-06-25,23:42:00
5519,2023-06-25,12:29:00
5520,2023-06-25,12:02:00
5521,2023-06-25,11:09:00
5522,2023-06-25,14:08:00
5523,2023-06-25,11:18:00
5524,2023-06-25,20:37:00
5525,2023-06-25,14:27:00
5526,2023-06-25,17:42:00
5527,2023-06-25,20:59:00
5528,2023-06-25,21:41:00
5529,2023-06-25,08:25:00
5530,2023-06-25,11:03:00
5531,2023-06-25,09:24:00
5532,2023-06-25,14:29:00
5533,2023-06-25,21:50:00
5534,2023-06-25,20:28:00
5535,2023-06-26,21:42:00
5536,2023-06-26,12:00:00
5537,2023-06-26,19:16:00
5538,2023-06-26,16:56:00
5539,2023-06-26,22:02:00
5540,2023-06-26,19:32:00
5541,2023-06-26,20:58:00
5542,2023-06-26,12:26:00
5543,2023-06-26,07:40:00
5544,2023-06-26,13:51:00
5545,2023-06-26,20:00:00
5546,2023-06-26,12:13:00
5547,2023-06-26,13:33:00
5548,2023-06-26,12:27:00
5549,2023-06-26,18:29:00
5550,2023-06-26,23:34:00
5551,2023-06-26,23:02:00
5552,2023-06-26,11:26:00
5553,2023-06-26,18:30:00
5554,2023-06-26,21:59:00
5555,2023-06-26,17:36:00
5556,2023-06-26,13:53:00
5557,2023-06-27,16:57:00
5558,2023-06-27,18:52:00
5559,2023-06-27,13:25:00
5560,2023-06-27,12:02:00
5561,2023-06-27,14:15:00
5562,2023-06-27,14:03:00
5563,2023-06-27,23:34:00
5564,2023-06-27,21:01:00
5565,2023-06-27,20:49:00
5566,2023-06-27,18:31:00
5567,2023-06-27,22:34:00
5568,2023-06-27,20:49:00
5569,2023-06-27,12:59:00
5570,2023-06-27,23:11:00
5571,2023-06-27,19:00:00
5572,2023-06-27,18:21:00
5573,2023-06-27,21:01:00
5574,2023-06-27,13:10:00
5575,2023-06-27,20:26:00
5576,2023-06-27,14:13:00
5577,2023-06-27,20:06:00
5578,2023-06-27,20:19:00
5579,2023-06-27,22:04:00
5580,2023-06-27,22:54:00
5581,2023-06-27,19:04:00
5582,2023-06-28,22:48:00
5583,2023-06-28,15:32:00
5584,2023-06-28,21:32:00
5585,2023-06-28,13:50:00
5586,2023-06-28,11:22:00
5587,2023-06-28,12:34:00
5588,2023-06-28,18:58:00
5589,2023-06-28,18:04:00
5590,2023-06-28,13:10:00
5591,2023-06-28,19:30:00
5592,2023-06-28,23:01:00
5593,2023-06-28,14:50:00
5594,2023-06-28,18:51:00
5595,2023-06-28,21:13:00
5596,2023-06-28,14:49:00
5597,2023-06-28,18:47:00
5598,2023-06-28,14:35:00
5599,2023-06-28,21:20:00
5600,2023-06-28,19:57:00
5601,2023-06-28,10:12:00
5602,2023-06-28,09:01:00
5603,2023-06-28,23:41:00
5604,2023-06-28,11:20:00
5605,2023-06-28,18:08:00
5606,2023-06-28,18:37:00
5607,2023-06-28,14:35:00
5608,2023-06-29,20:07:00
5609,2023-06-29,18:50:00
5610,2023-06-29,20:15:00
5611,2023-06-29,14:18:00
5612,2023-06-29,07:03:00
5613,2023-06-29,19:44:00
5614,2023-06-29,14:09:00
5615,2023-06-29,14:04:00
5616,2023-06-29,23:04:00
5617,2023-06-29,17:19:00
5618,2023-06-29,15:18:00
5619,2023-06-29,11:55:00
5620,2023-06-29,11:23:00
5621,2023-06-29,13:49:00
5622,2023-06-29,11:11:00
5623,2023-06-29,18:14:00
5624,2023-06-29,09:53:00
5625,2023-06-29,18:51:00
5626,2023-06-29,20:58:00
5627,2023-06-29,20:06:00
5628,2023-06-29,18:19:00
5629,2023-06-29,21:05:00
5630,2023-06-29,20:47:00
5631,2023-06-29,11:06:00
5632,2023-06-29,18:06:00
5633,2023-06-29,18:30:00
5634,2023-06-29,21:34:00
5635,2023-06-29,12:37:00
5636,2023-06-29,19:05:00
5637,2023-06-29,12:41:00
5638,2023-06-29,18:40:00
5639,2023-06-29,21:13:00
5640,2023-06-29,19:10:00
5641,2023-06-29,19:26:00
5642,2023-06-29,09:36:00
5643,2023-06-30,15:03:00
5644,2023-06-30,17:42:00
5645,2023-06-30,13:22:00
5646,2023-06-30,14:58:00
5647,2023-06-30,20:15:00
5648,2023-06-30,18:45:00
5649,2023-06-30,17:38:00
5650,2023-06-30,15:25:00
5651,2023-06-30,20:44:00
5652,2023-06-30,12:52:00
5653,2023-06-30,18:42:00
5654,2023-06-30,11:14:00
5655,2023-06-30,22:46:00
5656,2023-06-30,14:08:00
5657,2023-06-30,23:07:00
5658,2023-06-30,19:45:00
5659,2023-06-30,11:26:00
5660,2023-06-30,12:28:00
5661,2023-06-30,11:55:00
5662,2023-06-30,14:24:00
5663,2023-06-30,20:28:00
5664,2023-06-30,19:13:00
5665,2023-06-30,12:55:00
5666,2023-06-30,19:31:00
5667,2023-06-30,16:27:00
5668,2023-06-30,07:27:00
5669,2023-06-30,15:50:00
5670,2023-06-30,18:47:00
5671,2023-06-30,16:13:00
5672,2023-06-30,16:09:00
5673,2023-06-30,12:27:00
5674,2023-06-30,21:50:00
5675,2023-06-30,18:37:00
5676,2023-06-30,16:41:00
5677,2023-06-30,12:44:00
5678,2023-06-30,21:24:00
5679,2023-07-01,12:28:00
5680,2023-07-01,18:49:00
5681,2023-07-01,14:24:00
5682,2023-07-01,12:07:00
5683,2023-07-01,13:33:00
5684,2023-07-01,11:17:00
5685,2023-07-01,20:47:00
5686,2023-07-01,15:36:00
5687,2023-07-01,22:15:00
5688,2023-07-01,20:51:00
5689,2023-07-01,12:40:00
5690,2023-07-01,17:00:00
5691,2023-07-01,11:20:00
5692,2023-07-01,21:36:00
5693,2023-07-01,14:12:00
5694,2023-07-01,13:46:00
5695,2023-07-01,20:44:00
5696,2023-07-01,19:40:00
5697,2023-07-01,17:36:00
5698,2023-07-01,18:24:00
5699,2023-07-01,15:56:00
5700,2023-07-01,11:54:00
5701,2023-07-01,14:48:00
5702,2023-07-01,13:31:00
5703,2023-07-01,11:44:00
5704,2023-07-01,12:14:00
5705,2023-07-01,15:13:00
5706,2023-07-01,17:47:00
5707,2023-07-01,14:45:00
5708,2023-07-01,12:13:00
5709,2023-07-01,11:16:00
5710,2023-07-01,10:07:00
5711,2023-07-01,23:57:00
5712,2023-07-01,13:59:00
5713,2023-07-01,11:05:00
5714,2023-07-01,19:02:00
5715,2023-07-01,16:34:00
5716,2023-07-01,11:59:00
5717,2023-07-02,19:50:00
5718,2023-07-02,16:06:00
5719,2023-07-02,12:59:00
5720,2023-07-02,18:27:00
5721,2023-07-02,20:48:00
5722,2023-07-02,17:10:00
5723,2023-07-02,07:40:00
5724,2023-07-02,20:12:00
5725,2023-07-02,12:14:00
5726,2023-07-02,19:12:00
5727,2023-07-02,19:08:00
5728,2023-07-02,11:42:00
5729,2023-07-02,17:08:00
5730,2023-07-02,08:23:00
5731,2023-07-02,20:53:00
5732,2023-07-02,19:44:00
5733,2023-07-02,12:30:00
5734,2023-07-02,12:23:00
5735,2023-07-02,08:43:00
5736,2023-07-02,21:06:00
5737,2023-07-02,12:13:00
5738,2023-07-02,14:06:00
5739,2023-07-02,17:52:00
5740,2023-07-02,13:56:00
5741,2023-07-02,17:34:00
5742,2023-07-02,19:28:00
5743,2023-07-02,17:53:00
5744,2023-07-02,20:20:00
5745,2023-07-02,12:59:00
5746,2023-07-02,18:12:00
5747,2023-07-02,16:49:00
5748,2023-07-02,18:55:00
5749,2023-07-02,19:57:00
5750,2023-07-02,11:35:00
5751,2023-07-02,17:37:00
5752,2023-07-02,19:03:00
5753,2023-07-02,19:51:00
5754,2023-07-02,11:32:00
5755,2023-07-02,18:15:00
5756,2023-07-02,18:21:00
5757,2023-07-02,18:16:00
5758,2023-07-02,12:52:00
5759,2023-07-02,14:31:00
5760,2023-07-02,19:08:00
5761,2023-07-02,19:44:00
5762,2023-07-03,21:04:00
5763,2023-07-03,17:34:00
5764,2023-07-03,13:29:00
5765,2023-07-03,13:54:00
5766,2023-07-03,11:48:00
5767,2023-07-03,07:49:00
5768,2023-07-03,18:55:00
5769,2023-07-03,18:05:00
5770,2023-07-03,11:05:00
5771,2023-07-03,21:51:00
5772,2023-07-03,13:03:00
5773,2023-07-03,18:46:00
5774,2023-07-03,13:20:00
5775,2023-07-03,11:50:00
5776,2023-07-03,20:48:00
5777,2023-07-03,12:05:00
5778,2023-07-03,19:38:00
5779,2023-07-03,21:18:00
5780,2023-07-03,15:09:00
5781,2023-07-03,13:32:00
5782,2023-07-04,14:02:00
5783,2023-07-04,21:01:00
5784,2023-07-04,07:00:00
5785,2023-07-04,19:24:00
5786,2023-07-04,13:05:00
5787,2023-07-04,13:33:00
5788,2023-07-04,14:36:00
5789,2023-07-04,14:09:00
5790,2023-07-04,19:20:00
5791,2023-07-04,11:23:00
5792,2023-07-04,12:50:00
5793,2023-07-04,18:35:00
5794,2023-07-04,21:03:00
5795,2023-07-04,15:26:00
5796,2023-07-04,21:39:00
5797,2023-07-04,11:49:00
5798,2023-07-04,19:08:00
5799,2023-07-04,13:51:00
5800,2023-07-04,07:55:00
5801,2023-07-05,11:56:00
5802,2023-07-05,18:16:00
5803,2023-07-05,20:54:00
5804,2023-07-05,21:31:00
5805,2023-07-05,19:33:00
5806,2023-07-05,12:33:00
5807,2023-07-05,21:17:00
5808,2023-07-05,11:09:00
5809,2023-07-05,20:46:00
5810,2023-07-05,13:26:00
5811,2023-07-05,11:15:00
5812,2023-07-05,19:23:00
5813,2023-07-05,21:13:00
5814,2023-07-05,13:05:00
5815,2023-07-05,15:52:00
5816,2023-07-05,14:10:00
5817,2023-07-05,13:48:00
5818,2023-07-05,11:11:00
5819,2023-07-05,15:46:00
5820,2023-07-05,20:34:00
5821,2023-07-05,20:12:00
5822,2023-07-05,22:42:00
5823,2023-07-05,14:19:00
5824,2023-07-05,16:55:00
5825,2023-07-05,11:49:00
5826,2023-07-05,11:23:00
5827,2023-07-05,12:53:00
5828,2023-07-05,23:46:00
5829,2023-07-05,23:39:00
5830,2023-07-05,18:43:00
5831,2023-07-06,07:54:00
5832,2023-07-06,12:58:00
5833,2023-07-06,13:12:00
5834,2023-07-06,20:37:00
5835,2023-07-06,11:25:00
5836,2023-07-06,19:51:00
5837,2023-07-06,11:45:00
5838,2023-07-06,21:46:00
5839,2023-07-06,18:34:00
5840,2023-07-06,08:15:00
5841,2023-07-06,19:31:00
5842,2023-07-06,14:41:00
5843,2023-07-06,12:02:00
5844,2023-07-06,18:46:00
5845,2023-07-06,11:58:00
5846,2023-07-06,21:48:00
5847,2023-07-06,23:06:00
5848,2023-07-06,17:54:00
5849,2023-07-06,17:46:00
5850,2023-07-06,18:00:00
5851,2023-07-06,19:52:00
5852,2023-07-06,07:37:00
5853,2023-07-06,14:07:00
5854,2023-07-06,18:15:00
5855,2023-07-06,20:30:00
5856,2023-07-06,21:16:00
5857,2023-07-06,18:46:00
5858,2023-07-06,18:56:00
5859,2023-07-07,21:23:00
5860,2023-07-07,20:08:00
5861,2023-07-07,18:19:00
5862,2023-07-07,18:55:00
5863,2023-07-07,20:06:00
5864,2023-07-07,19:14:00
5865,2023-07-07,14:21:00
5866,2023-07-07,19:48:00
5867,2023-07-07,22:10:00
5868,2023-07-07,19:13:00
5869,2023-07-07,19:04:00
5870,2023-07-07,13:21:00
5871,2023-07-07,11:05:00
5872,2023-07-07,11:44:00
5873,2023-07-07,20:08:00
5874,2023-07-07,21:47:00
5875,2023-07-07,09:40:00
5876,2023-07-07,09:15:00
5877,2023-07-07,16:27:00
5878,2023-07-07,17:02:00
5879,2023-07-07,18:07:00
5880,2023-07-07,21:49:00
5881,2023-07-07,18:12:00
5882,2023-07-07,18:33:00
5883,2023-07-07,20:24:00
5884,2023-07-07,11:52:00
5885,2023-07-07,18:24:00
5886,2023-07-07,14:04:00
5887,2023-07-07,12:06:00
5888,2023-07-07,22:16:00
5889,2023-07-07,20:03:00
5890,2023-07-07,19:27:00
5891,2023-07-07,21:40:00
5892,2023-07-07,21:48:00
5893,2023-07-07,19:39:00
5894,2023-07-07,13:18:00
5895,2023-07-07,18:07:00
5896,2023-07-07,11:50:00
5897,2023-07-07,21:49:00
5898,2023-07-07,13:15:00
5899,2023-07-07,17:58:00
5900,2023-07-07,19:26:00
5901,2023-07-07,08:41:00
5902,2023-07-07,11:03:00
5903,2023-07-07,13:28:00
5904,2023-07-07,18:38:00
5905,2023-07-07,20:36:00
5906,2023-07-07,18:51:00
5907,2023-07-07,12:59:00
5908,2023-07-08,21:16:00
5909,2023-07-08,19:25:00
5910,2023-07-08,21:49:00
5911,2023-07-08,21:55:00
5912,2023-07-08,20:53:00
5913,2023-07-08,21:05:00
5914,2023-07-08,20:09:00
5915,2023-07-08,20:37:00
5916,2023-07-08,12:09:00
5917,2023-07-08,11:18:00
5918,2023-07-08,09:36:00
5919,2023-07-08,19:11:00
5920,2023-07-08,18:11:00
5921,2023-07-08,19:18:00
5922,2023-07-08,21:25:00
5923,2023-07-08,18:26:00
5924,2023-07-08,18:35:00
5925,2023-07-08,16:40:00
5926,2023-07-08,14:57:00
5927,2023-07-08,10:11:00
5928,2023-07-08,20:35:00
5929,2023-07-08,19:33:00
5930,2023-07-08,20:42:00
5931,2023-07-08,20:41:00
5932,2023-07-08,12:42:00
5933,2023-07-08,18:53:00
5934,2023-07-08,20:52:00
5935,2023-07-08,09:26:00
5936,2023-07-08,18:09:00
5937,2023-07-08,21:21:00
5938,2023-07-09,19:25:00
5939,2023-07-09,20:34:00
5940,2023-07-09,21:42:00
5941,2023-07-09,14:36:00
5942,2023-07-09,14:40:00
5943,2023-07-09,12:00:00
5944,2023-07-09,21:06:00
5945,2023-07-09,19:49:00
5946,2023-07-09,13:36:00
5947,2023-07-09,11:16:00
5948,2023-07-09,20:25:00
5949,2023-07-09,19:37:00
5950,2023-07-09,20:54:00
5951,2023-07-09,18:54:00
5952,2023-07-09,08:30:00
5953,2023-07-09,18:00:00
5954,2023-07-09,21:38:00
5955,2023-07-09,14:04:00
5956,2023-07-09,22:53:00
5957,2023-07-09,23:32:00
5958,2023-07-09,11:42:00
5959,2023-07-09,13:52:00
5960,2023-07-09,22:03:00
5961,2023-07-09,21:33:00
5962,2023-07-09,13:05:00
5963,2023-07-09,11:54:00
5964,2023-07-09,18:29:00
5965,2023-07-09,15:55:00
5966,2023-07-09,19:55:00
5967,2023-07-09,21:41:00
5968,2023-07-10,18:46:00
5969,2023-07-10,13:17:00
5970,2023-07-10,10:28:00
5971,2023-07-10,16:25:00
5972,2023-07-10,14:56:00
5973,2023-07-10,14:48:00
5974,2023-07-10,19:38:00
5975,2023-07-10,11:35:00
5976,2023-07-10,21:46:00
5977,2023-07-10,21:59:00
5978,2023-07-10,11:10:00
5979,2023-07-10,18:49:00
5980,2023-07-10,18:25:00
5981,2023-07-10,20:04:00
5982,2023-07-10,22:12:00
5983,2023-07-10,15:59:00
5984,2023-07-10,13:22:00
5985,2023-07-10,19:12:00
5986,2023-07-10,14:06:00
5987,2023-07-10,15:29:00
5988,2023-07-10,08:43:00
5989,2023-07-10,12:00:00
5990,2023-07-10,12:48:00
5991,2023-07-10,17:42:00
5992,2023-07-10,14:31:00
5993,2023-07-10,20:24:00
5994,2023-07-10,12:28:00
5995,2023-07-10,13:19:00
5996,2023-07-10,11:46:00
5997,2023-07-10,23:03:00
5998,2023-07-10,14:18:00
5999,2023-07-11,07:27:00
6000,2023-07-11,11:15:00
6001,2023-07-11,17:16:00
6002,2023-07-11,21:30:00
6003,2023-07-11,19:57:00
6004,2023-07-11,16:42:00
6005,2023-07-11,19:04:00
6006,2023-07-11,08:40:00
6007,2023-07-11,14:57:00
6008,2023-07-11,19:06:00
6009,2023-07-11,20:33:00
6010,2023-07-11,21:10:00
6011,2023-07-11,20:47:00
6012,2023-07-11,21:14:00
6013,2023-07-11,19:55:00
6014,2023-07-11,19:56:00
6015,2023-07-11,12:34:00
6016,2023-07-11,20:26:00
6017,2023-07-11,08:36:00
6018,2023-07-11,18:31:00
6019,2023-07-11,21:25:00
6020,2023-07-11,18:29:00
6021,2023-07-11,15:25:00
6022,2023-07-11,21:15:00
6023,2023-07-11,19:55:00
6024,2023-07-11,20:48:00
6025,2023-07-11,08:05:00
6026,2023-07-11,19:11:00
6027,2023-07-11,13:20:00
6028,2023-07-11,18:25:00
6029,2023-07-11,20:00:00
6030,2023-07-11,21:59:00
6031,2023-07-11,13:25:00
6032,2023-07-11,18:33:00
6033,2023-07-12,12:20:00
6034,2023-07-12,21:48:00
6035,2023-07-12,18:35:00
6036,2023-07-12,20:15:00
6037,2023-07-12,17:34:00
6038,2023-07-12,11:10:00
6039,2023-07-12,11:54:00
6040,2023-07-12,11:38:00
6041,2023-07-12,19:42:00
6042,2023-07-12,21:46:00
6043,2023-07-12,20:32:00
6044,2023-07-12,22:19:00
6045,2023-07-12,20:54:00
6046,2023-07-12,18:41:00
6047,2023-07-12,13:28:00
6048,2023-07-12,21:51:00
6049,2023-07-12,18:44:00
6050,2023-07-12,18:22:00
6051,2023-07-12,19:57:00
6052,2023-07-12,21:24:00
6053,2023-07-12,17:49:00
6054,2023-07-12,22:01:00
6055,2023-07-12,21:17:00
6056,2023-07-13,18:46:00
6057,2023-07-13,21:31:00
6058,2023-07-13,21:24:00
6059,2023-07-13,21:32:00
6060,2023-07-13,15:53:00
6061,2023-07-13,20:33:00
6062,2023-07-13,21:47:00
6063,2023-07-13,09:43:00
6064,2023-07-13,21:41:00
6065,2023-07-13,12:23:00
6066,2023-07-13,13:56:00
6067,2023-07-13,09:48:00
6068,2023-07-13,23:46:00
6069,2023-07-13,21:36:00
6070,2023-07-13,07:10:00
6071,2023-07-13,12:49:00
6072,2023-07-13,20:17:00
6073,2023-07-13,14:29:00
6074,2023-07-13,19:08:00
6075,2023-07-13,13:11:00
6076,2023-07-13,19:43:00
6077,2023-07-13,20:50:00
6078,2023-07-13,12:55:00
6079,2023-07-13,18:21:00
6080,2023-07-13,16:05:00
6081,2023-07-13,20:11:00
6082,2023-07-13,20:46:00
6083,2023-07-13,23:11:00
6084,2023-07-13,20:24:00
6085,2023-07-13,12:25:00
6086,2023-07-14,12:21:00
6087,2023-07-14,20:06:00
6088,2023-07-14,11:35:00
6089,2023-07-14,20:23:00
6090,2023-07-14,10:33:00
6091,2023-07-14,14:54:00
6092,2023-07-14,18:39:00
6093,2023-07-14,14:49:00
6094,2023-07-14,20:14:00
6095,2023-07-14,09:40:00
6096,2023-07-14,18:59:00
6097,2023-07-14,21:38:00
6098,2023-07-14,15:12:00
6099,2023-07-14,20:37:00
6100,2023-07-14,11:05:00
6101,2023-07-14,19:25:00
6102,2023-07-14,13:18:00
6103,2023-07-14,16:52:00
6104,2023-07-14,11:13:00
6105,2023-07-14,20:39:00
6106,2023-07-14,21:30:00
6107,2023-07-14,18:15:00
6108,2023-07-14,21:54:00
6109,2023-07-14,11:39:00
6110,2023-07-14,12:44:00
6111,2023-07-14,18:18:00
6112,2023-07-14,22:02:00
6113,2023-07-14,19:29:00
6114,2023-07-14,11:44:00
6115,2023-07-14,21:35:00
6116,2023-07-14,12:48:00
6117,2023-07-14,16:23:00
6118,2023-07-14,13:25:00
6119,2023-07-14,12:59:00
6120,2023-07-14,14:26:00
6121,2023-07-14,13:55:00
6122,2023-07-14,21:50:00
6123,2023-07-14,21:17:00
6124,2023-07-14,12:08:00
6125,2023-07-14,16:32:00
6126,2023-07-14,13:34:00
6127,2023-07-14,21:23:00
6128,2023-07-14,20:50:00
6129,2023-07-14,20:11:00
6130,2023-07-14,20:39:00
6131,2023-07-14,18:51:00
6132,2023-07-14,20:01:00
6133,2023-07-14,11:56:00
6134,2023-07-15,09:23:00
6135,2023-07-15,19:04:00
6136,2023-07-15,22:41:00
6137,2023-07-15,18:51:00
6138,2023-07-15,13:04:00
6139,2023-07-15,13:21:00
6140,2023-07-15,17:13:00
6141,2023-07-15,21:35:00
6142,2023-07-15,18:18:00
6143,2023-07-15,14:24:00
6144,2023-07-15,21:09:00
6145,2023-07-15,17:59:00
6146,2023-07-15,14:57:00
6147,2023-07-15,21:46:00
6148,2023-07-15,21:09:00
6149,2023-07-15,19:23:00
6150,2023-07-15,19:58:00
6151,2023-07-15,12:04:00
6152,2023-07-15,19:45:00
6153,2023-07-15,18:47:00
6154,2023-07-15,11:08:00
6155,2023-07-15,12:56:00
6156,2023-07-15,18:40:00
6157,2023-07-15,11:03:00
6158,2023-07-15,11:56:00
6159,2023-07-15,12:26:00
6160,2023-07-15,12:13:00
6161,2023-07-15,21:22:00
6162,2023-07-15,08:49:00
6163,2023-07-15,17:45:00
6164,2023-07-15,14:11:00
6165,2023-07-16,21:29:00
6166,2023-07-16,13:35:00
6167,2023-07-16,21:08:00
6168,2023-07-16,11:20:00
6169,2023-07-16,11:32:00
6170,2023-07-16,21:24:00
6171,2023-07-16,19:46:00
6172,2023-07-16,11:35:00
6173,2023-07-16,21:07:00
6174,2023-07-16,19:04:00
6175,2023-07-16,15:12:00
6176,2023-07-16,17:46:00
6177,2023-07-16,12:53:00
6178,2023-07-16,20:11:00
6179,2023-07-16,12:47:00
6180,2023-07-16,15:06:00
6181,2023-07-16,20:42:00
6182,2023-07-16,18:40:00
6183,2023-07-16,12:15:00
6184,2023-07-16,20:41:00
6185,2023-07-16,12:50:00
6186,2023-07-16,19:20:00
6187,2023-07-16,20:17:00
6188,2023-07-16,16:46:00
6189,2023-07-16,21:14:00
6190,2023-07-16,14:18:00
6191,2023-07-16,11:36:00
6192,2023-07-16,13:36:00
6193,2023-07-16,21:39:00
6194,2023-07-16,18:11:00
6195,2023-07-16,21:00:00
6196,2023-07-16,12:28:00
6197,2023-07-16,11:21:00
6198,2023-07-16,14:48:00
6199,2023-07-16,21:46:00
6200,2023-07-17,13:08:00
6201,2023-07-17,19:08:00
6202,2023-07-17,11:08:00
6203,2023-07-17,21:46:00
6204,2023-07-17,18:35:00
6205,2023-07-17,11:56:00
6206,2023-07-17,10:38:00
6207,2023-07-17,21:33:00
6208,2023-07-17,21:22:00
6209,2023-07-17,20:42:00
6210,2023-07-17,19:15:00
6211,2023-07-17,21:59:00
6212,2023-07-17,11:12:00
6213,2023-07-17,09:15:00
6214,2023-07-17,18:52:00
6215,2023-07-17,20:07:00
6216,2023-07-17,16:53:00
6217,2023-07-17,19:55:00
6218,2023-07-17,18:01:00
6219,2023-07-17,19:49:00
6220,2023-07-17,20:42:00
6221,2023-07-18,12:30:00
6222,2023-07-18,12:03:00
6223,2023-07-18,19:58:00
6224,2023-07-18,10:30:00
6225,2023-07-18,14:05:00
6226,2023-07-18,18:09:00
6227,2023-07-18,12:46:00
6228,2023-07-18,12:10:00
6229,2023-07-18,14:26:00
6230,2023-07-18,17:08:00
6231,2023-07-18,11:07:00
6232,2023-07-18,14:06:00
6233,2023-07-18,12:02:00
6234,2023-07-18,11:28:00
6235,2023-07-18,13:42:00
6236,2023-07-18,21:59:00
6237,2023-07-18,12:02:00
6238,2023-07-18,12:27:00
6239,2023-07-19,11:42:00
6240,2023-07-19,13:49:00
6241,2023-07-19,19:48:00
6242,2023-07-19,19:06:00
6243,2023-07-19,11:50:00
6244,2023-07-19,21:40:00
6245,2023-07-19,20:55:00
6246,2023-07-19,09:08:00
6247,2023-07-19,13:24:00
6248,2023-07-19,12:44:00
6249,2023-07-19,20:46:00
6250,2023-07-19,11:51:00
6251,2023-07-19,18:51:00
6252,2023-07-19,20:08:00
6253,2023-07-19,21:52:00
6254,2023-07-19,07:14:00
6255,2023-07-19,22:09:00
6256,2023-07-19,14:59:00
6257,2023-07-19,13:34:00
6258,2023-07-19,13:48:00
6259,2023-07-19,19:54:00
6260,2023-07-19,07:56:00
6261,2023-07-19,19:01:00
6262,2023-07-19,14:59:00
6263,2023-07-19,11:23:00
6264,2023-07-19,21:14:00
6265,2023-07-19,20:03:00
6266,2023-07-19,11:28:00
6267,2023-07-19,18:27:00
6268,2023-07-19,17:01:00
6269,2023-07-20,12:55:00
6270,2023-07-20,11:21:00
6271,2023-07-20,12:52:00
6272,2023-07-20,18:14:00
6273,2023-07-20,20:02:00
6274,2023-07-20,11:01:00
6275,2023-07-20,21:31:00
6276,2023-07-20,21:23:00
6277,2023-07-20,16:39:00
6278,2023-07-20,14:37:00
6279,2023-07-20,20:23:00
6280,2023-07-20,12:15:00
6281,2023-07-20,11:08:00
6282,2023-07-20,20:29:00
6283,2023-07-20,15:02:00
6284,2023-07-20,18:51:00
6285,2023-07-20,18:02:00
6286,2023-07-20,14:35:00
6287,2023-07-20,14:25:00
6288,2023-07-20,11:31:00
6289,2023-07-20,11:34:00
6290,2023-07-20,07:51:00
6291,2023-07-20,20:28:00
6292,2023-07-20,11:55:00
6293,2023-07-20,20:45:00
6294,2023-07-20,11:12:00
6295,2023-07-20,21:28:00
6296,2023-07-20,11:29:00
6297,2023-07-20,20:05:00
6298,2023-07-20,23:23:00
6299,2023-07-20,23:31:00
6300,2023-07-21,14:11:00
6301,2023-07-21,12:01:00
6302,2023-07-21,10:11:00
6303,2023-07-21,13:28:00
6304,2023-07-21,16:38:00
6305,2023-07-21,11:13:00
6306,2023-07-21,11:21:00
6307,2023-07-21,12:38:00
6308,2023-07-21,16:59:00
6309,2023-07-21,14:56:00
6310,2023-07-21,12:05:00
6311,2023-07-21,11:33:00
6312,2023-07-21,12:44:00
6313,2023-07-21,18:02:00
6314,2023-07-21,13:25:00
6315,2023-07-21,15:19:00
6316,2023-07-21,22:48:00
6317,2023-07-21,11:03:00
6318,2023-07-21,16:42:00
6319,2023-07-21,16:02:00
6320,2023-07-21,09:37:00
6321,2023-07-21,11:52:00
6322,2023-07-21,20:36:00
6323,2023-07-21,08:42:00
6324,2023-07-21,22:20:00
6325,2023-07-21,18:16:00
6326,2023-07-21,18:51:00
6327,2023-07-21,21:59:00
6328,2023-07-21,21:40:00
6329,2023-07-21,11:12:00
6330,2023-07-21,16:43:00
6331,2023-07-21,14:24:00
6332,2023-07-21,20:06:00
6333,2023-07-21,16:06:00
6334,2023-07-21,14:18:00
6335,2023-07-21,23:30:00
6336,2023-07-21,19:14:00
6337,2023-07-21,20:27:00
6338,2023-07-21,13:37:00
6339,2023-07-22,21:51:00
6340,2023-07-22,09:10:00
6341,2023-07-22,19:01:00
6342,2023-07-22,11:32:00
6343,2023-07-22,17:54:00
6344,2023-07-22,11:26:00
6345,2023-07-22,12:42:00
6346,2023-07-22,18:40:00
6347,2023-07-22,20:06:00
6348,2023-07-22,18:15:00
6349,2023-07-22,14:57:00
6350,2023-07-22,11:05:00
6351,2023-07-22,22:46:00
6352,2023-07-22,20:59:00
6353,2023-07-22,18:52:00
6354,2023-07-22,18:34:00
6355,2023-07-22,20:19:00
6356,2023-07-22,19:48:00
6357,2023-07-22,13:33:00
6358,2023-07-22,19:36:00
6359,2023-07-22,23:28:00
6360,2023-07-22,19:03:00
6361,2023-07-22,20:34:00
6362,2023-07-22,10:20:00
6363,2023-07-22,15:53:00
6364,2023-07-22,19:24:00
6365,2023-07-22,20:38:00
6366,2023-07-22,17:42:00
6367,2023-07-22,12:32:00
6368,2023-07-22,20:50:00
6369,2023-07-22,14:35:00
6370,2023-07-22,19:29:00
6371,2023-07-22,21:37:00
6372,2023-07-22,21:42:00
6373,2023-07-22,20:02:00
6374,2023-07-22,19:45:00
6375,2023-07-22,11:50:00
6376,2023-07-22,18:22:00
6377,2023-07-22,16:57:00
6378,2023-07-22,19:11:00
6379,2023-07-22,17:57:00
6380,2023-07-22,19:21:00
6381,2023-07-22,20:06:00
6382,2023-07-22,21:37:00
6383,2023-07-22,21:11:00
6384,2023-07-22,11:56:00
6385,2023-07-22,21:44:00
6386,2023-07-22,21:24:00
6387,2023-07-23,13:59:00
6388,2023-07-23,18:17:00
6389,2023-07-23,16:09:00
6390,2023-07-23,11:09:00
6391,2023-07-23,18:24:00
6392,2023-07-23,13:37:00
6393,2023-07-23,21:17:00
6394,2023-07-23,19:00:00
6395,2023-07-23,19:17:00
6396,2023-07-23,19:39:00
6397,2023-07-23,10:08:00
6398,2023-07-23,23:30:00
6399,2023-07-23,14:38:00
6400,2023-07-23,21:01:00
6401,2023-07-23,18:05:00
6402,2023-07-23,12:53:00
6403,2023-07-23,12:22:00
6404,2023-07-23,19:52:00
6405,2023-07-23,21:06:00
6406,2023-07-23,14:46:00
6407,2023-07-23,15:21:00
6408,2023-07-23,12:02:00
6409,2023-07-23,20:35:00
6410,2023-07-23,21:21:00
6411,2023-07-23,18:58:00
6412,2023-07-23,13:48:00
6413,2023-07-23,12:16:00
6414,2023-07-23,11:27:00
6415,2023-07-23,11:55:00
6416,2023-07-23,13:17:00
6417,2023-07-23,10:25:00
6418,2023-07-23,21:48:00
6419,2023-07-23,18:49:00
6420,2023-07-23,20:38:00
6421,2023-07-23,18:34:00
6422,2023-07-23,18:55:00
6423,2023-07-23,17:09:00
6424,2023-07-23,11:28:00
6425,2023-07-23,11:50:00
6426,2023-07-23,13:39:00
6427,2023-07-23,14:40:00
6428,2023-07-23,13:34:00
6429,2023-07-23,17:34:00
6430,2023-07-23,19:44:00
6431,2023-07-23,23:44:00
6432,2023-07-23,21:19:00
6433,2023-07-23,21:36:00
6434,2023-07-24,18:20:00
6435,2023-07-24,13:20:00
6436,2023-07-24,18:07:00
6437,2023-07-24,12:46:00
6438,2023-07-24,19:03:00
6439,2023-07-24,21:23:00
6440,2023-07-24,14:56:00
6441,2023-07-24,20:07:00
6442,2023-07-24,11:27:00
6443,2023-07-24,18:14:00
6444,2023-07-24,21:13:00
6445,2023-07-24,15:26:00
6446,2023-07-24,22:06:00
6447,2023-07-24,20:20:00
6448,2023-07-24,11:24:00
6449,2023-07-24,15:01:00
6450,2023-07-24,20:51:00
6451,2023-07-24,13:11:00
6452,2023-07-24,10:24:00
6453,2023-07-24,20:50:00
6454,2023-07-24,21:27:00
6455,2023-07-24,15:20:00
6456,2023-07-24,20:10:00
6457,2023-07-24,09:20:00
6458,2023-07-24,16:31:00
6459,2023-07-24,20:34:00
6460,2023-07-24,21:50:00
6461,2023-07-25,19:12:00
6462,2023-07-25,18:27:00
6463,2023-07-25,13:16:00
6464,2023-07-25,21:50:00
6465,2023-07-25,12:49:00
6466,2023-07-25,17:18:00
6467,2023-07-25,14:40:00
6468,2023-07-25,13:14:00
6469,2023-07-25,18:44:00
6470,2023-07-25,21:10:00
6471,2023-07-25,18:11:00
6472,2023-07-25,12:48:00
6473,2023-07-25,21:56:00
6474,2023-07-25,17:30:00
6475,2023-07-25,12:48:00
6476,2023-07-25,11:24:00
6477,2023-07-25,07:11:00
6478,2023-07-25,11:05:00
6479,2023-07-25,13:34:00
6480,2023-07-25,21:03:00
6481,2023-07-25,07:06:00
6482,2023-07-25,17:25:00
6483,2023-07-25,16:35:00
6484,2023-07-25,11:11:00
6485,2023-07-25,20:28:00
6486,2023-07-25,18:59:00
6487,2023-07-25,21:08:00
6488,2023-07-26,19:40:00
6489,2023-07-26,18:09:00
6490,2023-07-26,19:03:00
6491,2023-07-26,13:14:00
6492,2023-07-26,21:21:00
6493,2023-07-26,13:44:00
6494,2023-07-26,21:55:00
6495,2023-07-26,18:29:00
6496,2023-07-26,19:23:00
6497,2023-07-26,22:19:00
6498,2023-07-26,12:32:00
6499,2023-07-26,13:23:00
6500,2023-07-26,20:03:00
6501,2023-07-26,10:16:00
6502,2023-07-26,13:18:00
6503,2023-07-26,20:47:00
6504,2023-07-26,12:54:00
6505,2023-07-26,18:08:00
6506,2023-07-26,19:59:00
6507,2023-07-26,21:18:00
6508,2023-07-26,21:43:00
6509,2023-07-26,18:28:00
6510,2023-07-26,16:48:00
6511,2023-07-26,13:41:00
6512,2023-07-26,19:31:00
6513,2023-07-26,12:55:00
6514,2023-07-26,21:43:00
6515,2023-07-26,11:57:00
6516,2023-07-26,17:00:00
6517,2023-07-26,18:51:00
6518,2023-07-26,21:15:00
6519,2023-07-27,12:02:00
6520,2023-07-27,12:20:00
6521,2023-07-27,19:17:00
6522,2023-07-27,19:21:00
6523,2023-07-27,20:00:00
6524,2023-07-27,07:32:00
6525,2023-07-27,14:28:00
6526,2023-07-27,16:32:00
6527,2023-07-27,21:22:00
6528,2023-07-27,23:16:00
6529,2023-07-27,13:16:00
6530,2023-07-27,11:52:00
6531,2023-07-27,20:44:00
6532,2023-07-27,12:28:00
6533,2023-07-27,18:00:00
6534,2023-07-27,20:15:00
6535,2023-07-27,18:09:00
6536,2023-07-27,20:55:00
6537,2023-07-27,21:51:00
6538,2023-07-28,21:37:00
6539,2023-07-28,19:56:00
6540,2023-07-28,18:19:00
6541,2023-07-28,23:30:00
6542,2023-07-28,19:53:00
6543,2023-07-28,16:53:00
6544,2023-07-28,15:16:00
6545,2023-07-28,11:51:00
6546,2023-07-28,14:45:00
6547,2023-07-28,13:08:00
6548,2023-07-28,19:37:00
6549,2023-07-28,17:15:00
6550,2023-07-28,11:09:00
6551,2023-07-28,23:01:00
6552,2023-07-28,12:56:00
6553,2023-07-28,19:33:00
6554,2023-07-28,18:45:00
6555,2023-07-28,19:10:00
6556,2023-07-28,11:52:00
6557,2023-07-28,12:14:00
6558,2023-07-28,11:01:00
6559,2023-07-28,14:29:00
6560,2023-07-28,15:02:00
6561,2023-07-28,21:45:00
6562,2023-07-28,11:35:00
6563,2023-07-28,13:12:00
6564,2023-07-28,11:18:00
6565,2023-07-28,12:57:00
6566,2023-07-28,20:41:00
6567,2023-07-28,11:37:00
6568,2023-07-28,18:50:00
6569,2023-07-28,16:50:00
6570,2023-07-28,19:12:00
6571,2023-07-28,14:55:00
6572,2023-07-28,23:53:00
6573,2023-07-28,18:02:00
6574,2023-07-28,07:29:00
6575,2023-07-28,21:58:00
6576,2023-07-28,13:52:00
6577,2023-07-28,20:47:00
6578,2023-07-28,21:53:00
6579,2023-07-28,11:57:00
6580,2023-07-28,21:27:00
6581,2023-07-28,23:27:00
6582,2023-07-28,11:00:00
6583,2023-07-28,21:58:00
6584,2023-07-28,11:45:00
6585,2023-07-28,12:18:00
6586,2023-07-28,10:34:00
6587,2023-07-29,13:49:00
6588,2023-07-29,18:33:00
6589,2023-07-29,20:49:00
6590,2023-07-29,19:27:00
6591,2023-07-29,15:18:00
6592,2023-07-29,21:34:00
6593,2023-07-29,21:10:00
6594,2023-07-29,14:50:00
6595,2023-07-29,08:34:00
6596,2023-07-29,17:33:00
6597,2023-07-29,18:30:00
6598,2023-07-29,21:50:00
6599,2023-07-29,20:01:00
6600,2023-07-29,14:11:00
6601,2023-07-29,11:36:00
6602,2023-07-29,16:01:00
6603,2023-07-29,19:08:00
6604,2023-07-29,07:08:00
6605,2023-07-29,17:48:00
6606,2023-07-29,23:54:00
6607,2023-07-29,22:24:00
6608,2023-07-29,07:35:00
6609,2023-07-29,20:59:00
6610,2023-07-29,11:50:00
6611,2023-07-29,16:32:00
6612,2023-07-29,11:29:00
6613,2023-07-29,16:45:00
6614,2023-07-29,12:31:00
6615,2023-07-29,12:50:00
6616,2023-07-29,12:17:00
6617,2023-07-29,14:08:00
6618,2023-07-29,15:10:00
6619,2023-07-29,14:21:00
6620,2023-07-29,18:28:00
6621,2023-07-29,13:46:00
6622,2023-07-29,20:58:00
6623,2023-07-29,13:43:00
6624,2023-07-29,14:53:00
6625,2023-07-29,20:27:00
6626,2023-07-29,19:00:00
6627,2023-07-30,13:31:00
6628,2023-07-30,18:46:00
6629,2023-07-30,10:14:00
6630,2023-07-30,20:26:00
6631,2023-07-30,11:29:00
6632,2023-07-30,12:17:00
6633,2023-07-30,21:11:00
6634,2023-07-30,20:56:00
6635,2023-07-30,20:00:00
6636,2023-07-30,14:33:00
6637,2023-07-30,19:10:00
6638,2023-07-30,21:15:00
6639,2023-07-30,14:04:00
6640,2023-07-30,13:00:00
6641,2023-07-30,15:50:00
6642,2023-07-30,11:05:00
6643,2023-07-30,13:00:00
6644,2023-07-30,21:56:00
6645,2023-07-30,18:20:00
6646,2023-07-30,11:47:00
6647,2023-07-30,20:14:00
6648,2023-07-30,21:03:00
6649,2023-07-30,19:12:00
6650,2023-07-30,10:04:00
6651,2023-07-30,20:43:00
6652,2023-07-30,10:16:00
6653,2023-07-30,18:56:00
6654,2023-07-30,20:35:00
6655,2023-07-30,20:14:00
6656,2023-07-30,19:51:00
6657,2023-07-30,21:26:00
6658,2023-07-30,19:55:00
6659,2023-07-30,20:08:00
6660,2023-07-30,20:30:00
6661,2023-07-30,21:53:00
6662,2023-07-30,19:30:00
6663,2023-07-30,13:51:00
6664,2023-07-30,19:57:00
6665,2023-07-30,18:02:00
6666,2023-07-30,11:09:00
6667,2023-07-30,14:14:00
6668,2023-07-30,18:29:00
6669,2023-07-30,19:56:00
6670,2023-07-30,20:28:00
6671,2023-07-30,12:21:00
6672,2023-07-30,19:26:00
6673,2023-07-30,21:55:00
6674,2023-07-30,14:02:00
6675,2023-07-31,17:35:00
6676,2023-07-31,13:57:00
6677,2023-07-31,12:35:00
6678,2023-07-31,12:20:00
6679,2023-07-31,21:58:00
6680,2023-07-31,23:25:00
6681,2023-07-31,18:21:00
6682,2023-07-31,14:52:00
6683,2023-07-31,16:45:00
6684,2023-07-31,13:28:00
6685,2023-07-31,20:05:00
6686,2023-07-31,14:10:00
6687,2023-07-31,12:46:00
6688,2023-07-31,18:34:00
6689,2023-07-31,20:06:00
6690,2023-07-31,09:46:00
6691,2023-07-31,07:56:00
6692,2023-07-31,11:06:00
6693,2023-07-31,17:24:00
6694,2023-07-31,11:09:00
6695,2023-07-31,13:45:00
6696,2023-07-31,21:03:00
6697,2023-07-31,19:10:00
6698,2023-07-31,21:45:00
6699,2023-07-31,19:20:00
6700,2023-07-31,20:44:00
6701,2023-07-31,19:00:00
6702,2023-07-31,19:11:00
6703,2023-07-31,16:50:00
6704,2023-07-31,20:55:00
6705,2023-07-31,22:10:00
6706,2023-08-01,18:05:00
6707,2023-08-01,13:13:00
6708,2023-08-01,19:58:00
6709,2023-08-01,20:28:00
6710,2023-08-01,20:02:00
6711,2023-08-01,15:53:00
6712,2023-08-01,16:45:00
6713,2023-08-01,12:29:00
6714,2023-08-01,18:59:00
6715,2023-08-01,13:41:00
6716,2023-08-01,08:42:00
6717,2023-08-01,18:03:00
6718,2023-08-01,10:18:00
6719,2023-08-01,22:19:00
6720,2023-08-01,18:13:00
6721,2023-08-01,18:00:00
6722,2023-08-01,12:02:00
6723,2023-08-01,21:02:00
6724,2023-08-01,20:04:00
6725,2023-08-01,13:40:00
6726,2023-08-01,18:14:00
6727,2023-08-01,23:56:00
6728,2023-08-01,19:34:00
6729,2023-08-01,12:58:00
6730,2023-08-01,13:09:00
6731,2023-08-01,10:04:00
6732,2023-08-01,10:31:00
6733,2023-08-01,18:41:00
6734,2023-08-01,10:58:00
6735,2023-08-01,18:04:00
6736,2023-08-01,21:30:00
6737,2023-08-02,08:30:00
6738,2023-08-02,19:45:00
6739,2023-08-02,19:42:00
6740,2023-08-02,13:19:00
6741,2023-08-02,20:55:00
6742,2023-08-02,11:25:00
6743,2023-08-02,16:48:00
6744,2023-08-02,19:21:00
6745,2023-08-02,12:10:00
6746,2023-08-02,18:04:00
6747,2023-08-02,16:20:00
6748,2023-08-02,14:11:00
6749,2023-08-02,14:34:00
6750,2023-08-02,11:40:00
6751,2023-08-02,12:14:00
6752,2023-08-02,20:21:00
6753,2023-08-02,18:00:00
6754,2023-08-02,18:36:00
6755,2023-08-02,10:53:00
6756,2023-08-02,20:15:00
6757,2023-08-02,10:32:00
6758,2023-08-02,11:09:00
6759,2023-08-02,18:05:00
6760,2023-08-02,14:14:00
6761,2023-08-02,18:18:00
6762,2023-08-02,20:59:00
6763,2023-08-03,14:20:00
6764,2023-08-03,19:05:00
6765,2023-08-03,14:19:00
6766,2023-08-03,11:14:00
6767,2023-08-03,22:26:00
6768,2023-08-03,19:51:00
6769,2023-08-03,08:29:00
6770,2023-08-03,12:04:00
6771,2023-08-03,14:56:00
6772,2023-08-03,08:00:00
6773,2023-08-03,18:05:00
6774,2023-08-03,19:14:00
6775,2023-08-03,18:11:00
6776,2023-08-03,12:06:00
6777,2023-08-03,19:04:00
6778,2023-08-03,11:33:00
6779,2023-08-03,21:46:00
6780,2023-08-03,09:36:00
6781,2023-08-03,11:49:00
6782,2023-08-03,14:13:00
6783,2023-08-03,20:35:00
6784,2023-08-03,20:36:00
6785,2023-08-03,21:10:00
6786,2023-08-03,18:24:00
6787,2023-08-03,18:45:00
6788,2023-08-03,13:58:00
6789,2023-08-03,12:04:00
6790,2023-08-03,21:38:00
6791,2023-08-03,21:57:00
6792,2023-08-03,13:21:00
6793,2023-08-03,23:55:00
6794,2023-08-03,11:32:00
6795,2023-08-04,14:10:00
6796,2023-08-04,08:35:00
6797,2023-08-04,13:34:00
6798,2023-08-04,12:08:00
6799,2023-08-04,19:03:00
6800,2023-08-04,13:17:00
6801,2023-08-04,16:41:00
6802,2023-08-04,12:59:00
6803,2023-08-04,18:04:00
6804,2023-08-04,16:36:00
6805,2023-08-04,19:44:00
6806,2023-08-04,08:47:00
6807,2023-08-04,18:08:00
6808,2023-08-04,08:03:00
6809,2023-08-04,12:14:00
6810,2023-08-04,19:45:00
6811,2023-08-04,16:54:00
6812,2023-08-04,18:15:00
6813,2023-08-04,12:02:00
6814,2023-08-04,19:32:00
6815,2023-08-04,13:56:00
6816,2023-08-04,09:25:00
6817,2023-08-04,11:22:00
6818,2023-08-04,19:59:00
6819,2023-08-04,21:29:00
6820,2023-08-04,11:39:00
6821,2023-08-04,19:49:00
6822,2023-08-04,11:41:00
6823,2023-08-04,11:26:00
6824,2023-08-04,18:30:00
6825,2023-08-04,11:55:00
6826,2023-08-04,19:07:00
6827,2023-08-04,18:16:00
6828,2023-08-04,13:04:00
6829,2023-08-05,12:09:00
6830,2023-08-05,19:07:00
6831,2023-08-05,15:32:00
6832,2023-08-05,14:35:00
6833,2023-08-05,21:53:00
6834,2023-08-05,23:29:00
6835,2023-08-05,22:24:00
6836,2023-08-05,14:59:00
6837,2023-08-05,14:23:00
6838,2023-08-05,13:37:00
6839,2023-08-05,13:19:00
6840,2023-08-05,21:27:00
6841,2023-08-05,12:43:00
6842,2023-08-05,12:45:00
6843,2023-08-05,14:22:00
6844,2023-08-05,10:10:00
6845,2023-08-05,15:54:00
6846,2023-08-05,12:27:00
6847,2023-08-05,18:05:00
6848,2023-08-05,12:16:00
6849,2023-08-05,14:42:00
6850,2023-08-05,13:41:00
6851,2023-08-05,20:17:00
6852,2023-08-05,18:43:00
6853,2023-08-05,18:34:00
6854,2023-08-05,18:47:00
6855,2023-08-05,21:09:00
6856,2023-08-05,20:58:00
6857,2023-08-05,18:42:00
6858,2023-08-05,21:16:00
6859,2023-08-05,13:51:00
6860,2023-08-05,12:46:00
6861,2023-08-05,23:29:00
6862,2023-08-05,22:56:00
6863,2023-08-05,11:23:00
6864,2023-08-05,19:15:00
6865,2023-08-05,12:52:00
6866,2023-08-05,08:04:00
6867,2023-08-05,13:54:00
6868,2023-08-05,21:25:00
6869,2023-08-05,09:23:00
6870,2023-08-05,21:58:00
6871,2023-08-05,20:31:00
6872,2023-08-05,14:25:00
6873,2023-08-05,20:46:00
6874,2023-08-05,20:12:00
6875,2023-08-05,12:27:00
6876,2023-08-05,14:54:00
6877,2023-08-05,14:59:00
6878,2023-08-06,21:51:00
6879,2023-08-06,12:57:00
6880,2023-08-06,11:11:00
6881,2023-08-06,13:01:00
6882,2023-08-06,18:36:00
6883,2023-08-06,13:32:00
6884,2023-08-06,13:11:00
6885,2023-08-06,19:20:00
6886,2023-08-06,20:36:00
6887,2023-08-06,13:54:00
6888,2023-08-06,15:54:00
6889,2023-08-06,18:29:00
6890,2023-08-06,20:08:00
6891,2023-08-06,11:17:00
6892,2023-08-06,11:59:00
6893,2023-08-06,18:42:00
6894,2023-08-06,22:15:00
6895,2023-08-06,19:26:00
6896,2023-08-06,20:49:00
6897,2023-08-06,13:13:00
6898,2023-08-06,18:28:00
6899,2023-08-06,19:42:00
6900,2023-08-06,19:06:00
6901,2023-08-06,22:01:00
6902,2023-08-06,18:31:00
6903,2023-08-06,20:58:00
6904,2023-08-06,11:05:00
6905,2023-08-06,14:05:00
6906,2023-08-06,20:20:00
6907,2023-08-06,13:52:00
6908,2023-08-06,23:47:00
6909,2023-08-06,21:56:00
6910,2023-08-06,21:16:00
6911,2023-08-06,14:03:00
6912,2023-08-06,12:41:00
6913,2023-08-06,22:44:00
6914,2023-08-06,20:56:00
6915,2023-08-06,19:14:00
6916,2023-08-06,21:28:00
6917,2023-08-06,14:25:00
6918,2023-08-06,21:12:00
6919,2023-08-06,11:07:00
6920,2023-08-06,11:41:00
6921,2023-08-06,20:52:00
6922,2023-08-06,14:59:00
6923,2023-08-06,18:59:00
6924,2023-08-06,20:41:00
6925,2023-08-06,18:02:00
6926,2023-08-06,08:30:00
6927,2023-08-07,18:19:00
6928,2023-08-07,14:42:00
6929,2023-08-07,19:07:00
6930,2023-08-07,17:19:00
6931,2023-08-07,11:49:00
6932,2023-08-07,21:33:00
6933,2023-08-07,18:31:00
6934,2023-08-07,22:12:00
6935,2023-08-07,14:39:00
6936,2023-08-07,12:33:00
6937,2023-08-07,19:58:00
6938,2023-08-07,19:36:00
6939,2023-08-07,21:50:00
6940,2023-08-07,12:46:00
6941,2023-08-07,13:52:00
6942,2023-08-07,19:58:00
6943,2023-08-07,12:09:00
6944,2023-08-07,21:14:00
6945,2023-08-07,19:57:00
6946,2023-08-07,19:00:00
6947,2023-08-07,14:44:00
6948,2023-08-07,19:50:00
6949,2023-08-07,12:14:00
6950,2023-08-08,17:22:00
6951,2023-08-08,23:25:00
6952,2023-08-08,11:35:00
6953,2023-08-08,22:32:00
6954,2023-08-08,14:50:00
6955,2023-08-08,22:53:00
6956,2023-08-08,21:02:00
6957,2023-08-08,14:07:00
6958,2023-08-08,11:22:00
6959,2023-08-08,19:57:00
6960,2023-08-08,22:45:00
6961,2023-08-08,14:42:00
6962,2023-08-08,21:59:00
6963,2023-08-08,20:34:00
6964,2023-08-08,21:30:00
6965,2023-08-08,14:48:00
6966,2023-08-08,12:13:00
6967,2023-08-08,22:44:00
6968,2023-08-08,22:10:00
6969,2023-08-08,18:40:00
6970,2023-08-08,13:16:00
6971,2023-08-08,23:35:00
6972,2023-08-08,22:45:00
6973,2023-08-08,19:11:00
6974,2023-08-08,20:25:00
6975,2023-08-08,12:52:00
6976,2023-08-08,20:13:00
6977,2023-08-08,11:57:00
6978,2023-08-08,14:55:00
6979,2023-08-08,18:54:00
6980,2023-08-08,18:17:00
6981,2023-08-09,21:17:00
6982,2023-08-09,12:00:00
6983,2023-08-09,16:14:00
6984,2023-08-09,20:49:00
6985,2023-08-09,13:09:00
6986,2023-08-09,07:14:00
6987,2023-08-09,19:25:00
6988,2023-08-09,20:42:00
6989,2023-08-09,14:42:00
6990,2023-08-09,11:20:00
6991,2023-08-09,21:02:00
6992,2023-08-09,13:36:00
6993,2023-08-09,12:59:00
6994,2023-08-09,18:23:00
6995,2023-08-09,13:04:00
6996,2023-08-09,13:21:00
6997,2023-08-09,15:36:00
6998,2023-08-09,18:36:00
6999,2023-08-09,19:37:00
7000,2023-08-09,14:22:00
7001,2023-08-09,18:30:00
7002,2023-08-09,19:01:00
7003,2023-08-09,14:10:00
7004,2023-08-09,18:39:00
7005,2023-08-09,21:06:00
7006,2023-08-09,11:09:00
7007,2023-08-09,12:36:00
7008,2023-08-09,14:57:00
7009,2023-08-09,21:29:00
7010,2023-08-09,21:25:00
7011,2023-08-10,21:13:00
7012,2023-08-10,14:31:00
7013,2023-08-10,19:05:00
7014,2023-08-10,19:08:00
7015,2023-08-10,16:43:00
7016,2023-08-10,21:21:00
7017,2023-08-10,21:41:00
7018,2023-08-10,20:15:00
7019,2023-08-10,19:40:00
7020,2023-08-10,20:12:00
7021,2023-08-10,11:40:00
7022,2023-08-10,20:19:00
7023,2023-08-10,13:11:00
7024,2023-08-10,12:02:00
7025,2023-08-10,11:22:00
7026,2023-08-10,20:31:00
7027,2023-08-10,20:18:00
7028,2023-08-10,21:51:00
7029,2023-08-10,21:00:00
7030,2023-08-11,10:35:00
7031,2023-08-11,16:19:00
7032,2023-08-11,21:31:00
7033,2023-08-11,17:28:00
7034,2023-08-11,20:56:00
7035,2023-08-11,21:52:00
7036,2023-08-11,13:27:00
7037,2023-08-11,18:16:00
7038,2023-08-11,18:01:00
7039,2023-08-11,16:20:00
7040,2023-08-11,21:12:00
7041,2023-08-11,10:17:00
7042,2023-08-11,19:29:00
7043,2023-08-11,15:56:00
7044,2023-08-11,20:08:00
7045,2023-08-11,21:14:00
7046,2023-08-11,11:44:00
7047,2023-08-11,14:46:00
7048,2023-08-11,09:22:00
7049,2023-08-11,12:29:00
7050,2023-08-11,15:27:00
7051,2023-08-11,11:54:00
7052,2023-08-11,13:58:00
7053,2023-08-11,20:39:00
7054,2023-08-11,13:26:00
7055,2023-08-11,19:19:00
7056,2023-08-11,23:55:00
7057,2023-08-11,20:47:00
7058,2023-08-11,13:50:00
7059,2023-08-11,13:39:00
7060,2023-08-11,12:48:00
7061,2023-08-12,13:17:00
7062,2023-08-12,20:14:00
7063,2023-08-12,20:56:00
7064,2023-08-12,15:33:00
7065,2023-08-12,19:09:00
7066,2023-08-12,13:32:00
7067,2023-08-12,17:46:00
7068,2023-08-12,15:36:00
7069,2023-08-12,20:06:00
7070,2023-08-12,11:00:00
7071,2023-08-12,23:08:00
7072,2023-08-12,12:07:00
7073,2023-08-12,18:30:00
7074,2023-08-12,13:12:00
7075,2023-08-12,14:23:00
7076,2023-08-12,12:54:00
7077,2023-08-12,18:15:00
7078,2023-08-12,09:17:00
7079,2023-08-12,20:24:00
7080,2023-08-12,19:46:00
7081,2023-08-12,18:52:00
7082,2023-08-12,09:06:00
7083,2023-08-12,11:13:00
7084,2023-08-12,21:21:00
7085,2023-08-12,20:33:00
7086,2023-08-12,21:12:00
7087,2023-08-12,13:40:00
7088,2023-08-12,21:00:00
7089,2023-08-12,21:51:00
7090,2023-08-12,12:04:00
7091,2023-08-12,13:35:00
7092,2023-08-12,13:44:00
7093,2023-08-12,14:14:00
7094,2023-08-12,12:59:00
7095,2023-08-12,20:03:00
7096,2023-08-12,20:56:00
7097,2023-08-12,14:10:00
7098,2023-08-12,19:02:00
7099,2023-08-12,19:19:00
7100,2023-08-12,15:16:00
7101,2023-08-12,17:06:00
7102,2023-08-12,08:42:00
7103,2023-08-12,17:26:00
7104,2023-08-12,21:50:00
7105,2023-08-12,18:02:00
7106,2023-08-12,20:45:00
7107,2023-08-12,19:36:00
7108,2023-08-12,21:48:00
7109,2023-08-12,18:09:00
7110,2023-08-13,14:28:00
7111,2023-08-13,18:29:00
7112,2023-08-13,11:19:00
7113,2023-08-13,13:03:00
7114,2023-08-13,13:03:00
7115,2023-08-13,13:27:00
7116,2023-08-13,12:28:00
7117,2023-08-13,19:12:00
7118,2023-08-13,12:39:00
7119,2023-08-13,18:08:00
7120,2023-08-13,09:25:00
7121,2023-08-13,18:13:00
7122,2023-08-13,11:14:00
7123,2023-08-13,08:16:00
7124,2023-08-13,16:04:00
7125,2023-08-13,18:42:00
7126,2023-08-13,21:23:00
7127,2023-08-13,18:28:00
7128,2023-08-13,19:49:00
7129,2023-08-13,17:22:00
7130,2023-08-13,20:15:00
7131,2023-08-13,18:11:00
7132,2023-08-13,13:13:00
7133,2023-08-13,12:58:00
7134,2023-08-13,13:52:00
7135,2023-08-13,15:01:00
7136,2023-08-13,12:02:00
7137,2023-08-13,13:29:00
7138,2023-08-13,11:05:00
7139,2023-08-13,15:10:00
7140,2023-08-13,19:18:00
7141,2023-08-13,13:03:00
7142,2023-08-13,17:26:00
7143,2023-08-13,20:42:00
7144,2023-08-13,21:46:00
7145,2023-08-13,18:53:00
7146,2023-08-13,21:20:00
7147,2023-08-13,21:06:00
7148,2023-08-13,19:59:00
7149,2023-08-13,14:23:00
7150,2023-08-13,19:34:00
7151,2023-08-13,21:09:00
7152,2023-08-13,21:40:00
7153,2023-08-13,11:11:00
7154,2023-08-13,11:51:00
7155,2023-08-13,23:24:00
7156,2023-08-13,13:45:00
7157,2023-08-13,12:15:00
7158,2023-08-13,17:12:00
7159,2023-08-13,15:50:00
7160,2023-08-14,11:05:00
7161,2023-08-14,22:33:00
7162,2023-08-14,17:02:00
7163,2023-08-14,13:44:00
7164,2023-08-14,18:42:00
7165,2023-08-14,18:29:00
7166,2023-08-14,21:18:00
7167,2023-08-14,19:38:00
7168,2023-08-14,11:37:00
7169,2023-08-14,23:44:00
7170,2023-08-14,13:47:00
7171,2023-08-14,18:31:00
7172,2023-08-14,12:09:00
7173,2023-08-14,21:47:00
7174,2023-08-14,12:35:00
7175,2023-08-14,15:01:00
7176,2023-08-14,13:09:00
7177,2023-08-14,14:11:00
7178,2023-08-14,13:43:00
7179,2023-08-14,21:54:00
7180,2023-08-14,22:47:00
7181,2023-08-14,19:12:00
7182,2023-08-14,23:19:00
7183,2023-08-15,18:19:00
7184,2023-08-15,21:32:00
7185,2023-08-15,20:00:00
7186,2023-08-15,11:51:00
7187,2023-08-15,13:39:00
7188,2023-08-15,20:04:00
7189,2023-08-15,20:12:00
7190,2023-08-15,21:31:00
7191,2023-08-15,12:25:00
7192,2023-08-15,17:13:00
7193,2023-08-15,13:26:00
7194,2023-08-15,12:28:00
7195,2023-08-15,21:20:00
7196,2023-08-15,19:58:00
7197,2023-08-15,12:01:00
7198,2023-08-15,16:22:00
7199,2023-08-15,19:51:00
7200,2023-08-15,18:41:00
7201,2023-08-15,12:09:00
7202,2023-08-15,18:04:00
7203,2023-08-15,14:13:00
7204,2023-08-15,09:20:00
7205,2023-08-15,21:14:00
7206,2023-08-15,16:42:00
7207,2023-08-15,19:41:00
7208,2023-08-15,17:46:00
7209,2023-08-15,12:02:00
7210,2023-08-15,15:21:00
7211,2023-08-15,18:41:00
7212,2023-08-15,20:06:00
7213,2023-08-15,11:14:00
7214,2023-08-15,18:02:00
7215,2023-08-16,19:45:00
7216,2023-08-16,18:52:00
7217,2023-08-16,19:54:00
7218,2023-08-16,12:50:00
7219,2023-08-16,13:32:00
7220,2023-08-16,18:45:00
7221,2023-08-16,12:55:00
7222,2023-08-16,16:34:00
7223,2023-08-16,16:19:00
7224,2023-08-16,18:48:00
7225,2023-08-16,20:16:00
7226,2023-08-16,18:24:00
7227,2023-08-16,13:48:00
7228,2023-08-16,11:02:00
7229,2023-08-16,19:36:00
7230,2023-08-16,21:28:00
7231,2023-08-16,21:15:00
7232,2023-08-16,20:49:00
7233,2023-08-16,21:40:00
7234,2023-08-16,16:47:00
7235,2023-08-16,11:38:00
7236,2023-08-16,15:13:00
7237,2023-08-16,12:07:00
7238,2023-08-16,21:51:00
7239,2023-08-16,11:12:00
7240,2023-08-16,13:44:00
7241,2023-08-17,08:39:00
7242,2023-08-17,12:50:00
7243,2023-08-17,23:46:00
7244,2023-08-17,17:58:00
7245,2023-08-17,18:05:00
7246,2023-08-17,17:28:00
7247,2023-08-17,14:37:00
7248,2023-08-17,20:36:00
7249,2023-08-17,18:41:00
7250,2023-08-17,12:07:00
7251,2023-08-17,18:03:00
7252,2023-08-17,14:27:00
7253,2023-08-17,17:44:00
7254,2023-08-17,18:03:00
7255,2023-08-17,08:47:00
7256,2023-08-17,13:12:00
7257,2023-08-17,19:55:00
7258,2023-08-17,13:40:00
7259,2023-08-17,08:17:00
7260,2023-08-17,12:35:00
7261,2023-08-18,19:59:00
7262,2023-08-18,17:10:00
7263,2023-08-18,18:03:00
7264,2023-08-18,17:44:00
7265,2023-08-18,16:48:00
7266,2023-08-18,15:54:00
7267,2023-08-18,12:56:00
7268,2023-08-18,21:43:00
7269,2023-08-18,19:13:00
7270,2023-08-18,21:57:00
7271,2023-08-18,20:40:00
7272,2023-08-18,14:11:00
7273,2023-08-18,11:15:00
7274,2023-08-18,16:49:00
7275,2023-08-18,11:12:00
7276,2023-08-18,12:12:00
7277,2023-08-18,19:06:00
7278,2023-08-18,19:22:00
7279,2023-08-18,21:47:00
7280,2023-08-18,18:33:00
7281,2023-08-18,17:48:00
7282,2023-08-18,18:25:00
7283,2023-08-18,23:31:00
7284,2023-08-18,11:27:00
7285,2023-08-18,20:52:00
7286,2023-08-18,18:40:00
7287,2023-08-18,18:54:00
7288,2023-08-18,20:15:00
7289,2023-08-18,19:29:00
7290,2023-08-18,21:07:00
7291,2023-08-19,18:22:00
7292,2023-08-19,23:37:00
7293,2023-08-19,19:34:00
7294,2023-08-19,20:42:00
7295,2023-08-19,17:43:00
7296,2023-08-19,08:44:00
7297,2023-08-19,13:44:00
7298,2023-08-19,23:34:00
7299,2023-08-19,12:39:00
7300,2023-08-19,18:08:00
7301,2023-08-19,12:19:00
7302,2023-08-19,19:21:00
7303,2023-08-19,13:42:00
7304,2023-08-19,17:00:00
7305,2023-08-19,20:56:00
7306,2023-08-19,11:28:00
7307,2023-08-19,14:09:00
7308,2023-08-19,21:27:00
7309,2023-08-19,20:04:00
7310,2023-08-19,21:31:00
7311,2023-08-19,07:35:00
7312,2023-08-19,21:19:00
7313,2023-08-19,21:16:00
7314,2023-08-19,20:25:00
7315,2023-08-19,12:51:00
7316,2023-08-19,20:07:00
7317,2023-08-19,15:18:00
7318,2023-08-19,20:13:00
7319,2023-08-19,11:24:00
7320,2023-08-19,11:16:00
7321,2023-08-19,11:50:00
7322,2023-08-19,21:56:00
7323,2023-08-19,08:07:00
7324,2023-08-19,18:10:00
7325,2023-08-19,14:02:00
7326,2023-08-19,13:35:00
7327,2023-08-19,18:01:00
7328,2023-08-19,19:17:00
7329,2023-08-19,20:22:00
7330,2023-08-19,19:00:00
7331,2023-08-19,19:55:00
7332,2023-08-19,18:21:00
7333,2023-08-19,17:52:00
7334,2023-08-19,19:39:00
7335,2023-08-20,20:53:00
7336,2023-08-20,18:35:00
7337,2023-08-20,12:00:00
7338,2023-08-20,14:50:00
7339,2023-08-20,11:03:00
7340,2023-08-20,07:43:00
7341,2023-08-20,14:48:00
7342,2023-08-20,18:37:00
7343,2023-08-20,20:41:00
7344,2023-08-20,13:24:00
7345,2023-08-20,13:49:00
7346,2023-08-20,21:34:00
7347,2023-08-20,20:27:00
7348,2023-08-20,15:32:00
7349,2023-08-20,18:41:00
7350,2023-08-20,14:10:00
7351,2023-08-20,17:51:00
7352,2023-08-20,07:40:00
7353,2023-08-20,21:23:00
7354,2023-08-20,18:03:00
7355,2023-08-20,13:19:00
7356,2023-08-20,20:08:00
7357,2023-08-20,18:25:00
7358,2023-08-20,17:21:00
7359,2023-08-20,23:52:00
7360,2023-08-20,19:19:00
7361,2023-08-20,21:09:00
7362,2023-08-20,19:07:00
7363,2023-08-20,13:39:00
7364,2023-08-20,21:08:00
7365,2023-08-20,14:49:00
7366,2023-08-20,12:07:00
7367,2023-08-20,20:15:00
7368,2023-08-20,13:28:00
7369,2023-08-20,20:31:00
7370,2023-08-20,14:19:00
7371,2023-08-20,20:23:00
7372,2023-08-20,21:20:00
7373,2023-08-20,12:34:00
7374,2023-08-20,11:31:00
7375,2023-08-20,19:18:00
7376,2023-08-20,13:13:00
7377,2023-08-20,11:00:00
7378,2023-08-20,21:08:00
7379,2023-08-20,18:59:00
7380,2023-08-20,21:15:00
7381,2023-08-20,19:40:00
7382,2023-08-20,23:10:00
7383,2023-08-20,16:34:00
7384,2023-08-21,20:35:00
7385,2023-08-21,13:35:00
7386,2023-08-21,12:37:00
7387,2023-08-21,19:43:00
7388,2023-08-21,19:45:00
7389,2023-08-21,18:25:00
7390,2023-08-21,13:31:00
7391,2023-08-21,11:28:00
7392,2023-08-21,13:58:00
7393,2023-08-21,11:23:00
7394,2023-08-21,11:16:00
7395,2023-08-21,16:17:00
7396,2023-08-21,16:40:00
7397,2023-08-21,12:19:00
7398,2023-08-21,17:46:00
7399,2023-08-21,20:07:00
7400,2023-08-21,21:07:00
7401,2023-08-21,13:44:00
7402,2023-08-21,21:12:00
7403,2023-08-21,12:02:00
7404,2023-08-21,14:32:00
7405,2023-08-21,19:12:00
7406,2023-08-21,12:26:00
7407,2023-08-21,11:44:00
7408,2023-08-21,12:27:00
7409,2023-08-21,21:32:00
7410,2023-08-21,19:51:00
7411,2023-08-21,18:22:00
7412,2023-08-21,21:34:00
7413,2023-08-21,15:18:00
7414,2023-08-21,21:11:00
7415,2023-08-21,11:20:00
7416,2023-08-21,14:44:00
7417,2023-08-21,13:53:00
7418,2023-08-21,20:46:00
7419,2023-08-22,17:03:00
7420,2023-08-22,11:22:00
7421,2023-08-22,16:12:00
7422,2023-08-22,14:31:00
7423,2023-08-22,14:28:00
7424,2023-08-22,19:37:00
7425,2023-08-22,18:19:00
7426,2023-08-22,14:08:00
7427,2023-08-22,20:56:00
7428,2023-08-22,14:16:00
7429,2023-08-22,23:03:00
7430,2023-08-22,18:44:00
7431,2023-08-22,07:34:00
7432,2023-08-22,20:30:00
7433,2023-08-22,11:34:00
7434,2023-08-22,20:10:00
7435,2023-08-22,11:34:00
7436,2023-08-22,20:57:00
7437,2023-08-22,13:24:00
7438,2023-08-22,13:39:00
7439,2023-08-22,21:37:00
7440,2023-08-22,12:35:00
7441,2023-08-22,20:52:00
7442,2023-08-22,21:21:00
7443,2023-08-22,20:48:00
7444,2023-08-23,11:53:00
7445,2023-08-23,19:09:00
7446,2023-08-23,14:46:00
7447,2023-08-23,18:52:00
7448,2023-08-23,12:40:00
7449,2023-08-23,21:57:00
7450,2023-08-23,11:59:00
7451,2023-08-23,13:58:00
7452,2023-08-23,23:51:00
7453,2023-08-23,13:50:00
7454,2023-08-23,21:31:00
7455,2023-08-23,19:33:00
7456,2023-08-23,22:05:00
7457,2023-08-23,12:40:00
7458,2023-08-23,09:48:00
7459,2023-08-23,17:07:00
7460,2023-08-23,19:39:00
7461,2023-08-23,23:53:00
7462,2023-08-23,20:58:00
7463,2023-08-23,11:56:00
7464,2023-08-23,19:53:00
7465,2023-08-23,14:36:00
7466,2023-08-23,09:09:00
7467,2023-08-23,21:59:00
7468,2023-08-23,15:14:00
7469,2023-08-23,20:05:00
7470,2023-08-23,20:47:00
7471,2023-08-23,18:48:00
7472,2023-08-23,18:49:00
7473,2023-08-23,20:12:00
7474,2023-08-23,14:01:00
7475,2023-08-23,18:07:00
7476,2023-08-23,18:00:00
7477,2023-08-23,12:54:00
7478,2023-08-24,13:22:00
7479,2023-08-24,14:02:00
7480,2023-08-24,20:52:00
7481,2023-08-24,18:54:00
7482,2023-08-24,18:02:00
7483,2023-08-24,11:56:00
7484,2023-08-24,12:45:00
7485,2023-08-24,16:04:00
7486,2023-08-24,21:13:00
7487,2023-08-24,14:08:00
7488,2023-08-24,18:13:00
7489,2023-08-24,21:36:00
7490,2023-08-24,13:15:00
7491,2023-08-24,18:45:00
7492,2023-08-24,09:34:00
7493,2023-08-24,14:05:00
7494,2023-08-24,13:28:00
7495,2023-08-24,18:41:00
7496,2023-08-24,14:52:00
7497,2023-08-24,14:36:00
7498,2023-08-24,13:50:00
7499,2023-08-24,18:24:00
7500,2023-08-24,14:43:00
7501,2023-08-24,19:53:00
7502,2023-08-24,19:30:00
7503,2023-08-24,16:01:00
7504,2023-08-24,21:49:00
7505,2023-08-24,21:00:00
7506,2023-08-24,12:18:00
7507,2023-08-24,11:24:00
7508,2023-08-24,20:04:00
7509,2023-08-24,21:04:00
7510,2023-08-24,07:39:00
7511,2023-08-25,23:40:00
7512,2023-08-25,20:34:00
7513,2023-08-25,20:26:00
7514,2023-08-25,18:23:00
7515,2023-08-25,22:12:00
7516,2023-08-25,18:08:00
7517,2023-08-25,15:00:00
7518,2023-08-25,14:26:00
7519,2023-08-25,12:59:00
7520,2023-08-25,18:16:00
7521,2023-08-25,20:29:00
7522,2023-08-25,12:37:00
7523,2023-08-25,12:59:00
7524,2023-08-25,10:36:00
7525,2023-08-25,21:31:00
7526,2023-08-25,17:48:00
7527,2023-08-25,18:36:00
7528,2023-08-25,13:39:00
7529,2023-08-25,20:55:00
7530,2023-08-25,13:07:00
7531,2023-08-25,19:53:00
7532,2023-08-25,20:34:00
7533,2023-08-25,21:08:00
7534,2023-08-25,18:29:00
7535,2023-08-25,12:01:00
7536,2023-08-25,21:51:00
7537,2023-08-25,18:50:00
7538,2023-08-25,14:53:00
7539,2023-08-25,20:49:00
7540,2023-08-25,18:12:00
7541,2023-08-25,12:37:00
7542,2023-08-25,18:32:00
7543,2023-08-25,17:30:00
7544,2023-08-25,17:22:00
7545,2023-08-25,22:46:00
7546,2023-08-25,14:18:00
7547,2023-08-25,21:00:00
7548,2023-08-25,18:14:00
7549,2023-08-25,18:39:00
7550,2023-08-25,20:12:00
7551,2023-08-25,21:01:00
7552,2023-08-25,12:25:00
7553,2023-08-25,13:50:00
7554,2023-08-25,11:59:00
7555,2023-08-26,12:55:00
7556,2023-08-26,18:39:00
7557,2023-08-26,09:28:00
7558,2023-08-26,15:17:00
7559,2023-08-26,18:01:00
7560,2023-08-26,14:44:00
7561,2023-08-26,20:06:00
7562,2023-08-26,19:17:00
7563,2023-08-26,12:53:00
7564,2023-08-26,18:03:00
7565,2023-08-26,20:06:00
7566,2023-08-26,22:09:00
7567,2023-08-26,21:01:00
7568,2023-08-26,21:09:00
7569,2023-08-26,20:55:00
7570,2023-08-26,21:13:00
7571,2023-08-26,13:05:00
7572,2023-08-26,23:50:00
7573,2023-08-26,13:00:00
7574,2023-08-26,12:11:00
7575,2023-08-26,15:34:00
7576,2023-08-26,18:02:00
7577,2023-08-26,14:33:00
7578,2023-08-26,17:24:00
7579,2023-08-26,14:00:00
7580,2023-08-26,14:28:00
7581,2023-08-26,19:03:00
7582,2023-08-26,19:49:00
7583,2023-08-26,09:49:00
7584,2023-08-26,21:57:00
7585,2023-08-26,19:04:00
7586,2023-08-26,19:26:00
7587,2023-08-26,22:00:00
7588,2023-08-26,14:38:00
7589,2023-08-26,11:06:00
7590,2023-08-26,15:21:00
7591,2023-08-26,22:01:00
7592,2023-08-26,19:39:00
7593,2023-08-27,11:41:00
7594,2023-08-27,15:05:00
7595,2023-08-27,14:36:00
7596,2023-08-27,10:56:00
7597,2023-08-27,14:31:00
7598,2023-08-27,11:01:00
7599,2023-08-27,20:20:00
7600,2023-08-27,20:47:00
7601,2023-08-27,15:31:00
7602,2023-08-27,12:35:00
7603,2023-08-27,18:30:00
7604,2023-08-27,21:16:00
7605,2023-08-27,14:03:00
7606,2023-08-27,22:52:00
7607,2023-08-27,13:18:00
7608,2023-08-27,19:11:00
7609,2023-08-27,11:41:00
7610,2023-08-27,12:21:00
7611,2023-08-27,13:48:00
7612,2023-08-27,11:37:00
7613,2023-08-27,14:51:00
7614,2023-08-27,19:24:00
7615,2023-08-27,19:43:00
7616,2023-08-27,13:20:00
7617,2023-08-27,12:30:00
7618,2023-08-27,17:29:00
7619,2023-08-27,20:46:00
7620,2023-08-27,19:17:00
7621,2023-08-27,20:37:00
7622,2023-08-27,18:24:00
7623,2023-08-27,07:06:00
7624,2023-08-27,18:20:00
7625,2023-08-27,22:10:00
7626,2023-08-27,21:48:00
7627,2023-08-27,21:16:00
7628,2023-08-27,16:50:00
7629,2023-08-27,21:08:00
7630,2023-08-27,14:03:00
7631,2023-08-27,20:19:00
7632,2023-08-27,15:32:00
7633,2023-08-27,21:52:00
7634,2023-08-27,18:36:00
7635,2023-08-27,11:31:00
7636,2023-08-27,12:05:00
7637,2023-08-28,11:25:00
7638,2023-08-28,19:25:00
7639,2023-08-28,19:53:00
7640,2023-08-28,13:14:00
7641,2023-08-28,13:32:00
7642,2023-08-28,16:02:00
7643,2023-08-28,18:14:00
7644,2023-08-28,21:20:00
7645,2023-08-28,12:09:00
7646,2023-08-28,18:10:00
7647,2023-08-28,12:12:00
7648,2023-08-28,21:43:00
7649,2023-08-28,19:55:00
7650,2023-08-28,09:00:00
7651,2023-08-28,19:00:00
7652,2023-08-28,11:35:00
7653,2023-08-28,19:50:00
7654,2023-08-28,14:29:00
7655,2023-08-28,11:39:00
7656,2023-08-28,07:07:00
7657,2023-08-28,14:51:00
7658,2023-08-28,07:24:00
7659,2023-08-28,19:52:00
7660,2023-08-28,14:12:00
7661,2023-08-28,21:47:00
7662,2023-08-28,18:24:00
7663,2023-08-28,09:19:00
7664,2023-08-28,18:54:00
7665,2023-08-28,21:30:00
7666,2023-08-28,23:15:00
7667,2023-08-28,07:58:00
7668,2023-08-29,12:15:00
7669,2023-08-29,15:46:00
7670,2023-08-29,21:05:00
7671,2023-08-29,18:20:00
7672,2023-08-29,13:44:00
7673,2023-08-29,12:48:00
7674,2023-08-29,20:09:00
7675,2023-08-29,22:40:00
7676,2023-08-29,11:04:00
7677,2023-08-29,13:48:00
7678,2023-08-29,14:26:00
7679,2023-08-29,09:24:00
7680,2023-08-29,20:18:00
7681,2023-08-29,20:55:00
7682,2023-08-29,16:09:00
7683,2023-08-29,18:03:00
7684,2023-08-29,20:56:00
7685,2023-08-29,18:51:00
7686,2023-08-29,11:44:00
7687,2023-08-29,19:41:00
7688,2023-08-29,14:38:00
7689,2023-08-29,20:00:00
7690,2023-08-29,14:09:00
7691,2023-08-29,09:32:00
7692,2023-08-29,21:16:00
7693,2023-08-29,19:29:00
7694,2023-08-29,13:40:00
7695,2023-08-29,23:19:00
7696,2023-08-29,12:22:00
7697,2023-08-29,22:00:00
7698,2023-08-29,12:39:00
7699,2023-08-29,12:35:00
7700,2023-08-29,18:35:00
7701,2023-08-29,14:04:00
7702,2023-08-30,20:22:00
7703,2023-08-30,20:42:00
7704,2023-08-30,21:07:00
7705,2023-08-30,18:29:00
7706,2023-08-30,19:03:00
7707,2023-08-30,14:01:00
7708,2023-08-30,12:35:00
7709,2023-08-30,12:29:00
7710,2023-08-30,11:46:00
7711,2023-08-30,19:12:00
7712,2023-08-30,22:36:00
7713,2023-08-30,21:04:00
7714,2023-08-30,12:01:00
7715,2023-08-30,20:34:00
7716,2023-08-30,18:31:00
7717,2023-08-30,21:48:00
7718,2023-08-30,13:19:00
7719,2023-08-30,11:56:00
7720,2023-08-30,12:57:00
7721,2023-08-30,14:26:00
7722,2023-08-30,23:24:00
7723,2023-08-30,18:06:00
7724,2023-08-30,20:15:00
7725,2023-08-31,12:46:00
7726,2023-08-31,12:16:00
7727,2023-08-31,14:05:00
7728,2023-08-31,16:34:00
7729,2023-08-31,13:48:00
7730,2023-08-31,12:52:00
7731,2023-08-31,15:25:00
7732,2023-08-31,15:32:00
7733,2023-08-31,14:45:00
7734,2023-08-31,20:59:00
7735,2023-08-31,21:09:00
7736,2023-08-31,20:04:00
7737,2023-08-31,23:56:00
7738,2023-08-31,23:32:00
7739,2023-08-31,20:50:00
7740,2023-08-31,21:29:00
7741,2023-08-31,19:37:00
7742,2023-08-31,12:23:00
7743,2023-09-01,07:51:00
7744,2023-09-01,21:19:00
7745,2023-09-01,22:15:00
7746,2023-09-01,13:51:00
7747,2023-09-01,11:19:00
7748,2023-09-01,21:35:00
7749,2023-09-01,11:09:00
7750,2023-09-01,14:53:00
7751,2023-09-01,13:10:00
7752,2023-09-01,12:01:00
7753,2023-09-01,23:51:00
7754,2023-09-01,11:49:00
7755,2023-09-01,14:49:00
7756,2023-09-01,11:33:00
7757,2023-09-01,12:00:00
7758,2023-09-01,21:14:00
7759,2023-09-01,13:43:00
7760,2023-09-01,20:32:00
7761,2023-09-01,19:46:00
7762,2023-09-01,13:37:00
7763,2023-09-01,18:25:00
7764,2023-09-01,15:22:00
7765,2023-09-01,18:02:00
7766,2023-09-01,12:52:00
7767,2023-09-01,20:12:00
7768,2023-09-01,20:05:00
7769,2023-09-01,19:15:00
7770,2023-09-01,18:45:00
7771,2023-09-01,16:39:00
7772,2023-09-01,21:00:00
7773,2023-09-02,15:45:00
7774,2023-09-02,21:03:00
7775,2023-09-02,22:10:00
7776,2023-09-02,12:06:00
7777,2023-09-02,18:05:00
7778,2023-09-02,13:02:00
7779,2023-09-02,19:19:00
7780,2023-09-02,21:52:00
7781,2023-09-02,11:48:00
7782,2023-09-02,18:37:00
7783,2023-09-02,21:02:00
7784,2023-09-02,18:56:00
7785,2023-09-02,21:56:00
7786,2023-09-02,20:43:00
7787,2023-09-02,18:46:00
7788,2023-09-02,18:37:00
7789,2023-09-02,21:52:00
7790,2023-09-02,20:58:00
7791,2023-09-02,07:04:00
7792,2023-09-02,14:21:00
7793,2023-09-02,12:45:00
7794,2023-09-02,14:59:00
7795,2023-09-02,14:33:00
7796,2023-09-02,21:08:00
7797,2023-09-02,18:45:00
7798,2023-09-02,11:26:00
7799,2023-09-02,11:35:00
7800,2023-09-02,18:49:00
7801,2023-09-02,19:08:00
7802,2023-09-02,21:16:00
7803,2023-09-02,15:34:00
7804,2023-09-02,13:53:00
7805,2023-09-02,14:56:00
7806,2023-09-02,15:57:00
7807,2023-09-02,19:51:00
7808,2023-09-02,11:43:00
7809,2023-09-02,20:50:00
7810,2023-09-03,17:02:00
7811,2023-09-03,09:42:00
7812,2023-09-03,19:51:00
7813,2023-09-03,19:56:00
7814,2023-09-03,12:10:00
7815,2023-09-03,22:25:00
7816,2023-09-03,21:38:00
7817,2023-09-03,21:35:00
7818,2023-09-03,14:16:00
7819,2023-09-03,14:01:00
7820,2023-09-03,14:43:00
7821,2023-09-03,18:27:00
7822,2023-09-03,18:15:00
7823,2023-09-03,20:44:00
7824,2023-09-03,19:05:00
7825,2023-09-03,11:53:00
7826,2023-09-03,16:52:00
7827,2023-09-03,11:00:00
7828,2023-09-03,15:13:00
7829,2023-09-03,11:52:00
7830,2023-09-03,20:57:00
7831,2023-09-03,20:54:00
7832,2023-09-03,11:39:00
7833,2023-09-03,19:36:00
7834,2023-09-03,13:32:00
7835,2023-09-03,11:00:00
7836,2023-09-03,11:47:00
7837,2023-09-03,15:52:00
7838,2023-09-03,08:02:00
7839,2023-09-03,13:58:00
7840,2023-09-03,14:46:00
7841,2023-09-03,14:44:00
7842,2023-09-03,12:14:00
7843,2023-09-03,20:14:00
7844,2023-09-03,11:05:00
7845,2023-09-03,07:52:00
7846,2023-09-03,13:58:00
7847,2023-09-03,16:49:00
7848,2023-09-03,23:32:00
7849,2023-09-03,21:54:00
7850,2023-09-03,23:30:00
7851,2023-09-04,20:47:00
7852,2023-09-04,18:08:00
7853,2023-09-04,18:57:00
7854,2023-09-04,16:21:00
7855,2023-09-04,19:14:00
7856,2023-09-04,21:32:00
7857,2023-09-04,13:16:00
7858,2023-09-04,11:48:00
7859,2023-09-04,21:10:00
7860,2023-09-04,14:01:00
7861,2023-09-04,13:27:00
7862,2023-09-04,20:49:00
7863,2023-09-04,14:29:00
7864,2023-09-04,13:04:00
7865,2023-09-04,15:29:00
7866,2023-09-04,14:07:00
7867,2023-09-04,13:48:00
7868,2023-09-04,19:30:00
7869,2023-09-04,18:13:00
7870,2023-09-04,13:19:00
7871,2023-09-04,22:49:00
7872,2023-09-04,14:18:00
7873,2023-09-04,20:32:00
7874,2023-09-04,21:42:00
7875,2023-09-04,11:10:00
7876,2023-09-05,14:43:00
7877,2023-09-05,19:57:00
7878,2023-09-05,17:33:00
7879,2023-09-05,18:28:00
7880,2023-09-05,16:08:00
7881,2023-09-05,10:43:00
7882,2023-09-05,14:04:00
7883,2023-09-05,19:21:00
7884,2023-09-05,14:30:00
7885,2023-09-05,15:22:00
7886,2023-09-05,19:57:00
7887,2023-09-05,21:38:00
7888,2023-09-05,11:51:00
7889,2023-09-05,14:37:00
7890,2023-09-05,19:03:00
7891,2023-09-05,20:49:00
7892,2023-09-05,11:22:00
7893,2023-09-05,19:30:00
7894,2023-09-05,14:47:00
7895,2023-09-05,13:38:00
7896,2023-09-05,21:16:00
7897,2023-09-05,20:12:00
7898,2023-09-05,20:26:00
7899,2023-09-06,14:32:00
7900,2023-09-06,21:31:00
7901,2023-09-06,20:16:00
7902,2023-09-06,11:37:00
7903,2023-09-06,18:15:00
7904,2023-09-06,20:09:00
7905,2023-09-06,21:13:00
7906,2023-09-06,19:29:00
7907,2023-09-06,19:03:00
7908,2023-09-06,19:41:00
7909,2023-09-06,11:06:00
7910,2023-09-06,21:53:00
7911,2023-09-06,14:27:00
7912,2023-09-06,21:06:00
7913,2023-09-06,15:49:00
7914,2023-09-06,13:07:00
7915,2023-09-06,14:36:00
7916,2023-09-06,18:23:00
7917,2023-09-06,11:53:00
7918,2023-09-06,17:00:00
7919,2023-09-06,12:11:00
7920,2023-09-06,08:47:00
7921,2023-09-06,17:50:00
7922,2023-09-06,18:56:00
7923,2023-09-06,14:17:00
7924,2023-09-06,15:03:00
7925,2023-09-06,15:55:00
7926,2023-09-06,14:56:00
7927,2023-09-06,18:58:00
7928,2023-09-06,11:25:00
7929,2023-09-06,21:56:00
7930,2023-09-06,20:43:00
7931,2023-09-07,20:37:00
7932,2023-09-07,12:26:00
7933,2023-09-07,19:16:00
7934,2023-09-07,21:36:00
7935,2023-09-07,11:55:00
7936,2023-09-07,19:36:00
7937,2023-09-07,14:27:00
7938,2023-09-07,22:34:00
7939,2023-09-07,11:47:00
7940,2023-09-07,13:16:00
7941,2023-09-07,13:39:00
7942,2023-09-07,20:06:00
7943,2023-09-07,19:47:00
7944,2023-09-07,19:29:00
7945,2023-09-07,21:11:00
7946,2023-09-07,18:10:00
7947,2023-09-07,18:52:00
7948,2023-09-07,13:41:00
7949,2023-09-08,14:03:00
7950,2023-09-08,14:45:00
7951,2023-09-08,16:41:00
7952,2023-09-08,12:29:00
7953,2023-09-08,20:22:00
7954,2023-09-08,23:16:00
7955,2023-09-08,20:01:00
7956,2023-09-08,15:32:00
7957,2023-09-08,21:19:00
7958,2023-09-08,21:47:00
7959,2023-09-08,16:48:00
7960,2023-09-08,15:10:00
7961,2023-09-08,07:42:00
7962,2023-09-08,18:36:00
7963,2023-09-08,22:38:00
7964,2023-09-08,08:49:00
7965,2023-09-08,13:49:00
7966,2023-09-08,20:56:00
7967,2023-09-08,18:17:00
7968,2023-09-08,11:37:00
7969,2023-09-08,12:22:00
7970,2023-09-08,22:13:00
7971,2023-09-08,12:15:00
7972,2023-09-08,11:09:00
7973,2023-09-08,20:22:00
7974,2023-09-08,18:07:00
7975,2023-09-08,19:21:00
7976,2023-09-08,11:14:00
7977,2023-09-08,20:44:00
7978,2023-09-08,19:48:00
7979,2023-09-08,19:56:00
7980,2023-09-09,12:25:00
7981,2023-09-09,21:08:00
7982,2023-09-09,07:22:00
7983,2023-09-09,19:07:00
7984,2023-09-09,13:48:00
7985,2023-09-09,12:56:00
7986,2023-09-09,21:49:00
7987,2023-09-09,14:20:00
7988,2023-09-09,19:03:00
7989,2023-09-09,12:31:00
7990,2023-09-09,15:30:00
7991,2023-09-09,17:23:00
7992,2023-09-09,11:58:00
7993,2023-09-09,08:38:00
7994,2023-09-09,20:41:00
7995,2023-09-09,12:57:00
7996,2023-09-09,17:50:00
7997,2023-09-09,12:11:00
7998,2023-09-09,11:44:00
7999,2023-09-09,14:23:00
8000,2023-09-09,14:08:00
8001,2023-09-09,20:30:00
8002,2023-09-09,14:16:00
8003,2023-09-09,12:44:00
8004,2023-09-09,10:07:00
8005,2023-09-09,15:01:00
8006,2023-09-09,08:42:00
8007,2023-09-09,20:20:00
8008,2023-09-09,20:03:00
8009,2023-09-09,11:04:00
8010,2023-09-09,12:55:00
8011,2023-09-09,11:20:00
8012,2023-09-09,12:46:00
8013,2023-09-09,18:37:00
8014,2023-09-09,20:15:00
8015,2023-09-10,21:31:00
8016,2023-09-10,21:40:00
8017,2023-09-10,14:38:00
8018,2023-09-10,23:44:00
8019,2023-09-10,19:09:00
8020,2023-09-10,22:45:00
8021,2023-09-10,20:44:00
8022,2023-09-10,18:37:00
8023,2023-09-10,11:19:00
8024,2023-09-10,21:31:00
8025,2023-09-10,10:40:00
8026,2023-09-10,12:13:00
8027,2023-09-10,19:37:00
8028,2023-09-10,21:22:00
8029,2023-09-10,11:10:00
8030,2023-09-10,13:27:00
8031,2023-09-10,13:40:00
8032,2023-09-10,20:47:00
8033,2023-09-10,19:53:00
8034,2023-09-10,19:49:00
8035,2023-09-10,14:45:00
8036,2023-09-10,19:25:00
8037,2023-09-10,18:47:00
8038,2023-09-10,21:30:00
8039,2023-09-10,12:23:00
8040,2023-09-10,12:55:00
8041,2023-09-10,20:47:00
8042,2023-09-10,14:10:00
8043,2023-09-10,19:11:00
8044,2023-09-10,18:48:00
8045,2023-09-10,12:22:00
8046,2023-09-11,13:28:00
8047,2023-09-11,14:12:00
8048,2023-09-11,20:56:00
8049,2023-09-11,11:05:00
8050,2023-09-11,19:50:00
8051,2023-09-11,13:05:00
8052,2023-09-11,12:38:00
8053,2023-09-11,07:38:00
8054,2023-09-11,21:25:00
8055,2023-09-11,14:02:00
8056,2023-09-11,14:00:00
8057,2023-09-11,13:52:00
8058,2023-09-11,20:27:00
8059,2023-09-11,11:30:00
8060,2023-09-11,18:01:00
8061,2023-09-11,18:03:00
8062,2023-09-11,18:36:00
8063,2023-09-11,13:48:00
8064,2023-09-11,12:08:00
8065,2023-09-11,14:05:00
8066,2023-09-11,12:24:00
8067,2023-09-11,18:26:00
8068,2023-09-11,22:29:00
8069,2023-09-11,15:20:00
8070,2023-09-11,14:07:00
8071,2023-09-11,21:53:00
8072,2023-09-11,21:27:00
8073,2023-09-11,21:18:00
8074,2023-09-11,13:00:00
8075,2023-09-11,09:14:00
8076,2023-09-12,13:27:00
8077,2023-09-12,14:42:00
8078,2023-09-12,12:43:00
8079,2023-09-12,12:50:00
8080,2023-09-12,15:41:00
8081,2023-09-12,20:18:00
8082,2023-09-12,21:19:00
8083,2023-09-12,12:45:00
8084,2023-09-12,13:17:00
8085,2023-09-12,20:07:00
8086,2023-09-12,19:29:00
8087,2023-09-12,14:42:00
8088,2023-09-12,20:30:00
8089,2023-09-12,22:27:00
8090,2023-09-12,19:50:00
8091,2023-09-12,13:11:00
8092,2023-09-12,18:52:00
8093,2023-09-12,14:51:00
8094,2023-09-12,13:54:00
8095,2023-09-12,14:01:00
8096,2023-09-12,23:39:00
8097,2023-09-12,19:11:00
8098,2023-09-12,12:02:00
8099,2023-09-12,20:35:00
8100,2023-09-12,13:17:00
8101,2023-09-12,18:49:00
8102,2023-09-12,15:17:00
8103,2023-09-12,13:50:00
8104,2023-09-12,14:36:00
8105,2023-09-12,11:10:00
8106,2023-09-12,13:49:00
8107,2023-09-12,19:24:00
8108,2023-09-13,17:02:00
8109,2023-09-13,14:11:00
8110,2023-09-13,14:46:00
8111,2023-09-13,18:41:00
8112,2023-09-13,07:38:00
8113,2023-09-13,13:40:00
8114,2023-09-13,21:47:00
8115,2023-09-13,19:05:00
8116,2023-09-13,13:15:00
8117,2023-09-13,11:53:00
8118,2023-09-13,19:30:00
8119,2023-09-13,20:43:00
8120,2023-09-13,16:31:00
8121,2023-09-13,21:47:00
8122,2023-09-13,12:29:00
8123,2023-09-13,20:17:00
8124,2023-09-13,11:25:00
8125,2023-09-13,18:34:00
8126,2023-09-13,20:56:00
8127,2023-09-13,16:54:00
8128,2023-09-13,17:56:00
8129,2023-09-13,12:25:00
8130,2023-09-14,18:23:00
8131,2023-09-14,18:33:00
8132,2023-09-14,11:03:00
8133,2023-09-14,14:59:00
8134,2023-09-14,18:00:00
8135,2023-09-14,20:21:00
8136,2023-09-14,10:41:00
8137,2023-09-14,21:01:00
8138,2023-09-14,12:23:00
8139,2023-09-14,16:02:00
8140,2023-09-14,11:14:00
8141,2023-09-14,21:17:00
8142,2023-09-14,19:13:00
8143,2023-09-14,10:41:00
8144,2023-09-14,15:01:00
8145,2023-09-14,21:44:00
8146,2023-09-14,18:35:00
8147,2023-09-14,19:47:00
8148,2023-09-14,14:56:00
8149,2023-09-14,20:49:00
8150,2023-09-14,11:49:00
8151,2023-09-14,21:21:00
8152,2023-09-14,13:43:00
8153,2023-09-14,18:24:00
8154,2023-09-14,15:36:00
8155,2023-09-14,16:43:00
8156,2023-09-14,21:25:00
8157,2023-09-14,09:51:00
8158,2023-09-14,23:54:00
8159,2023-09-14,09:36:00
8160,2023-09-14,11:44:00
8161,2023-09-14,16:41:00
8162,2023-09-14,21:48:00
8163,2023-09-14,18:34:00
8164,2023-09-14,21:01:00
8165,2023-09-15,12:53:00
8166,2023-09-15,11:25:00
8167,2023-09-15,18:30:00
8168,2023-09-15,12:49:00
8169,2023-09-15,18:43:00
8170,2023-09-15,22:31:00
8171,2023-09-15,12:26:00
8172,2023-09-15,19:49:00
8173,2023-09-15,21:05:00
8174,2023-09-15,15:34:00
8175,2023-09-15,16:39:00
8176,2023-09-15,14:37:00
8177,2023-09-15,11:13:00
8178,2023-09-15,19:56:00
8179,2023-09-15,12:20:00
8180,2023-09-15,11:07:00
8181,2023-09-15,14:28:00
8182,2023-09-15,10:38:00
8183,2023-09-15,13:52:00
8184,2023-09-15,19:00:00
8185,2023-09-15,12:17:00
8186,2023-09-15,13:42:00
8187,2023-09-15,18:44:00
8188,2023-09-15,11:29:00
8189,2023-09-15,18:26:00
8190,2023-09-15,15:24:00
8191,2023-09-15,20:42:00
8192,2023-09-15,11:21:00
8193,2023-09-15,18:06:00
8194,2023-09-15,13:56:00
8195,2023-09-15,19:57:00
8196,2023-09-15,18:21:00
8197,2023-09-15,10:49:00
8198,2023-09-15,10:03:00
8199,2023-09-15,19:26:00
8200,2023-09-15,18:28:00
8201,2023-09-15,19:01:00
8202,2023-09-15,18:33:00
8203,2023-09-15,18:29:00
8204,2023-09-15,12:33:00
8205,2023-09-15,14:35:00
8206,2023-09-15,13:53:00
8207,2023-09-15,13:48:00
8208,2023-09-16,18:29:00
8209,2023-09-16,13:36:00
8210,2023-09-16,14:40:00
8211,2023-09-16,11:26:00
8212,2023-09-16,21:59:00
8213,2023-09-16,18:46:00
8214,2023-09-16,21:54:00
8215,2023-09-16,14:25:00
8216,2023-09-16,11:35:00
8217,2023-09-16,08:53:00
8218,2023-09-16,07:29:00
8219,2023-09-16,12:59:00
8220,2023-09-16,17:57:00
8221,2023-09-16,20:17:00
8222,2023-09-16,14:40:00
8223,2023-09-16,20:21:00
8224,2023-09-16,23:57:00
8225,2023-09-16,08:00:00
8226,2023-09-16,20:51:00
8227,2023-09-16,19:19:00
8228,2023-09-16,13:13:00
8229,2023-09-16,15:37:00
8230,2023-09-16,12:14:00
8231,2023-09-16,15:00:00
8232,2023-09-16,13:36:00
8233,2023-09-16,17:03:00
8234,2023-09-16,14:41:00
8235,2023-09-16,18:08:00
8236,2023-09-16,20:15:00
8237,2023-09-16,12:54:00
8238,2023-09-17,09:14:00
8239,2023-09-17,21:16:00
8240,2023-09-17,18:44:00
8241,2023-09-17,21:50:00
8242,2023-09-17,13:43:00
8243,2023-09-17,08:55:00
8244,2023-09-17,17:17:00
8245,2023-09-17,19:07:00
8246,2023-09-17,14:31:00
8247,2023-09-17,13:17:00
8248,2023-09-17,21:26:00
8249,2023-09-17,12:08:00
8250,2023-09-17,11:24:00
8251,2023-09-17,16:38:00
8252,2023-09-17,21:18:00
8253,2023-09-17,19:23:00
8254,2023-09-17,21:58:00
8255,2023-09-17,19:08:00
8256,2023-09-17,20:11:00
8257,2023-09-17,21:11:00
8258,2023-09-17,14:36:00
8259,2023-09-17,18:24:00
8260,2023-09-17,15:29:00
8261,2023-09-17,21:11:00
8262,2023-09-17,13:24:00
8263,2023-09-17,19:37:00
8264,2023-09-17,19:13:00
8265,2023-09-17,14:55:00
8266,2023-09-17,23:45:00
8267,2023-09-17,17:11:00
8268,2023-09-17,14:00:00
8269,2023-09-17,12:16:00
8270,2023-09-17,18:33:00
8271,2023-09-17,20:57:00
8272,2023-09-17,19:06:00
8273,2023-09-17,12:48:00
8274,2023-09-17,19:08:00
8275,2023-09-17,15:00:00
8276,2023-09-17,20:19:00
8277,2023-09-18,21:59:00
8278,2023-09-18,11:50:00
8279,2023-09-18,12:54:00
8280,2023-09-18,09:46:00
8281,2023-09-18,18:13:00
8282,2023-09-18,11:13:00
8283,2023-09-18,21:20:00
8284,2023-09-18,14:08:00
8285,2023-09-18,10:41:00
8286,2023-09-18,14:19:00
8287,2023-09-18,12:18:00
8288,2023-09-18,20:39:00
8289,2023-09-18,22:03:00
8290,2023-09-18,19:21:00
8291,2023-09-18,18:36:00
8292,2023-09-18,21:27:00
8293,2023-09-18,18:39:00
8294,2023-09-18,21:08:00
8295,2023-09-18,18:41:00
8296,2023-09-19,15:56:00
8297,2023-09-19,10:42:00
8298,2023-09-19,11:28:00
8299,2023-09-19,21:06:00
8300,2023-09-19,21:36:00
8301,2023-09-19,14:09:00
8302,2023-09-19,20:54:00
8303,2023-09-19,20:15:00
8304,2023-09-19,20:31:00
8305,2023-09-19,12:20:00
8306,2023-09-19,11:42:00
8307,2023-09-19,13:54:00
8308,2023-09-19,15:03:00
8309,2023-09-19,16:12:00
8310,2023-09-19,18:31:00
8311,2023-09-19,23:03:00
8312,2023-09-19,11:48:00
8313,2023-09-19,19:02:00
8314,2023-09-19,13:53:00
8315,2023-09-19,18:37:00
8316,2023-09-19,14:12:00
8317,2023-09-19,11:12:00
8318,2023-09-19,12:51:00
8319,2023-09-19,13:17:00
8320,2023-09-19,20:35:00
8321,2023-09-19,20:31:00
8322,2023-09-19,16:47:00
8323,2023-09-19,23:55:00
8324,2023-09-19,12:20:00
8325,2023-09-20,18:44:00
8326,2023-09-20,21:20:00
8327,2023-09-20,11:50:00
8328,2023-09-20,15:58:00
8329,2023-09-20,20:05:00
8330,2023-09-20,15:42:00
8331,2023-09-20,13:05:00
8332,2023-09-20,14:12:00
8333,2023-09-20,22:38:00
8334,2023-09-20,20:32:00
8335,2023-09-20,09:34:00
8336,2023-09-20,18:20:00
8337,2023-09-20,21:16:00
8338,2023-09-20,14:42:00
8339,2023-09-20,11:58:00
8340,2023-09-20,14:52:00
8341,2023-09-20,15:18:00
8342,2023-09-20,08:57:00
8343,2023-09-20,18:45:00
8344,2023-09-20,13:07:00
8345,2023-09-21,11:48:00
8346,2023-09-21,12:11:00
8347,2023-09-21,11:43:00
8348,2023-09-21,14:25:00
8349,2023-09-21,18:15:00
8350,2023-09-21,21:43:00
8351,2023-09-21,18:42:00
8352,2023-09-21,17:00:00
8353,2023-09-21,13:10:00
8354,2023-09-21,20:05:00
8355,2023-09-21,23:18:00
8356,2023-09-21,19:55:00
8357,2023-09-21,12:21:00
8358,2023-09-21,19:12:00
8359,2023-09-21,12:38:00
8360,2023-09-21,23:16:00
8361,2023-09-21,18:48:00
8362,2023-09-21,21:31:00
8363,2023-09-21,10:02:00
8364,2023-09-21,18:43:00
8365,2023-09-21,18:34:00
8366,2023-09-21,20:55:00
8367,2023-09-21,11:12:00
8368,2023-09-21,19:51:00
8369,2023-09-21,11:06:00
8370,2023-09-21,13:35:00
8371,2023-09-21,11:21:00
8372,2023-09-21,14:15:00
8373,2023-09-21,11:07:00
8374,2023-09-21,21:02:00
8375,2023-09-21,14:51:00
8376,2023-09-21,19:09:00
8377,2023-09-21,08:38:00
8378,2023-09-21,18:30:00
8379,2023-09-21,16:23:00
8380,2023-09-22,11:55:00
8381,2023-09-22,19:58:00
8382,2023-09-22,19:05:00
8383,2023-09-22,15:18:00
8384,2023-09-22,11:52:00
8385,2023-09-22,20:46:00
8386,2023-09-22,13:26:00
8387,2023-09-22,21:51:00
8388,2023-09-22,14:08:00
8389,2023-09-22,19:15:00
8390,2023-09-22,14:59:00
8391,2023-09-22,08:00:00
8392,2023-09-22,14:04:00
8393,2023-09-22,20:01:00
8394,2023-09-22,14:52:00
8395,2023-09-22,21:00:00
8396,2023-09-22,14:33:00
8397,2023-09-22,16:59:00
8398,2023-09-22,21:15:00
8399,2023-09-22,10:15:00
8400,2023-09-22,15:23:00
8401,2023-09-22,07:41:00
8402,2023-09-22,20:53:00
8403,2023-09-22,07:00:00
8404,2023-09-22,18:37:00
8405,2023-09-22,12:03:00
8406,2023-09-22,19:40:00
8407,2023-09-22,09:08:00
8408,2023-09-22,09:21:00
8409,2023-09-22,12:49:00
8410,2023-09-22,20:36:00
8411,2023-09-22,17:23:00
8412,2023-09-22,11:36:00
8413,2023-09-22,19:25:00
8414,2023-09-22,10:02:00
8415,2023-09-22,14:22:00
8416,2023-09-22,21:59:00
8417,2023-09-22,13:16:00
8418,2023-09-23,22:02:00
8419,2023-09-23,13:44:00
8420,2023-09-23,13:14:00
8421,2023-09-23,18:35:00
8422,2023-09-23,07:45:00
8423,2023-09-23,21:22:00
8424,2023-09-23,19:18:00
8425,2023-09-23,20:48:00
8426,2023-09-23,14:10:00
8427,2023-09-23,20:09:00
8428,2023-09-23,14:03:00
8429,2023-09-23,14:24:00
8430,2023-09-23,10:06:00
8431,2023-09-23,19:19:00
8432,2023-09-23,18:28:00
8433,2023-09-23,10:55:00
8434,2023-09-23,21:57:00
8435,2023-09-23,18:08:00
8436,2023-09-23,11:23:00
8437,2023-09-23,18:04:00
8438,2023-09-23,12:43:00
8439,2023-09-23,10:14:00
8440,2023-09-23,18:27:00
8441,2023-09-23,15:20:00
8442,2023-09-23,16:33:00
8443,2023-09-23,15:23:00
8444,2023-09-23,13:19:00
8445,2023-09-23,12:37:00
8446,2023-09-23,14:36:00
8447,2023-09-23,14:16:00
8448,2023-09-23,20:13:00
8449,2023-09-23,13:44:00
8450,2023-09-23,21:37:00
8451,2023-09-23,14:07:00
8452,2023-09-23,18:48:00
8453,2023-09-23,21:27:00
8454,2023-09-23,23:54:00
8455,2023-09-23,19:27:00
8456,2023-09-24,11:35:00
8457,2023-09-24,13:45:00
8458,2023-09-24,20:40:00
8459,2023-09-24,21:25:00
8460,2023-09-24,18:23:00
8461,2023-09-24,18:49:00
8462,2023-09-24,12:47:00
8463,2023-09-24,21:51:00
8464,2023-09-24,20:15:00
8465,2023-09-24,18:36:00
8466,2023-09-24,11:38:00
8467,2023-09-24,14:15:00
8468,2023-09-24,12:44:00
8469,2023-09-24,21:13:00
8470,2023-09-24,19:13:00
8471,2023-09-24,21:18:00
8472,2023-09-24,12:55:00
8473,2023-09-24,19:20:00
8474,2023-09-24,12:52:00
8475,2023-09-24,14:24:00
8476,2023-09-24,19:16:00
8477,2023-09-24,14:58:00
8478,2023-09-24,12:14:00
8479,2023-09-24,20:41:00
8480,2023-09-24,12:15:00
8481,2023-09-24,18:36:00
8482,2023-09-24,11:04:00
8483,2023-09-24,15:14:00
8484,2023-09-24,19:33:00
8485,2023-09-24,12:13:00
8486,2023-09-24,23:42:00
8487,2023-09-24,12:56:00
8488,2023-09-24,21:21:00
8489,2023-09-24,18:21:00
8490,2023-09-24,20:08:00
8491,2023-09-24,18:58:00
8492,2023-09-24,20:27:00
8493,2023-09-24,18:12:00
8494,2023-09-24,19:07:00
8495,2023-09-24,10:50:00
8496,2023-09-25,22:43:00
8497,2023-09-25,14:40:00
8498,2023-09-25,19:58:00
8499,2023-09-25,14:29:00
8500,2023-09-25,15:04:00
8501,2023-09-25,17:32:00
8502,2023-09-25,18:25:00
8503,2023-09-25,16:46:00
8504,2023-09-25,16:00:00
8505,2023-09-25,13:03:00
8506,2023-09-25,11:21:00
8507,2023-09-25,19:39:00
8508,2023-09-25,20:08:00
8509,2023-09-25,18:46:00
8510,2023-09-25,21:50:00
8511,2023-09-25,18:08:00
8512,2023-09-25,20:01:00
8513,2023-09-25,21:30:00
8514,2023-09-25,20:32:00
8515,2023-09-25,14:26:00
8516,2023-09-25,11:53:00
8517,2023-09-25,19:00:00
8518,2023-09-25,19:45:00
8519,2023-09-25,17:42:00
8520,2023-09-25,23:56:00
8521,2023-09-25,23:26:00
8522,2023-09-25,20:36:00
8523,2023-09-26,14:41:00
8524,2023-09-26,18:33:00
8525,2023-09-26,21:47:00
8526,2023-09-26,20:53:00
8527,2023-09-26,22:16:00
8528,2023-09-26,21:02:00
8529,2023-09-26,20:52:00
8530,2023-09-26,13:38:00
8531,2023-09-26,19:09:00
8532,2023-09-26,21:18:00
8533,2023-09-26,12:47:00
8534,2023-09-26,13:57:00
8535,2023-09-26,12:06:00
8536,2023-09-26,11:42:00
8537,2023-09-26,18:21:00
8538,2023-09-26,20:14:00
8539,2023-09-26,11:44:00
8540,2023-09-26,14:27:00
8541,2023-09-26,19:08:00
8542,2023-09-26,20:31:00
8543,2023-09-26,12:21:00
8544,2023-09-26,14:47:00
8545,2023-09-26,21:04:00
8546,2023-09-26,19:58:00
8547,2023-09-26,22:28:00
8548,2023-09-26,21:03:00
8549,2023-09-26,13:04:00
8550,2023-09-26,11:24:00
8551,2023-09-26,19:44:00
8552,2023-09-26,20:25:00
8553,2023-09-26,13:25:00
8554,2023-09-26,09:32:00
8555,2023-09-27,20:36:00
8556,2023-09-27,21:12:00
8557,2023-09-27,19:00:00
8558,2023-09-27,21:09:00
8559,2023-09-27,11:03:00
8560,2023-09-27,18:36:00
8561,2023-09-27,21:05:00
8562,2023-09-27,12:00:00
8563,2023-09-27,13:22:00
8564,2023-09-27,21:43:00
8565,2023-09-27,20:21:00
8566,2023-09-27,17:25:00
8567,2023-09-27,13:56:00
8568,2023-09-27,15:11:00
8569,2023-09-27,14:17:00
8570,2023-09-27,07:24:00
8571,2023-09-27,20:33:00
8572,2023-09-27,21:51:00
8573,2023-09-27,19:18:00
8574,2023-09-27,20:04:00
8575,2023-09-27,16:16:00
8576,2023-09-27,12:11:00
8577,2023-09-27,20:16:00
8578,2023-09-27,14:59:00
8579,2023-09-27,12:51:00
8580,2023-09-27,19:12:00
8581,2023-09-27,21:01:00
8582,2023-09-27,19:53:00
8583,2023-09-27,14:55:00
8584,2023-09-27,07:28:00
8585,2023-09-27,08:26:00
8586,2023-09-28,09:51:00
8587,2023-09-28,19:58:00
8588,2023-09-28,14:03:00
8589,2023-09-28,13:46:00
8590,2023-09-28,08:01:00
8591,2023-09-28,23:47:00
8592,2023-09-28,13:42:00
8593,2023-09-28,21:40:00
8594,2023-09-28,14:38:00
8595,2023-09-28,17:56:00
8596,2023-09-28,16:21:00
8597,2023-09-28,23:07:00
8598,2023-09-28,14:39:00
8599,2023-09-28,11:19:00
8600,2023-09-28,11:29:00
8601,2023-09-28,14:48:00
8602,2023-09-28,20:32:00
8603,2023-09-28,22:36:00
8604,2023-09-28,12:36:00
8605,2023-09-28,11:56:00
8606,2023-09-28,11:08:00
8607,2023-09-28,21:00:00
8608,2023-09-28,13:17:00
8609,2023-09-28,11:51:00
8610,2023-09-29,23:58:00
8611,2023-09-29,19:21:00
8612,2023-09-29,18:29:00
8613,2023-09-29,13:09:00
8614,2023-09-29,07:36:00
8615,2023-09-29,21:30:00
8616,2023-09-29,14:29:00
8617,2023-09-29,13:07:00
8618,2023-09-29,18:32:00
8619,2023-09-29,20:58:00
8620,2023-09-29,19:12:00
8621,2023-09-29,08:53:00
8622,2023-09-29,21:44:00
8623,2023-09-29,20:06:00
8624,2023-09-29,19:15:00
8625,2023-09-29,19:10:00
8626,2023-09-29,23:01:00
8627,2023-09-29,20:46:00
8628,2023-09-29,20:10:00
8629,2023-09-29,16:18:00
8630,2023-09-29,19:06:00
8631,2023-09-29,21:12:00
8632,2023-09-29,21:25:00
8633,2023-09-29,12:42:00
8634,2023-09-29,22:23:00
8635,2023-09-29,11:29:00
8636,2023-09-29,19:18:00
8637,2023-09-29,21:52:00
8638,2023-09-29,13:36:00
8639,2023-09-29,11:59:00
8640,2023-09-29,15:15:00
8641,2023-09-29,12:14:00
8642,2023-09-29,18:28:00
8643,2023-09-29,18:09:00
8644,2023-09-29,19:30:00
8645,2023-09-29,18:02:00
8646,2023-09-29,21:20:00
8647,2023-09-30,21:03:00
8648,2023-09-30,20:51:00
8649,2023-09-30,16:37:00
8650,2023-09-30,13:04:00
8651,2023-09-30,21:26:00
8652,2023-09-30,16:12:00
8653,2023-09-30,18:52:00
8654,2023-09-30,18:53:00
8655,2023-09-30,15:29:00
8656,2023-09-30,20:37:00
8657,2023-09-30,14:38:00
8658,2023-09-30,13:23:00
8659,2023-09-30,21:10:00
8660,2023-09-30,17:13:00
8661,2023-09-30,21:26:00
8662,2023-09-30,11:55:00
8663,2023-09-30,11:43:00
8664,2023-09-30,15:09:00
8665,2023-09-30,14:43:00
8666,2023-09-30,11:59:00
8667,2023-09-30,18:40:00
8668,2023-09-30,18:35:00
8669,2023-09-30,18:09:00
8670,2023-09-30,21:54:00
8671,2023-09-30,18:32:00
8672,2023-09-30,18:41:00
8673,2023-09-30,18:58:00
8674,2023-09-30,17:48:00
8675,2023-09-30,18:55:00
8676,2023-09-30,14:37:00
8677,2023-09-30,14:49:00
8678,2023-09-30,12:24:00
8679,2023-09-30,19:14:00
8680,2023-09-30,14:42:00
8681,2023-09-30,14:58:00
8682,2023-09-30,09:02:00
8683,2023-09-30,16:29:00
8684,2023-09-30,21:55:00
8685,2023-10-01,19:12:00
8686,2023-10-01,14:00:00
8687,2023-10-01,21:15:00
8688,2023-10-01,19:53:00
8689,2023-10-01,19:06:00
8690,2023-10-01,13:40:00
8691,2023-10-01,09:28:00
8692,2023-10-01,18:22:00
8693,2023-10-01,11:33:00
8694,2023-10-01,17:43:00
8695,2023-10-01,19:33:00
8696,2023-10-01,13:16:00
8697,2023-10-01,09:32:00
8698,2023-10-01,18:04:00
8699,2023-10-01,13:56:00
8700,2023-10-01,15:41:00
8701,2023-10-01,18:48:00
8702,2023-10-01,12:41:00
8703,2023-10-01,18:12:00
8704,2023-10-01,16:07:00
8705,2023-10-01,14:52:00
8706,2023-10-01,18:47:00
8707,2023-10-01,10:56:00
8708,2023-10-01,21:34:00
8709,2023-10-01,12:14:00
8710,2023-10-01,20:51:00
8711,2023-10-01,20:22:00
8712,2023-10-01,16:16:00
8713,2023-10-01,16:36:00
8714,2023-10-01,18:58:00
8715,2023-10-01,19:52:00
8716,2023-10-01,21:19:00
8717,2023-10-01,18:27:00
8718,2023-10-01,12:39:00
8719,2023-10-01,12:48:00
8720,2023-10-01,17:13:00
8721,2023-10-01,20:37:00
8722,2023-10-01,20:28:00
8723,2023-10-01,19:38:00
8724,2023-10-01,19:42:00
8725,2023-10-01,15:32:00
8726,2023-10-01,12:45:00
8727,2023-10-01,07:21:00
8728,2023-10-01,20:41:00
8729,2023-10-01,12:14:00
8730,2023-10-01,11:24:00
8731,2023-10-02,13:40:00
8732,2023-10-02,19:37:00
8733,2023-10-02,16:01:00
8734,2023-10-02,19:19:00
8735,2023-10-02,14:54:00
8736,2023-10-02,16:24:00
8737,2023-10-02,11:22:00
8738,2023-10-02,20:34:00
8739,2023-10-02,11:58:00
8740,2023-10-02,20:47:00
8741,2023-10-02,18:27:00
8742,2023-10-02,11:21:00
8743,2023-10-02,08:57:00
8744,2023-10-02,11:25:00
8745,2023-10-02,18:41:00
8746,2023-10-02,20:57:00
8747,2023-10-02,22:50:00
8748,2023-10-02,20:42:00
8749,2023-10-02,17:56:00
8750,2023-10-02,13:52:00
8751,2023-10-02,21:51:00
8752,2023-10-02,15:47:00
8753,2023-10-02,22:34:00
8754,2023-10-02,17:40:00
8755,2023-10-02,22:49:00
8756,2023-10-02,19:27:00
8757,2023-10-02,23:59:00
8758,2023-10-02,21:45:00
8759,2023-10-02,18:35:00
8760,2023-10-03,16:29:00
8761,2023-10-03,14:26:00
8762,2023-10-03,15:00:00
8763,2023-10-03,13:47:00
8764,2023-10-03,12:17:00
8765,2023-10-03,11:08:00
8766,2023-10-03,19:08:00
8767,2023-10-03,19:17:00
8768,2023-10-03,18:04:00
8769,2023-10-03,19:46:00
8770,2023-10-03,16:35:00
8771,2023-10-03,14:31:00
8772,2023-10-03,11:06:00
8773,2023-10-03,16:39:00
8774,2023-10-03,12:40:00
8775,2023-10-03,14:07:00
8776,2023-10-03,11:39:00
8777,2023-10-03,12:49:00
8778,2023-10-03,18:29:00
8779,2023-10-03,14:58:00
8780,2023-10-03,13:08:00
8781,2023-10-03,21:52:00
8782,2023-10-03,14:15:00
8783,2023-10-03,15:24:00
8784,2023-10-04,13:47:00
8785,2023-10-04,21:57:00
8786,2023-10-04,20:22:00
8787,2023-10-04,19:40:00
8788,2023-10-04,14:24:00
8789,2023-10-04,20:51:00
8790,2023-10-04,11:01:00
8791,2023-10-04,13:00:00
8792,2023-10-04,23:21:00
8793,2023-10-04,12:53:00
8794,2023-10-04,20:49:00
8795,2023-10-04,13:56:00
8796,2023-10-04,21:09:00
8797,2023-10-04,12:36:00
8798,2023-10-04,10:48:00
8799,2023-10-04,12:04:00
8800,2023-10-04,13:17:00
8801,2023-10-04,11:23:00
8802,2023-10-04,20:37:00
8803,2023-10-04,19:22:00
8804,2023-10-04,13:44:00
8805,2023-10-04,21:33:00
8806,2023-10-04,20:13:00
8807,2023-10-04,11:18:00
8808,2023-10-05,20:15:00
8809,2023-10-05,17:27:00
8810,2023-10-05,17:12:00
8811,2023-10-05,13:32:00
8812,2023-10-05,11:46:00
8813,2023-10-05,21:15:00
8814,2023-10-05,12:37:00
8815,2023-10-05,11:04:00
8816,2023-10-05,14:30:00
8817,2023-10-05,19:40:00
8818,2023-10-05,11:31:00
8819,2023-10-05,18:35:00
8820,2023-10-05,15:39:00
8821,2023-10-05,20:27:00
8822,2023-10-05,13:48:00
8823,2023-10-05,15:26:00
8824,2023-10-05,18:09:00
8825,2023-10-05,19:15:00
8826,2023-10-06,13:11:00
8827,2023-10-06,19:00:00
8828,2023-10-06,15:11:00
8829,2023-10-06,12:32:00
8830,2023-10-06,16:41:00
8831,2023-10-06,20:58:00
8832,2023-10-06,20:58:00
8833,2023-10-06,19:18:00
8834,2023-10-06,18:18:00
8835,2023-10-06,18:25:00
8836,2023-10-06,15:06:00
8837,2023-10-06,13:20:00
8838,2023-10-06,19:01:00
8839,2023-10-06,14:27:00
8840,2023-10-06,19:54:00
8841,2023-10-06,19:08:00
8842,2023-10-06,12:17:00
8843,2023-10-06,09:14:00
8844,2023-10-06,19:11:00
8845,2023-10-06,18:23:00
8846,2023-10-06,11:06:00
8847,2023-10-06,22:54:00
8848,2023-10-06,12:16:00
8849,2023-10-06,19:14:00
8850,2023-10-06,19:14:00
8851,2023-10-06,20:11:00
8852,2023-10-06,18:50:00
8853,2023-10-06,12:46:00
8854,2023-10-06,20:53:00
8855,2023-10-06,20:21:00
8856,2023-10-06,13:11:00
8857,2023-10-06,20:49:00
8858,2023-10-07,21:50:00
8859,2023-10-07,09:37:00
8860,2023-10-07,21:12:00
8861,2023-10-07,11:46:00
8862,2023-10-07,20:15:00
8863,2023-10-07,16:40:00
8864,2023-10-07,19:17:00
8865,2023-10-07,20:11:00
8866,2023-10-07,19:22:00
8867,2023-10-07,15:21:00
8868,2023-10-07,21:25:00
8869,2023-10-07,13:36:00
8870,2023-10-07,20:31:00
8871,2023-10-07,21:10:00
8872,2023-10-07,12:55:00
8873,2023-10-07,18:39:00
8874,2023-10-07,21:19:00
8875,2023-10-07,14:50:00
8876,2023-10-07,22:15:00
8877,2023-10-07,17:44:00
8878,2023-10-07,13:56:00
8879,2023-10-07,16:59:00
8880,2023-10-07,21:46:00
8881,2023-10-07,12:21:00
8882,2023-10-07,14:08:00
8883,2023-10-07,20:47:00
8884,2023-10-07,13:12:00
8885,2023-10-07,21:31:00
8886,2023-10-07,19:19:00
8887,2023-10-07,14:05:00
8888,2023-10-07,14:55:00
8889,2023-10-07,21:12:00
8890,2023-10-07,19:20:00
8891,2023-10-07,13:26:00
8892,2023-10-07,21:15:00
8893,2023-10-07,18:26:00
8894,2023-10-07,21:46:00
8895,2023-10-07,20:36:00
8896,2023-10-07,17:15:00
8897,2023-10-08,18:26:00
8898,2023-10-08,12:43:00
8899,2023-10-08,18:06:00
8900,2023-10-08,12:44:00
8901,2023-10-08,15:15:00
8902,2023-10-08,08:30:00
8903,2023-10-08,11:30:00
8904,2023-10-08,18:06:00
8905,2023-10-08,14:52:00
8906,2023-10-08,17:57:00
8907,2023-10-08,19:24:00
8908,2023-10-08,19:07:00
8909,2023-10-08,11:18:00
8910,2023-10-08,12:37:00
8911,2023-10-08,21:25:00
8912,2023-10-08,13:53:00
8913,2023-10-08,12:24:00
8914,2023-10-08,20:22:00
8915,2023-10-08,19:58:00
8916,2023-10-08,18:29:00
8917,2023-10-08,13:00:00
8918,2023-10-08,13:32:00
8919,2023-10-08,18:42:00
8920,2023-10-08,14:44:00
8921,2023-10-08,20:36:00
8922,2023-10-08,17:26:00
8923,2023-10-08,17:01:00
8924,2023-10-08,17:14:00
8925,2023-10-08,12:38:00
8926,2023-10-08,11:24:00
8927,2023-10-08,13:50:00
8928,2023-10-08,18:07:00
8929,2023-10-08,17:15:00
8930,2023-10-08,20:46:00
8931,2023-10-08,18:12:00
8932,2023-10-08,13:17:00
8933,2023-10-08,14:53:00
8934,2023-10-08,15:43:00
8935,2023-10-08,11:18:00
8936,2023-10-08,09:05:00
8937,2023-10-08,18:55:00
8938,2023-10-08,17:13:00
8939,2023-10-08,09:58:00
8940,2023-10-08,18:25:00
8941,2023-10-08,09:37:00
8942,2023-10-08,18:49:00
8943,2023-10-08,09:41:00
8944,2023-10-08,19:57:00
8945,2023-10-08,19:33:00
8946,2023-10-09,21:54:00
8947,2023-10-09,15:25:00
8948,2023-10-09,18:47:00
8949,2023-10-09,22:15:00
8950,2023-10-09,11:54:00
8951,2023-10-09,20:32:00
8952,2023-10-09,20:19:00
8953,2023-10-09,19:03:00
8954,2023-10-09,12:04:00
8955,2023-10-09,17:30:00
8956,2023-10-09,18:31:00
8957,2023-10-09,18:13:00
8958,2023-10-09,21:03:00
8959,2023-10-09,14:06:00
8960,2023-10-09,18:50:00
8961,2023-10-09,15:56:00
8962,2023-10-09,11:37:00
8963,2023-10-09,18:08:00
8964,2023-10-09,14:42:00
8965,2023-10-09,19:59:00
8966,2023-10-09,18:18:00
8967,2023-10-09,12:53:00
8968,2023-10-09,20:20:00
8969,2023-10-09,14:59:00
8970,2023-10-09,19:27:00
8971,2023-10-09,17:23:00
8972,2023-10-09,16:55:00
8973,2023-10-09,17:04:00
8974,2023-10-09,11:02:00
8975,2023-10-09,21:19:00
8976,2023-10-09,18:42:00
8977,2023-10-09,22:50:00
8978,2023-10-09,20:10:00
8979,2023-10-09,12:07:00
8980,2023-10-09,11:04:00
8981,2023-10-10,13:13:00
8982,2023-10-10,14:38:00
8983,2023-10-10,19:24:00
8984,2023-10-10,13:52:00
8985,2023-10-10,12:20:00
8986,2023-10-10,14:47:00
8987,2023-10-10,11:00:00
8988,2023-10-10,13:18:00
8989,2023-10-10,15:59:00
8990,2023-10-10,20:33:00
8991,2023-10-10,20:27:00
8992,2023-10-10,13:32:00
8993,2023-10-10,19:03:00
8994,2023-10-10,07:37:00
8995,2023-10-10,23:27:00
8996,2023-10-10,17:58:00
8997,2023-10-10,16:23:00
8998,2023-10-10,20:56:00
8999,2023-10-10,12:28:00
9000,2023-10-10,18:29:00
9001,2023-10-10,14:08:00
9002,2023-10-10,20:25:00
9003,2023-10-10,13:24:00
9004,2023-10-10,21:01:00
9005,2023-10-10,18:18:00
9006,2023-10-11,12:00:00
9007,2023-10-11,23:32:00
9008,2023-10-11,21:55:00
9009,2023-10-11,11:50:00
9010,2023-10-11,21:49:00
9011,2023-10-11,18:00:00
9012,2023-10-11,23:26:00
9013,2023-10-11,18:43:00
9014,2023-10-11,11:31:00
9015,2023-10-11,12:00:00
9016,2023-10-11,15:12:00
9017,2023-10-11,18:07:00
9018,2023-10-11,12:08:00
9019,2023-10-11,12:11:00
9020,2023-10-11,12:18:00
9021,2023-10-11,09:30:00
9022,2023-10-11,12:33:00
9023,2023-10-11,13:02:00
9024,2023-10-11,07:02:00
9025,2023-10-11,20:28:00
9026,2023-10-11,18:14:00
9027,2023-10-11,11:45:00
9028,2023-10-11,12:22:00
9029,2023-10-11,20:12:00
9030,2023-10-11,14:59:00
9031,2023-10-11,12:59:00
9032,2023-10-12,21:18:00
9033,2023-10-12,13:31:00
9034,2023-10-12,18:38:00
9035,2023-10-12,19:01:00
9036,2023-10-12,11:54:00
9037,2023-10-12,13:06:00
9038,2023-10-12,20:15:00
9039,2023-10-12,13:55:00
9040,2023-10-12,18:59:00
9041,2023-10-12,20:30:00
9042,2023-10-12,21:18:00
9043,2023-10-12,19:35:00
9044,2023-10-12,07:41:00
9045,2023-10-12,19:01:00
9046,2023-10-12,13:31:00
9047,2023-10-12,22:43:00
9048,2023-10-12,23:35:00
9049,2023-10-12,18:42:00
9050,2023-10-13,14:16:00
9051,2023-10-13,19:52:00
9052,2023-10-13,18:20:00
9053,2023-10-13,20:22:00
9054,2023-10-13,20:37:00
9055,2023-10-13,18:34:00
9056,2023-10-13,19:36:00
9057,2023-10-13,18:53:00
9058,2023-10-13,16:36:00
9059,2023-10-13,20:22:00
9060,2023-10-13,21:00:00
9061,2023-10-13,11:24:00
9062,2023-10-13,14:15:00
9063,2023-10-13,13:23:00
9064,2023-10-13,15:05:00
9065,2023-10-13,12:28:00
9066,2023-10-13,15:26:00
9067,2023-10-13,18:19:00
9068,2023-10-13,18:08:00
9069,2023-10-13,11:32:00
9070,2023-10-13,14:46:00
9071,2023-10-13,12:40:00
9072,2023-10-13,21:18:00
9073,2023-10-13,14:49:00
9074,2023-10-13,19:20:00
9075,2023-10-13,18:34:00
9076,2023-10-13,12:15:00
9077,2023-10-13,20:11:00
9078,2023-10-13,11:49:00
9079,2023-10-13,07:29:00
9080,2023-10-13,20:07:00
9081,2023-10-13,20:15:00
9082,2023-10-13,21:38:00
9083,2023-10-13,13:20:00
9084,2023-10-14,11:24:00
9085,2023-10-14,14:36:00
9086,2023-10-14,18:10:00
9087,2023-10-14,13:28:00
9088,2023-10-14,12:14:00
9089,2023-10-14,20:43:00
9090,2023-10-14,20:11:00
9091,2023-10-14,18:20:00
9092,2023-10-14,19:33:00
9093,2023-10-14,11:17:00
9094,2023-10-14,08:38:00
9095,2023-10-14,15:57:00
9096,2023-10-14,18:28:00
9097,2023-10-14,14:18:00
9098,2023-10-14,22:53:00
9099,2023-10-14,13:05:00
9100,2023-10-14,17:59:00
9101,2023-10-14,18:22:00
9102,2023-10-14,19:57:00
9103,2023-10-14,17:13:00
9104,2023-10-14,15:25:00
9105,2023-10-14,12:52:00
9106,2023-10-14,11:13:00
9107,2023-10-14,12:37:00
9108,2023-10-14,11:19:00
9109,2023-10-14,20:00:00
9110,2023-10-14,11:26:00
9111,2023-10-14,11:06:00
9112,2023-10-14,19:13:00
9113,2023-10-14,12:31:00
9114,2023-10-14,18:38:00
9115,2023-10-14,11:41:00
9116,2023-10-14,09:27:00
9117,2023-10-14,12:11:00
9118,2023-10-14,21:45:00
9119,2023-10-14,20:44:00
9120,2023-10-14,17:47:00
9121,2023-10-14,13:00:00
9122,2023-10-14,19:14:00
9123,2023-10-14,09:46:00
9124,2023-10-14,19:08:00
9125,2023-10-14,18:24:00
9126,2023-10-14,21:29:00
9127,2023-10-14,18:18:00
9128,2023-10-15,14:46:00
9129,2023-10-15,12:28:00
9130,2023-10-15,07:39:00
9131,2023-10-15,13:12:00
9132,2023-10-15,18:58:00
9133,2023-10-15,14:31:00
9134,2023-10-15,16:45:00
9135,2023-10-15,15:22:00
9136,2023-10-15,14:41:00
9137,2023-10-15,21:04:00
9138,2023-10-15,12:35:00
9139,2023-10-15,13:30:00
9140,2023-10-15,21:42:00
9141,2023-10-15,11:09:00
9142,2023-10-15,11:43:00
9143,2023-10-15,14:40:00
9144,2023-10-15,21:01:00
9145,2023-10-15,14:40:00
9146,2023-10-15,16:15:00
9147,2023-10-15,12:43:00
9148,2023-10-15,17:22:00
9149,2023-10-15,18:55:00
9150,2023-10-15,13:41:00
9151,2023-10-15,21:14:00
9152,2023-10-15,18:05:00
9153,2023-10-15,12:38:00
9154,2023-10-15,11:02:00
9155,2023-10-15,08:29:00
9156,2023-10-15,19:36:00
9157,2023-10-15,19:55:00
9158,2023-10-15,11:13:00
9159,2023-10-15,14:22:00
9160,2023-10-15,21:24:00
9161,2023-10-15,19:30:00
9162,2023-10-15,20:06:00
9163,2023-10-15,17:12:00
9164,2023-10-15,21:26:00
9165,2023-10-15,11:56:00
9166,2023-10-15,22:58:00
9167,2023-10-15,18:06:00
9168,2023-10-16,18:52:00
9169,2023-10-16,13:10:00
9170,2023-10-16,21:18:00
9171,2023-10-16,14:55:00
9172,2023-10-16,19:55:00
9173,2023-10-16,18:51:00
9174,2023-10-16,12:17:00
9175,2023-10-16,13:14:00
9176,2023-10-16,22:31:00
9177,2023-10-16,23:43:00
9178,2023-10-16,14:39:00
9179,2023-10-16,16:16:00
9180,2023-10-16,20:37:00
9181,2023-10-16,15:17:00
9182,2023-10-16,20:45:00
9183,2023-10-16,11:01:00
9184,2023-10-16,12:20:00
9185,2023-10-16,10:37:00
9186,2023-10-16,14:20:00
9187,2023-10-16,13:54:00
9188,2023-10-16,11:55:00
9189,2023-10-17,21:56:00
9190,2023-10-17,16:11:00
9191,2023-10-17,19:47:00
9192,2023-10-17,11:39:00
9193,2023-10-17,15:16:00
9194,2023-10-17,20:55:00
9195,2023-10-17,12:36:00
9196,2023-10-17,14:55:00
9197,2023-10-17,20:57:00
9198,2023-10-17,08:50:00
9199,2023-10-17,14:29:00
9200,2023-10-17,18:18:00
9201,2023-10-17,21:46:00
9202,2023-10-17,19:23:00
9203,2023-10-17,13:44:00
9204,2023-10-17,21:01:00
9205,2023-10-17,12:05:00
9206,2023-10-17,12:49:00
9207,2023-10-17,14:41:00
9208,2023-10-17,19:44:00
9209,2023-10-17,13:20:00
9210,2023-10-17,14:31:00
9211,2023-10-17,17:28:00
9212,2023-10-17,08:26:00
9213,2023-10-17,19:54:00
9214,2023-10-17,21:12:00
9215,2023-10-17,07:08:00
9216,2023-10-17,19:01:00
9217,2023-10-17,18:57:00
9218,2023-10-17,20:32:00
9219,2023-10-17,19:24:00
9220,2023-10-18,19:13:00
9221,2023-10-18,22:27:00
9222,2023-10-18,21:01:00
9223,2023-10-18,19:44:00
9224,2023-10-18,21:31:00
9225,2023-10-18,18:44:00
9226,2023-10-18,11:54:00
9227,2023-10-18,13:38:00
9228,2023-10-18,21:56:00
9229,2023-10-18,19:01:00
9230,2023-10-18,20:58:00
9231,2023-10-18,17:45:00
9232,2023-10-18,18:55:00
9233,2023-10-18,13:39:00
9234,2023-10-18,11:58:00
9235,2023-10-18,19:23:00
9236,2023-10-18,07:04:00
9237,2023-10-18,13:18:00
9238,2023-10-18,14:22:00
9239,2023-10-18,18:34:00
9240,2023-10-18,19:33:00
9241,2023-10-18,18:18:00
9242,2023-10-18,11:03:00
9243,2023-10-18,13:15:00
9244,2023-10-18,14:24:00
9245,2023-10-18,20:04:00
9246,2023-10-19,19:33:00
9247,2023-10-19,18:17:00
9248,2023-10-19,19:30:00
9249,2023-10-19,13:22:00
9250,2023-10-19,19:02:00
9251,2023-10-19,18:06:00
9252,2023-10-19,20:24:00
9253,2023-10-19,11:31:00
9254,2023-10-19,21:35:00
9255,2023-10-19,11:59:00
9256,2023-10-19,19:56:00
9257,2023-10-19,17:06:00
9258,2023-10-19,17:33:00
9259,2023-10-19,19:30:00
9260,2023-10-19,21:05:00
9261,2023-10-19,14:27:00
9262,2023-10-19,23:07:00
9263,2023-10-19,14:52:00
9264,2023-10-19,21:22:00
9265,2023-10-19,19:42:00
9266,2023-10-19,14:04:00
9267,2023-10-19,15:46:00
9268,2023-10-19,11:21:00
9269,2023-10-19,22:23:00
9270,2023-10-20,11:37:00
9271,2023-10-20,13:28:00
9272,2023-10-20,20:15:00
9273,2023-10-20,12:15:00
9274,2023-10-20,19:18:00
9275,2023-10-20,14:42:00
9276,2023-10-20,14:57:00
9277,2023-10-20,21:21:00
9278,2023-10-20,18:43:00
9279,2023-10-20,13:59:00
9280,2023-10-20,17:31:00
9281,2023-10-20,19:00:00
9282,2023-10-20,19:00:00
9283,2023-10-20,13:13:00
9284,2023-10-20,14:11:00
9285,2023-10-20,16:27:00
9286,2023-10-20,19:16:00
9287,2023-10-20,13:51:00
9288,2023-10-20,18:10:00
9289,2023-10-20,13:19:00
9290,2023-10-20,15:00:00
9291,2023-10-20,21:52:00
9292,2023-10-20,11:34:00
9293,2023-10-20,21:08:00
9294,2023-10-20,18:40:00
9295,2023-10-20,15:35:00
9296,2023-10-20,19:30:00
9297,2023-10-20,21:29:00
9298,2023-10-20,18:07:00
9299,2023-10-20,20:08:00
9300,2023-10-20,14:41:00
9301,2023-10-20,21:12:00
9302,2023-10-20,07:00:00
9303,2023-10-20,15:09:00
9304,2023-10-20,12:45:00
9305,2023-10-20,19:12:00
9306,2023-10-21,21:13:00
9307,2023-10-21,18:22:00
9308,2023-10-21,21:54:00
9309,2023-10-21,21:30:00
9310,2023-10-21,14:59:00
9311,2023-10-21,14:06:00
9312,2023-10-21,14:22:00
9313,2023-10-21,21:49:00
9314,2023-10-21,16:02:00
9315,2023-10-21,21:33:00
9316,2023-10-21,19:18:00
9317,2023-10-21,18:01:00
9318,2023-10-21,20:09:00
9319,2023-10-21,13:08:00
9320,2023-10-21,23:43:00
9321,2023-10-21,19:49:00
9322,2023-10-21,15:44:00
9323,2023-10-21,11:37:00
9324,2023-10-21,13:15:00
9325,2023-10-21,22:29:00
9326,2023-10-21,09:30:00
9327,2023-10-21,21:03:00
9328,2023-10-21,20:31:00
9329,2023-10-21,18:05:00
9330,2023-10-21,20:02:00
9331,2023-10-21,18:02:00
9332,2023-10-21,12:26:00
9333,2023-10-21,07:08:00
9334,2023-10-21,17:36:00
9335,2023-10-21,20:54:00
9336,2023-10-21,16:38:00
9337,2023-10-21,17:58:00
9338,2023-10-21,19:20:00
9339,2023-10-21,12:22:00
9340,2023-10-21,15:38:00
9341,2023-10-21,13:36:00
9342,2023-10-21,17:05:00
9343,2023-10-21,21:15:00
9344,2023-10-21,23:40:00
9345,2023-10-22,19:51:00
9346,2023-10-22,12:05:00
9347,2023-10-22,21:44:00
9348,2023-10-22,14:27:00
9349,2023-10-22,12:19:00
9350,2023-10-22,13:16:00
9351,2023-10-22,19:46:00
9352,2023-10-22,15:18:00
9353,2023-10-22,07:44:00
9354,2023-10-22,19:01:00
9355,2023-10-22,18:05:00
9356,2023-10-22,14:50:00
9357,2023-10-22,07:37:00
9358,2023-10-22,09:17:00
9359,2023-10-22,12:31:00
9360,2023-10-22,21:41:00
9361,2023-10-22,11:56:00
9362,2023-10-22,19:15:00
9363,2023-10-22,14:54:00
9364,2023-10-22,19:24:00
9365,2023-10-22,19:51:00
9366,2023-10-22,07:03:00
9367,2023-10-22,18:33:00
9368,2023-10-22,19:04:00
9369,2023-10-22,18:46:00
9370,2023-10-22,09:54:00
9371,2023-10-22,18:11:00
9372,2023-10-22,19:21:00
9373,2023-10-22,20:04:00
9374,2023-10-22,12:39:00
9375,2023-10-22,19:03:00
9376,2023-10-22,19:40:00
9377,2023-10-22,16:05:00
9378,2023-10-22,14:25:00
9379,2023-10-22,11:32:00
9380,2023-10-22,18:08:00
9381,2023-10-22,23:33:00
9382,2023-10-22,13:49:00
9383,2023-10-22,17:16:00
9384,2023-10-22,18:55:00
9385,2023-10-22,12:04:00
9386,2023-10-22,22:02:00
9387,2023-10-23,19:43:00
9388,2023-10-23,19:00:00
9389,2023-10-23,21:31:00
9390,2023-10-23,21:39:00
9391,2023-10-23,19:06:00
9392,2023-10-23,18:47:00
9393,2023-10-23,14:38:00
9394,2023-10-23,14:46:00
9395,2023-10-23,18:48:00
9396,2023-10-23,21:51:00
9397,2023-10-23,16:44:00
9398,2023-10-23,21:30:00
9399,2023-10-23,12:42:00
9400,2023-10-23,19:26:00
9401,2023-10-23,21:34:00
9402,2023-10-23,20:01:00
9403,2023-10-23,14:56:00
9404,2023-10-23,19:29:00
9405,2023-10-23,19:37:00
9406,2023-10-23,14:27:00
9407,2023-10-23,17:53:00
9408,2023-10-23,18:36:00
9409,2023-10-23,19:28:00
9410,2023-10-23,18:25:00
9411,2023-10-23,23:10:00
9412,2023-10-23,11:29:00
9413,2023-10-23,12:51:00
9414,2023-10-23,11:08:00
9415,2023-10-23,14:30:00
9416,2023-10-24,13:38:00
9417,2023-10-24,21:18:00
9418,2023-10-24,08:58:00
9419,2023-10-24,18:20:00
9420,2023-10-24,07:58:00
9421,2023-10-24,20:07:00
9422,2023-10-24,18:57:00
9423,2023-10-24,21:21:00
9424,2023-10-24,17:12:00
9425,2023-10-24,19:37:00
9426,2023-10-24,23:55:00
9427,2023-10-24,11:34:00
9428,2023-10-24,18:41:00
9429,2023-10-24,13:33:00
9430,2023-10-24,15:55:00
9431,2023-10-24,18:00:00
9432,2023-10-24,19:16:00
9433,2023-10-24,12:33:00
9434,2023-10-24,21:22:00
9435,2023-10-24,18:40:00
9436,2023-10-24,11:49:00
9437,2023-10-24,12:01:00
9438,2023-10-24,12:21:00
9439,2023-10-24,18:41:00
9440,2023-10-24,18:31:00
9441,2023-10-24,11:25:00
9442,2023-10-24,20:09:00
9443,2023-10-24,22:14:00
9444,2023-10-24,21:38:00
9445,2023-10-24,11:40:00
9446,2023-10-24,21:10:00
9447,2023-10-24,18:50:00
9448,2023-10-25,18:08:00
9449,2023-10-25,19:57:00
9450,2023-10-25,14:08:00
9451,2023-10-25,14:23:00
9452,2023-10-25,13:01:00
9453,2023-10-25,20:31:00
9454,2023-10-25,18:51:00
9455,2023-10-25,20:19:00
9456,2023-10-25,13:57:00
9457,2023-10-25,16:16:00
9458,2023-10-25,10:34:00
9459,2023-10-25,19:23:00
9460,2023-10-25,20:23:00
9461,2023-10-25,13:46:00
9462,2023-10-25,14:41:00
9463,2023-10-25,17:34:00
9464,2023-10-25,21:22:00
9465,2023-10-25,19:42:00
9466,2023-10-25,20:32:00
9467,2023-10-25,13:35:00
9468,2023-10-25,19:42:00
9469,2023-10-25,20:41:00
9470,2023-10-25,21:40:00
9471,2023-10-25,14:53:00
9472,2023-10-25,16:25:00
9473,2023-10-25,20:15:00
9474,2023-10-25,14:30:00
9475,2023-10-25,14:00:00
9476,2023-10-25,20:15:00
9477,2023-10-25,14:49:00
9478,2023-10-25,19:42:00
9479,2023-10-25,20:19:00
9480,2023-10-25,14:38:00
9481,2023-10-26,18:22:00
9482,2023-10-26,09:20:00
9483,2023-10-26,20:46:00
9484,2023-10-26,08:34:00
9485,2023-10-26,14:10:00
9486,2023-10-26,18:03:00
9487,2023-10-26,16:11:00
9488,2023-10-26,19:36:00
9489,2023-10-26,10:28:00
9490,2023-10-26,14:58:00
9491,2023-10-26,13:17:00
9492,2023-10-26,20:42:00
9493,2023-10-26,18:15:00
9494,2023-10-26,18:04:00
9495,2023-10-26,16:35:00
9496,2023-10-26,22:22:00
9497,2023-10-26,08:44:00
9498,2023-10-26,18:19:00
9499,2023-10-26,22:42:00
9500,2023-10-26,11:19:00
9501,2023-10-26,12:56:00
9502,2023-10-26,14:38:00
9503,2023-10-26,12:52:00
9504,2023-10-26,14:39:00
9505,2023-10-26,20:12:00
9506,2023-10-26,11:07:00
9507,2023-10-26,13:36:00
9508,2023-10-26,08:25:00
9509,2023-10-27,14:52:00
9510,2023-10-27,14:53:00
9511,2023-10-27,19:51:00
9512,2023-10-27,18:44:00
9513,2023-10-27,13:31:00
9514,2023-10-27,12:35:00
9515,2023-10-27,20:22:00
9516,2023-10-27,11:16:00
9517,2023-10-27,21:02:00
9518,2023-10-27,18:37:00
9519,2023-10-27,11:05:00
9520,2023-10-27,16:22:00
9521,2023-10-27,20:48:00
9522,2023-10-27,21:44:00
9523,2023-10-27,10:08:00
9524,2023-10-27,17:54:00
9525,2023-10-27,14:12:00
9526,2023-10-27,13:24:00
9527,2023-10-27,12:54:00
9528,2023-10-27,13:53:00
9529,2023-10-27,16:46:00
9530,2023-10-27,19:48:00
9531,2023-10-27,15:11:00
9532,2023-10-27,18:32:00
9533,2023-10-27,11:32:00
9534,2023-10-27,23:25:00
9535,2023-10-27,11:27:00
9536,2023-10-27,18:38:00
9537,2023-10-27,19:01:00
9538,2023-10-27,19:59:00
9539,2023-10-27,20:04:00
9540,2023-10-27,16:03:00
9541,2023-10-27,11:45:00
9542,2023-10-27,12:58:00
9543,2023-10-27,21:28:00
9544,2023-10-27,11:11:00
9545,2023-10-27,22:17:00
9546,2023-10-27,18:19:00
9547,2023-10-27,18:42:00
9548,2023-10-27,12:03:00
9549,2023-10-27,12:25:00
9550,2023-10-28,12:35:00
9551,2023-10-28,12:06:00
9552,2023-10-28,12:30:00
9553,2023-10-28,13:28:00
9554,2023-10-28,12:38:00
9555,2023-10-28,18:45:00
9556,2023-10-28,11:47:00
9557,2023-10-28,13:12:00
9558,2023-10-28,19:41:00
9559,2023-10-28,14:56:00
9560,2023-10-28,19:58:00
9561,2023-10-28,18:43:00
9562,2023-10-28,19:42:00
9563,2023-10-28,23:30:00
9564,2023-10-28,11:20:00
9565,2023-10-28,08:43:00
9566,2023-10-28,21:38:00
9567,2023-10-28,13:51:00
9568,2023-10-28,14:13:00
9569,2023-10-28,18:53:00
9570,2023-10-28,17:39:00
9571,2023-10-28,11:46:00
9572,2023-10-28,19:52:00
9573,2023-10-28,19:06:00
9574,2023-10-28,19:25:00
9575,2023-10-28,18:50:00
9576,2023-10-28,12:43:00
9577,2023-10-28,16:07:00
9578,2023-10-28,20:08:00
9579,2023-10-28,21:31:00
9580,2023-10-28,09:22:00
9581,2023-10-28,18:23:00
9582,2023-10-28,18:16:00
9583,2023-10-28,11:00:00
9584,2023-10-28,19:00:00
9585,2023-10-28,14:47:00
9586,2023-10-28,19:35:00
9587,2023-10-28,17:02:00
9588,2023-10-28,20:40:00
9589,2023-10-29,19:38:00
9590,2023-10-29,14:28:00
9591,2023-10-29,18:15:00
9592,2023-10-29,18:17:00
9593,2023-10-29,08:17:00
9594,2023-10-29,17:29:00
9595,2023-10-29,20:40:00
9596,2023-10-29,12:15:00
9597,2023-10-29,18:02:00
9598,2023-10-29,12:53:00
9599,2023-10-29,19:28:00
9600,2023-10-29,11:55:00
9601,2023-10-29,18:15:00
9602,2023-10-29,14:03:00
9603,2023-10-29,13:10:00
9604,2023-10-29,11:15:00
9605,2023-10-29,19:23:00
9606,2023-10-29,19:02:00
9607,2023-10-29,19:43:00
9608,2023-10-29,21:33:00
9609,2023-10-29,14:14:00
9610,2023-10-29,15:15:00
9611,2023-10-29,18:41:00
9612,2023-10-29,21:15:00
9613,2023-10-29,18:29:00
9614,2023-10-29,20:41:00
9615,2023-10-29,16:11:00
9616,2023-10-29,07:22:00
9617,2023-10-29,13:44:00
9618,2023-10-29,18:30:00
9619,2023-10-29,21:07:00
9620,2023-10-29,16:35:00
9621,2023-10-29,11:50:00
9622,2023-10-29,20:06:00
9623,2023-10-29,14:00:00
9624,2023-10-29,18:48:00
9625,2023-10-29,11:39:00
9626,2023-10-29,13:23:00
9627,2023-10-29,13:26:00
9628,2023-10-29,19:39:00
9629,2023-10-29,13:24:00
9630,2023-10-30,21:27:00
9631,2023-10-30,15:28:00
9632,2023-10-30,17:51:00
9633,2023-10-30,14:48:00
9634,2023-10-30,14:15:00
9635,2023-10-30,21:06:00
9636,2023-10-30,14:48:00
9637,2023-10-30,21:34:00
9638,2023-10-30,11:23:00
9639,2023-10-30,12:29:00
9640,2023-10-30,14:47:00
9641,2023-10-30,11:10:00
9642,2023-10-30,19:43:00
9643,2023-10-30,20:42:00
9644,2023-10-30,11:19:00
9645,2023-10-30,14:56:00
9646,2023-10-30,14:27:00
9647,2023-10-30,12:00:00
9648,2023-10-30,11:04:00
9649,2023-10-30,21:49:00
9650,2023-10-30,13:11:00
9651,2023-10-31,13:32:00
9652,2023-10-31,14:34:00
9653,2023-10-31,19:56:00
9654,2023-10-31,20:30:00
9655,2023-10-31,09:24:00
9656,2023-10-31,14:37:00
9657,2023-10-31,21:59:00
9658,2023-10-31,10:35:00
9659,2023-10-31,19:00:00
9660,2023-10-31,08:31:00
9661,2023-10-31,19:25:00
9662,2023-10-31,18:48:00
9663,2023-10-31,12:47:00
9664,2023-10-31,22:42:00
9665,2023-10-31,21:59:00
9666,2023-10-31,13:38:00
9667,2023-10-31,11:02:00
9668,2023-10-31,18:24:00
9669,2023-10-31,19:37:00
9670,2023-10-31,14:10:00
9671,2023-10-31,12:17:00
9672,2023-11-01,12:01:00
9673,2023-11-01,11:28:00
9674,2023-11-01,21:41:00
9675,2023-11-01,14:21:00
9676,2023-11-01,20:53:00
9677,2023-11-01,20:37:00
9678,2023-11-01,18:20:00
9679,2023-11-01,12:06:00
9680,2023-11-01,15:17:00
9681,2023-11-01,21:50:00
9682,2023-11-01,14:22:00
9683,2023-11-01,18:35:00
9684,2023-11-01,18:57:00
9685,2023-11-01,23:04:00
9686,2023-11-01,17:51:00
9687,2023-11-01,20:26:00
9688,2023-11-01,18:26:00
9689,2023-11-01,11:10:00
9690,2023-11-01,20:53:00
9691,2023-11-01,12:47:00
9692,2023-11-01,21:06:00
9693,2023-11-01,16:38:00
9694,2023-11-01,16:58:00
9695,2023-11-01,18:05:00
9696,2023-11-01,19:33:00
9697,2023-11-01,18:25:00
9698,2023-11-01,19:44:00
9699,2023-11-01,08:41:00
9700,2023-11-01,21:04:00
9701,2023-11-01,16:22:00
9702,2023-11-01,12:07:00
9703,2023-11-01,12:26:00
9704,2023-11-01,19:04:00
9705,2023-11-02,20:17:00
9706,2023-11-02,18:19:00
9707,2023-11-02,18:15:00
9708,2023-11-02,15:38:00
9709,2023-11-02,13:23:00
9710,2023-11-02,20:32:00
9711,2023-11-02,14:57:00
9712,2023-11-02,22:43:00
9713,2023-11-02,18:09:00
9714,2023-11-02,16:46:00
9715,2023-11-02,12:09:00
9716,2023-11-02,20:06:00
9717,2023-11-02,16:04:00
9718,2023-11-02,19:20:00
9719,2023-11-02,18:40:00
9720,2023-11-02,20:53:00
9721,2023-11-02,16:57:00
9722,2023-11-02,11:52:00
9723,2023-11-02,19:45:00
9724,2023-11-02,11:07:00
9725,2023-11-02,21:14:00
9726,2023-11-02,20:22:00
9727,2023-11-02,12:46:00
9728,2023-11-02,20:20:00
9729,2023-11-02,13:24:00
9730,2023-11-02,11:38:00
9731,2023-11-02,14:38:00
9732,2023-11-02,13:49:00
9733,2023-11-02,22:41:00
9734,2023-11-02,20:23:00
9735,2023-11-02,21:08:00
9736,2023-11-02,18:35:00
9737,2023-11-02,22:44:00
9738,2023-11-03,17:49:00
9739,2023-11-03,20:41:00
9740,2023-11-03,18:26:00
9741,2023-11-03,15:04:00
9742,2023-11-03,19:39:00
9743,2023-11-03,16:28:00
9744,2023-11-03,08:07:00
9745,2023-11-03,15:45:00
9746,2023-11-03,11:45:00
9747,2023-11-03,20:08:00
9748,2023-11-03,19:47:00
9749,2023-11-03,20:06:00
9750,2023-11-03,19:51:00
9751,2023-11-03,21:43:00
9752,2023-11-03,19:46:00
9753,2023-11-03,13:19:00
9754,2023-11-03,18:57:00
9755,2023-11-03,20:18:00
9756,2023-11-03,13:48:00
9757,2023-11-03,23:09:00
9758,2023-11-03,18:10:00
9759,2023-11-03,19:51:00
9760,2023-11-03,20:00:00
9761,2023-11-03,20:28:00
9762,2023-11-03,17:57:00
9763,2023-11-03,18:42:00
9764,2023-11-03,21:42:00
9765,2023-11-03,13:26:00
9766,2023-11-03,22:39:00
9767,2023-11-03,20:06:00
9768,2023-11-03,13:12:00
9769,2023-11-03,18:57:00
9770,2023-11-03,11:20:00
9771,2023-11-04,19:19:00
9772,2023-11-04,18:43:00
9773,2023-11-04,18:32:00
9774,2023-11-04,19:24:00
9775,2023-11-04,18:01:00
9776,2023-11-04,20:24:00
9777,2023-11-04,13:11:00
9778,2023-11-04,19:02:00
9779,2023-11-04,19:15:00
9780,2023-11-04,17:24:00
9781,2023-11-04,17:59:00
9782,2023-11-04,22:49:00
9783,2023-11-04,13:14:00
9784,2023-11-04,14:05:00
9785,2023-11-04,18:53:00
9786,2023-11-04,12:38:00
9787,2023-11-04,19:50:00
9788,2023-11-04,19:17:00
9789,2023-11-04,19:18:00
9790,2023-11-04,10:43:00
9791,2023-11-04,12:17:00
9792,2023-11-04,15:51:00
9793,2023-11-04,12:15:00
9794,2023-11-04,14:23:00
9795,2023-11-04,14:27:00
9796,2023-11-04,20:46:00
9797,2023-11-04,10:49:00
9798,2023-11-04,20:11:00
9799,2023-11-04,12:24:00
9800,2023-11-04,19:35:00
9801,2023-11-04,11:28:00
9802,2023-11-04,13:52:00
9803,2023-11-04,20:10:00
9804,2023-11-04,23:38:00
9805,2023-11-04,14:53:00
9806,2023-11-04,18:15:00
9807,2023-11-04,21:18:00
9808,2023-11-04,13:38:00
9809,2023-11-04,14:25:00
9810,2023-11-05,10:07:00
9811,2023-11-05,19:00:00
9812,2023-11-05,09:17:00
9813,2023-11-05,14:13:00
9814,2023-11-05,20:47:00
9815,2023-11-05,21:42:00
9816,2023-11-05,14:27:00
9817,2023-11-05,17:39:00
9818,2023-11-05,21:01:00
9819,2023-11-05,15:29:00
9820,2023-11-05,18:55:00
9821,2023-11-05,21:37:00
9822,2023-11-05,13:39:00
9823,2023-11-05,15:05:00
9824,2023-11-05,08:51:00
9825,2023-11-05,21:06:00
9826,2023-11-05,14:53:00
9827,2023-11-05,14:46:00
9828,2023-11-05,13:04:00
9829,2023-11-05,21:01:00
9830,2023-11-05,21:31:00
9831,2023-11-05,20:36:00
9832,2023-11-05,19:13:00
9833,2023-11-05,12:23:00
9834,2023-11-05,21:36:00
9835,2023-11-05,18:56:00
9836,2023-11-05,23:20:00
9837,2023-11-05,18:41:00
9838,2023-11-05,14:26:00
9839,2023-11-05,19:31:00
9840,2023-11-05,11:08:00
9841,2023-11-05,20:57:00
9842,2023-11-05,14:04:00
9843,2023-11-05,17:34:00
9844,2023-11-05,20:51:00
9845,2023-11-05,16:02:00
9846,2023-11-05,20:03:00
9847,2023-11-05,22:34:00
9848,2023-11-05,14:27:00
9849,2023-11-05,21:55:00
9850,2023-11-06,18:40:00
9851,2023-11-06,15:33:00
9852,2023-11-06,19:48:00
9853,2023-11-06,18:42:00
9854,2023-11-06,13:32:00
9855,2023-11-06,11:46:00
9856,2023-11-06,18:49:00
9857,2023-11-06,12:28:00
9858,2023-11-06,21:38:00
9859,2023-11-06,12:00:00
9860,2023-11-06,20:09:00
9861,2023-11-06,21:29:00
9862,2023-11-06,14:48:00
9863,2023-11-06,15:24:00
9864,2023-11-06,12:03:00
9865,2023-11-06,21:13:00
9866,2023-11-06,13:13:00
9867,2023-11-06,20:25:00
9868,2023-11-06,21:47:00
9869,2023-11-06,19:14:00
9870,2023-11-06,11:43:00
9871,2023-11-06,22:14:00
9872,2023-11-06,14:05:00
9873,2023-11-06,17:57:00
9874,2023-11-06,08:53:00
9875,2023-11-06,14:19:00
9876,2023-11-06,13:29:00
9877,2023-11-07,19:43:00
9878,2023-11-07,15:24:00
9879,2023-11-07,14:28:00
9880,2023-11-07,18:32:00
9881,2023-11-07,21:52:00
9882,2023-11-07,16:49:00
9883,2023-11-07,20:43:00
9884,2023-11-07,12:18:00
9885,2023-11-07,20:08:00
9886,2023-11-07,19:28:00
9887,2023-11-07,20:56:00
9888,2023-11-07,18:48:00
9889,2023-11-07,21:24:00
9890,2023-11-07,17:30:00
9891,2023-11-07,13:55:00
9892,2023-11-07,14:26:00
9893,2023-11-07,15:19:00
9894,2023-11-07,20:12:00
9895,2023-11-07,11:20:00
9896,2023-11-07,19:41:00
9897,2023-11-07,18:39:00
9898,2023-11-07,18:41:00
9899,2023-11-07,20:47:00
9900,2023-11-07,10:23:00
9901,2023-11-07,12:15:00
9902,2023-11-07,20:21:00
9903,2023-11-07,13:41:00
9904,2023-11-07,20:15:00
9905,2023-11-07,12:58:00
9906,2023-11-07,12:26:00
9907,2023-11-07,15:40:00
9908,2023-11-07,18:55:00
9909,2023-11-08,11:54:00
9910,2023-11-08,22:04:00
9911,2023-11-08,12:52:00
9912,2023-11-08,13:52:00
9913,2023-11-08,15:38:00
9914,2023-11-08,21:53:00
9915,2023-11-08,11:05:00
9916,2023-11-08,20:32:00
9917,2023-11-08,14:50:00
9918,2023-11-08,21:27:00
9919,2023-11-08,13:30:00
9920,2023-11-08,15:32:00
9921,2023-11-08,21:32:00
9922,2023-11-08,15:17:00
9923,2023-11-08,21:25:00
9924,2023-11-08,21:35:00
9925,2023-11-08,18:47:00
9926,2023-11-08,12:23:00
9927,2023-11-08,17:37:00
9928,2023-11-09,07:17:00
9929,2023-11-09,19:44:00
9930,2023-11-09,12:36:00
9931,2023-11-09,21:27:00
9932,2023-11-09,18:20:00
9933,2023-11-09,14:43:00
9934,2023-11-09,14:11:00
9935,2023-11-09,18:16:00
9936,2023-11-09,11:13:00
9937,2023-11-09,21:24:00
9938,2023-11-09,10:19:00
9939,2023-11-09,15:13:00
9940,2023-11-09,18:16:00
9941,2023-11-09,17:32:00
9942,2023-11-09,13:29:00
9943,2023-11-09,13:52:00
9944,2023-11-09,12:20:00
9945,2023-11-09,20:06:00
9946,2023-11-09,08:58:00
9947,2023-11-09,21:41:00
9948,2023-11-09,13:05:00
9949,2023-11-09,21:26:00
9950,2023-11-09,14:30:00
9951,2023-11-09,12:05:00
9952,2023-11-09,23:04:00
9953,2023-11-09,19:00:00
9954,2023-11-09,13:12:00
9955,2023-11-09,14:49:00
9956,2023-11-09,11:22:00
9957,2023-11-10,23:40:00
9958,2023-11-10,11:31:00
9959,2023-11-10,20:21:00
9960,2023-11-10,18:51:00
9961,2023-11-10,20:45:00
9962,2023-11-10,18:58:00
9963,2023-11-10,14:21:00
9964,2023-11-10,11:24:00
9965,2023-11-10,17:11:00
9966,2023-11-10,12:54:00
9967,2023-11-10,12:19:00
9968,2023-11-10,18:35:00
9969,2023-11-10,18:46:00
9970,2023-11-10,12:34:00
9971,2023-11-10,13:55:00
9972,2023-11-10,13:08:00
9973,2023-11-10,19:19:00
9974,2023-11-10,18:44:00
9975,2023-11-10,20:36:00
9976,2023-11-10,15:48:00
9977,2023-11-10,18:11:00
9978,2023-11-10,13:09:00
9979,2023-11-10,15:18:00
9980,2023-11-10,11:18:00
9981,2023-11-10,18:12:00
9982,2023-11-10,13:56:00
9983,2023-11-10,20:12:00
9984,2023-11-10,18:20:00
9985,2023-11-10,12:03:00
9986,2023-11-10,20:00:00
9987,2023-11-10,17:05:00
9988,2023-11-10,18:57:00
9989,2023-11-10,10:23:00
9990,2023-11-10,20:42:00
9991,2023-11-10,20:29:00
9992,2023-11-10,17:27:00
9993,2023-11-11,20:20:00
9994,2023-11-11,23:07:00
9995,2023-11-11,19:38:00
9996,2023-11-11,19:26:00
9997,2023-11-11,20:21:00
9998,2023-11-11,14:19:00
9999,2023-11-11,18:01:00
10000,2023-11-11,15:58:00
10001,2023-11-11,21:41:00
10002,2023-11-11,11:01:00
10003,2023-11-11,12:10:00
10004,2023-11-11,19:51:00
10005,2023-11-11,21:34:00
10006,2023-11-11,12:09:00
10007,2023-11-11,21:22:00
10008,2023-11-11,21:10:00
10009,2023-11-11,21:53:00
10010,2023-11-11,21:09:00
10011,2023-11-11,08:40:00
10012,2023-11-11,11:47:00
10013,2023-11-11,09:36:00
10014,2023-11-11,13:31:00
10015,2023-11-11,12:35:00
10016,2023-11-11,18:45:00
10017,2023-11-11,12:01:00
10018,2023-11-11,10:58:00
10019,2023-11-11,20:39:00
10020,2023-11-11,15:16:00
10021,2023-11-11,21:07:00
10022,2023-11-11,13:05:00
10023,2023-11-11,12:57:00
10024,2023-11-11,18:21:00
10025,2023-11-11,18:45:00
10026,2023-11-11,21:01:00
10027,2023-11-11,18:18:00
10028,2023-11-11,19:50:00
10029,2023-11-11,19:16:00
10030,2023-11-12,16:54:00
10031,2023-11-12,14:16:00
10032,2023-11-12,16:44:00
10033,2023-11-12,23:02:00
10034,2023-11-12,18:16:00
10035,2023-11-12,20:27:00
10036,2023-11-12,13:13:00
10037,2023-11-12,10:21:00
10038,2023-11-12,20:27:00
10039,2023-11-12,19:32:00
10040,2023-11-12,21:46:00
10041,2023-11-12,20:27:00
10042,2023-11-12,19:04:00
10043,2023-11-12,11:26:00
10044,2023-11-12,19:53:00
10045,2023-11-12,18:06:00
10046,2023-11-12,19:35:00
10047,2023-11-12,13:30:00
10048,2023-11-12,20:42:00
10049,2023-11-12,18:48:00
10050,2023-11-12,18:13:00
10051,2023-11-12,19:21:00
10052,2023-11-12,13:54:00
10053,2023-11-12,23:46:00
10054,2023-11-12,12:45:00
10055,2023-11-12,20:04:00
10056,2023-11-12,18:16:00
10057,2023-11-12,17:46:00
10058,2023-11-12,09:14:00
10059,2023-11-12,12:35:00
10060,2023-11-13,18:47:00
10061,2023-11-13,15:40:00
10062,2023-11-13,13:46:00
10063,2023-11-13,14:31:00
10064,2023-11-13,09:55:00
10065,2023-11-13,21:52:00
10066,2023-11-13,21:53:00
10067,2023-11-13,21:44:00
10068,2023-11-13,19:23:00
10069,2023-11-13,19:55:00
10070,2023-11-13,19:45:00
10071,2023-11-13,18:48:00
10072,2023-11-13,19:09:00
10073,2023-11-13,12:02:00
10074,2023-11-13,17:32:00
10075,2023-11-13,13:43:00
10076,2023-11-13,21:31:00
10077,2023-11-13,21:32:00
10078,2023-11-13,10:17:00
10079,2023-11-13,12:30:00
10080,2023-11-13,23:36:00
10081,2023-11-13,14:21:00
10082,2023-11-13,12:22:00
10083,2023-11-13,18:30:00
10084,2023-11-13,13:43:00
10085,2023-11-14,19:59:00
10086,2023-11-14,21:17:00
10087,2023-11-14,21:17:00
10088,2023-11-14,11:45:00
10089,2023-11-14,21:43:00
10090,2023-11-14,19:27:00
10091,2023-11-14,15:53:00
10092,2023-11-14,18:50:00
10093,2023-11-14,21:27:00
10094,2023-11-14,12:17:00
10095,2023-11-14,20:50:00
10096,2023-11-14,13:49:00
10097,2023-11-14,20:56:00
10098,2023-11-14,14:28:00
10099,2023-11-14,21:15:00
10100,2023-11-14,18:58:00
10101,2023-11-14,19:22:00
10102,2023-11-14,19:03:00
10103,2023-11-14,21:50:00
10104,2023-11-14,11:05:00
10105,2023-11-14,20:36:00
10106,2023-11-14,17:09:00
10107,2023-11-14,13:09:00
10108,2023-11-14,13:48:00
10109,2023-11-14,19:19:00
10110,2023-11-14,19:30:00
10111,2023-11-14,11:36:00
10112,2023-11-14,20:27:00
10113,2023-11-15,22:17:00
10114,2023-11-15,08:12:00
10115,2023-11-15,18:04:00
10116,2023-11-15,20:55:00
10117,2023-11-15,12:23:00
10118,2023-11-15,21:25:00
10119,2023-11-15,23:06:00
10120,2023-11-15,20:16:00
10121,2023-11-15,11:22:00
10122,2023-11-15,12:57:00
10123,2023-11-15,14:31:00
10124,2023-11-15,21:40:00
10125,2023-11-15,21:08:00
10126,2023-11-15,09:47:00
10127,2023-11-15,13:39:00
10128,2023-11-15,18:38:00
10129,2023-11-15,20:26:00
10130,2023-11-15,17:59:00
10131,2023-11-15,20:47:00
10132,2023-11-16,11:56:00
10133,2023-11-16,20:20:00
10134,2023-11-16,19:35:00
10135,2023-11-16,11:43:00
10136,2023-11-16,16:55:00
10137,2023-11-16,12:05:00
10138,2023-11-16,21:11:00
10139,2023-11-16,15:38:00
10140,2023-11-16,14:41:00
10141,2023-11-16,20:47:00
10142,2023-11-16,14:35:00
10143,2023-11-16,18:53:00
10144,2023-11-16,16:05:00
10145,2023-11-16,18:38:00
10146,2023-11-16,21:30:00
10147,2023-11-16,11:09:00
10148,2023-11-16,20:19:00
10149,2023-11-16,13:38:00
10150,2023-11-16,20:13:00
10151,2023-11-17,16:39:00
10152,2023-11-17,19:33:00
10153,2023-11-17,20:42:00
10154,2023-11-17,20:28:00
10155,2023-11-17,16:24:00
10156,2023-11-17,18:30:00
10157,2023-11-17,09:19:00
10158,2023-11-17,20:41:00
10159,2023-11-17,19:40:00
10160,2023-11-17,19:49:00
10161,2023-11-17,16:42:00
10162,2023-11-17,16:55:00
10163,2023-11-17,17:11:00
10164,2023-11-17,22:53:00
10165,2023-11-17,18:31:00
10166,2023-11-17,17:15:00
10167,2023-11-17,11:22:00
10168,2023-11-17,14:29:00
10169,2023-11-17,11:42:00
10170,2023-11-17,07:21:00
10171,2023-11-17,21:29:00
10172,2023-11-17,20:39:00
10173,2023-11-17,22:42:00
10174,2023-11-17,13:44:00
10175,2023-11-17,19:11:00
10176,2023-11-17,13:29:00
10177,2023-11-17,23:25:00
10178,2023-11-17,12:21:00
10179,2023-11-17,14:19:00
10180,2023-11-17,13:56:00
10181,2023-11-17,21:13:00
10182,2023-11-17,20:09:00
10183,2023-11-17,12:34:00
10184,2023-11-18,23:35:00
10185,2023-11-18,09:31:00
10186,2023-11-18,20:53:00
10187,2023-11-18,17:06:00
10188,2023-11-18,21:02:00
10189,2023-11-18,13:40:00
10190,2023-11-18,19:26:00
10191,2023-11-18,12:47:00
10192,2023-11-18,20:28:00
10193,2023-11-18,07:29:00
10194,2023-11-18,14:51:00
10195,2023-11-18,21:40:00
10196,2023-11-18,20:46:00
10197,2023-11-18,23:46:00
10198,2023-11-18,19:18:00
10199,2023-11-18,13:45:00
10200,2023-11-18,13:02:00
10201,2023-11-18,19:31:00
10202,2023-11-18,20:45:00
10203,2023-11-18,18:07:00
10204,2023-11-18,15:38:00
10205,2023-11-18,18:01:00
10206,2023-11-18,13:39:00
10207,2023-11-18,18:48:00
10208,2023-11-18,11:24:00
10209,2023-11-18,17:17:00
10210,2023-11-18,21:34:00
10211,2023-11-18,17:11:00
10212,2023-11-18,20:20:00
10213,2023-11-18,21:57:00
10214,2023-11-18,18:47:00
10215,2023-11-18,19:42:00
10216,2023-11-18,21:28:00
10217,2023-11-18,15:22:00
10218,2023-11-18,23:31:00
10219,2023-11-18,23:56:00
10220,2023-11-18,20:45:00
10221,2023-11-18,21:02:00
10222,2023-11-18,16:08:00
10223,2023-11-18,12:17:00
10224,2023-11-18,19:14:00
10225,2023-11-19,19:39:00
10226,2023-11-19,09:12:00
10227,2023-11-19,10:58:00
10228,2023-11-19,19:31:00
10229,2023-11-19,19:27:00
10230,2023-11-19,17:59:00
10231,2023-11-19,14:45:00
10232,2023-11-19,21:28:00
10233,2023-11-19,18:44:00
10234,2023-11-19,11:12:00
10235,2023-11-19,18:42:00
10236,2023-11-19,14:43:00
10237,2023-11-19,20:49:00
10238,2023-11-19,20:35:00
10239,2023-11-19,21:52:00
10240,2023-11-19,08:54:00
10241,2023-11-19,14:15:00
10242,2023-11-19,21:51:00
10243,2023-11-19,20:45:00
10244,2023-11-19,18:09:00
10245,2023-11-19,21:27:00
10246,2023-11-19,18:05:00
10247,2023-11-19,19:12:00
10248,2023-11-19,19:04:00
10249,2023-11-19,12:20:00
10250,2023-11-19,21:05:00
10251,2023-11-19,21:50:00
10252,2023-11-19,19:53:00
10253,2023-11-19,13:25:00
10254,2023-11-19,23:28:00
10255,2023-11-19,23:24:00
10256,2023-11-19,19:11:00
10257,2023-11-19,13:17:00
10258,2023-11-19,11:07:00
10259,2023-11-19,20:05:00
10260,2023-11-19,14:12:00
10261,2023-11-19,18:43:00
10262,2023-11-19,11:13:00
10263,2023-11-19,18:44:00
10264,2023-11-19,21:53:00
10265,2023-11-19,23:32:00
10266,2023-11-20,20:55:00
10267,2023-11-20,15:16:00
10268,2023-11-20,12:10:00
10269,2023-11-20,07:16:00
10270,2023-11-20,19:12:00
10271,2023-11-20,13:03:00
10272,2023-11-20,18:11:00
10273,2023-11-20,17:13:00
10274,2023-11-20,18:12:00
10275,2023-11-20,10:56:00
10276,2023-11-20,20:29:00
10277,2023-11-20,18:46:00
10278,2023-11-20,21:42:00
10279,2023-11-20,21:06:00
10280,2023-11-20,22:49:00
10281,2023-11-20,15:47:00
10282,2023-11-20,18:30:00
10283,2023-11-20,16:44:00
10284,2023-11-20,21:11:00
10285,2023-11-20,23:09:00
10286,2023-11-20,10:35:00
10287,2023-11-20,09:06:00
10288,2023-11-20,19:02:00
10289,2023-11-20,12:24:00
10290,2023-11-20,20:50:00
10291,2023-11-20,17:27:00
10292,2023-11-20,15:37:00
10293,2023-11-21,16:45:00
10294,2023-11-21,19:38:00
10295,2023-11-21,21:50:00
10296,2023-11-21,18:36:00
10297,2023-11-21,21:41:00
10298,2023-11-21,09:08:00
10299,2023-11-21,11:45:00
10300,2023-11-21,23:43:00
10301,2023-11-21,11:47:00
10302,2023-11-21,18:12:00
10303,2023-11-21,12:37:00
10304,2023-11-21,11:29:00
10305,2023-11-21,11:21:00
10306,2023-11-21,18:38:00
10307,2023-11-21,14:46:00
10308,2023-11-21,13:10:00
10309,2023-11-21,15:08:00
10310,2023-11-21,14:36:00
10311,2023-11-21,18:35:00
10312,2023-11-21,21:23:00
10313,2023-11-22,19:55:00
10314,2023-11-22,19:12:00
10315,2023-11-22,20:34:00
10316,2023-11-22,13:12:00
10317,2023-11-22,18:00:00
10318,2023-11-22,16:15:00
10319,2023-11-22,20:54:00
10320,2023-11-22,13:21:00
10321,2023-11-22,21:36:00
10322,2023-11-22,13:07:00
10323,2023-11-22,08:47:00
10324,2023-11-22,11:58:00
10325,2023-11-22,18:09:00
10326,2023-11-22,19:12:00
10327,2023-11-22,13:23:00
10328,2023-11-22,21:36:00
10329,2023-11-22,19:21:00
10330,2023-11-22,21:06:00
10331,2023-11-22,16:05:00
10332,2023-11-22,18:12:00
10333,2023-11-22,10:32:00
10334,2023-11-22,15:57:00
10335,2023-11-22,18:08:00
10336,2023-11-22,14:00:00
10337,2023-11-22,14:16:00
10338,2023-11-22,19:48:00
10339,2023-11-23,19:15:00
10340,2023-11-23,17:16:00
10341,2023-11-23,14:48:00
10342,2023-11-23,21:29:00
10343,2023-11-23,21:54:00
10344,2023-11-23,14:17:00
10345,2023-11-23,13:41:00
10346,2023-11-23,21:43:00
10347,2023-11-23,19:53:00
10348,2023-11-23,14:48:00
10349,2023-11-23,12:14:00
10350,2023-11-23,14:47:00
10351,2023-11-23,21:21:00
10352,2023-11-23,21:57:00
10353,2023-11-23,23:07:00
10354,2023-11-23,20:34:00
10355,2023-11-23,11:37:00
10356,2023-11-23,14:46:00
10357,2023-11-23,18:34:00
10358,2023-11-23,13:24:00
10359,2023-11-23,09:54:00
10360,2023-11-23,14:03:00
10361,2023-11-23,17:57:00
10362,2023-11-23,20:51:00
10363,2023-11-23,15:06:00
10364,2023-11-23,14:36:00
10365,2023-11-23,16:56:00
10366,2023-11-23,16:43:00
10367,2023-11-23,21:21:00
10368,2023-11-23,17:36:00
10369,2023-11-23,19:10:00
10370,2023-11-23,12:18:00
10371,2023-11-23,20:43:00
10372,2023-11-23,08:37:00
10373,2023-11-23,09:43:00
10374,2023-11-24,20:47:00
10375,2023-11-24,16:24:00
10376,2023-11-24,19:59:00
10377,2023-11-24,21:04:00
10378,2023-11-24,12:59:00
10379,2023-11-24,17:30:00
10380,2023-11-24,10:56:00
10381,2023-11-24,16:28:00
10382,2023-11-24,21:02:00
10383,2023-11-24,19:36:00
10384,2023-11-24,21:09:00
10385,2023-11-24,14:29:00
10386,2023-11-24,21:04:00
10387,2023-11-24,18:03:00
10388,2023-11-24,19:22:00
10389,2023-11-24,14:11:00
10390,2023-11-24,11:26:00
10391,2023-11-24,19:18:00
10392,2023-11-24,12:12:00
10393,2023-11-24,19:03:00
10394,2023-11-24,19:39:00
10395,2023-11-24,19:16:00
10396,2023-11-24,11:50:00
10397,2023-11-24,17:56:00
10398,2023-11-24,10:36:00
10399,2023-11-24,23:45:00
10400,2023-11-24,11:25:00
10401,2023-11-24,19:12:00
10402,2023-11-24,14:20:00
10403,2023-11-24,20:05:00
10404,2023-11-24,13:15:00
10405,2023-11-24,15:02:00
10406,2023-11-24,20:16:00
10407,2023-11-24,20:18:00
10408,2023-11-24,20:15:00
10409,2023-11-24,11:16:00
10410,2023-11-24,13:19:00
10411,2023-11-24,18:20:00
10412,2023-11-24,14:26:00
10413,2023-11-24,20:08:00
10414,2023-11-24,11:30:00
10415,2023-11-24,21:35:00
10416,2023-11-25,21:34:00
10417,2023-11-25,12:02:00
10418,2023-11-25,12:10:00
10419,2023-11-25,11:58:00
10420,2023-11-25,15:39:00
10421,2023-11-25,23:35:00
10422,2023-11-25,16:59:00
10423,2023-11-25,12:34:00
10424,2023-11-25,21:10:00
10425,2023-11-25,21:12:00
10426,2023-11-25,18:16:00
10427,2023-11-25,20:36:00
10428,2023-11-25,14:11:00
10429,2023-11-25,18:30:00
10430,2023-11-25,21:19:00
10431,2023-11-25,14:00:00
10432,2023-11-25,12:34:00
10433,2023-11-25,18:30:00
10434,2023-11-25,09:05:00
10435,2023-11-25,19:33:00
10436,2023-11-25,16:43:00
10437,2023-11-25,11:09:00
10438,2023-11-25,18:05:00
10439,2023-11-25,21:23:00
10440,2023-11-25,13:04:00
10441,2023-11-25,14:39:00
10442,2023-11-25,11:03:00
10443,2023-11-25,20:25:00
10444,2023-11-25,16:20:00
10445,2023-11-25,18:49:00
10446,2023-11-25,12:25:00
10447,2023-11-25,21:16:00
10448,2023-11-25,11:14:00
10449,2023-11-25,21:03:00
10450,2023-11-25,16:18:00
10451,2023-11-25,19:12:00
10452,2023-11-25,09:32:00
10453,2023-11-25,22:57:00
10454,2023-11-25,12:25:00
10455,2023-11-25,18:27:00
10456,2023-11-25,07:55:00
10457,2023-11-25,14:38:00
10458,2023-11-25,12:25:00
10459,2023-11-25,16:47:00
10460,2023-11-25,20:32:00
10461,2023-11-25,21:00:00
10462,2023-11-26,11:36:00
10463,2023-11-26,17:54:00
10464,2023-11-26,22:01:00
10465,2023-11-26,20:04:00
10466,2023-11-26,18:07:00
10467,2023-11-26,19:35:00
10468,2023-11-26,20:08:00
10469,2023-11-26,12:36:00
10470,2023-11-26,15:53:00
10471,2023-11-26,12:48:00
10472,2023-11-26,16:32:00
10473,2023-11-26,11:21:00
10474,2023-11-26,20:58:00
10475,2023-11-26,11:04:00
10476,2023-11-26,15:51:00
10477,2023-11-26,21:05:00
10478,2023-11-26,12:01:00
10479,2023-11-26,21:21:00
10480,2023-11-26,21:19:00
10481,2023-11-26,18:50:00
10482,2023-11-26,22:19:00
10483,2023-11-26,21:52:00
10484,2023-11-26,14:10:00
10485,2023-11-26,13:38:00
10486,2023-11-26,12:44:00
10487,2023-11-26,13:41:00
10488,2023-11-26,21:46:00
10489,2023-11-26,17:27:00
10490,2023-11-26,21:30:00
10491,2023-11-26,13:19:00
10492,2023-11-26,13:12:00
10493,2023-11-26,20:55:00
10494,2023-11-26,14:33:00
10495,2023-11-27,14:23:00
10496,2023-11-27,16:57:00
10497,2023-11-27,17:54:00
10498,2023-11-27,11:53:00
10499,2023-11-27,11:48:00
10500,2023-11-27,20:59:00
10501,2023-11-27,18:41:00
10502,2023-11-27,13:30:00
10503,2023-11-27,21:03:00
10504,2023-11-27,18:36:00
10505,2023-11-27,11:26:00
10506,2023-11-27,21:14:00
10507,2023-11-27,15:18:00
10508,2023-11-27,21:24:00
10509,2023-11-27,19:08:00
10510,2023-11-27,12:59:00
10511,2023-11-27,10:50:00
10512,2023-11-27,18:38:00
10513,2023-11-27,20:59:00
10514,2023-11-27,18:58:00
10515,2023-11-27,13:09:00
10516,2023-11-27,15:45:00
10517,2023-11-27,14:11:00
10518,2023-11-27,21:19:00
10519,2023-11-27,20:31:00
10520,2023-11-27,23:26:00
10521,2023-11-27,18:56:00
10522,2023-11-27,07:33:00
10523,2023-11-27,12:13:00
10524,2023-11-27,23:28:00
10525,2023-11-27,19:10:00
10526,2023-11-27,19:53:00
10527,2023-11-27,20:39:00
10528,2023-11-28,21:50:00
10529,2023-11-28,15:22:00
10530,2023-11-28,11:50:00
10531,2023-11-28,14:49:00
10532,2023-11-28,20:29:00
10533,2023-11-28,19:25:00
10534,2023-11-28,11:46:00
10535,2023-11-28,11:36:00
10536,2023-11-28,07:27:00
10537,2023-11-28,14:26:00
10538,2023-11-28,13:19:00
10539,2023-11-28,14:15:00
10540,2023-11-28,20:20:00
10541,2023-11-28,11:45:00
10542,2023-11-28,19:41:00
10543,2023-11-28,14:39:00
10544,2023-11-28,15:46:00
10545,2023-11-28,18:47:00
10546,2023-11-28,16:51:00
10547,2023-11-28,19:39:00
10548,2023-11-28,12:43:00
10549,2023-11-28,18:17:00
10550,2023-11-28,12:47:00
10551,2023-11-28,19:50:00
10552,2023-11-28,23:11:00
10553,2023-11-28,19:21:00
10554,2023-11-28,15:52:00
10555,2023-11-28,18:57:00
10556,2023-11-28,11:59:00
10557,2023-11-28,16:21:00
10558,2023-11-28,12:03:00
10559,2023-11-29,23:19:00
10560,2023-11-29,12:09:00
10561,2023-11-29,14:59:00
10562,2023-11-29,13:12:00
10563,2023-11-29,21:10:00
10564,2023-11-29,12:22:00
10565,2023-11-29,07:25:00
10566,2023-11-29,08:52:00
10567,2023-11-29,11:52:00
10568,2023-11-29,07:23:00
10569,2023-11-29,20:34:00
10570,2023-11-29,18:51:00
10571,2023-11-29,20:40:00
10572,2023-11-29,22:17:00
10573,2023-11-29,13:21:00
10574,2023-11-29,11:05:00
10575,2023-11-29,19:23:00
10576,2023-11-29,18:08:00
10577,2023-11-29,11:31:00
10578,2023-11-29,18:37:00
10579,2023-11-29,12:52:00
10580,2023-11-29,23:57:00
10581,2023-11-29,08:46:00
10582,2023-11-30,20:59:00
10583,2023-11-30,18:39:00
10584,2023-11-30,21:07:00
10585,2023-11-30,14:54:00
10586,2023-11-30,20:31:00
10587,2023-11-30,21:27:00
10588,2023-11-30,19:32:00
10589,2023-11-30,19:17:00
10590,2023-11-30,15:53:00
10591,2023-11-30,18:47:00
10592,2023-11-30,15:42:00
10593,2023-11-30,20:57:00
10594,2023-11-30,21:15:00
10595,2023-11-30,11:55:00
10596,2023-11-30,21:27:00
10597,2023-11-30,20:02:00
10598,2023-11-30,11:20:00
10599,2023-11-30,21:32:00
10600,2023-11-30,21:38:00
10601,2023-11-30,15:19:00
10602,2023-11-30,12:44:00
10603,2023-11-30,22:58:00
10604,2023-11-30,18:47:00
10605,2023-11-30,18:06:00
10606,2023-11-30,09:48:00
10607,2023-11-30,18:54:00
10608,2023-11-30,12:38:00
10609,2023-12-01,17:33:00
10610,2023-12-01,18:34:00
10611,2023-12-01,18:17:00
10612,2023-12-01,21:42:00
10613,2023-12-01,12:35:00
10614,2023-12-01,21:32:00
10615,2023-12-01,17:46:00
10616,2023-12-01,13:59:00
10617,2023-12-01,17:02:00
10618,2023-12-01,22:42:00
10619,2023-12-01,20:25:00
10620,2023-12-01,19:24:00
10621,2023-12-01,17:02:00
10622,2023-12-01,08:45:00
10623,2023-12-01,15:46:00
10624,2023-12-01,18:43:00
10625,2023-12-01,20:28:00
10626,2023-12-01,12:29:00
10627,2023-12-01,14:18:00
10628,2023-12-01,08:46:00
10629,2023-12-01,18:34:00
10630,2023-12-01,14:38:00
10631,2023-12-01,17:48:00
10632,2023-12-01,20:06:00
10633,2023-12-01,20:18:00
10634,2023-12-01,19:26:00
10635,2023-12-01,15:16:00
10636,2023-12-01,13:36:00
10637,2023-12-01,10:24:00
10638,2023-12-01,21:28:00
10639,2023-12-01,13:48:00
10640,2023-12-01,15:05:00
10641,2023-12-01,16:27:00
10642,2023-12-01,09:52:00
10643,2023-12-02,13:15:00
10644,2023-12-02,18:32:00
10645,2023-12-02,10:13:00
10646,2023-12-02,19:01:00
10647,2023-12-02,19:22:00
10648,2023-12-02,20:27:00
10649,2023-12-02,12:15:00
10650,2023-12-02,21:30:00
10651,2023-12-02,18:43:00
10652,2023-12-02,14:31:00
10653,2023-12-02,21:06:00
10654,2023-12-02,19:53:00
10655,2023-12-02,16:18:00
10656,2023-12-02,19:00:00
10657,2023-12-02,19:16:00
10658,2023-12-02,19:23:00
10659,2023-12-02,23:21:00
10660,2023-12-02,11:21:00
10661,2023-12-02,11:32:00
10662,2023-12-02,22:42:00
10663,2023-12-02,19:36:00
10664,2023-12-02,21:40:00
10665,2023-12-02,17:32:00
10666,2023-12-02,16:24:00
10667,2023-12-02,12:00:00
10668,2023-12-02,13:15:00
10669,2023-12-02,18:01:00
10670,2023-12-02,07:18:00
10671,2023-12-02,12:39:00
10672,2023-12-02,12:01:00
10673,2023-12-02,17:17:00
10674,2023-12-02,14:20:00
10675,2023-12-02,23:48:00
10676,2023-12-02,14:44:00
10677,2023-12-02,11:33:00
10678,2023-12-02,21:10:00
10679,2023-12-02,12:28:00
10680,2023-12-02,21:03:00
10681,2023-12-02,08:15:00
10682,2023-12-02,08:57:00
10683,2023-12-02,22:23:00
10684,2023-12-02,14:28:00
10685,2023-12-03,11:42:00
10686,2023-12-03,11:52:00
10687,2023-12-03,12:49:00
10688,2023-12-03,18:21:00
10689,2023-12-03,14:27:00
10690,2023-12-03,07:54:00
10691,2023-12-03,12:31:00
10692,2023-12-03,20:49:00
10693,2023-12-03,11:37:00
10694,2023-12-03,19:26:00
10695,2023-12-03,12:30:00
10696,2023-12-03,13:53:00
10697,2023-12-03,20:19:00
10698,2023-12-03,11:09:00
10699,2023-12-03,13:44:00
10700,2023-12-03,20:34:00
10701,2023-12-03,21:12:00
10702,2023-12-03,19:55:00
10703,2023-12-03,16:04:00
10704,2023-12-03,11:14:00
10705,2023-12-03,18:58:00
10706,2023-12-03,19:24:00
10707,2023-12-03,18:58:00
10708,2023-12-03,11:38:00
10709,2023-12-03,21:00:00
10710,2023-12-03,11:16:00
10711,2023-12-03,15:55:00
10712,2023-12-03,18:53:00
10713,2023-12-03,12:46:00
10714,2023-12-03,14:42:00
10715,2023-12-03,19:56:00
10716,2023-12-03,14:26:00
10717,2023-12-03,19:18:00
10718,2023-12-04,22:16:00
10719,2023-12-04,11:12:00
10720,2023-12-04,18:07:00
10721,2023-12-04,18:19:00
10722,2023-12-04,09:58:00
10723,2023-12-04,12:10:00
10724,2023-12-04,11:28:00
10725,2023-12-04,18:19:00
10726,2023-12-04,11:32:00
10727,2023-12-04,11:36:00
10728,2023-12-04,18:51:00
10729,2023-12-04,23:29:00
10730,2023-12-04,14:33:00
10731,2023-12-04,11:12:00
10732,2023-12-04,13:48:00
10733,2023-12-04,20:20:00
10734,2023-12-04,15:29:00
10735,2023-12-04,14:38:00
10736,2023-12-04,11:29:00
10737,2023-12-04,18:14:00
10738,2023-12-05,21:16:00
10739,2023-12-05,14:00:00
10740,2023-12-05,19:15:00
10741,2023-12-05,19:25:00
10742,2023-12-05,20:05:00
10743,2023-12-05,14:19:00
10744,2023-12-05,14:01:00
10745,2023-12-05,14:48:00
10746,2023-12-05,20:14:00
10747,2023-12-05,18:22:00
10748,2023-12-05,16:15:00
10749,2023-12-05,11:05:00
10750,2023-12-05,10:41:00
10751,2023-12-05,14:50:00
10752,2023-12-05,13:14:00
10753,2023-12-05,14:59:00
10754,2023-12-05,11:17:00
10755,2023-12-05,17:25:00
10756,2023-12-05,16:56:00
10757,2023-12-05,20:32:00
10758,2023-12-05,11:29:00
10759,2023-12-05,08:25:00
10760,2023-12-05,18:03:00
10761,2023-12-05,21:51:00
10762,2023-12-06,07:28:00
10763,2023-12-06,15:41:00
10764,2023-12-06,17:58:00
10765,2023-12-06,12:51:00
10766,2023-12-06,11:28:00
10767,2023-12-06,18:59:00
10768,2023-12-06,21:06:00
10769,2023-12-06,21:53:00
10770,2023-12-06,11:17:00
10771,2023-12-06,19:59:00
10772,2023-12-06,13:18:00
10773,2023-12-06,13:21:00
10774,2023-12-06,21:28:00
10775,2023-12-06,12:14:00
10776,2023-12-06,20:42:00
10777,2023-12-06,21:44:00
10778,2023-12-06,20:10:00
10779,2023-12-06,11:30:00
10780,2023-12-06,18:52:00
10781,2023-12-06,12:23:00
10782,2023-12-06,11:56:00
10783,2023-12-06,18:19:00
10784,2023-12-06,19:24:00
10785,2023-12-06,20:13:00
10786,2023-12-06,18:47:00
10787,2023-12-06,21:15:00
10788,2023-12-06,14:13:00
10789,2023-12-06,23:48:00
10790,2023-12-06,15:17:00
10791,2023-12-06,19:59:00
10792,2023-12-06,20:54:00
10793,2023-12-06,20:42:00
10794,2023-12-07,19:55:00
10795,2023-12-07,16:35:00
10796,2023-12-07,15:16:00
10797,2023-12-07,19:17:00
10798,2023-12-07,18:57:00
10799,2023-12-07,21:28:00
10800,2023-12-07,21:00:00
10801,2023-12-07,11:30:00
10802,2023-12-07,20:29:00
10803,2023-12-07,18:56:00
10804,2023-12-07,21:08:00
10805,2023-12-07,14:44:00
10806,2023-12-07,19:59:00
10807,2023-12-07,20:25:00
10808,2023-12-07,12:52:00
10809,2023-12-07,21:00:00
10810,2023-12-07,13:42:00
10811,2023-12-07,23:23:00
10812,2023-12-07,15:38:00
10813,2023-12-07,20:42:00
10814,2023-12-07,11:46:00
10815,2023-12-07,21:25:00
10816,2023-12-07,22:23:00
10817,2023-12-07,11:21:00
10818,2023-12-07,08:24:00
10819,2023-12-08,07:50:00
10820,2023-12-08,22:42:00
10821,2023-12-08,18:05:00
10822,2023-12-08,21:04:00
10823,2023-12-08,17:29:00
10824,2023-12-08,13:50:00
10825,2023-12-08,11:08:00
10826,2023-12-08,19:00:00
10827,2023-12-08,08:41:00
10828,2023-12-08,20:42:00
10829,2023-12-08,22:48:00
10830,2023-12-08,21:30:00
10831,2023-12-08,12:04:00
10832,2023-12-08,13:33:00
10833,2023-12-08,14:40:00
10834,2023-12-08,14:54:00
10835,2023-12-08,20:20:00
10836,2023-12-08,18:38:00
10837,2023-12-08,11:49:00
10838,2023-12-08,22:56:00
10839,2023-12-08,14:13:00
10840,2023-12-08,21:52:00
10841,2023-12-08,14:24:00
10842,2023-12-08,12:53:00
10843,2023-12-08,08:26:00
10844,2023-12-08,11:44:00
10845,2023-12-08,19:27:00
10846,2023-12-08,20:58:00
10847,2023-12-08,18:26:00
10848,2023-12-08,21:17:00
10849,2023-12-08,08:09:00
10850,2023-12-09,18:45:00
10851,2023-12-09,19:42:00
10852,2023-12-09,13:08:00
10853,2023-12-09,19:56:00
10854,2023-12-09,21:51:00
10855,2023-12-09,15:11:00
10856,2023-12-09,12:29:00
10857,2023-12-09,20:54:00
10858,2023-12-09,19:20:00
10859,2023-12-09,14:48:00
10860,2023-12-09,13:43:00
10861,2023-12-09,19:51:00
10862,2023-12-09,21:49:00
10863,2023-12-09,21:32:00
10864,2023-12-09,11:04:00
10865,2023-12-09,12:14:00
10866,2023-12-09,09:01:00
10867,2023-12-09,18:20:00
10868,2023-12-09,21:05:00
10869,2023-12-09,20:44:00
10870,2023-12-09,11:49:00
10871,2023-12-09,21:44:00
10872,2023-12-09,21:33:00
10873,2023-12-09,17:03:00
10874,2023-12-09,13:36:00
10875,2023-12-09,12:01:00
10876,2023-12-09,20:24:00
10877,2023-12-09,23:10:00
10878,2023-12-09,12:56:00
10879,2023-12-09,21:25:00
10880,2023-12-09,19:09:00
10881,2023-12-09,13:04:00
10882,2023-12-09,18:11:00
10883,2023-12-09,20:42:00
10884,2023-12-09,21:29:00
10885,2023-12-09,21:58:00
10886,2023-12-09,19:38:00
10887,2023-12-10,23:48:00
10888,2023-12-10,12:16:00
10889,2023-12-10,20:43:00
10890,2023-12-10,11:30:00
10891,2023-12-10,21:59:00
10892,2023-12-10,15:45:00
10893,2023-12-10,19:22:00
10894,2023-12-10,14:55:00
10895,2023-12-10,15:10:00
10896,2023-12-10,13:46:00
10897,2023-12-10,19:13:00
10898,2023-12-10,07:34:00
10899,2023-12-10,10:15:00
10900,2023-12-10,08:36:00
10901,2023-12-10,23:40:00
10902,2023-12-10,21:14:00
10903,2023-12-10,22:51:00
10904,2023-12-10,14:43:00
10905,2023-12-10,19:05:00
10906,2023-12-10,14:14:00
10907,2023-12-10,20:48:00
10908,2023-12-10,20:09:00
10909,2023-12-10,14:08:00
10910,2023-12-10,10:54:00
10911,2023-12-10,09:08:00
10912,2023-12-10,20:53:00
10913,2023-12-10,21:43:00
10914,2023-12-10,21:39:00
10915,2023-12-10,19:40:00
10916,2023-12-10,11:10:00
10917,2023-12-10,20:22:00
10918,2023-12-10,11:01:00
10919,2023-12-10,22:02:00
10920,2023-12-10,20:44:00
10921,2023-12-10,20:45:00
10922,2023-12-10,14:56:00
10923,2023-12-10,11:00:00
10924,2023-12-10,11:28:00
10925,2023-12-10,12:20:00
10926,2023-12-10,08:00:00
10927,2023-12-10,19:42:00
10928,2023-12-11,20:12:00
10929,2023-12-11,23:51:00
10930,2023-12-11,11:27:00
10931,2023-12-11,19:54:00
10932,2023-12-11,22:55:00
10933,2023-12-11,21:45:00
10934,2023-12-11,11:27:00
10935,2023-12-11,21:39:00
10936,2023-12-11,14:46:00
10937,2023-12-11,18:15:00
10938,2023-12-11,11:16:00
10939,2023-12-11,13:04:00
10940,2023-12-11,21:06:00
10941,2023-12-11,16:37:00
10942,2023-12-11,15:43:00
10943,2023-12-11,20:50:00
10944,2023-12-11,18:06:00
10945,2023-12-11,11:31:00
10946,2023-12-11,15:37:00
10947,2023-12-11,19:33:00
10948,2023-12-11,08:18:00
10949,2023-12-11,13:00:00
10950,2023-12-11,11:41:00
10951,2023-12-11,21:39:00
10952,2023-12-11,21:06:00
10953,2023-12-11,19:07:00
10954,2023-12-12,20:23:00
10955,2023-12-12,12:44:00
10956,2023-12-12,11:20:00
10957,2023-12-12,19:29:00
10958,2023-12-12,20:15:00
10959,2023-12-12,13:47:00
10960,2023-12-12,13:31:00
10961,2023-12-12,22:21:00
10962,2023-12-12,19:38:00
10963,2023-12-12,11:05:00
10964,2023-12-12,13:49:00
10965,2023-12-12,13:20:00
10966,2023-12-12,21:53:00
10967,2023-12-12,14:45:00
10968,2023-12-12,19:25:00
10969,2023-12-12,07:28:00
10970,2023-12-12,11:15:00
10971,2023-12-12,09:51:00
10972,2023-12-12,18:45:00
10973,2023-12-12,21:07:00
10974,2023-12-12,21:04:00
10975,2023-12-12,20:52:00
10976,2023-12-12,19:38:00
10977,2023-12-12,22:23:00
10978,2023-12-12,23:44:00
10979,2023-12-12,20:38:00
10980,2023-12-12,18:20:00
10981,2023-12-12,20:36:00
10982,2023-12-13,16:31:00
10983,2023-12-13,18:06:00
10984,2023-12-13,21:37:00
10985,2023-12-13,19:01:00
10986,2023-12-13,20:29:00
10987,2023-12-13,15:28:00
10988,2023-12-13,20:49:00
10989,2023-12-13,18:05:00
10990,2023-12-13,22:35:00
10991,2023-12-13,20:33:00
10992,2023-12-13,18:51:00
10993,2023-12-13,20:42:00
10994,2023-12-13,19:11:00
10995,2023-12-13,12:12:00
10996,2023-12-13,14:03:00
10997,2023-12-13,08:17:00
10998,2023-12-13,17:47:00
10999,2023-12-13,12:00:00
11000,2023-12-13,21:17:00
11001,2023-12-13,11:47:00
11002,2023-12-13,12:46:00
11003,2023-12-13,21:36:00
11004,2023-12-13,19:29:00
11005,2023-12-13,13:44:00
11006,2023-12-13,11:58:00
11007,2023-12-13,19:13:00
11008,2023-12-13,21:47:00
11009,2023-12-13,20:56:00
11010,2023-12-13,20:46:00
11011,2023-12-13,21:32:00
11012,2023-12-13,20:49:00
11013,2023-12-14,23:25:00
11014,2023-12-14,18:45:00
11015,2023-12-14,18:41:00
11016,2023-12-14,08:31:00
11017,2023-12-14,20:50:00
11018,2023-12-14,14:43:00
11019,2023-12-14,20:55:00
11020,2023-12-14,20:07:00
11021,2023-12-14,18:28:00
11022,2023-12-14,15:47:00
11023,2023-12-14,16:40:00
11024,2023-12-14,20:18:00
11025,2023-12-14,20:49:00
11026,2023-12-14,16:36:00
11027,2023-12-14,14:01:00
11028,2023-12-14,20:15:00
11029,2023-12-14,12:58:00
11030,2023-12-14,20:40:00
11031,2023-12-14,18:29:00
11032,2023-12-14,21:23:00
11033,2023-12-14,20:28:00
11034,2023-12-14,19:59:00
11035,2023-12-14,20:26:00
11036,2023-12-14,18:24:00
11037,2023-12-14,16:52:00
11038,2023-12-15,22:31:00
11039,2023-12-15,19:03:00
11040,2023-12-15,22:51:00
11041,2023-12-15,21:29:00
11042,2023-12-15,22:56:00
11043,2023-12-15,19:20:00
11044,2023-12-15,18:31:00
11045,2023-12-15,19:24:00
11046,2023-12-15,19:12:00
11047,2023-12-15,13:18:00
11048,2023-12-15,08:26:00
11049,2023-12-15,20:08:00
11050,2023-12-15,23:43:00
11051,2023-12-15,19:14:00
11052,2023-12-15,12:59:00
11053,2023-12-15,21:20:00
11054,2023-12-15,14:15:00
11055,2023-12-15,13:51:00
11056,2023-12-15,14:09:00
11057,2023-12-15,11:12:00
11058,2023-12-15,12:15:00
11059,2023-12-15,14:04:00
11060,2023-12-15,13:56:00
11061,2023-12-15,08:45:00
11062,2023-12-15,13:22:00
11063,2023-12-15,18:58:00
11064,2023-12-15,22:02:00
11065,2023-12-15,16:16:00
11066,2023-12-15,14:19:00
11067,2023-12-15,13:36:00
11068,2023-12-15,14:51:00
11069,2023-12-15,12:06:00
11070,2023-12-15,19:59:00
11071,2023-12-15,18:40:00
11072,2023-12-15,11:53:00
11073,2023-12-15,15:28:00
11074,2023-12-16,12:10:00
11075,2023-12-16,19:41:00
11076,2023-12-16,18:23:00
11077,2023-12-16,13:26:00
11078,2023-12-16,20:15:00
11079,2023-12-16,20:23:00
11080,2023-12-16,13:37:00
11081,2023-12-16,12:26:00
11082,2023-12-16,13:27:00
11083,2023-12-16,10:31:00
11084,2023-12-16,20:59:00
11085,2023-12-16,19:41:00
11086,2023-12-16,14:54:00
11087,2023-12-16,22:16:00
11088,2023-12-16,21:02:00
11089,2023-12-16,08:44:00
11090,2023-12-16,19:25:00
11091,2023-12-16,19:27:00
11092,2023-12-16,18:11:00
11093,2023-12-16,19:09:00
11094,2023-12-16,14:23:00
11095,2023-12-16,18:25:00
11096,2023-12-16,11:27:00
11097,2023-12-16,21:01:00
11098,2023-12-16,18:21:00
11099,2023-12-16,19:02:00
11100,2023-12-16,12:16:00
11101,2023-12-16,11:29:00
11102,2023-12-16,16:57:00
11103,2023-12-16,11:24:00
11104,2023-12-16,11:35:00
11105,2023-12-16,19:48:00
11106,2023-12-16,19:37:00
11107,2023-12-16,18:47:00
11108,2023-12-16,21:50:00
11109,2023-12-16,19:07:00
11110,2023-12-16,09:14:00
11111,2023-12-16,07:10:00
11112,2023-12-16,14:02:00
11113,2023-12-16,19:56:00
11114,2023-12-16,12:41:00
11115,2023-12-16,17:17:00
11116,2023-12-17,15:20:00
11117,2023-12-17,13:31:00
11118,2023-12-17,21:50:00
11119,2023-12-17,12:03:00
11120,2023-12-17,15:10:00
11121,2023-12-17,18:05:00
11122,2023-12-17,22:26:00
11123,2023-12-17,22:57:00
11124,2023-12-17,14:45:00
11125,2023-12-17,17:37:00
11126,2023-12-17,13:31:00
11127,2023-12-17,17:26:00
11128,2023-12-17,18:41:00
11129,2023-12-17,16:28:00
11130,2023-12-17,13:58:00
11131,2023-12-17,20:11:00
11132,2023-12-17,12:28:00
11133,2023-12-17,20:30:00
11134,2023-12-17,17:16:00
11135,2023-12-17,07:51:00
11136,2023-12-17,20:26:00
11137,2023-12-17,14:29:00
11138,2023-12-17,18:27:00
11139,2023-12-17,14:58:00
11140,2023-12-17,13:09:00
11141,2023-12-17,11:50:00
11142,2023-12-17,19:57:00
11143,2023-12-17,17:04:00
11144,2023-12-17,21:16:00
11145,2023-12-17,11:00:00
11146,2023-12-17,14:04:00
11147,2023-12-17,21:02:00
11148,2023-12-17,14:34:00
11149,2023-12-17,19:04:00
11150,2023-12-17,21:24:00
11151,2023-12-18,23:40:00
11152,2023-12-18,14:37:00
11153,2023-12-18,18:56:00
11154,2023-12-18,13:08:00
11155,2023-12-18,20:15:00
11156,2023-12-18,23:05:00
11157,2023-12-18,18:05:00
11158,2023-12-18,18:39:00
11159,2023-12-18,20:35:00
11160,2023-12-18,10:00:00
11161,2023-12-18,18:30:00
11162,2023-12-18,10:31:00
11163,2023-12-18,18:23:00
11164,2023-12-18,14:29:00
11165,2023-12-18,18:30:00
11166,2023-12-18,18:18:00
11167,2023-12-18,14:35:00
11168,2023-12-18,21:38:00
11169,2023-12-18,12:41:00
11170,2023-12-18,21:05:00
11171,2023-12-18,20:04:00
11172,2023-12-18,11:03:00
11173,2023-12-18,18:52:00
11174,2023-12-18,13:01:00
11175,2023-12-18,18:23:00
11176,2023-12-18,09:42:00
11177,2023-12-18,14:10:00
11178,2023-12-19,19:02:00
11179,2023-12-19,12:39:00
11180,2023-12-19,21:23:00
11181,2023-12-19,21:17:00
11182,2023-12-19,20:40:00
11183,2023-12-19,14:20:00
11184,2023-12-19,21:47:00
11185,2023-12-19,12:22:00
11186,2023-12-19,13:42:00
11187,2023-12-19,18:18:00
11188,2023-12-19,13:07:00
11189,2023-12-19,12:28:00
11190,2023-12-19,13:05:00
11191,2023-12-19,19:15:00
11192,2023-12-19,17:49:00
11193,2023-12-19,14:50:00
11194,2023-12-19,16:47:00
11195,2023-12-19,21:24:00
11196,2023-12-19,21:49:00
11197,2023-12-19,20:21:00
11198,2023-12-19,15:51:00
11199,2023-12-19,20:38:00
11200,2023-12-19,20:33:00
11201,2023-12-19,14:33:00
11202,2023-12-19,20:17:00
11203,2023-12-20,19:52:00
11204,2023-12-20,21:10:00
11205,2023-12-20,11:43:00
11206,2023-12-20,13:16:00
11207,2023-12-20,14:13:00
11208,2023-12-20,13:48:00
11209,2023-12-20,12:28:00
11210,2023-12-20,18:06:00
11211,2023-12-20,18:44:00
11212,2023-12-20,23:51:00
11213,2023-12-20,18:34:00
11214,2023-12-20,14:57:00
11215,2023-12-20,20:38:00
11216,2023-12-20,12:04:00
11217,2023-12-20,14:07:00
11218,2023-12-20,19:03:00
11219,2023-12-20,21:46:00
11220,2023-12-20,20:44:00
11221,2023-12-20,18:56:00
11222,2023-12-21,19:42:00
11223,2023-12-21,20:09:00
11224,2023-12-21,14:42:00
11225,2023-12-21,18:21:00
11226,2023-12-21,20:34:00
11227,2023-12-21,21:58:00
11228,2023-12-21,18:45:00
11229,2023-12-21,18:54:00
11230,2023-12-21,20:30:00
11231,2023-12-21,23:38:00
11232,2023-12-21,20:28:00
11233,2023-12-21,11:18:00
11234,2023-12-21,12:59:00
11235,2023-12-21,15:30:00
11236,2023-12-21,20:43:00
11237,2023-12-21,15:05:00
11238,2023-12-21,11:29:00
11239,2023-12-21,13:34:00
11240,2023-12-21,09:22:00
11241,2023-12-22,19:27:00
11242,2023-12-22,16:39:00
11243,2023-12-22,21:37:00
11244,2023-12-22,23:30:00
11245,2023-12-22,13:21:00
11246,2023-12-22,21:48:00
11247,2023-12-22,11:15:00
11248,2023-12-22,11:58:00
11249,2023-12-22,19:46:00
11250,2023-12-22,19:26:00
11251,2023-12-22,22:44:00
11252,2023-12-22,14:11:00
11253,2023-12-22,20:42:00
11254,2023-12-22,22:16:00
11255,2023-12-22,12:33:00
11256,2023-12-22,18:09:00
11257,2023-12-22,20:50:00
11258,2023-12-22,12:27:00
11259,2023-12-22,20:26:00
11260,2023-12-22,11:23:00
11261,2023-12-22,16:08:00
11262,2023-12-22,19:55:00
11263,2023-12-22,21:01:00
11264,2023-12-22,20:39:00
11265,2023-12-22,11:55:00
11266,2023-12-22,12:06:00
11267,2023-12-22,12:45:00
11268,2023-12-22,13:15:00
11269,2023-12-22,12:53:00
11270,2023-12-22,17:11:00
11271,2023-12-22,21:04:00
11272,2023-12-22,19:18:00
11273,2023-12-22,13:26:00
11274,2023-12-22,11:51:00
11275,2023-12-23,11:13:00
11276,2023-12-23,18:31:00
11277,2023-12-23,19:35:00
11278,2023-12-23,18:57:00
11279,2023-12-23,11:20:00
11280,2023-12-23,20:22:00
11281,2023-12-23,20:32:00
11282,2023-12-23,15:22:00
11283,2023-12-23,17:53:00
11284,2023-12-23,11:10:00
11285,2023-12-23,19:21:00
11286,2023-12-23,12:58:00
11287,2023-12-23,21:27:00
11288,2023-12-23,20:53:00
11289,2023-12-23,23:24:00
11290,2023-12-23,20:11:00
11291,2023-12-23,19:44:00
11292,2023-12-23,20:28:00
11293,2023-12-23,20:09:00
11294,2023-12-23,07:42:00
11295,2023-12-23,12:52:00
11296,2023-12-23,21:05:00
11297,2023-12-23,19:13:00
11298,2023-12-23,18:13:00
11299,2023-12-23,21:33:00
11300,2023-12-23,16:08:00
11301,2023-12-23,21:34:00
11302,2023-12-23,14:34:00
11303,2023-12-23,20:11:00
11304,2023-12-23,17:29:00
11305,2023-12-23,18:46:00
11306,2023-12-23,11:32:00
11307,2023-12-23,23:28:00
11308,2023-12-24,13:28:00
11309,2023-12-24,22:26:00
11310,2023-12-24,12:52:00
11311,2023-12-24,13:52:00
11312,2023-12-24,20:30:00
11313,2023-12-24,14:11:00
11314,2023-12-24,12:54:00
11315,2023-12-24,21:31:00
11316,2023-12-24,18:03:00
11317,2023-12-24,12:21:00
11318,2023-12-24,21:13:00
11319,2023-12-24,12:49:00
11320,2023-12-24,17:40:00
11321,2023-12-24,19:10:00
11322,2023-12-24,21:59:00
11323,2023-12-24,20:45:00
11324,2023-12-24,13:02:00
11325,2023-12-24,19:21:00
11326,2023-12-24,13:58:00
11327,2023-12-24,17:46:00
11328,2023-12-24,19:37:00
11329,2023-12-24,21:41:00
11330,2023-12-24,07:06:00
11331,2023-12-24,17:34:00
11332,2023-12-24,18:23:00
11333,2023-12-24,21:40:00
11334,2023-12-24,20:25:00
11335,2023-12-24,21:14:00
11336,2023-12-24,20:24:00
11337,2023-12-24,20:17:00
11338,2023-12-24,20:47:00
11339,2023-12-24,21:47:00
11340,2023-12-24,12:45:00
11341,2023-12-24,11:44:00
11342,2023-12-24,13:22:00
11343,2023-12-24,21:01:00
11344,2023-12-24,10:57:00
11345,2023-12-24,13:20:00
11346,2023-12-24,20:10:00
11347,2023-12-24,15:31:00
11348,2023-12-24,17:35:00
11349,2023-12-24,19:03:00
11350,2023-12-24,11:14:00
11351,2023-12-24,19:36:00
11352,2023-12-24,18:15:00
11353,2023-12-24,21:05:00
11354,2023-12-24,21:09:00
11355,2023-12-25,13:27:00
11356,2023-12-25,18:20:00
11357,2023-12-25,18:02:00
11358,2023-12-25,18:07:00
11359,2023-12-25,12:13:00
11360,2023-12-25,15:20:00
11361,2023-12-25,15:08:00
11362,2023-12-25,21:31:00
11363,2023-12-25,14:04:00
11364,2023-12-25,23:23:00
11365,2023-12-25,20:29:00
11366,2023-12-25,20:22:00
11367,2023-12-25,23:36:00
11368,2023-12-25,13:23:00
11369,2023-12-25,09:20:00
11370,2023-12-25,19:44:00
11371,2023-12-25,19:36:00
11372,2023-12-25,18:28:00
11373,2023-12-25,13:56:00
11374,2023-12-25,20:57:00
11375,2023-12-25,12:39:00
11376,2023-12-25,12:44:00
11377,2023-12-25,13:09:00
11378,2023-12-25,18:29:00
11379,2023-12-25,19:49:00
11380,2023-12-25,21:41:00
11381,2023-12-25,11:39:00
11382,2023-12-25,19:05:00
11383,2023-12-25,13:31:00
11384,2023-12-25,13:20:00
11385,2023-12-25,12:02:00
11386,2023-12-25,19:30:00
11387,2023-12-25,20:29:00
11388,2023-12-25,12:19:00
11389,2023-12-25,22:52:00
11390,2023-12-26,19:11:00
11391,2023-12-26,18:50:00
11392,2023-12-26,13:56:00
11393,2023-12-26,22:47:00
11394,2023-12-26,19:49:00
11395,2023-12-26,16:41:00
11396,2023-12-26,18:36:00
11397,2023-12-26,12:51:00
11398,2023-12-26,18:23:00
11399,2023-12-26,19:22:00
11400,2023-12-26,16:37:00
11401,2023-12-26,18:18:00
11402,2023-12-26,21:38:00
11403,2023-12-26,18:08:00
11404,2023-12-26,19:57:00
11405,2023-12-26,13:26:00
11406,2023-12-26,07:50:00
11407,2023-12-26,13:47:00
11408,2023-12-26,22:16:00
11409,2023-12-26,20:30:00
11410,2023-12-26,12:38:00
11411,2023-12-26,21:44:00
11412,2023-12-26,14:27:00
11413,2023-12-26,18:11:00
11414,2023-12-26,16:52:00
11415,2023-12-26,11:09:00
11416,2023-12-26,08:39:00
11417,2023-12-26,12:32:00
11418,2023-12-26,12:02:00
11419,2023-12-27,13:35:00
11420,2023-12-27,07:35:00
11421,2023-12-27,18:37:00
11422,2023-12-27,14:19:00
11423,2023-12-27,19:12:00
11424,2023-12-27,11:43:00
11425,2023-12-27,18:32:00
11426,2023-12-27,12:12:00
11427,2023-12-27,12:06:00
11428,2023-12-27,15:14:00
11429,2023-12-27,21:31:00
11430,2023-12-27,13:59:00
11431,2023-12-27,18:58:00
11432,2023-12-27,15:54:00
11433,2023-12-27,18:39:00
11434,2023-12-27,14:18:00
11435,2023-12-27,07:07:00
11436,2023-12-27,12:50:00
11437,2023-12-27,12:17:00
11438,2023-12-27,23:37:00
11439,2023-12-28,16:04:00
11440,2023-12-28,14:49:00
11441,2023-12-28,11:52:00
11442,2023-12-28,21:22:00
11443,2023-12-28,19:22:00
11444,2023-12-28,21:09:00
11445,2023-12-28,14:48:00
11446,2023-12-28,18:25:00
11447,2023-12-28,08:42:00
11448,2023-12-28,17:32:00
11449,2023-12-28,18:41:00
11450,2023-12-28,22:20:00
11451,2023-12-28,21:54:00
11452,2023-12-28,22:48:00
11453,2023-12-28,21:55:00
11454,2023-12-28,18:27:00
11455,2023-12-28,14:01:00
11456,2023-12-28,09:25:00
11457,2023-12-28,21:25:00
11458,2023-12-28,19:55:00
11459,2023-12-28,19:13:00
11460,2023-12-28,18:01:00
11461,2023-12-28,17:43:00
11462,2023-12-28,11:50:00
11463,2023-12-28,10:55:00
11464,2023-12-28,20:41:00
11465,2023-12-28,10:12:00
11466,2023-12-28,12:19:00
11467,2023-12-28,11:51:00
11468,2023-12-29,14:18:00
11469,2023-12-29,12:39:00
11470,2023-12-29,19:15:00
11471,2023-12-29,17:46:00
11472,2023-12-29,10:11:00
11473,2023-12-29,13:58:00
11474,2023-12-29,19:43:00
11475,2023-12-29,13:47:00
11476,2023-12-29,13:55:00
11477,2023-12-29,11:57:00
11478,2023-12-29,21:50:00
11479,2023-12-29,08:58:00
11480,2023-12-29,12:49:00
11481,2023-12-29,21:31:00
11482,2023-12-29,19:35:00
11483,2023-12-29,19:25:00
11484,2023-12-29,19:09:00
11485,2023-12-29,22:02:00
11486,2023-12-29,12:26:00
11487,2023-12-29,13:33:00
11488,2023-12-29,14:57:00
11489,2023-12-29,21:47:00
11490,2023-12-29,17:17:00
11491,2023-12-29,12:31:00
11492,2023-12-29,19:02:00
11493,2023-12-29,15:29:00
11494,2023-12-29,12:36:00
11495,2023-12-29,16:02:00
11496,2023-12-29,13:32:00
11497,2023-12-29,11:07:00
11498,2023-12-29,20:16:00
11499,2023-12-29,20:28:00
11500,2023-12-29,11:45:00
11501,2023-12-29,12:44:00
11502,2023-12-29,11:04:00
11503,2023-12-29,16:07:00
11504,2023-12-29,14:58:00
11505,2023-12-29,08:56:00
11506,2023-12-29,11:33:00
11507,2023-12-29,21:47:00
11508,2023-12-29,20:21:00
11509,2023-12-29,13:24:00
11510,2023-12-30,19:47:00
11511,2023-12-30,12:24:00
11512,2023-12-30,20:59:00
11513,2023-12-30,19:31:00
11514,2023-12-30,16:51:00
11515,2023-12-30,09:56:00
11516,2023-12-30,20:40:00
11517,2023-12-30,20:21:00
11518,2023-12-30,20:43:00
11519,2023-12-30,16:01:00
11520,2023-12-30,07:54:00
11521,2023-12-30,14:41:00
11522,2023-12-30,22:31:00
11523,2023-12-30,19:33:00
11524,2023-12-30,14:58:00
11525,2023-12-30,12:44:00
11526,2023-12-30,14:47:00
11527,2023-12-30,19:24:00
11528,2023-12-30,19:34:00
11529,2023-12-30,11:37:00
11530,2023-12-30,14:01:00
11531,2023-12-30,22:16:00
11532,2023-12-30,07:26:00
11533,2023-12-30,20:02:00
11534,2023-12-30,18:12:00
11535,2023-12-30,17:50:00
11536,2023-12-30,11:15:00
11537,2023-12-30,13:35:00
11538,2023-12-30,14:52:00
11539,2023-12-30,15:44:00
11540,2023-12-30,16:59:00
11541,2023-12-30,20:56:00
11542,2023-12-30,20:51:00
11543,2023-12-30,13:16:00
11544,2023-12-30,14:27:00
11545,2023-12-30,20:08:00
11546,2023-12-30,21:53:00
11547,2023-12-30,20:54:00
11548,2023-12-30,16:21:00
11549,2023-12-30,11:00:00
11550,2023-12-30,11:41:00
11551,2023-12-31,13:29:00
11552,2023-12-31,20:44:00
11553,2023-12-31,19:14:00
11554,2023-12-31,11:52:00
11555,2023-12-31,15:35:00
11556,2023-12-31,12:27:00
11557,2023-12-31,14:45:00
11558,2023-12-31,11:03:00
11559,2023-12-31,11:29:00
11560,2023-12-31,18:08:00
11561,2023-12-31,20:40:00
11562,2023-12-31,21:25:00
11563,2023-12-31,22:02:00
11564,2023-12-31,20:35:00
11565,2023-12-31,13:11:00
11566,2023-12-31,19:20:00
11567,2023-12-31,19:50:00
11568,2023-12-31,22:40:00
11569,2023-12-31,12:43:00
11570,2023-12-31,21:45:00
11571,2023-12-31,14:42:00
11572,2023-12-31,17:07:00
11573,2023-12-31,18:58:00
11574,2023-12-31,13:24:00
11575,2023-12-31,14:45:00
11576,2023-12-31,15:21:00
11577,2023-12-31,19:56:00
11578,2023-12-31,18:53:00
11579,2023-12-31,21:02:00
11580,2023-12-31,20:04:00
11581,2023-12-31,18:31:00
11582,2023-12-31,18:07:00
11583,2023-12-31,22:04:00
11584,2023-12-31,14:16:00
11585,2023-12-31,11:06:00
11586,2023-12-31,22:03:00
11587,2023-12-31,21:23:00
11588,2023-12-31,19:46:00
11589,2023-12-31,21:13:00
11590,2023-12-31,23:45:00
11591,2023-12-31,14:46:00
11592,2023-12-31,20:35:00
11593,2023-12-31,21:29:00
11594,2023-12-31,10:35:00
