order_details_id,order_id,item_id
1,1,5
2,1,6
3,2,11
4,3,4
5,4,25
6,4,26
7,5,6
8,6,31
9,6,3
10,7,13
11,7,24
12,8,14
13,9,27
14,9,18
15,9,8
16,10,14
17,10,13
18,10,26
19,11,31
20,11,25
21,12,2
22,13,24
23,13,2
24,14,19
25,14,32
26,14,14
27,15,16
28,15,25
29,15,17
30,16,24
31,16,29
32,17,14
33,17,26
34,17,18
35,18,16
36,19,24
37,19,2
38,19,31
39,20,9
40,20,17
41,20,19
42,21,23
43,21,16
44,22,14
45,22,13
46,23,20
47,23,12
48,24,26
49,24,22
50,24,9
51,25,11
52,25,5
53,26,13
54,26,9
55,27,17
56,27,16
57,27,14
58,28,16
59,28,18
60,29,29
61,30,11
62,31,25
63,31,3
64,31,14
65,32,20
66,33,3
67,33,5
68,33,24
69,33,22
70,34,12
71,34,30
72,34,13
73,34,14
74,35,20
75,36,2
76,36,32
77,36,24
78,37,25
79,37,2
80,37,13
81,38,14
82,38,12
83,39,9
84,39,13
85,40,5
86,40,12
87,41,15
88,41,20
89,42,2
90,42,23
91,43,27
92,43,8
93,44,25
94,44,19
95,44,8
96,45,14
97,46,9
98,47,30
99,48,6
100,48,30
101,49,15
102,49,29
103,50,26
104,50,16
105,50,7
106,51,18
107,51,4
108,52,9
109,53,25
110,53,23
111,54,1
112,54,23
113,54,11
114,55,9
115,55,29
116,56,14
117,57,8
118,58,8
119,58,5
120,58,20
121,59,17
122,59,13
123,60,31
124,60,5
125,61,29
126,61,20
127,62,15
128,63,19
129,63,26
130,64,13
131,64,30
132,65,15
133,65,14
134,66,17
135,66,29
136,67,13
137,68,11
138,68,24
139,68,23
140,69,16
141,70,25
142,70,15
143,71,14
144,71,2
145,72,6
146,73,8
147,73,31
148,74,17
149,74,20
150,75,31
151,76,18
152,76,21
153,77,8
154,77,14
155,78,15
156,78,29
157,78,22
158,78,28
159,79,4
160,79,13
161,80,4
162,81,25
163,81,26
164,82,12
165,82,13
166,83,22
167,84,11
168,85,14
169,85,29
170,86,13
171,86,22
172,87,21
173,88,10
174,89,4
175,89,10
176,90,22
177,90,14
178,91,19
179,92,4
180,92,24
181,92,9
182,93,11
183,93,28
184,94,6
185,94,11
186,95,13
187,95,29
188,96,8
189,96,22
190,97,19
191,97,9
192,98,19
193,98,1
194,99,12
195,99,25
196,100,13
197,101,22
198,101,8
199,101,15
200,102,8
201,102,3
202,103,4
203,103,22
204,103,24
205,104,30
206,104,13
207,104,22
208,105,12
209,105,13
210,105,25
211,105,8
212,106,8
213,106,30
214,107,14
215,107,18
216,107,19
217,107,3
218,108,1
219,108,4
220,109,19
221,110,17
222,110,13
223,111,2
224,111,14
225,111,31
226,111,24
227,112,10
228,112,25
229,113,18
230,113,23
231,114,17
232,114,20
233,115,9
234,115,16
235,116,3
236,116,26
237,117,19
238,117,16
239,118,10
240,118,30
241,118,23
242,118,22
243,119,18
244,119,2
245,120,16
246,120,9
247,121,14
248,122,10
249,122,29
250,123,22
251,123,31
252,123,17
253,124,28
254,124,24
255,124,25
256,125,11
257,125,16
258,125,18
259,125,22
260,126,12
261,126,32
262,127,14
263,127,26
264,128,14
265,128,4
266,129,24
267,129,16
268,130,9
269,130,26
270,130,12
271,130,19
272,131,11
273,131,8
274,132,6
275,133,6
276,133,2
277,134,21
278,134,26
279,134,13
280,135,19
281,135,21
282,136,8
283,137,9
284,137,13
285,138,32
286,138,8
287,139,12
288,140,9
289,141,1
290,141,18
291,142,28
292,143,10
293,143,14
294,144,19
295,144,3
296,144,15
297,144,9
298,145,14
299,146,5
300,146,24
301,146,4
302,147,26
303,148,25
304,149,26
305,149,13
306,149,11
307,150,25
308,150,23
309,151,23
310,151,21
311,151,29
312,152,25
313,153,11
314,153,19
315,154,13
316,155,13
317,155,23
318,156,8
319,157,24
320,157,25
321,158,19
322,159,15
323,159,25
324,159,2
325,160,28
326,160,3
327,160,26
328,161,4
329,161,17
330,161,29
331,162,13
332,162,29
333,163,19
334,163,25
335,164,29
336,165,23
337,165,2
338,166,5
339,166,4
340,167,26
341,167,8
342,167,30
343,168,14
344,168,16
345,169,16
346,169,17
347,170,20
348,170,6
349,171,23
350,171,24
351,171,30
352,172,29
353,172,30
354,172,27
355,173,2
356,173,29
357,173,23
358,173,19
359,174,31
360,175,26
361,176,8
362,177,6
363,177,5
364,178,30
365,178,25
366,179,22
367,180,26
368,180,15
369,180,22
370,180,30
371,181,13
372,181,18
373,182,23
374,182,9
375,183,13
376,184,29
377,185,7
378,185,13
379,185,31
380,185,5
381,186,9
382,187,13
383,188,13
384,188,3
385,188,11
386,188,22
387,189,5
388,190,27
389,190,3
390,191,5
391,192,28
392,192,23
393,192,25
394,193,20
395,193,19
396,193,8
397,194,11
398,195,24
399,195,25
400,196,29
401,196,3
402,197,8
403,197,25
404,197,26
405,198,14
406,198,22
407,199,19
408,199,27
409,200,2
410,201,13
411,201,4
412,202,28
413,202,2
414,202,10
415,203,6
416,204,25
417,205,25
418,205,1
419,205,5
420,206,25
421,206,30
422,206,29
423,207,9
424,207,24
425,207,26
426,208,28
427,208,23
428,209,4
429,209,2
430,210,27
431,210,9
432,210,18
433,211,18
434,212,26
435,212,2
436,213,27
437,213,11
438,214,16
439,214,13
440,214,5
441,214,30
442,215,13
443,216,8
444,216,20
445,217,27
446,217,18
447,218,9
448,219,9
449,219,10
450,220,22
451,220,10
452,221,30
453,221,32
454,222,14
455,222,11
456,223,25
457,224,14
458,224,24
459,225,28
460,225,26
461,226,4
462,227,31
463,227,16
464,227,17
465,227,20
466,228,32
467,229,13
468,229,17
469,230,2
470,230,31
471,231,13
472,231,19
473,231,14
474,232,13
475,233,23
476,234,1
477,234,8
478,235,5
479,235,26
480,236,18
481,236,29
482,237,22
483,237,16
484,237,2
485,237,13
486,238,27
487,238,24
488,239,10
489,239,6
490,239,29
491,240,16
492,240,5
493,240,4
494,241,11
495,241,9
496,241,31
497,241,12
498,242,24
499,242,27
500,243,11
501,244,27
502,244,11
503,244,13
504,245,7
505,246,27
506,246,12
507,247,20
508,248,29
509,248,11
510,248,25
511,248,8
512,249,9
513,250,2
514,250,20
515,250,26
516,250,9
517,251,9
518,251,5
519,252,5
520,252,19
521,252,28
522,253,18
523,253,29
524,253,8
525,254,26
526,255,21
527,255,3
528,255,28
529,255,26
530,256,25
531,256,17
532,257,29
533,258,22
534,258,21
535,258,28
536,259,25
537,259,6
538,260,2
539,260,6
540,260,30
541,261,17
542,261,8
543,262,20
544,263,22
545,263,24
546,264,4
547,265,2
548,266,13
549,266,28
550,267,13
551,268,17
552,268,20
553,268,26
554,269,13
555,269,15
556,270,25
557,270,28
558,270,14
559,271,10
560,271,17
561,272,25
562,273,20
563,273,11
564,274,8
565,275,8
566,275,5
567,276,31
568,276,22
569,276,25
570,277,11
571,277,32
572,278,13
573,279,17
574,280,1
575,280,9
576,281,14
577,281,29
578,282,17
579,282,31
580,283,23
581,284,14
582,284,23
583,284,5
584,285,11
585,285,3
586,286,8
587,286,29
588,286,18
589,287,4
590,287,25
591,288,13
592,288,4
593,288,22
594,289,10
595,289,29
596,290,25
597,291,1
598,292,2
599,292,13
600,292,9
601,293,5
602,294,19
603,294,30
604,294,12
605,295,9
606,295,8
607,296,26
608,297,4
609,297,5
610,297,27
611,298,26
612,299,25
613,299,30
614,299,6
615,300,20
616,300,2
617,301,2
618,302,21
619,303,10
620,304,13
621,304,23
622,305,26
623,305,23
624,305,20
625,306,17
626,306,4
627,306,30
628,307,3
629,307,23
630,308,28
631,308,5
632,308,18
633,308,6
634,309,8
635,309,14
636,310,17
637,310,16
638,310,10
639,310,28
640,311,8
641,311,5
642,311,6
643,311,9
644,312,9
645,312,2
646,313,2
647,313,14
648,313,22
649,314,24
650,314,28
651,314,17
652,315,18
653,315,11
654,315,15
655,316,9
656,316,14
657,316,8
658,317,28
659,317,31
660,318,2
661,318,22
662,319,31
663,319,5
664,320,18
665,320,6
666,320,28
667,321,22
668,322,5
669,322,26
670,323,28
671,324,31
672,324,6
673,325,9
674,325,14
675,326,23
676,326,8
677,327,27
678,328,23
679,328,13
680,328,19
681,328,27
682,329,22
683,329,2
684,330,22
685,330,13
686,331,17
687,331,32
688,331,4
689,332,22
690,333,32
691,334,24
692,334,18
693,335,4
694,335,31
695,335,22
696,336,12
697,336,6
698,336,9
699,337,28
700,338,15
701,338,22
702,339,11
703,339,23
704,339,30
705,340,9
706,340,30
707,340,4
708,341,24
709,341,18
710,342,24
711,342,26
712,342,23
713,343,9
714,343,3
715,344,18
716,345,4
717,346,13
718,346,29
719,347,7
720,347,13
721,348,16
722,349,13
723,349,18
724,350,27
725,351,16
726,351,32
727,352,12
728,353,32
729,353,2
730,353,18
731,354,10
732,354,14
733,355,5
734,355,8
735,356,22
736,356,16
737,357,13
738,357,2
739,358,4
740,359,11
741,359,17
742,360,10
743,361,13
744,361,9
745,361,20
746,362,9
747,362,19
748,362,2
749,363,24
750,364,4
751,364,30
752,364,25
753,364,29
754,365,15
755,366,11
756,366,20
757,367,19
758,367,30
759,367,12
760,368,8
761,368,22
762,368,2
763,368,14
764,369,13
765,369,22
766,369,7
767,370,22
768,371,26
769,372,14
770,372,8
771,373,13
772,374,18
773,374,14
774,374,6
775,375,13
776,376,4
777,376,27
778,376,21
779,376,13
780,377,20
781,377,6
782,378,15
783,378,5
784,378,22
785,379,20
786,379,27
787,380,16
788,380,20
789,381,27
790,382,26
791,382,19
792,383,13
793,383,18
794,384,21
795,384,18
796,385,2
797,385,25
798,385,12
799,386,8
800,386,12
801,387,31
802,387,28
803,388,27
804,388,10
805,388,8
806,389,8
807,389,28
808,390,28
809,391,13
810,392,13
811,393,14
812,393,26
813,394,19
814,394,26
815,395,17
816,395,22
817,395,13
818,396,26
819,396,21
820,397,24
821,397,12
822,397,27
823,397,26
824,398,28
825,399,28
826,399,22
827,399,23
828,399,5
829,400,13
830,401,7
831,401,22
832,402,9
833,402,27
834,403,13
835,403,28
836,404,9
837,404,28
838,405,26
839,406,18
840,406,30
841,407,15
842,407,1
843,407,9
844,408,24
845,409,13
846,409,8
847,410,5
848,410,13
849,411,17
850,411,23
851,411,9
852,411,25
853,412,14
854,412,3
855,413,9
856,413,12
857,413,23
858,414,7
859,414,32
860,415,2
861,416,26
862,417,13
863,417,17
864,417,28
865,418,19
866,418,8
867,419,30
868,419,15
869,419,22
870,420,32
871,421,29
872,421,28
873,421,24
874,422,27
875,423,29
876,423,8
877,423,25
878,423,20
879,424,11
880,425,3
881,426,18
882,426,26
883,426,3
884,426,28
885,427,20
886,428,16
887,428,17
888,429,19
889,429,5
890,430,17
891,431,15
892,431,18
893,432,17
894,432,32
895,433,2
896,433,4
897,433,9
898,434,14
899,434,22
900,434,9
901,435,17
902,435,8
903,435,12
904,435,30
905,436,22
906,436,25
907,436,13
908,437,15
909,438,28
910,438,15
911,438,14
912,439,15
913,439,21
914,440,17
915,440,30
916,440,19
917,441,23
918,442,28
919,442,18
920,442,5
921,442,16
922,443,19
923,444,31
924,445,24
925,446,29
926,447,30
927,447,14
928,448,23
929,448,25
930,449,18
931,450,20
932,450,24
933,450,27
934,451,29
935,451,26
936,452,16
937,453,17
938,453,25
939,453,22
940,453,10
941,454,9
942,454,31
943,455,8
944,455,17
945,455,25
946,456,14
947,456,28
948,457,22
949,457,1
950,458,9
951,459,8
952,460,2
953,461,14
954,462,17
955,462,25
956,463,9
957,463,24
958,463,4
959,464,17
960,464,24
961,465,9
962,466,2
963,467,18
964,467,11
965,468,8
966,469,15
967,469,29
968,470,27
969,470,26
970,471,20
971,472,5
972,472,13
973,472,8
974,473,2
975,473,5
976,473,30
977,473,22
978,474,8
979,474,2
980,475,29
981,476,31
982,476,12
983,477,31
984,477,2
985,477,19
986,478,9
987,478,26
988,478,3
989,479,15
990,480,2
991,480,6
992,480,31
993,480,19
994,481,18
995,482,1
996,482,10
997,482,8
998,482,22
999,483,23
1000,483,25
1001,484,13
1002,484,17
1003,485,3
1004,485,17
1005,485,5
1006,486,18
1007,486,29
1008,487,31
1009,488,10
1010,489,29
1011,489,13
1012,490,16
1013,490,14
1014,490,8
1015,491,30
1016,491,6
1017,491,27
1018,492,22
1019,492,9
1020,493,13
1021,493,4
1022,493,6
1023,494,22
1024,495,28
1025,495,14
1026,495,9
1027,496,12
1028,497,17
1029,497,8
1030,497,13
1031,497,21
1032,498,25
1033,499,4
1034,499,29
1035,500,9
1036,500,30
1037,501,14
1038,502,27
1039,502,11
1040,502,10
1041,503,14
1042,503,4
1043,503,26
1044,504,23
1045,505,18
1046,506,5
1047,506,23
1048,507,2
1049,507,18
1050,508,10
1051,508,23
1052,509,29
1053,510,30
1054,511,30
1055,511,12
1056,512,23
1057,512,25
1058,513,28
1059,514,3
1060,515,5
1061,515,6
1062,515,14
1063,516,14
1064,516,27
1065,517,30
1066,517,9
1067,518,7
1068,518,10
1069,519,5
1070,519,17
1071,519,6
1072,520,19
1073,521,15
1074,521,2
1075,522,23
1076,522,28
1077,523,19
1078,523,10
1079,523,27
1080,524,24
1081,524,15
1082,525,23
1083,526,14
1084,526,5
1085,526,22
1086,527,14
1087,527,27
1088,528,11
1089,529,12
1090,529,2
1091,530,14
1092,531,20
1093,531,25
1094,532,5
1095,532,6
1096,533,6
1097,533,16
1098,534,26
1099,534,30
1100,535,30
1101,535,23
1102,535,8
1103,536,29
1104,537,3
1105,537,12
1106,538,11
1107,538,9
1108,538,10
1109,538,12
1110,539,29
1111,539,13
1112,539,14
1113,539,8
1114,540,32
1115,541,22
1116,541,8
1117,541,25
1118,541,30
1119,542,31
1120,542,25
1121,543,3
1122,543,26
1123,544,25
1124,544,10
1125,545,18
1126,545,2
1127,545,14
1128,546,10
1129,546,4
1130,547,22
1131,547,18
1132,547,25
1133,547,4
1134,548,14
1135,548,9
1136,548,13
1137,549,2
1138,549,30
1139,550,9
1140,550,3
1141,551,2
1142,551,18
1143,552,17
1144,552,12
1145,552,22
1146,553,2
1147,553,13
1148,553,25
1149,553,8
1150,554,4
1151,555,7
1152,555,6
1153,555,10
1154,556,23
1155,557,24
1156,557,23
1157,558,14
1158,558,16
1159,558,2
1160,558,29
1161,559,29
1162,559,17
1163,560,17
1164,560,30
1165,561,3
1166,561,17
1167,561,8
1168,561,10
1169,562,14
1170,562,4
1171,562,25
1172,563,9
1173,563,28
1174,564,26
1175,564,24
1176,564,18
1177,565,23
1178,566,8
1179,567,14
1180,567,15
1181,567,6
1182,568,11
1183,568,27
1184,568,9
1185,569,8
1186,569,22
1187,570,16
1188,571,13
1189,571,14
1190,571,25
1191,572,4
1192,572,23
1193,573,26
1194,573,10
1195,574,7
1196,574,13
1197,575,4
1198,575,30
1199,576,26
1200,577,25
1201,578,11
1202,578,4
1203,579,26
1204,579,13
1205,580,8
1206,580,9
1207,581,20
1208,581,25
1209,581,19
1210,581,2
1211,582,18
1212,582,13
1213,583,19
1214,583,13
1215,583,22
1216,584,3
1217,584,29
1218,584,22
1219,585,27
1220,585,18
1221,586,9
1222,586,25
1223,586,20
1224,587,5
1225,587,13
1226,587,16
1227,588,3
1228,589,9
1229,589,23
1230,590,3
1231,590,13
1232,590,23
1233,591,13
1234,592,23
1235,592,32
1236,592,31
1237,592,16
1238,593,30
1239,594,11
1240,594,13
1241,594,26
1242,595,22
1243,595,14
1244,595,13
1245,596,29
1246,596,31
1247,596,26
1248,597,13
1249,597,22
1250,598,12
1251,599,24
1252,600,21
1253,600,15
1254,600,14
1255,601,9
1256,601,31
1257,601,29
1258,601,6
1259,602,13
1260,603,14
1261,604,9
1262,605,2
1263,606,4
1264,607,14
1265,607,9
1266,608,28
1267,608,5
1268,608,9
1269,609,18
1270,610,17
1271,610,22
1272,611,26
1273,611,13
1274,612,9
1275,612,11
1276,613,11
1277,613,18
1278,613,20
1279,614,29
1280,614,27
1281,614,23
1282,614,16
1283,615,29
1284,615,13
1285,615,32
1286,615,8
1287,616,19
1288,616,23
1289,617,5
1290,617,8
1291,617,4
1292,618,29
1293,618,24
1294,619,31
1295,619,24
1296,620,2
1297,620,6
1298,621,17
1299,621,12
1300,622,22
1301,622,27
1302,622,10
1303,623,20
1304,623,2
1305,624,15
1306,624,23
1307,624,12
1308,625,4
1309,625,5
1310,626,11
1311,627,26
1312,627,2
1313,627,30
1314,627,1
1315,628,24
1316,629,8
1317,629,14
1318,630,24
1319,631,31
1320,631,4
1321,631,18
1322,632,12
1323,632,30
1324,633,4
1325,633,32
1326,633,9
1327,634,2
1328,634,9
1329,634,19
1330,635,9
1331,635,4
1332,636,13
1333,637,8
1334,638,29
1335,638,31
1336,639,2
1337,639,25
1338,640,11
1339,641,14
1340,641,30
1341,642,22
1342,642,13
1343,642,29
1344,643,5
1345,643,23
1346,644,31
1347,645,27
1348,645,29
1349,645,30
1350,645,18
1351,646,18
1352,647,31
1353,647,25
1354,648,4
1355,648,17
1356,648,27
1357,648,14
1358,649,8
1359,649,7
1360,650,26
1361,651,26
1362,652,29
1363,652,2
1364,652,28
1365,653,10
1366,654,11
1367,654,4
1368,655,11
1369,655,26
1370,655,29
1371,656,8
1372,656,28
1373,657,8
1374,657,6
1375,657,7
1376,658,13
1377,658,17
1378,659,30
1379,659,11
1380,660,2
1381,661,10
1382,661,28
1383,661,22
1384,662,23
1385,663,2
1386,663,11
1387,664,8
1388,665,25
1389,666,8
1390,666,14
1391,666,25
1392,667,15
1393,668,23
1394,668,8
1395,669,18
1396,670,10
1397,670,13
1398,671,9
1399,671,30
1400,671,2
1401,671,21
1402,672,15
1403,673,24
1404,673,14
1405,673,4
1406,674,23
1407,675,7
1408,675,29
1409,675,27
1410,676,8
1411,677,26
1412,677,24
1413,677,4
1414,677,21
1415,678,13
1416,678,17
1417,678,14
1418,679,13
1419,679,12
1420,680,30
1421,681,22
1422,682,2
1423,682,23
1424,683,22
1425,683,23
1426,683,29
1427,683,19
1428,684,19
1429,684,18
1430,684,9
1431,685,16
1432,685,8
1433,686,10
1434,686,16
1435,686,17
1436,687,9
1437,687,10
1438,687,13
1439,688,26
1440,688,10
1441,688,32
1442,689,6
1443,689,24
1444,690,30
1445,690,13
1446,691,16
1447,692,13
1448,692,18
1449,693,15
1450,693,28
1451,693,11
1452,694,30
1453,695,4
1454,696,6
1455,696,2
1456,697,30
1457,698,13
1458,698,24
1459,699,5
1460,699,14
1461,699,28
1462,699,2
1463,700,32
1464,701,25
1465,701,14
1466,701,1
1467,702,19
1468,702,27
1469,703,18
1470,704,2
1471,704,28
1472,705,16
1473,705,13
1474,705,7
1475,705,2
1476,706,26
1477,706,22
1478,706,17
1479,706,15
1480,707,16
1481,707,3
1482,708,19
1483,709,13
1484,710,31
1485,711,11
1486,712,25
1487,712,19
1488,713,14
1489,713,31
1490,714,21
1491,714,31
1492,715,23
1493,715,18
1494,716,19
1495,717,2
1496,718,29
1497,718,5
1498,718,8
1499,719,28
1500,719,24
1501,720,24
1502,720,15
1503,721,17
1504,722,7
1505,722,2
1506,723,4
1507,723,15
1508,724,26
1509,725,21
1510,725,8
1511,726,18
1512,726,24
1513,727,16
1514,727,17
1515,728,10
1516,728,14
1517,728,9
1518,728,28
1519,729,20
1520,729,22
1521,730,18
1522,730,8
1523,731,13
1524,732,15
1525,732,5
1526,733,25
1527,733,27
1528,734,3
1529,734,13
1530,735,21
1531,736,13
1532,737,18
1533,738,18
1534,738,8
1535,738,9
1536,738,2
1537,739,9
1538,739,18
1539,740,2
1540,740,21
1541,741,17
1542,741,24
1543,742,13
1544,742,9
1545,742,27
1546,743,22
1547,744,19
1548,745,18
1549,746,15
1550,746,5
1551,747,6
1552,748,22
1553,748,8
1554,749,5
1555,749,9
1556,749,31
1557,750,5
1558,750,8
1559,750,14
1560,751,14
1561,751,29
1562,752,9
1563,753,22
1564,753,26
1565,754,27
1566,754,21
1567,755,11
1568,756,22
1569,756,23
1570,757,18
1571,757,14
1572,757,8
1573,758,22
1574,758,8
1575,758,21
1576,759,30
1577,760,22
1578,761,2
1579,761,19
1580,762,14
1581,762,3
1582,762,9
1583,763,25
1584,764,23
1585,764,13
1586,765,32
1587,765,8
1588,766,8
1589,766,18
1590,767,13
1591,767,26
1592,768,1
1593,768,17
1594,769,2
1595,769,18
1596,770,25
1597,771,29
1598,771,9
1599,772,25
1600,773,10
1601,774,25
1602,774,19
1603,774,9
1604,775,9
1605,776,5
1606,776,31
1607,777,17
1608,778,18
1609,779,13
1610,779,29
1611,780,5
1612,780,31
1613,781,28
1614,781,19
1615,781,13
1616,782,11
1617,782,17
1618,782,26
1619,782,29
1620,783,4
1621,784,2
1622,784,8
1623,784,14
1624,785,21
1625,785,28
1626,786,10
1627,786,30
1628,786,22
1629,787,10
1630,787,30
1631,788,10
1632,788,32
1633,788,1
1634,788,7
1635,789,9
1636,790,25
1637,790,20
1638,790,23
1639,791,9
1640,792,16
1641,793,24
1642,793,9
1643,793,10
1644,794,13
1645,795,30
1646,796,12
1647,796,30
1648,797,3
1649,797,22
1650,798,26
1651,798,9
1652,799,28
1653,799,3
1654,800,32
1655,800,12
1656,801,11
1657,801,3
1658,802,24
1659,803,7
1660,804,4
1661,805,3
1662,805,17
1663,806,11
1664,806,9
1665,806,27
1666,806,17
1667,807,11
1668,807,5
1669,807,8
1670,808,24
1671,808,2
1672,809,31
1673,809,19
1674,810,11
1675,810,14
1676,810,25
1677,811,21
1678,812,13
1679,813,7
1680,813,3
1681,814,24
1682,814,10
1683,815,4
1684,816,5
1685,816,22
1686,817,6
1687,817,19
1688,818,17
1689,818,10
1690,819,24
1691,820,17
1692,821,23
1693,821,29
1694,822,18
1695,822,10
1696,823,11
1697,824,5
1698,825,23
1699,826,10
1700,827,3
1701,828,21
1702,828,23
1703,828,14
1704,828,31
1705,829,17
1706,829,13
1707,830,18
1708,830,23
1709,831,8
1710,832,5
1711,832,22
1712,832,14
1713,833,30
1714,834,11
1715,834,9
1716,834,21
1717,834,5
1718,835,11
1719,835,26
1720,835,23
1721,835,18
1722,836,4
1723,837,17
1724,838,8
1725,838,13
1726,838,26
1727,839,7
1728,839,31
1729,840,17
1730,841,31
1731,841,24
1732,841,6
1733,842,9
1734,842,7
1735,842,13
1736,843,20
1737,843,32
1738,843,6
1739,844,11
1740,844,30
1741,844,31
1742,844,28
1743,845,17
1744,846,2
1745,846,14
1746,847,11
1747,847,5
1748,848,8
1749,848,32
1750,848,30
1751,848,22
1752,849,16
1753,849,23
1754,849,29
1755,850,29
1756,850,10
1757,850,31
1758,851,29
1759,851,16
1760,851,28
1761,852,14
1762,853,25
1763,853,27
1764,854,9
1765,855,2
1766,856,28
1767,856,2
1768,856,22
1769,857,19
1770,857,28
1771,857,31
1772,858,26
1773,859,5
1774,859,9
1775,859,14
1776,860,3
1777,861,22
1778,861,17
1779,862,16
1780,862,27
1781,863,30
1782,863,23
1783,863,9
1784,864,23
1785,864,8
1786,865,26
1787,865,7
1788,866,18
1789,866,29
1790,866,22
1791,866,31
1792,867,25
1793,867,14
1794,868,17
1795,868,15
1796,869,29
1797,869,9
1798,869,22
1799,870,14
1800,870,22
1801,870,4
1802,870,20
1803,871,9
1804,871,26
1805,872,22
1806,872,19
1807,873,11
1808,874,3
1809,874,1
1810,875,28
1811,875,22
1812,876,13
1813,876,23
1814,877,25
1815,877,10
1816,878,18
1817,879,29
1818,879,8
1819,880,13
1820,881,5
1821,881,3
1822,881,18
1823,881,2
1824,882,18
1825,882,3
1826,883,9
1827,883,13
1828,884,6
1829,884,13
1830,884,11
1831,885,26
1832,886,23
1833,886,24
1834,886,20
1835,887,4
1836,887,13
1837,888,12
1838,888,29
1839,889,29
1840,889,2
1841,889,13
1842,890,4
1843,890,9
1844,891,30
1845,891,9
1846,891,25
1847,892,2
1848,892,28
1849,892,24
1850,893,16
1851,894,29
1852,894,5
1853,895,5
1854,896,16
1855,896,26
1856,897,31
1857,897,32
1858,897,8
1859,898,22
1860,898,8
1861,898,26
1862,898,4
1863,899,14
1864,899,29
1865,900,26
1866,900,22
1867,900,18
1868,901,30
1869,902,14
1870,902,22
1871,903,28
1872,903,30
1873,903,5
1874,904,14
1875,904,11
1876,904,19
1877,904,9
1878,905,29
1879,905,8
1880,905,4
1881,906,30
1882,906,9
1883,907,29
1884,907,32
1885,907,17
1886,907,6
1887,908,26
1888,909,11
1889,909,31
1890,909,29
1891,910,2
1892,910,9
1893,911,4
1894,911,26
1895,911,9
1896,911,14
1897,912,13
1898,912,4
1899,913,2
1900,914,6
1901,915,9
1902,916,14
1903,916,5
1904,917,14
1905,918,18
1906,918,17
1907,919,20
1908,919,8
1909,920,18
1910,921,28
1911,922,5
1912,923,8
1913,924,16
1914,924,8
1915,925,10
1916,926,13
1917,927,2
1918,928,27
1919,929,2
1920,930,8
1921,931,13
1922,932,14
1923,932,10
1924,932,2
1925,932,15
1926,933,6
1927,933,22
1928,933,19
1929,934,25
1930,934,32
1931,935,22
1932,935,16
1933,936,3
1934,936,17
1935,936,25
1936,937,18
1937,937,19
1938,937,16
1939,938,27
1940,938,14
1941,939,24
1942,939,29
1943,940,8
1944,940,15
1945,940,22
1946,941,8
1947,942,17
1948,942,18
1949,943,21
1950,943,26
1951,944,17
1952,945,9
1953,946,9
1954,947,16
1955,947,30
1956,948,4
1957,948,24
1958,948,14
1959,949,10
1960,949,17
1961,949,29
1962,950,31
1963,951,13
1964,951,11
1965,952,9
1966,952,21
1967,953,28
1968,954,17
1969,954,20
1970,954,29
1971,955,32
1972,956,9
1973,956,13
1974,957,13
1975,958,10
1976,959,9
1977,960,4
1978,961,9
1979,961,30
1980,962,11
1981,963,14
1982,963,5
1983,964,15
1984,965,25
1985,965,8
1986,966,9
1987,966,3
1988,967,13
1989,967,22
1990,967,23
1991,968,22
1992,968,9
1993,968,30
1994,969,14
1995,969,30
1996,969,17
1997,970,13
1998,970,15
1999,971,28
2000,971,17
2001,971,26
2002,971,30
2003,972,23
2004,973,31
2005,973,26
2006,973,25
2007,974,2
2008,975,22
2009,975,2
2010,975,9
2011,976,20
2012,976,16
2013,976,31
2014,977,25
2015,977,10
2016,977,4
2017,977,14
2018,978,17
2019,978,2
2020,979,4
2021,979,29
2022,979,30
2023,979,32
2024,980,13
2025,980,4
2026,981,30
2027,981,6
2028,982,25
2029,982,10
2030,983,16
2031,983,23
2032,983,18
2033,983,13
2034,984,26
2035,985,16
2036,985,15
2037,985,2
2038,985,9
2039,986,25
2040,986,23
2041,987,8
2042,987,25
2043,988,5
2044,988,27
2045,989,25
2046,989,18
2047,990,16
2048,990,29
2049,991,26
2050,991,3
2051,992,25
2052,993,31
2053,994,4
2054,994,15
2055,995,28
2056,995,16
2057,996,5
2058,996,13
2059,997,10
2060,997,2
2061,998,5
2062,998,30
2063,998,22
2064,999,17
2065,1000,10
2066,1000,5
2067,1000,4
2068,1001,12
2069,1002,13
2070,1002,17
2071,1003,15
2072,1004,29
2073,1004,15
2074,1005,9
2075,1006,15
2076,1006,8
2077,1006,27
2078,1006,12
2079,1007,22
2080,1007,10
2081,1008,25
2082,1008,11
2083,1008,13
2084,1009,28
2085,1009,22
2086,1010,3
2087,1011,4
2088,1011,3
2089,1012,29
2090,1012,2
2091,1013,13
2092,1014,9
2093,1014,13
2094,1015,3
2095,1015,2
2096,1016,7
2097,1016,31
2098,1016,11
2099,1017,28
2100,1018,14
2101,1018,32
2102,1018,9
2103,1019,26
2104,1019,18
2105,1019,22
2106,1020,14
2107,1020,5
2108,1021,31
2109,1021,11
2110,1022,18
2111,1022,20
2112,1022,9
2113,1023,25
2114,1024,9
2115,1025,11
2116,1025,14
2117,1025,25
2118,1026,17
2119,1026,6
2120,1027,20
2121,1027,3
2122,1027,4
2123,1028,18
2124,1028,27
2125,1028,11
2126,1029,26
2127,1030,12
2128,1031,9
2129,1031,12
2130,1032,8
2131,1033,30
2132,1033,11
2133,1034,17
2134,1034,2
2135,1035,26
2136,1036,28
2137,1036,23
2138,1037,19
2139,1037,28
2140,1038,14
2141,1038,8
2142,1039,25
2143,1040,5
2144,1041,23
2145,1042,16
2146,1042,9
2147,1043,9
2148,1043,13
2149,1043,25
2150,1044,10
2151,1045,3
2152,1046,13
2153,1046,17
2154,1047,5
2155,1047,10
2156,1048,31
2157,1048,22
2158,1049,13
2159,1049,8
2160,1050,8
2161,1050,29
2162,1051,12
2163,1051,22
2164,1051,10
2165,1051,26
2166,1052,4
2167,1053,29
2168,1054,15
2169,1055,9
2170,1055,31
2171,1055,24
2172,1056,2
2173,1056,25
2174,1057,27
2175,1058,32
2176,1058,8
2177,1059,24
2178,1059,15
2179,1059,14
2180,1060,30
2181,1061,30
2182,1061,25
2183,1062,10
2184,1062,5
2185,1062,13
2186,1063,5
2187,1064,26
2188,1065,31
2189,1065,25
2190,1065,10
2191,1066,19
2192,1066,30
2193,1067,9
2194,1068,18
2195,1069,22
2196,1069,9
2197,1070,27
2198,1071,9
2199,1071,13
2200,1072,30
2201,1073,23
2202,1073,29
2203,1074,12
2204,1074,14
2205,1074,17
2206,1075,14
2207,1076,4
2208,1077,10
2209,1077,24
2210,1077,22
2211,1078,24
2212,1079,5
2213,1079,6
2214,1080,29
2215,1080,6
2216,1081,8
2217,1081,28
2218,1082,15
2219,1082,4
2220,1082,13
2221,1082,26
2222,1083,25
2223,1083,9
2224,1083,2
2225,1084,13
2226,1084,22
2227,1084,4
2228,1085,13
2229,1086,31
2230,1087,30
2231,1087,23
2232,1088,17
2233,1088,19
2234,1088,2
2235,1089,10
2236,1089,21
2237,1089,19
2238,1090,30
2239,1091,23
2240,1091,5
2241,1092,29
2242,1092,16
2243,1092,25
2244,1093,20
2245,1094,9
2246,1094,29
2247,1095,21
2248,1096,8
2249,1096,25
2250,1096,23
2251,1097,8
2252,1097,14
2253,1098,8
2254,1098,26
2255,1098,12
2256,1099,5
2257,1100,14
2258,1101,9
2259,1102,20
2260,1102,30
2261,1102,23
2262,1103,28
2263,1103,22
2264,1104,25
2265,1104,27
2266,1105,16
2267,1106,12
2268,1106,9
2269,1107,12
2270,1107,1
2271,1107,18
2272,1107,8
2273,1108,8
2274,1108,22
2275,1109,13
2276,1109,15
2277,1110,9
2278,1111,27
2279,1111,8
2280,1112,20
2281,1112,32
2282,1112,29
2283,1112,9
2284,1113,11
2285,1114,29
2286,1114,25
2287,1115,14
2288,1115,29
2289,1116,21
2290,1116,29
2291,1117,6
2292,1118,2
2293,1118,19
2294,1119,7
2295,1119,18
2296,1120,4
2297,1120,6
2298,1121,17
2299,1121,27
2300,1121,31
2301,1122,9
2302,1122,32
2303,1123,18
2304,1123,25
2305,1124,8
2306,1125,26
2307,1125,29
2308,1126,15
2309,1126,12
2310,1127,14
2311,1127,20
2312,1128,8
2313,1129,18
2314,1129,17
2315,1129,25
2316,1130,29
2317,1130,10
2318,1130,3
2319,1131,7
2320,1131,26
2321,1132,30
2322,1133,2
2323,1133,17
2324,1133,18
2325,1133,16
2326,1134,23
2327,1134,16
2328,1135,17
2329,1135,30
2330,1136,12
2331,1137,10
2332,1137,2
2333,1137,20
2334,1138,7
2335,1138,9
2336,1138,13
2337,1138,10
2338,1139,14
2339,1139,16
2340,1140,4
2341,1140,29
2342,1140,10
2343,1140,22
2344,1141,25
2345,1142,22
2346,1142,9
2347,1142,29
2348,1143,22
2349,1143,29
2350,1144,16
2351,1145,22
2352,1145,30
2353,1146,8
2354,1146,18
2355,1147,14
2356,1148,30
2357,1148,24
2358,1148,13
2359,1149,2
2360,1150,22
2361,1151,18
2362,1151,24
2363,1152,23
2364,1152,27
2365,1152,13
2366,1153,9
2367,1153,3
2368,1154,3
2369,1154,21
2370,1154,30
2371,1155,6
2372,1155,14
2373,1156,17
2374,1156,20
2375,1156,22
2376,1156,14
2377,1157,11
2378,1157,14
2379,1158,31
2380,1159,8
2381,1160,14
2382,1160,9
2383,1160,22
2384,1161,32
2385,1161,30
2386,1162,9
2387,1163,18
2388,1163,9
2389,1163,1
2390,1163,2
2391,1164,8
2392,1164,12
2393,1165,27
2394,1165,13
2395,1165,25
2396,1166,14
2397,1167,19
2398,1167,25
2399,1168,25
2400,1168,30
2401,1168,8
2402,1169,23
2403,1169,15
2404,1169,8
2405,1169,12
2406,1170,5
2407,1170,13
2408,1171,8
2409,1171,3
2410,1172,1
2411,1172,18
2412,1172,12
2413,1173,28
2414,1173,12
2415,1174,13
2416,1174,5
2417,1175,12
2418,1175,13
2419,1176,18
2420,1177,28
2421,1177,11
2422,1178,17
2423,1178,13
2424,1179,23
2425,1179,8
2426,1180,29
2427,1181,29
2428,1182,21
2429,1183,8
2430,1183,19
2431,1184,24
2432,1184,17
2433,1185,22
2434,1185,32
2435,1186,23
2436,1186,14
2437,1187,24
2438,1187,26
2439,1187,14
2440,1187,2
2441,1188,13
2442,1189,25
2443,1189,9
2444,1189,14
2445,1190,25
2446,1190,24
2447,1190,4
2448,1190,28
2449,1191,11
2450,1191,30
2451,1192,18
2452,1193,24
2453,1194,29
2454,1194,9
2455,1195,8
2456,1195,4
2457,1196,15
2458,1196,16
2459,1197,1
2460,1197,11
2461,1198,27
2462,1198,14
2463,1198,5
2464,1198,6
2465,1199,23
2466,1199,11
2467,1199,9
2468,1200,13
2469,1200,9
2470,1201,4
2471,1202,17
2472,1202,15
2473,1202,14
2474,1203,22
2475,1203,7
2476,1203,21
2477,1204,23
2478,1205,19
2479,1205,26
2480,1206,26
2481,1206,6
2482,1206,11
2483,1207,2
2484,1207,23
2485,1207,5
2486,1208,5
2487,1208,23
2488,1208,10
2489,1209,17
2490,1210,12
2491,1210,14
2492,1210,26
2493,1210,3
2494,1211,22
2495,1211,4
2496,1211,30
2497,1212,13
2498,1212,1
2499,1213,18
2500,1213,27
2501,1214,29
2502,1214,13
2503,1215,11
2504,1215,14
2505,1215,13
2506,1216,26
2507,1216,30
2508,1216,24
2509,1216,13
2510,1217,15
2511,1217,14
2512,1218,9
2513,1218,31
2514,1219,12
2515,1220,22
2516,1221,27
2517,1221,5
2518,1221,14
2519,1221,11
2520,1222,8
2521,1222,16
2522,1223,18
2523,1224,16
2524,1224,5
2525,1225,16
2526,1225,5
2527,1226,24
2528,1226,5
2529,1227,3
2530,1228,13
2531,1228,2
2532,1229,7
2533,1229,26
2534,1229,15
2535,1230,21
2536,1230,14
2537,1231,2
2538,1231,13
2539,1232,10
2540,1232,28
2541,1233,19
2542,1233,9
2543,1234,4
2544,1234,9
2545,1234,8
2546,1235,8
2547,1235,18
2548,1236,9
2549,1236,2
2550,1236,4
2551,1237,26
2552,1237,17
2553,1237,22
2554,1237,13
2555,1238,17
2556,1239,16
2557,1239,13
2558,1240,12
2559,1240,18
2560,1241,3
2561,1242,19
2562,1243,12
2563,1243,23
2564,1243,17
2565,1243,11
2566,1244,31
2567,1244,28
2568,1244,8
2569,1244,16
2570,1245,4
2571,1245,9
2572,1245,12
2573,1246,14
2574,1246,20
2575,1247,9
2576,1247,32
2577,1247,26
2578,1247,17
2579,1248,12
2580,1248,29
2581,1248,17
2582,1249,3
2583,1249,22
2584,1250,11
2585,1250,22
2586,1250,29
2587,1250,23
2588,1251,24
2589,1251,32
2590,1252,29
2591,1252,14
2592,1252,9
2593,1253,19
2594,1253,21
2595,1254,30
2596,1254,19
2597,1255,29
2598,1255,30
2599,1256,14
2600,1257,27
2601,1257,16
2602,1257,19
2603,1258,15
2604,1259,19
2605,1259,32
2606,1259,4
2607,1260,5
2608,1260,32
2609,1260,26
2610,1261,3
2611,1261,25
2612,1262,32
2613,1262,11
2614,1263,22
2615,1263,5
2616,1263,2
2617,1264,22
2618,1264,6
2619,1265,5
2620,1265,28
2621,1265,13
2622,1265,3
2623,1266,9
2624,1267,26
2625,1267,7
2626,1268,32
2627,1268,9
2628,1269,6
2629,1269,4
2630,1270,13
2631,1270,20
2632,1271,8
2633,1272,2
2634,1272,6
2635,1273,5
2636,1274,9
2637,1275,30
2638,1275,2
2639,1276,16
2640,1277,28
2641,1277,25
2642,1278,3
2643,1278,9
2644,1278,6
2645,1279,10
2646,1280,24
2647,1281,16
2648,1281,13
2649,1282,24
2650,1282,8
2651,1282,28
2652,1283,17
2653,1283,28
2654,1283,21
2655,1284,15
2656,1284,5
2657,1285,10
2658,1286,4
2659,1286,29
2660,1286,2
2661,1287,22
2662,1287,7
2663,1288,23
2664,1288,9
2665,1289,25
2666,1289,16
2667,1289,20
2668,1289,8
2669,1290,12
2670,1290,14
2671,1291,5
2672,1292,30
2673,1292,11
2674,1293,30
2675,1293,10
2676,1294,7
2677,1294,13
2678,1294,14
2679,1294,12
2680,1295,18
2681,1295,26
2682,1296,28
2683,1296,19
2684,1297,23
2685,1298,31
2686,1298,12
2687,1298,30
2688,1299,29
2689,1300,8
2690,1300,9
2691,1300,3
2692,1301,20
2693,1302,31
2694,1302,21
2695,1302,11
2696,1303,10
2697,1304,8
2698,1304,23
2699,1305,3
2700,1305,5
2701,1305,28
2702,1306,8
2703,1306,29
2704,1306,22
2705,1307,32
2706,1308,9
2707,1308,23
2708,1309,15
2709,1309,29
2710,1310,26
2711,1310,4
2712,1310,24
2713,1310,14
2714,1311,32
2715,1311,2
2716,1312,13
2717,1312,22
2718,1312,19
2719,1313,23
2720,1314,8
2721,1314,9
2722,1315,9
2723,1316,24
2724,1316,18
2725,1316,25
2726,1317,9
2727,1317,6
2728,1318,30
2729,1318,1
2730,1318,3
2731,1319,6
2732,1319,29
2733,1320,23
2734,1320,9
2735,1321,17
2736,1322,17
2737,1322,28
2738,1322,14
2739,1323,22
2740,1323,4
2741,1324,8
2742,1324,17
2743,1325,2
2744,1326,3
2745,1327,21
2746,1327,5
2747,1328,28
2748,1328,21
2749,1329,14
2750,1329,11
2751,1330,18
2752,1330,5
2753,1331,22
2754,1332,22
2755,1332,9
2756,1332,14
2757,1333,8
2758,1334,13
2759,1335,31
2760,1335,22
2761,1336,17
2762,1336,30
2763,1336,25
2764,1337,24
2765,1338,15
2766,1338,16
2767,1339,32
2768,1339,3
2769,1340,13
2770,1340,25
2771,1340,27
2772,1340,16
2773,1341,13
2774,1341,23
2775,1342,29
2776,1342,13
2777,1343,2
2778,1343,25
2779,1343,21
2780,1344,30
2781,1344,23
2782,1344,14
2783,1345,8
2784,1345,27
2785,1346,17
2786,1346,21
2787,1346,4
2788,1347,8
2789,1347,29
2790,1348,24
2791,1348,12
2792,1349,19
2793,1349,13
2794,1350,14
2795,1350,5
2796,1350,16
2797,1351,9
2798,1351,10
2799,1352,11
2800,1352,3
2801,1352,20
2802,1352,15
2803,1353,8
2804,1353,16
2805,1354,18
2806,1355,20
2807,1356,21
2808,1357,29
2809,1358,19
2810,1358,6
2811,1359,2
2812,1359,23
2813,1360,30
2814,1360,10
2815,1361,5
2816,1361,9
2817,1362,14
2818,1362,21
2819,1363,11
2820,1363,19
2821,1364,15
2822,1364,30
2823,1364,22
2824,1365,13
2825,1365,22
2826,1365,2
2827,1366,14
2828,1366,6
2829,1366,10
2830,1367,19
2831,1367,22
2832,1368,30
2833,1369,22
2834,1369,18
2835,1369,11
2836,1370,17
2837,1370,28
2838,1371,29
2839,1371,2
2840,1371,11
2841,1372,11
2842,1372,21
2843,1373,15
2844,1374,13
2845,1375,6
2846,1375,26
2847,1375,25
2848,1376,24
2849,1376,6
2850,1377,30
2851,1378,28
2852,1378,29
2853,1378,26
2854,1379,6
2855,1379,31
2856,1380,9
2857,1380,7
2858,1380,25
2859,1381,9
2860,1382,14
2861,1382,13
2862,1382,2
2863,1383,30
2864,1384,24
2865,1384,4
2866,1385,13
2867,1386,7
2868,1386,26
2869,1387,24
2870,1387,17
2871,1388,15
2872,1388,31
2873,1389,9
2874,1389,29
2875,1390,9
2876,1391,25
2877,1391,22
2878,1391,20
2879,1391,4
2880,1392,20
2881,1392,11
2882,1392,26
2883,1392,9
2884,1393,2
2885,1394,17
2886,1394,23
2887,1395,4
2888,1396,2
2889,1397,24
2890,1397,9
2891,1398,3
2892,1398,5
2893,1399,29
2894,1399,16
2895,1400,9
2896,1400,31
2897,1400,18
2898,1400,1
2899,1401,28
2900,1401,6
2901,1401,26
2902,1402,8
2903,1403,13
2904,1403,2
2905,1404,9
2906,1404,4
2907,1405,3
2908,1406,26
2909,1407,25
2910,1407,8
2911,1408,25
2912,1409,7
2913,1410,9
2914,1411,29
2915,1411,16
2916,1412,4
2917,1413,19
2918,1413,29
2919,1414,4
2920,1414,25
2921,1414,16
2922,1414,11
2923,1415,23
2924,1415,2
2925,1415,22
2926,1416,21
2927,1416,24
2928,1417,15
2929,1418,27
2930,1418,28
2931,1418,26
2932,1419,10
2933,1420,9
2934,1420,32
2935,1421,17
2936,1421,25
2937,1421,5
2938,1422,11
2939,1422,23
2940,1422,10
2941,1422,20
2942,1423,31
2943,1424,23
2944,1425,2
2945,1425,15
2946,1426,8
2947,1426,2
2948,1427,2
2949,1428,32
2950,1429,2
2951,1429,28
2952,1429,30
2953,1430,20
2954,1431,5
2955,1431,27
2956,1432,13
2957,1433,2
2958,1433,28
2959,1434,8
2960,1434,9
2961,1434,3
2962,1435,22
2963,1436,8
2964,1436,14
2965,1436,6
2966,1437,28
2967,1438,4
2968,1438,14
2969,1439,24
2970,1439,6
2971,1440,24
2972,1440,6
2973,1440,13
2974,1440,22
2975,1441,25
2976,1442,17
2977,1442,5
2978,1443,30
2979,1443,25
2980,1444,13
2981,1444,5
2982,1444,19
2983,1445,4
2984,1446,13
2985,1447,7
2986,1448,25
2987,1448,7
2988,1449,18
2989,1450,22
2990,1451,11
2991,1451,21
2992,1451,2
2993,1451,30
2994,1452,25
2995,1453,17
2996,1454,3
2997,1454,12
2998,1454,14
2999,1455,1
3000,1455,9
3001,1455,11
3002,1456,13
3003,1456,16
3004,1457,25
3005,1458,14
3006,1458,20
3007,1459,1
3008,1460,8
3009,1460,2
3010,1461,9
3011,1461,10
3012,1462,30
3013,1463,11
3014,1464,4
3015,1464,29
3016,1464,14
3017,1465,19
3018,1465,14
3019,1466,5
3020,1466,8
3021,1466,2
3022,1466,27
3023,1467,9
3024,1467,2
3025,1468,24
3026,1469,8
3027,1470,29
3028,1471,17
3029,1471,3
3030,1471,20
3031,1472,2
3032,1473,13
3033,1473,3
3034,1474,21
3035,1474,27
3036,1475,15
3037,1475,3
3038,1475,4
3039,1476,13
3040,1477,30
3041,1477,28
3042,1478,29
3043,1478,18
3044,1479,20
3045,1479,4
3046,1479,29
3047,1479,25
3048,1480,3
3049,1481,19
3050,1481,11
3051,1481,10
3052,1482,30
3053,1482,17
3054,1483,5
3055,1483,3
3056,1484,32
3057,1485,9
3058,1485,29
3059,1485,23
3060,1485,16
3061,1486,15
3062,1486,13
3063,1487,28
3064,1488,18
3065,1489,4
3066,1489,2
3067,1489,6
3068,1490,14
3069,1491,30
3070,1491,16
3071,1492,25
3072,1492,2
3073,1492,28
3074,1492,22
3075,1493,9
3076,1493,32
3077,1494,10
3078,1494,17
3079,1494,6
3080,1494,15
3081,1495,28
3082,1496,3
3083,1496,29
3084,1496,21
3085,1497,8
3086,1497,9
3087,1498,15
3088,1498,9
3089,1499,16
3090,1499,31
3091,1500,28
3092,1500,8
3093,1501,12
3094,1501,15
3095,1502,2
3096,1502,23
3097,1503,29
3098,1504,18
3099,1504,13
3100,1505,23
3101,1505,26
3102,1506,13
3103,1506,17
3104,1507,22
3105,1508,18
3106,1509,25
3107,1509,26
3108,1510,23
3109,1510,19
3110,1511,18
3111,1511,22
3112,1512,25
3113,1512,6
3114,1513,31
3115,1514,27
3116,1514,28
3117,1514,29
3118,1515,20
3119,1515,3
3120,1515,4
3121,1515,14
3122,1516,25
3123,1517,23
3124,1518,13
3125,1519,9
3126,1519,22
3127,1520,31
3128,1520,13
3129,1521,26
3130,1521,17
3131,1522,29
3132,1522,8
3133,1523,10
3134,1523,9
3135,1524,23
3136,1524,24
3137,1525,30
3138,1525,8
3139,1525,28
3140,1526,4
3141,1526,12
3142,1526,29
3143,1527,32
3144,1528,21
3145,1528,6
3146,1529,20
3147,1529,17
3148,1529,10
3149,1530,25
3150,1530,13
3151,1530,17
3152,1531,3
3153,1531,20
3154,1531,5
3155,1532,9
3156,1532,16
3157,1532,20
3158,1532,29
3159,1533,10
3160,1533,19
3161,1534,32
3162,1534,7
3163,1534,14
3164,1535,8
3165,1536,20
3166,1536,28
3167,1536,13
3168,1536,21
3169,1537,13
3170,1537,28
3171,1537,3
3172,1538,5
3173,1538,13
3174,1539,3
3175,1539,17
3176,1539,28
3177,1539,15
3178,1540,29
3179,1541,31
3180,1542,18
3181,1542,9
3182,1542,24
3183,1543,2
3184,1543,17
3185,1543,5
3186,1543,13
3187,1544,30
3188,1545,17
3189,1545,22
3190,1545,31
3191,1546,11
3192,1546,24
3193,1546,32
3194,1546,21
3195,1547,20
3196,1547,2
3197,1547,14
3198,1547,24
3199,1548,23
3200,1548,13
3201,1549,20
3202,1549,9
3203,1549,14
3204,1550,4
3205,1550,26
3206,1551,26
3207,1551,17
3208,1551,16
3209,1552,20
3210,1552,13
3211,1552,2
3212,1552,3
3213,1553,14
3214,1553,12
3215,1553,2
3216,1554,6
3217,1555,24
3218,1556,13
3219,1557,9
3220,1558,29
3221,1559,18
3222,1559,26
3223,1560,25
3224,1560,31
3225,1561,8
3226,1561,5
3227,1562,3
3228,1562,13
3229,1562,4
3230,1562,24
3231,1563,10
3232,1563,13
3233,1564,20
3234,1564,25
3235,1565,24
3236,1565,14
3237,1565,28
3238,1566,30
3239,1567,10
3240,1567,9
3241,1568,9
3242,1569,15
3243,1570,7
3244,1570,23
3245,1570,17
3246,1571,23
3247,1571,12
3248,1572,17
3249,1572,30
3250,1573,19
3251,1573,28
3252,1574,31
3253,1575,23
3254,1575,8
3255,1576,16
3256,1576,25
3257,1576,17
3258,1577,2
3259,1577,11
3260,1578,15
3261,1578,26
3262,1579,27
3263,1579,8
3264,1580,2
3265,1580,11
3266,1581,2
3267,1581,19
3268,1582,24
3269,1582,17
3270,1583,25
3271,1583,26
3272,1584,3
3273,1585,31
3274,1586,2
3275,1586,5
3276,1587,18
3277,1587,13
3278,1588,13
3279,1588,23
3280,1589,14
3281,1589,12
3282,1589,22
3283,1590,13
3284,1590,29
3285,1590,11
3286,1590,4
3287,1591,3
3288,1592,5
3289,1592,6
3290,1593,11
3291,1594,29
3292,1594,17
3293,1595,5
3294,1595,9
3295,1595,19
3296,1596,12
3297,1597,21
3298,1597,11
3299,1597,13
3300,1598,26
3301,1598,21
3302,1599,14
3303,1599,24
3304,1600,2
3305,1600,14
3306,1601,29
3307,1601,30
3308,1601,25
3309,1602,29
3310,1602,16
3311,1603,18
3312,1603,24
3313,1604,24
3314,1604,11
3315,1604,7
3316,1605,30
3317,1605,24
3318,1605,26
3319,1605,14
3320,1606,27
3321,1606,3
3322,1606,22
3323,1607,25
3324,1607,27
3325,1608,21
3326,1608,7
3327,1609,22
3328,1610,14
3329,1610,28
3330,1610,8
3331,1611,16
3332,1611,22
3333,1612,30
3334,1612,20
3335,1613,26
3336,1614,12
3337,1614,2
3338,1615,18
3339,1616,12
3340,1616,23
3341,1616,30
3342,1617,13
3343,1618,15
3344,1618,11
3345,1618,27
3346,1619,3
3347,1619,32
3348,1620,19
3349,1620,15
3350,1621,11
3351,1621,20
3352,1621,14
3353,1622,23
3354,1622,24
3355,1623,3
3356,1624,2
3357,1624,25
3358,1625,29
3359,1626,17
3360,1627,16
3361,1627,14
3362,1628,22
3363,1628,29
3364,1629,29
3365,1629,8
3366,1629,17
3367,1630,23
3368,1631,15
3369,1631,26
3370,1632,2
3371,1632,9
3372,1632,32
3373,1633,22
3374,1633,3
3375,1633,26
3376,1634,4
3377,1635,9
3378,1635,22
3379,1636,3
3380,1636,7
3381,1636,2
3382,1637,8
3383,1638,17
3384,1638,24
3385,1638,22
3386,1638,3
3387,1639,30
3388,1639,16
3389,1640,30
3390,1640,16
3391,1640,14
3392,1640,15
3393,1641,13
3394,1642,14
3395,1642,11
3396,1642,12
3397,1643,29
3398,1643,8
3399,1644,17
3400,1644,20
3401,1644,26
3402,1645,8
3403,1645,25
3404,1646,4
3405,1646,3
3406,1646,13
3407,1647,11
3408,1648,26
3409,1649,24
3410,1649,5
3411,1650,8
3412,1650,30
3413,1651,13
3414,1652,3
3415,1652,31
3416,1652,17
3417,1653,25
3418,1653,15
3419,1654,9
3420,1655,26
3421,1655,14
3422,1656,10
3423,1656,4
3424,1657,5
3425,1657,26
3426,1658,17
3427,1658,14
3428,1659,30
3429,1660,31
3430,1660,18
3431,1660,9
3432,1660,32
3433,1661,14
3434,1661,28
3435,1662,14
3436,1662,3
3437,1662,19
3438,1663,18
3439,1664,29
3440,1664,12
3441,1664,22
3442,1665,24
3443,1666,13
3444,1666,20
3445,1666,14
3446,1667,6
3447,1667,18
3448,1667,17
3449,1668,25
3450,1668,19
3451,1669,22
3452,1670,19
3453,1670,31
3454,1670,27
3455,1671,4
3456,1671,22
3457,1672,19
3458,1672,24
3459,1673,9
3460,1673,27
3461,1673,13
3462,1674,32
3463,1674,14
3464,1674,25
3465,1674,5
3466,1675,1
3467,1675,9
3468,1675,31
3469,1676,28
3470,1677,28
3471,1677,24
3472,1677,13
3473,1677,17
3474,1678,16
3475,1678,2
3476,1679,19
3477,1680,19
3478,1680,12
3479,1680,2
3480,1681,10
3481,1681,14
3482,1681,2
3483,1682,22
3484,1682,9
3485,1682,16
3486,1682,25
3487,1683,29
3488,1683,24
3489,1683,23
3490,1684,23
3491,1685,15
3492,1685,29
3493,1686,21
3494,1687,23
3495,1688,22
3496,1688,4
3497,1689,22
3498,1690,16
3499,1691,26
3500,1691,24
3501,1692,9
3502,1692,15
3503,1693,16
3504,1693,10
3505,1693,7
3506,1694,29
3507,1694,28
3508,1695,25
3509,1695,16
3510,1696,12
3511,1696,4
3512,1697,29
3513,1698,30
3514,1698,3
3515,1699,15
3516,1699,23
3517,1700,13
3518,1700,14
3519,1701,13
3520,1701,32
3521,1701,29
3522,1702,18
3523,1702,14
3524,1702,24
3525,1702,13
3526,1703,2
3527,1703,18
3528,1704,5
3529,1704,13
3530,1705,3
3531,1705,8
3532,1705,11
3533,1706,8
3534,1706,9
3535,1706,13
3536,1706,3
3537,1707,13
3538,1708,19
3539,1708,4
3540,1709,23
3541,1710,14
3542,1710,24
3543,1710,11
3544,1710,27
3545,1711,13
3546,1711,16
3547,1712,15
3548,1712,24
3549,1713,19
3550,1713,13
3551,1714,18
3552,1715,3
3553,1715,6
3554,1715,20
3555,1715,9
3556,1716,18
3557,1717,8
3558,1717,25
3559,1717,26
3560,1718,14
3561,1718,5
3562,1718,1
3563,1719,16
3564,1720,29
3565,1720,25
3566,1721,13
3567,1722,24
3568,1722,4
3569,1722,26
3570,1722,28
3571,1723,32
3572,1724,27
3573,1724,13
3574,1725,26
3575,1725,1
3576,1726,7
3577,1726,2
3578,1726,8
3579,1727,8
3580,1727,24
3581,1728,13
3582,1728,20
3583,1729,25
3584,1730,26
3585,1730,1
3586,1731,1
3587,1732,2
3588,1732,28
3589,1732,6
3590,1732,8
3591,1733,5
3592,1734,7
3593,1734,14
3594,1734,28
3595,1735,8
3596,1735,25
3597,1735,5
3598,1735,23
3599,1736,27
3600,1736,4
3601,1736,18
3602,1737,6
3603,1737,31
3604,1738,17
3605,1738,22
3606,1738,14
3607,1739,23
3608,1739,19
3609,1739,17
3610,1740,31
3611,1740,22
3612,1740,18
3613,1740,8
3614,1741,22
3615,1741,3
3616,1742,22
3617,1743,25
3618,1744,26
3619,1744,2
3620,1745,21
3621,1745,14
3622,1745,13
3623,1746,20
3624,1746,15
3625,1746,17
3626,1747,6
3627,1747,30
3628,1748,17
3629,1748,11
3630,1749,31
3631,1750,3
3632,1750,7
3633,1751,9
3634,1751,32
3635,1752,16
3636,1752,8
3637,1752,20
3638,1753,24
3639,1754,6
3640,1754,9
3641,1755,27
3642,1755,14
3643,1756,13
3644,1756,27
3645,1757,12
3646,1757,26
3647,1758,24
3648,1758,3
3649,1758,13
3650,1759,3
3651,1759,25
3652,1760,28
3653,1761,6
3654,1761,27
3655,1762,26
3656,1762,19
3657,1763,6
3658,1763,23
3659,1764,9
3660,1764,16
3661,1764,7
3662,1764,1
3663,1765,11
3664,1765,9
3665,1765,15
3666,1766,9
3667,1766,4
3668,1767,4
3669,1767,28
3670,1768,27
3671,1768,5
3672,1769,6
3673,1769,5
3674,1769,30
3675,1769,24
3676,1770,18
3677,1771,9
3678,1771,30
3679,1772,2
3680,1772,28
3681,1773,10
3682,1774,18
3683,1774,10
3684,1774,22
3685,1775,9
3686,1775,28
3687,1775,14
3688,1776,32
3689,1776,28
3690,1776,3
3691,1777,29
3692,1777,17
3693,1777,14
3694,1778,2
3695,1778,24
3696,1779,2
3697,1779,29
3698,1779,27
3699,1780,19
3700,1780,23
3701,1781,17
3702,1781,5
3703,1781,8
3704,1782,31
3705,1782,25
3706,1783,30
3707,1783,19
3708,1784,26
3709,1785,18
3710,1785,10
3711,1785,6
3712,1785,15
3713,1786,4
3714,1786,25
3715,1787,13
3716,1787,23
3717,1788,2
3718,1788,30
3719,1789,22
3720,1790,28
3721,1791,21
3722,1792,30
3723,1793,3
3724,1794,29
3725,1795,13
3726,1795,15
3727,1796,14
3728,1796,30
3729,1796,8
3730,1797,9
3731,1798,29
3732,1799,16
3733,1799,15
3734,1800,20
3735,1801,13
3736,1802,16
3737,1802,10
3738,1802,28
3739,1803,13
3740,1804,11
3741,1804,13
3742,1805,19
3743,1805,3
3744,1806,19
3745,1807,24
3746,1807,12
3747,1808,29
3748,1808,22
3749,1808,16
3750,1808,31
3751,1809,3
3752,1809,12
3753,1809,31
3754,1810,5
3755,1810,27
3756,1811,31
3757,1811,5
3758,1812,7
3759,1812,27
3760,1813,11
3761,1813,32
3762,1814,29
3763,1814,22
3764,1814,18
3765,1815,10
3766,1815,27
3767,1816,13
3768,1816,27
3769,1816,19
3770,1817,24
3771,1817,2
3772,1818,18
3773,1819,29
3774,1820,8
3775,1821,11
3776,1821,13
3777,1822,23
3778,1822,20
3779,1822,24
3780,1822,10
3781,1823,24
3782,1823,9
3783,1823,18
3784,1824,18
3785,1824,9
3786,1824,8
3787,1825,18
3788,1825,16
3789,1826,5
3790,1826,8
3791,1827,10
3792,1828,17
3793,1828,9
3794,1828,25
3795,1828,7
3796,1829,4
3797,1829,31
3798,1830,2
3799,1830,25
3800,1831,28
3801,1831,2
3802,1832,22
3803,1833,26
3804,1834,14
3805,1834,20
3806,1835,2
3807,1835,22
3808,1835,25
3809,1836,18
3810,1837,22
3811,1837,32
3812,1837,13
3813,1838,32
3814,1838,13
3815,1839,24
3816,1840,11
3817,1840,32
3818,1841,8
3819,1842,11
3820,1842,22
3821,1842,18
3822,1842,26
3823,1843,8
3824,1843,15
3825,1844,23
3826,1845,17
3827,1846,13
3828,1846,6
3829,1847,22
3830,1847,21
3831,1847,28
3832,1848,23
3833,1848,7
3834,1848,24
3835,1849,6
3836,1850,5
3837,1851,18
3838,1851,5
3839,1851,8
3840,1852,3
3841,1852,15
3842,1852,13
3843,1853,26
3844,1853,13
3845,1854,3
3846,1854,5
3847,1855,28
3848,1855,22
3849,1855,18
3850,1856,2
3851,1857,29
3852,1858,31
3853,1858,14
3854,1859,9
3855,1859,12
3856,1859,20
3857,1860,9
3858,1860,27
3859,1860,8
3860,1860,2
3861,1861,17
3862,1861,4
3863,1862,7
3864,1862,25
3865,1862,15
3866,1863,13
3867,1863,12
3868,1863,28
3869,1863,3
3870,1864,10
3871,1864,27
3872,1864,15
3873,1864,9
3874,1865,23
3875,1865,11
3876,1866,12
3877,1867,14
3878,1868,26
3879,1868,22
3880,1869,17
3881,1869,6
3882,1869,28
3883,1869,5
3884,1870,27
3885,1870,19
3886,1871,23
3887,1871,26
3888,1871,13
3889,1871,4
3890,1872,26
3891,1872,11
3892,1872,14
3893,1872,29
3894,1873,18
3895,1873,12
3896,1873,11
3897,1874,24
3898,1874,16
3899,1875,13
3900,1876,24
3901,1876,27
3902,1877,31
3903,1877,18
3904,1878,8
3905,1878,3
3906,1879,9
3907,1879,11
3908,1880,25
3909,1881,30
3910,1881,3
3911,1882,10
3912,1882,24
3913,1882,12
3914,1882,8
3915,1883,8
3916,1884,6
3917,1884,10
3918,1885,13
3919,1885,9
3920,1885,11
3921,1885,3
3922,1886,28
3923,1887,23
3924,1887,28
3925,1887,30
3926,1888,13
3927,1888,17
3928,1889,21
3929,1890,31
3930,1890,32
3931,1890,24
3932,1891,15
3933,1891,13
3934,1891,22
3935,1891,24
3936,1892,6
3937,1892,30
3938,1893,20
3939,1893,18
3940,1894,24
3941,1894,15
3942,1895,7
3943,1895,29
3944,1895,8
3945,1896,8
3946,1896,18
3947,1897,9
3948,1897,18
3949,1898,28
3950,1898,8
3951,1899,18
3952,1899,28
3953,1900,26
3954,1900,6
3955,1900,23
3956,1900,30
3957,1901,25
3958,1902,30
3959,1902,23
3960,1902,5
3961,1902,24
3962,1903,30
3963,1904,13
3964,1904,12
3965,1904,22
3966,1904,9
3967,1905,29
3968,1905,13
3969,1905,12
3970,1906,27
3971,1907,11
3972,1907,29
3973,1908,29
3974,1908,4
3975,1908,25
3976,1909,9
3977,1910,2
3978,1910,29
3979,1911,6
3980,1912,11
3981,1912,10
3982,1913,11
3983,1913,14
3984,1914,18
3985,1914,13
3986,1914,14
3987,1915,25
3988,1915,19
3989,1916,5
3990,1916,8
3991,1917,25
3992,1917,3
3993,1917,14
3994,1918,13
3995,1918,17
3996,1919,8
3997,1919,14
3998,1919,3
3999,1919,22
4000,1920,30
4001,1920,7
4002,1920,2
4003,1921,13
4004,1922,17
4005,1922,25
4006,1923,13
4007,1923,30
4008,1924,13
4009,1924,3
4010,1925,2
4011,1926,13
4012,1926,4
4013,1927,13
4014,1928,17
4015,1928,2
4016,1928,30
4017,1929,13
4018,1929,19
4019,1929,17
4020,1930,25
4021,1930,22
4022,1930,10
4023,1931,4
4024,1932,9
4025,1932,28
4026,1932,23
4027,1933,22
4028,1933,9
4029,1933,4
4030,1934,22
4031,1934,13
4032,1934,9
4033,1935,7
4034,1935,24
4035,1936,9
4036,1937,10
4037,1937,1
4038,1938,14
4039,1938,29
4040,1939,13
4041,1939,6
4042,1939,18
4043,1940,27
4044,1941,17
4045,1942,13
4046,1943,13
4047,1943,2
4048,1943,22
4049,1943,3
4050,1944,29
4051,1944,10
4052,1944,19
4053,1945,14
4054,1945,20
4055,1946,17
4056,1946,21
4057,1947,26
4058,1948,26
4059,1948,29
4060,1949,31
4061,1950,20
4062,1950,18
4063,1951,32
4064,1952,8
4065,1952,26
4066,1952,29
4067,1953,3
4068,1953,7
4069,1954,6
4070,1954,8
4071,1955,8
4072,1955,9
4073,1956,27
4074,1957,26
4075,1957,21
4076,1958,15
4077,1959,17
4078,1960,9
4079,1961,32
4080,1961,21
4081,1962,27
4082,1962,14
4083,1962,4
4084,1963,9
4085,1963,8
4086,1964,5
4087,1965,9
4088,1965,18
4089,1965,11
4090,1966,26
4091,1967,29
4092,1968,23
4093,1968,10
4094,1968,25
4095,1969,1
4096,1970,17
4097,1970,22
4098,1970,18
4099,1971,22
4100,1971,2
4101,1972,32
4102,1972,12
4103,1973,14
4104,1974,1
4105,1974,31
4106,1975,19
4107,1976,31
4108,1977,25
4109,1977,15
4110,1977,8
4111,1978,9
4112,1978,29
4113,1978,3
4114,1979,10
4115,1979,3
4116,1979,26
4117,1980,7
4118,1980,2
4119,1981,16
4120,1981,19
4121,1981,26
4122,1982,9
4123,1982,31
4124,1983,25
4125,1984,31
4126,1984,22
4127,1984,9
4128,1984,21
4129,1985,8
4130,1985,19
4131,1986,27
4132,1987,12
4133,1987,17
4134,1988,32
4135,1989,21
4136,1989,26
4137,1990,13
4138,1991,5
4139,1992,17
4140,1992,26
4141,1993,3
4142,1993,27
4143,1994,17
4144,1994,16
4145,1994,4
4146,1994,19
4147,1995,5
4148,1995,8
4149,1996,4
4150,1996,20
4151,1997,10
4152,1997,15
4153,1998,18
4154,1998,23
4155,1999,16
4156,1999,9
4157,2000,2
4158,2000,23
4159,2000,12
4160,2001,29
4161,2001,22
4162,2002,17
4163,2002,11
4164,2002,30
4165,2002,24
4166,2003,25
4167,2003,19
4168,2004,30
4169,2004,14
4170,2005,13
4171,2006,10
4172,2007,15
4173,2007,4
4174,2007,1
4175,2008,1
4176,2009,19
4177,2009,16
4178,2010,27
4179,2011,17
4180,2012,20
4181,2012,1
4182,2012,8
4183,2012,9
4184,2013,13
4185,2013,5
4186,2014,23
4187,2014,16
4188,2015,5
4189,2015,29
4190,2016,10
4191,2016,18
4192,2017,22
4193,2018,8
4194,2019,3
4195,2019,11
4196,2020,22
4197,2021,12
4198,2022,29
4199,2022,6
4200,2023,30
4201,2023,9
4202,2023,20
4203,2024,30
4204,2025,12
4205,2025,19
4206,2025,5
4207,2026,27
4208,2026,2
4209,2027,31
4210,2027,8
4211,2028,18
4212,2028,15
4213,2029,23
4214,2030,4
4215,2031,19
4216,2031,27
4217,2032,31
4218,2032,9
4219,2033,22
4220,2034,2
4221,2034,25
4222,2034,30
4223,2035,32
4224,2036,3
4225,2036,11
4226,2037,13
4227,2037,28
4228,2037,18
4229,2038,9
4230,2038,13
4231,2038,25
4232,2038,2
4233,2039,22
4234,2040,15
4235,2041,13
4236,2041,29
4237,2041,24
4238,2041,4
4239,2042,28
4240,2043,26
4241,2044,16
4242,2044,28
4243,2044,14
4244,2045,29
4245,2045,2
4246,2046,29
4247,2046,26
4248,2047,25
4249,2047,14
4250,2048,3
4251,2048,23
4252,2049,18
4253,2049,4
4254,2049,11
4255,2049,15
4256,2050,9
4257,2051,5
4258,2051,9
4259,2051,28
4260,2052,18
4261,2052,23
4262,2053,29
4263,2053,30
4264,2054,26
4265,2054,23
4266,2055,3
4267,2055,31
4268,2056,19
4269,2056,5
4270,2056,27
4271,2057,20
4272,2057,27
4273,2057,17
4274,2058,6
4275,2058,18
4276,2058,22
4277,2058,3
4278,2059,2
4279,2059,17
4280,2059,4
4281,2060,22
4282,2060,18
4283,2061,13
4284,2061,15
4285,2062,23
4286,2063,14
4287,2064,5
4288,2064,11
4289,2065,31
4290,2065,2
4291,2066,14
4292,2066,20
4293,2066,9
4294,2067,30
4295,2067,4
4296,2068,1
4297,2068,3
4298,2068,24
4299,2069,14
4300,2070,6
4301,2070,25
4302,2071,3
4303,2071,14
4304,2071,31
4305,2071,2
4306,2072,19
4307,2072,6
4308,2072,13
4309,2073,7
4310,2073,18
4311,2073,22
4312,2074,25
4313,2074,6
4314,2075,24
4315,2075,9
4316,2075,19
4317,2075,16
4318,2076,19
4319,2076,29
4320,2076,13
4321,2077,21
4322,2077,19
4323,2077,22
4324,2078,13
4325,2078,26
4326,2078,11
4327,2079,24
4328,2080,29
4329,2080,15
4330,2081,31
4331,2081,22
4332,2082,30
4333,2082,16
4334,2082,3
4335,2083,23
4336,2084,19
4337,2085,12
4338,2085,23
4339,2086,14
4340,2087,15
4341,2087,18
4342,2087,8
4343,2088,25
4344,2088,4
4345,2089,8
4346,2090,3
4347,2091,12
4348,2091,30
4349,2091,3
4350,2091,10
4351,2092,4
4352,2093,27
4353,2093,15
4354,2094,25
4355,2095,4
4356,2096,14
4357,2097,24
4358,2097,15
4359,2097,14
4360,2097,8
4361,2098,2
4362,2098,28
4363,2098,25
4364,2098,7
4365,2099,6
4366,2099,23
4367,2100,22
4368,2100,8
4369,2100,18
4370,2100,4
4371,2101,13
4372,2101,30
4373,2101,7
4374,2102,2
4375,2102,24
4376,2102,11
4377,2103,13
4378,2103,32
4379,2103,9
4380,2103,3
4381,2104,32
4382,2104,9
4383,2105,11
4384,2105,3
4385,2106,26
4386,2107,17
4387,2107,31
4388,2107,2
4389,2107,8
4390,2108,13
4391,2108,29
4392,2109,26
4393,2109,12
4394,2110,8
4395,2110,29
4396,2111,2
4397,2112,32
4398,2112,8
4399,2113,6
4400,2113,25
4401,2113,3
4402,2114,14
4403,2114,13
4404,2115,22
4405,2115,11
4406,2116,7
4407,2116,6
4408,2116,31
4409,2117,28
4410,2118,9
4411,2118,11
4412,2118,23
4413,2118,30
4414,2119,14
4415,2119,3
4416,2120,2
4417,2120,18
4418,2121,31
4419,2122,30
4420,2122,14
4421,2123,8
4422,2124,14
4423,2124,18
4424,2124,30
4425,2125,13
4426,2125,12
4427,2126,5
4428,2126,4
4429,2127,32
4430,2127,12
4431,2128,16
4432,2128,13
4433,2129,20
4434,2129,13
4435,2129,18
4436,2129,17
4437,2130,9
4438,2130,4
4439,2130,25
4440,2131,22
4441,2131,19
4442,2132,23
4443,2132,19
4444,2132,22
4445,2133,11
4446,2133,13
4447,2133,6
4448,2134,2
4449,2134,13
4450,2135,22
4451,2136,4
4452,2137,30
4453,2137,28
4454,2137,14
4455,2138,3
4456,2138,19
4457,2138,15
4458,2138,17
4459,2139,8
4460,2139,27
4461,2140,26
4462,2141,28
4463,2142,11
4464,2142,21
4465,2142,22
4466,2143,16
4467,2143,22
4468,2144,30
4469,2145,4
4470,2145,9
4471,2146,11
4472,2146,30
4473,2147,14
4474,2147,11
4475,2147,6
4476,2148,27
4477,2149,29
4478,2149,25
4479,2149,2
4480,2150,4
4481,2150,32
4482,2151,17
4483,2152,19
4484,2153,20
4485,2153,17
4486,2154,27
4487,2155,31
4488,2155,9
4489,2156,25
4490,2156,10
4491,2157,29
4492,2157,22
4493,2158,28
4494,2158,26
4495,2158,29
4496,2159,16
4497,2159,30
4498,2160,24
4499,2161,2
4500,2161,17
4501,2162,19
4502,2162,2
4503,2162,28
4504,2163,17
4505,2163,18
4506,2163,9
4507,2163,8
4508,2164,27
4509,2165,2
4510,2165,27
4511,2166,23
4512,2167,13
4513,2168,8
4514,2168,31
4515,2168,17
4516,2168,26
4517,2169,26
4518,2169,19
4519,2170,31
4520,2170,25
4521,2171,4
4522,2171,23
4523,2171,18
4524,2171,14
4525,2172,31
4526,2172,3
4527,2172,29
4528,2173,29
4529,2173,31
4530,2173,26
4531,2174,5
4532,2174,23
4533,2175,12
4534,2175,17
4535,2175,8
4536,2176,3
4537,2176,26
4538,2176,9
4539,2177,18
4540,2177,27
4541,2178,22
4542,2178,11
4543,2179,7
4544,2180,18
4545,2181,8
4546,2182,9
4547,2182,14
4548,2183,16
4549,2183,29
4550,2184,14
4551,2185,27
4552,2185,29
4553,2186,8
4554,2186,10
4555,2187,12
4556,2187,3
4557,2188,16
4558,2189,13
4559,2189,22
4560,2190,12
4561,2190,17
4562,2191,23
4563,2192,28
4564,2192,8
4565,2192,29
4566,2192,25
4567,2193,2
4568,2193,32
4569,2194,31
4570,2194,18
4571,2194,16
4572,2195,29
4573,2196,29
4574,2196,22
4575,2197,26
4576,2197,30
4577,2198,9
4578,2198,18
4579,2199,24
4580,2200,28
4581,2200,8
4582,2201,29
4583,2202,8
4584,2203,26
4585,2204,5
4586,2205,17
4587,2205,12
4588,2206,17
4589,2206,19
4590,2207,20
4591,2208,20
4592,2208,7
4593,2209,19
4594,2209,26
4595,2210,14
4596,2210,6
4597,2210,9
4598,2210,17
4599,2211,7
4600,2212,29
4601,2212,5
4602,2213,24
4603,2214,32
4604,2214,31
4605,2214,21
4606,2215,18
4607,2215,24
4608,2216,6
4609,2216,31
4610,2216,30
4611,2216,27
4612,2217,17
4613,2218,14
4614,2219,31
4615,2220,18
4616,2220,13
4617,2221,5
4618,2221,13
4619,2221,25
4620,2221,10
4621,2222,25
4622,2222,22
4623,2223,32
4624,2224,10
4625,2224,9
4626,2224,3
4627,2225,8
4628,2225,9
4629,2225,23
4630,2226,14
4631,2226,22
4632,2227,18
4633,2227,3
4634,2228,21
4635,2228,31
4636,2229,15
4637,2230,24
4638,2230,23
4639,2231,22
4640,2232,1
4641,2233,9
4642,2234,27
4643,2234,7
4644,2234,2
4645,2235,18
4646,2236,15
4647,2236,20
4648,2237,8
4649,2237,28
4650,2238,10
4651,2238,5
4652,2238,8
4653,2239,20
4654,2240,5
4655,2241,16
4656,2241,14
4657,2241,7
4658,2242,13
4659,2242,22
4660,2243,32
4661,2244,17
4662,2244,28
4663,2245,4
4664,2246,17
4665,2246,14
4666,2246,2
4667,2246,23
4668,2247,9
4669,2248,23
4670,2248,17
4671,2249,10
4672,2249,26
4673,2250,24
4674,2251,15
4675,2251,29
4676,2252,29
4677,2252,25
4678,2253,22
4679,2254,11
4680,2254,24
4681,2254,3
4682,2255,23
4683,2256,19
4684,2257,9
4685,2257,21
4686,2258,32
4687,2259,11
4688,2259,4
4689,2259,14
4690,2259,22
4691,2260,19
4692,2260,10
4693,2261,14
4694,2261,22
4695,2262,32
4696,2263,25
4697,2263,8
4698,2264,29
4699,2264,28
4700,2265,11
4701,2265,23
4702,2265,25
4703,2266,25
4704,2266,5
4705,2267,5
4706,2267,18
4707,2267,24
4708,2267,7
4709,2268,11
4710,2268,20
4711,2268,4
4712,2268,10
4713,2269,16
4714,2270,13
4715,2270,8
4716,2271,19
4717,2271,28
4718,2271,12
4719,2271,25
4720,2272,20
4721,2272,16
4722,2273,4
4723,2273,15
4724,2274,6
4725,2274,28
4726,2275,2
4727,2276,5
4728,2276,25
4729,2276,4
4730,2277,17
4731,2278,14
4732,2278,3
4733,2279,4
4734,2280,19
4735,2280,4
4736,2281,25
4737,2281,18
4738,2282,4
4739,2282,23
4740,2283,26
4741,2283,22
4742,2284,23
4743,2285,12
4744,2285,23
4745,2286,9
4746,2286,22
4747,2286,16
4748,2287,28
4749,2287,23
4750,2288,13
4751,2288,12
4752,2289,20
4753,2289,26
4754,2290,2
4755,2291,5
4756,2291,15
4757,2291,24
4758,2292,22
4759,2293,9
4760,2293,25
4761,2294,14
4762,2295,14
4763,2295,16
4764,2296,9
4765,2296,23
4766,2297,13
4767,2297,27
4768,2297,11
4769,2298,11
4770,2298,8
4771,2298,3
4772,2299,21
4773,2300,4
4774,2300,1
4775,2301,3
4776,2301,29
4777,2301,20
4778,2301,28
4779,2302,25
4780,2303,22
4781,2304,2
4782,2304,27
4783,2305,13
4784,2305,23
4785,2305,25
4786,2306,9
4787,2306,6
4788,2306,27
4789,2307,4
4790,2307,5
4791,2307,30
4792,2307,10
4793,2308,13
4794,2309,26
4795,2309,25
4796,2310,8
4797,2310,12
4798,2311,27
4799,2311,18
4800,2311,23
4801,2311,28
4802,2312,14
4803,2312,24
4804,2313,8
4805,2313,24
4806,2314,18
4807,2314,4
4808,2315,16
4809,2316,8
4810,2316,19
4811,2317,27
4812,2317,9
4813,2317,24
4814,2318,31
4815,2318,3
4816,2318,22
4817,2319,19
4818,2320,19
4819,2320,22
4820,2321,9
4821,2321,25
4822,2322,28
4823,2322,29
4824,2323,23
4825,2323,9
4826,2324,25
4827,2324,19
4828,2325,19
4829,2326,29
4830,2326,13
4831,2327,3
4832,2327,13
4833,2327,23
4834,2328,32
4835,2329,3
4836,2329,9
4837,2330,15
4838,2330,24
4839,2331,23
4840,2331,22
4841,2331,28
4842,2331,27
4843,2332,4
4844,2332,24
4845,2333,28
4846,2333,24
4847,2334,22
4848,2334,15
4849,2334,20
4850,2335,9
4851,2335,13
4852,2336,16
4853,2336,20
4854,2336,6
4855,2336,26
4856,2337,24
4857,2337,13
4858,2338,23
4859,2338,11
4860,2339,19
4861,2340,2
4862,2340,4
4863,2340,8
4864,2341,19
4865,2342,4
4866,2342,10
4867,2343,31
4868,2343,30
4869,2344,22
4870,2345,8
4871,2345,23
4872,2346,31
4873,2347,18
4874,2347,15
4875,2348,2
4876,2349,14
4877,2350,17
4878,2350,3
4879,2351,4
4880,2351,5
4881,2352,3
4882,2352,9
4883,2353,21
4884,2353,3
4885,2353,19
4886,2354,24
4887,2354,15
4888,2354,22
4889,2355,11
4890,2355,19
4891,2355,6
4892,2355,23
4893,2356,5
4894,2356,18
4895,2357,22
4896,2357,28
4897,2358,8
4898,2358,25
4899,2358,6
4900,2359,25
4901,2360,19
4902,2360,8
4903,2360,9
4904,2361,17
4905,2361,14
4906,2361,20
4907,2361,4
4908,2362,8
4909,2362,26
4910,2362,19
4911,2363,16
4912,2363,6
4913,2364,11
4914,2364,24
4915,2365,9
4916,2366,2
4917,2366,22
4918,2367,9
4919,2367,25
4920,2367,30
4921,2368,18
4922,2369,22
4923,2369,17
4924,2370,17
4925,2371,24
4926,2371,26
4927,2372,24
4928,2372,12
4929,2372,4
4930,2373,17
4931,2374,18
4932,2375,29
4933,2375,26
4934,2376,16
4935,2376,31
4936,2377,14
4937,2378,14
4938,2378,26
4939,2379,30
4940,2379,13
4941,2379,27
4942,2380,10
4943,2380,25
4944,2380,9
4945,2381,10
4946,2382,9
4947,2382,18
4948,2383,8
4949,2383,15
4950,2383,29
4951,2383,6
4952,2384,30
4953,2384,14
4954,2384,29
4955,2385,20
4956,2385,3
4957,2386,8
4958,2387,18
4959,2388,9
4960,2388,32
4961,2389,31
4962,2390,10
4963,2391,21
4964,2391,9
4965,2392,14
4966,2393,28
4967,2393,21
4968,2394,19
4969,2394,9
4970,2395,16
4971,2395,9
4972,2395,31
4973,2395,13
4974,2396,24
4975,2396,30
4976,2397,19
4977,2397,4
4978,2398,16
4979,2398,23
4980,2398,13
4981,2399,20
4982,2399,21
4983,2400,17
4984,2400,26
4985,2401,19
4986,2401,22
4987,2402,28
4988,2402,14
4989,2402,9
4990,2402,26
4991,2403,9
4992,2404,23
4993,2404,30
4994,2404,3
4995,2404,14
4996,2405,11
4997,2405,12
4998,2405,9
4999,2406,9
5000,2406,14
5001,2407,5
5002,2408,17
5003,2408,14
5004,2409,26
5005,2409,25
5006,2410,4
5007,2410,18
5008,2410,17
5009,2411,16
5010,2411,28
5011,2412,31
5012,2412,5
5013,2413,19
5014,2414,2
5015,2414,3
5016,2415,11
5017,2415,12
5018,2416,9
5019,2417,13
5020,2417,2
5021,2418,3
5022,2418,8
5023,2418,10
5024,2419,13
5025,2420,24
5026,2420,15
5027,2420,31
5028,2421,9
5029,2422,29
5030,2422,25
5031,2422,11
5032,2423,28
5033,2424,23
5034,2425,15
5035,2425,30
5036,2426,22
5037,2426,2
5038,2426,13
5039,2427,17
5040,2427,24
5041,2427,5
5042,2428,1
5043,2428,16
5044,2429,20
5045,2430,28
5046,2430,6
5047,2431,15
5048,2431,8
5049,2431,27
5050,2432,2
5051,2432,30
5052,2433,19
5053,2433,26
5054,2434,28
5055,2434,27
5056,2434,13
5057,2435,22
5058,2435,32
5059,2436,11
5060,2437,28
5061,2438,21
5062,2439,13
5063,2440,23
5064,2441,6
5065,2441,19
5066,2442,32
5067,2442,25
5068,2442,2
5069,2442,4
5070,2443,20
5071,2443,23
5072,2443,22
5073,2443,6
5074,2444,14
5075,2444,6
5076,2445,9
5077,2446,10
5078,2446,4
5079,2447,16
5080,2447,3
5081,2448,8
5082,2448,18
5083,2449,23
5084,2449,25
5085,2449,6
5086,2450,11
5087,2450,4
5088,2450,28
5089,2451,27
5090,2451,15
5091,2451,2
5092,2452,16
5093,2452,1
5094,2453,11
5095,2453,8
5096,2454,1
5097,2454,8
5098,2455,20
5099,2455,15
5100,2456,8
5101,2456,20
5102,2457,25
5103,2457,24
5104,2458,12
5105,2458,26
5106,2458,27
5107,2458,13
5108,2459,7
5109,2459,25
5110,2460,11
5111,2460,18
5112,2461,25
5113,2461,26
5114,2462,28
5115,2463,11
5116,2463,14
5117,2464,18
5118,2464,6
5119,2464,10
5120,2465,18
5121,2465,11
5122,2465,8
5123,2465,4
5124,2466,28
5125,2467,8
5126,2467,2
5127,2468,13
5128,2468,8
5129,2468,9
5130,2469,8
5131,2469,28
5132,2469,25
5133,2470,14
5134,2470,6
5135,2470,17
5136,2471,2
5137,2471,13
5138,2472,32
5139,2472,12
5140,2473,25
5141,2473,24
5142,2474,11
5143,2474,4
5144,2474,1
5145,2475,25
5146,2475,22
5147,2475,14
5148,2475,29
5149,2476,31
5150,2477,7
5151,2478,26
5152,2478,17
5153,2479,16
5154,2479,3
5155,2480,29
5156,2480,26
5157,2481,6
5158,2481,12
5159,2482,25
5160,2483,2
5161,2484,5
5162,2485,4
5163,2485,3
5164,2485,15
5165,2486,25
5166,2486,18
5167,2486,5
5168,2486,13
5169,2487,5
5170,2487,25
5171,2488,4
5172,2488,21
5173,2488,20
5174,2489,4
5175,2489,22
5176,2489,2
5177,2489,9
5178,2490,12
5179,2490,2
5180,2491,11
5181,2491,18
5182,2491,2
5183,2492,19
5184,2492,5
5185,2493,13
5186,2493,29
5187,2494,2
5188,2494,22
5189,2495,25
5190,2495,20
5191,2496,22
5192,2496,24
5193,2497,22
5194,2497,17
5195,2497,2
5196,2498,25
5197,2498,13
5198,2499,13
5199,2499,16
5200,2500,10
5201,2500,11
5202,2500,17
5203,2501,16
5204,2501,17
5205,2501,8
5206,2502,25
5207,2503,22
5208,2503,9
5209,2503,21
5210,2504,20
5211,2504,27
5212,2504,13
5213,2505,22
5214,2505,2
5215,2506,12
5216,2507,30
5217,2507,18
5218,2508,31
5219,2509,18
5220,2509,25
5221,2509,26
5222,2509,14
5223,2510,27
5224,2510,4
5225,2511,18
5226,2512,14
5227,2513,16
5228,2513,14
5229,2514,26
5230,2515,16
5231,2515,5
5232,2515,13
5233,2516,18
5234,2516,8
5235,2517,28
5236,2518,13
5237,2518,4
5238,2519,4
5239,2520,13
5240,2521,30
5241,2521,13
5242,2522,14
5243,2523,28
5244,2524,4
5245,2525,19
5246,2525,14
5247,2526,28
5248,2527,30
5249,2527,19
5250,2528,21
5251,2528,30
5252,2528,16
5253,2529,18
5254,2529,20
5255,2530,20
5256,2530,14
5257,2531,9
5258,2531,8
5259,2532,25
5260,2532,4
5261,2532,14
5262,2533,7
5263,2533,30
5264,2533,26
5265,2534,29
5266,2535,4
5267,2536,2
5268,2536,9
5269,2537,13
5270,2537,14
5271,2537,10
5272,2538,22
5273,2538,24
5274,2539,29
5275,2540,19
5276,2540,24
5277,2541,4
5278,2541,22
5279,2542,28
5280,2542,27
5281,2543,26
5282,2543,18
5283,2543,9
5284,2543,17
5285,2544,5
5286,2544,19
5287,2544,26
5288,2545,14
5289,2545,19
5290,2545,30
5291,2546,11
5292,2546,7
5293,2546,15
5294,2547,23
5295,2547,16
5296,2548,5
5297,2548,14
5298,2549,29
5299,2549,1
5300,2549,7
5301,2550,8
5302,2551,12
5303,2552,18
5304,2552,5
5305,2553,23
5306,2553,27
5307,2553,8
5308,2553,9
5309,2554,22
5310,2555,27
5311,2555,18
5312,2556,30
5313,2556,28
5314,2557,25
5315,2557,28
5316,2558,13
5317,2558,29
5318,2559,3
5319,2559,29
5320,2560,17
5321,2560,7
5322,2561,6
5323,2562,13
5324,2563,2
5325,2564,22
5326,2564,8
5327,2565,4
5328,2565,25
5329,2566,15
5330,2567,9
5331,2567,28
5332,2568,14
5333,2569,14
5334,2569,20
5335,2570,25
5336,2570,28
5337,2570,18
5338,2570,27
5339,2571,17
5340,2571,14
5341,2571,23
5342,2572,19
5343,2572,6
5344,2572,18
5345,2573,20
5346,2574,8
5347,2574,16
5348,2574,21
5349,2575,32
5350,2575,26
5351,2576,13
5352,2576,17
5353,2576,23
5354,2577,28
5355,2577,29
5356,2578,13
5357,2578,14
5358,2579,16
5359,2579,25
5360,2580,3
5361,2581,23
5362,2582,28
5363,2582,16
5364,2582,19
5365,2583,10
5366,2583,29
5367,2584,17
5368,2584,8
5369,2585,11
5370,2586,30
5371,2586,24
5372,2586,17
5373,2586,4
5374,2587,17
5375,2587,2
5376,2588,5
5377,2589,5
5378,2590,16
5379,2590,27
5380,2591,20
5381,2591,28
5382,2591,30
5383,2592,12
5384,2593,22
5385,2593,9
5386,2593,16
5387,2594,13
5388,2594,9
5389,2594,26
5390,2594,28
5391,2595,4
5392,2595,22
5393,2596,2
5394,2596,14
5395,2596,8
5396,2597,12
5397,2597,10
5398,2597,2
5399,2598,29
5400,2599,26
5401,2599,11
5402,2600,18
5403,2600,19
5404,2600,6
5405,2600,30
5406,2601,21
5407,2601,18
5408,2602,28
5409,2602,29
5410,2603,4
5411,2603,25
5412,2603,9
5413,2603,2
5414,2604,3
5415,2604,17
5416,2605,11
5417,2606,20
5418,2606,19
5419,2607,2
5420,2607,5
5421,2607,20
5422,2607,17
5423,2608,32
5424,2609,12
5425,2609,28
5426,2610,13
5427,2610,30
5428,2611,17
5429,2612,4
5430,2612,13
5431,2613,22
5432,2613,6
5433,2613,10
5434,2613,14
5435,2614,32
5436,2615,22
5437,2616,30
5438,2616,25
5439,2617,8
5440,2617,2
5441,2618,6
5442,2618,29
5443,2618,12
5444,2619,22
5445,2619,7
5446,2619,26
5447,2620,20
5448,2620,32
5449,2621,16
5450,2621,17
5451,2621,11
5452,2621,22
5453,2622,23
5454,2622,27
5455,2623,3
5456,2623,7
5457,2624,5
5458,2625,7
5459,2625,19
5460,2626,7
5461,2626,18
5462,2626,22
5463,2627,25
5464,2628,4
5465,2629,28
5466,2629,9
5467,2630,27
5468,2630,10
5469,2631,13
5470,2631,9
5471,2631,4
5472,2632,25
5473,2632,13
5474,2633,18
5475,2634,26
5476,2635,18
5477,2635,24
5478,2635,9
5479,2636,13
5480,2636,32
5481,2637,9
5482,2637,27
5483,2637,13
5484,2638,13
5485,2638,2
5486,2639,11
5487,2639,9
5488,2639,16
5489,2640,28
5490,2641,15
5491,2641,2
5492,2642,24
5493,2642,5
5494,2643,4
5495,2643,28
5496,2643,25
5497,2644,32
5498,2644,23
5499,2644,1
5500,2645,9
5501,2646,13
5502,2646,14
5503,2647,2
5504,2648,2
5505,2648,29
5506,2649,32
5507,2649,29
5508,2650,1
5509,2650,30
5510,2651,7
5511,2652,3
5512,2652,18
5513,2652,13
5514,2653,25
5515,2654,30
5516,2654,9
5517,2655,10
5518,2655,29
5519,2656,8
5520,2656,1
5521,2656,15
5522,2656,23
5523,2657,25
5524,2658,15
5525,2659,2
5526,2659,25
5527,2659,19
5528,2660,13
5529,2660,18
5530,2661,23
5531,2661,1
5532,2662,26
5533,2662,13
5534,2662,14
5535,2663,21
5536,2663,6
5537,2663,14
5538,2664,19
5539,2665,26
5540,2666,8
5541,2667,22
5542,2668,23
5543,2669,31
5544,2669,25
5545,2669,13
5546,2670,3
5547,2670,13
5548,2670,24
5549,2670,2
5550,2671,6
5551,2672,28
5552,2673,10
5553,2673,22
5554,2674,13
5555,2674,4
5556,2675,6
5557,2675,23
5558,2676,20
5559,2676,27
5560,2677,22
5561,2677,12
5562,2678,5
5563,2678,17
5564,2679,17
5565,2679,23
5566,2679,27
5567,2680,5
5568,2680,26
5569,2680,18
5570,2681,15
5571,2682,28
5572,2683,3
5573,2684,9
5574,2685,23
5575,2686,32
5576,2686,29
5577,2687,14
5578,2687,3
5579,2687,22
5580,2687,8
5581,2688,24
5582,2689,29
5583,2689,9
5584,2689,18
5585,2690,22
5586,2690,13
5587,2690,11
5588,2690,29
5589,2691,3
5590,2691,12
5591,2692,1
5592,2692,9
5593,2692,29
5594,2693,26
5595,2693,30
5596,2694,29
5597,2694,15
5598,2695,8
5599,2695,28
5600,2696,22
5601,2697,17
5602,2697,28
5603,2698,17
5604,2698,26
5605,2699,6
5606,2700,31
5607,2700,15
5608,2700,13
5609,2700,30
5610,2701,2
5611,2701,3
5612,2702,25
5613,2703,24
5614,2703,11
5615,2704,25
5616,2704,23
5617,2705,18
5618,2705,31
5619,2705,27
5620,2706,14
5621,2707,9
5622,2708,10
5623,2708,22
5624,2709,3
5625,2709,5
5626,2709,28
5627,2709,15
5628,2710,22
5629,2710,30
5630,2710,5
5631,2711,17
5632,2711,5
5633,2711,30
5634,2711,3
5635,2712,32
5636,2712,10
5637,2713,26
5638,2713,14
5639,2713,17
5640,2714,8
5641,2714,26
5642,2715,26
5643,2715,4
5644,2715,23
5645,2715,20
5646,2716,29
5647,2717,11
5648,2717,3
5649,2718,10
5650,2718,9
5651,2718,8
5652,2719,4
5653,2719,14
5654,2719,28
5655,2719,18
5656,2720,14
5657,2720,25
5658,2721,10
5659,2721,4
5660,2722,15
5661,2722,32
5662,2722,22
5663,2723,21
5664,2723,10
5665,2723,14
5666,2723,29
5667,2724,4
5668,2725,30
5669,2725,17
5670,2726,2
5671,2726,16
5672,2726,14
5673,2727,24
5674,2727,14
5675,2727,13
5676,2728,26
5677,2729,32
5678,2729,9
5679,2730,11
5680,2730,28
5681,2731,10
5682,2732,16
5683,2732,9
5684,2733,13
5685,2733,22
5686,2734,9
5687,2734,25
5688,2735,4
5689,2735,14
5690,2736,6
5691,2736,30
5692,2736,27
5693,2737,26
5694,2738,26
5695,2738,11
5696,2738,9
5697,2739,18
5698,2740,4
5699,2740,24
5700,2741,20
5701,2741,18
5702,2742,9
5703,2742,2
5704,2743,7
5705,2743,2
5706,2744,22
5707,2744,12
5708,2744,19
5709,2745,18
5710,2745,16
5711,2746,14
5712,2746,6
5713,2747,3
5714,2747,30
5715,2748,19
5716,2748,21
5717,2748,7
5718,2749,30
5719,2750,19
5720,2751,2
5721,2751,22
5722,2751,23
5723,2752,26
5724,2752,25
5725,2752,7
5726,2753,21
5727,2753,29
5728,2754,31
5729,2755,24
5730,2755,3
5731,2755,16
5732,2755,8
5733,2756,6
5734,2756,22
5735,2756,5
5736,2757,11
5737,2757,5
5738,2757,18
5739,2757,25
5740,2758,8
5741,2758,30
5742,2759,16
5743,2759,12
5744,2760,23
5745,2760,8
5746,2760,27
5747,2761,29
5748,2761,5
5749,2761,7
5750,2761,15
5751,2762,31
5752,2763,9
5753,2764,22
5754,2765,5
5755,2765,11
5756,2766,23
5757,2766,28
5758,2767,25
5759,2768,11
5760,2768,6
5761,2769,8
5762,2769,14
5763,2770,15
5764,2771,22
5765,2772,20
5766,2773,3
5767,2774,11
5768,2774,18
5769,2774,22
5770,2775,11
5771,2775,30
5772,2775,29
5773,2776,1
5774,2776,25
5775,2776,13
5776,2777,24
5777,2777,18
5778,2778,26
5779,2778,23
5780,2779,10
5781,2780,16
5782,2780,15
5783,2780,12
5784,2781,17
5785,2782,14
5786,2782,22
5787,2783,5
5788,2783,6
5789,2783,9
5790,2783,4
5791,2784,21
5792,2784,9
5793,2785,4
5794,2786,8
5795,2786,30
5796,2787,7
5797,2787,9
5798,2788,9
5799,2788,17
5800,2788,25
5801,2788,10
5802,2789,4
5803,2789,8
5804,2789,26
5805,2790,8
5806,2791,2
5807,2792,9
5808,2792,24
5809,2793,28
5810,2793,15
5811,2793,30
5812,2794,23
5813,2794,10
5814,2794,19
5815,2795,9
5816,2795,2
5817,2795,17
5818,2796,28
5819,2796,31
5820,2797,20
5821,2798,30
5822,2799,26
5823,2800,8
5824,2800,13
5825,2800,3
5826,2801,32
5827,2802,14
5828,2802,13
5829,2803,3
5830,2803,14
5831,2804,9
5832,2804,19
5833,2805,25
5834,2805,9
5835,2806,14
5836,2807,22
5837,2808,26
5838,2808,18
5839,2808,4
5840,2809,14
5841,2809,22
5842,2809,18
5843,2810,10
5844,2810,13
5845,2811,14
5846,2811,16
5847,2812,2
5848,2812,29
5849,2812,11
5850,2813,17
5851,2813,28
5852,2813,29
5853,2813,18
5854,2814,5
5855,2815,22
5856,2815,26
5857,2816,24
5858,2816,17
5859,2817,26
5860,2817,5
5861,2818,9
5862,2818,15
5863,2818,31
5864,2818,25
5865,2819,17
5866,2819,24
5867,2819,8
5868,2819,3
5869,2820,25
5870,2820,4
5871,2821,26
5872,2821,9
5873,2821,24
5874,2822,2
5875,2822,13
5876,2823,16
5877,2823,21
5878,2824,13
5879,2824,25
5880,2825,4
5881,2826,3
5882,2826,14
5883,2826,4
5884,2827,31
5885,2828,24
5886,2828,2
5887,2829,8
5888,2830,8
5889,2831,9
5890,2831,16
5891,2832,15
5892,2833,8
5893,2833,18
5894,2833,22
5895,2834,4
5896,2835,5
5897,2835,3
5898,2836,32
5899,2837,5
5900,2837,15
5901,2838,13
5902,2838,26
5903,2838,14
5904,2839,5
5905,2839,14
5906,2840,15
5907,2841,28
5908,2842,3
5909,2842,14
5910,2842,11
5911,2842,5
5912,2843,2
5913,2843,23
5914,2844,26
5915,2845,20
5916,2845,5
5917,2845,2
5918,2845,14
5919,2846,29
5920,2847,20
5921,2847,15
5922,2847,26
5923,2848,2
5924,2848,9
5925,2848,23
5926,2849,31
5927,2850,19
5928,2851,31
5929,2851,13
5930,2851,28
5931,2852,24
5932,2852,9
5933,2852,14
5934,2852,30
5935,2853,32
5936,2853,23
5937,2854,4
5938,2854,24
5939,2855,32
5940,2856,11
5941,2857,31
5942,2858,4
5943,2858,29
5944,2859,22
5945,2859,11
5946,2860,32
5947,2860,2
5948,2861,2
5949,2861,24
5950,2861,21
5951,2862,19
5952,2862,9
5953,2863,2
5954,2863,8
5955,2863,9
5956,2863,20
5957,2864,2
5958,2864,24
5959,2865,13
5960,2865,15
5961,2866,27
5962,2866,25
5963,2867,14
5964,2868,9
5965,2868,31
5966,2869,29
5967,2870,10
5968,2871,27
5969,2871,9
5970,2872,17
5971,2872,8
5972,2873,17
5973,2873,14
5974,2873,7
5975,2874,10
5976,2874,29
5977,2875,5
5978,2875,10
5979,2876,11
5980,2876,14
5981,2877,8
5982,2878,15
5983,2879,4
5984,2879,32
5985,2880,22
5986,2881,26
5987,2882,22
5988,2882,13
5989,2883,5
5990,2883,18
5991,2884,11
5992,2884,4
5993,2885,14
5994,2885,27
5995,2885,25
5996,2886,20
5997,2887,15
5998,2887,26
5999,2888,31
6000,2888,22
6001,2888,28
6002,2889,27
6003,2889,4
6004,2889,2
6005,2890,9
6006,2890,26
6007,2890,23
6008,2890,5
6009,2891,15
6010,2891,6
6011,2892,13
6012,2893,10
6013,2894,14
6014,2894,13
6015,2895,17
6016,2895,29
6017,2895,7
6018,2895,22
6019,2896,22
6020,2897,17
6021,2898,28
6022,2898,26
6023,2899,20
6024,2899,9
6025,2899,24
6026,2900,25
6027,2900,30
6028,2901,23
6029,2901,25
6030,2902,23
6031,2902,31
6032,2903,28
6033,2904,10
6034,2904,17
6035,2904,29
6036,2904,32
6037,2905,1
6038,2906,13
6039,2906,27
6040,2907,9
6041,2907,13
6042,2907,28
6043,2908,6
6044,2908,24
6045,2908,18
6046,2909,17
6047,2909,18
6048,2909,21
6049,2910,9
6050,2910,13
6051,2911,26
6052,2911,14
6053,2912,18
6054,2913,14
6055,2913,2
6056,2913,9
6057,2913,28
6058,2914,18
6059,2914,28
6060,2915,14
6061,2915,27
6062,2916,11
6063,2916,14
6064,2917,14
6065,2917,30
6066,2918,23
6067,2918,4
6068,2918,5
6069,2919,13
6070,2920,9
6071,2920,12
6072,2921,20
6073,2921,5
6074,2922,18
6075,2922,27
6076,2923,17
6077,2923,12
6078,2923,24
6079,2924,18
6080,2924,2
6081,2925,22
6082,2925,24
6083,2926,29
6084,2927,22
6085,2927,31
6086,2928,22
6087,2928,28
6088,2929,15
6089,2929,26
6090,2930,2
6091,2931,27
6092,2931,15
6093,2931,30
6094,2932,13
6095,2933,2
6096,2933,4
6097,2933,13
6098,2933,10
6099,2934,2
6100,2934,27
6101,2935,20
6102,2935,17
6103,2936,11
6104,2936,13
6105,2937,8
6106,2937,9
6107,2937,29
6108,2937,30
6109,2938,12
6110,2938,24
6111,2939,22
6112,2939,13
6113,2939,27
6114,2940,13
6115,2940,9
6116,2940,12
6117,2941,8
6118,2942,32
6119,2942,2
6120,2942,18
6121,2943,8
6122,2943,2
6123,2944,15
6124,2944,24
6125,2945,20
6126,2946,5
6127,2946,13
6128,2947,17
6129,2947,18
6130,2948,23
6131,2949,9
6132,2949,30
6133,2950,28
6134,2951,26
6135,2951,2
6136,2951,13
6137,2951,14
6138,2952,2
6139,2952,21
6140,2953,14
6141,2953,28
6142,2953,9
6143,2954,29
6144,2955,26
6145,2955,32
6146,2956,13
6147,2957,15
6148,2958,26
6149,2958,14
6150,2958,8
6151,2959,25
6152,2959,22
6153,2960,9
6154,2961,32
6155,2962,3
6156,2962,4
6157,2963,22
6158,2964,2
6159,2964,27
6160,2965,7
6161,2965,19
6162,2966,4
6163,2966,19
6164,2967,20
6165,2967,17
6166,2968,17
6167,2968,8
6168,2969,2
6169,2969,17
6170,2970,24
6171,2971,26
6172,2971,18
6173,2971,5
6174,2972,15
6175,2972,9
6176,2972,27
6177,2972,14
6178,2973,7
6179,2973,25
6180,2973,20
6181,2974,1
6182,2975,22
6183,2975,21
6184,2976,20
6185,2976,5
6186,2976,23
6187,2976,18
6188,2977,29
6189,2977,2
6190,2978,4
6191,2979,15
6192,2980,4
6193,2980,14
6194,2981,12
6195,2981,31
6196,2982,2
6197,2982,8
6198,2983,26
6199,2984,3
6200,2984,13
6201,2984,30
6202,2985,22
6203,2985,21
6204,2985,9
6205,2985,8
6206,2986,10
6207,2986,8
6208,2986,22
6209,2986,23
6210,2987,28
6211,2987,24
6212,2988,29
6213,2988,17
6214,2988,10
6215,2988,9
6216,2989,9
6217,2989,20
6218,2990,24
6219,2990,2
6220,2991,7
6221,2991,14
6222,2991,25
6223,2991,22
6224,2992,14
6225,2993,3
6226,2994,2
6227,2995,12
6228,2995,6
6229,2995,14
6230,2996,9
6231,2996,27
6232,2997,22
6233,2997,23
6234,2998,15
6235,2999,18
6236,2999,15
6237,3000,19
6238,3000,9
6239,3000,17
6240,3001,18
6241,3001,9
6242,3002,26
6243,3002,28
6244,3003,14
6245,3003,17
6246,3003,15
6247,3003,16
6248,3004,29
6249,3004,4
6250,3005,14
6251,3006,28
6252,3006,6
6253,3006,13
6254,3007,25
6255,3007,11
6256,3008,10
6257,3008,24
6258,3008,16
6259,3009,17
6260,3010,10
6261,3011,23
6262,3012,26
6263,3013,5
6264,3013,25
6265,3014,25
6266,3015,3
6267,3016,14
6268,3016,30
6269,3016,10
6270,3017,26
6271,3017,11
6272,3018,8
6273,3019,3
6274,3020,28
6275,3021,17
6276,3021,13
6277,3021,14
6278,3022,28
6279,3023,15
6280,3023,23
6281,3024,32
6282,3024,23
6283,3024,9
6284,3025,29
6285,3026,13
6286,3026,2
6287,3027,9
6288,3027,8
6289,3028,30
6290,3029,27
6291,3029,14
6292,3029,9
6293,3030,26
6294,3030,22
6295,3031,29
6296,3032,22
6297,3033,18
6298,3033,13
6299,3033,3
6300,3033,26
6301,3034,28
6302,3034,29
6303,3035,24
6304,3036,2
6305,3036,1
6306,3036,3
6307,3037,11
6308,3037,27
6309,3038,30
6310,3038,3
6311,3039,11
6312,3039,4
6313,3039,30
6314,3039,9
6315,3040,2
6316,3040,9
6317,3041,3
6318,3041,18
6319,3042,32
6320,3042,2
6321,3042,10
6322,3043,29
6323,3044,30
6324,3044,23
6325,3044,18
6326,3045,31
6327,3045,29
6328,3046,20
6329,3046,3
6330,3046,31
6331,3046,15
6332,3047,8
6333,3047,29
6334,3048,26
6335,3048,31
6336,3048,16
6337,3049,14
6338,3049,3
6339,3050,29
6340,3050,27
6341,3051,6
6342,3051,15
6343,3052,9
6344,3053,13
6345,3054,3
6346,3055,9
6347,3055,24
6348,3056,25
6349,3057,11
6350,3057,9
6351,3057,4
6352,3058,16
6353,3059,10
6354,3059,18
6355,3059,25
6356,3060,13
6357,3060,18
6358,3061,18
6359,3061,22
6360,3061,28
6361,3061,12
6362,3062,18
6363,3062,13
6364,3063,13
6365,3063,31
6366,3063,29
6367,3064,24
6368,3065,10
6369,3066,24
6370,3066,20
6371,3066,30
6372,3066,25
6373,3067,16
6374,3067,20
6375,3067,17
6376,3068,12
6377,3069,11
6378,3070,14
6379,3071,13
6380,3071,25
6381,3072,17
6382,3073,30
6383,3073,14
6384,3073,10
6385,3074,13
6386,3075,17
6387,3075,10
6388,3076,30
6389,3076,14
6390,3076,13
6391,3077,14
6392,3077,2
6393,3078,3
6394,3078,9
6395,3079,18
6396,3079,6
6397,3080,19
6398,3080,22
6399,3080,15
6400,3080,13
6401,3081,2
6402,3082,28
6403,3083,11
6404,3083,2
6405,3083,16
6406,3084,22
6407,3085,12
6408,3085,31
6409,3085,23
6410,3086,1
6411,3086,29
6412,3087,18
6413,3087,7
6414,3087,10
6415,3087,13
6416,3088,4
6417,3088,20
6418,3089,15
6419,3089,2
6420,3089,14
6421,3089,5
6422,3090,24
6423,3091,7
6424,3091,25
6425,3091,10
6426,3092,9
6427,3092,2
6428,3092,21
6429,3093,4
6430,3093,6
6431,3093,30
6432,3094,20
6433,3094,17
6434,3094,8
6435,3095,15
6436,3095,31
6437,3095,25
6438,3095,3
6439,3096,18
6440,3096,7
6441,3097,12
6442,3097,19
6443,3097,9
6444,3098,15
6445,3099,13
6446,3099,24
6447,3099,17
6448,3100,2
6449,3100,7
6450,3100,25
6451,3101,13
6452,3101,5
6453,3102,13
6454,3102,24
6455,3103,17
6456,3103,6
6457,3103,16
6458,3104,25
6459,3104,27
6460,3105,7
6461,3105,2
6462,3105,22
6463,3106,14
6464,3106,8
6465,3106,13
6466,3107,12
6467,3107,28
6468,3108,5
6469,3109,13
6470,3109,3
6471,3110,6
6472,3110,18
6473,3110,28
6474,3111,17
6475,3111,13
6476,3111,28
6477,3111,8
6478,3112,3
6479,3112,25
6480,3112,9
6481,3113,17
6482,3113,8
6483,3113,5
6484,3114,6
6485,3115,9
6486,3115,2
6487,3116,30
6488,3116,2
6489,3117,2
6490,3117,14
6491,3118,15
6492,3118,8
6493,3118,31
6494,3119,18
6495,3119,29
6496,3120,17
6497,3120,8
6498,3120,29
6499,3121,25
6500,3121,31
6501,3121,21
6502,3122,11
6503,3122,10
6504,3123,31
6505,3124,27
6506,3124,25
6507,3124,9
6508,3125,1
6509,3126,8
6510,3126,26
6511,3127,23
6512,3127,1
6513,3127,17
6514,3128,30
6515,3128,16
6516,3129,9
6517,3130,22
6518,3130,15
6519,3130,20
6520,3131,10
6521,3132,31
6522,3132,21
6523,3132,30
6524,3133,26
6525,3133,3
6526,3133,15
6527,3134,22
6528,3135,6
6529,3135,14
6530,3136,5
6531,3137,22
6532,3138,11
6533,3138,20
6534,3138,3
6535,3139,29
6536,3139,18
6537,3139,30
6538,3140,11
6539,3140,15
6540,3140,29
6541,3140,17
6542,3141,10
6543,3142,2
6544,3142,6
6545,3143,11
6546,3144,6
6547,3145,8
6548,3145,13
6549,3146,17
6550,3147,27
6551,3148,5
6552,3148,11
6553,3148,9
6554,3149,26
6555,3150,15
6556,3150,25
6557,3151,2
6558,3151,13
6559,3151,8
6560,3152,24
6561,3152,5
6562,3152,17
6563,3153,17
6564,3154,4
6565,3154,10
6566,3155,31
6567,3156,1
6568,3156,9
6569,3156,30
6570,3156,31
6571,3157,13
6572,3157,11
6573,3157,18
6574,3158,8
6575,3158,26
6576,3158,6
6577,3158,13
6578,3159,25
6579,3159,13
6580,3160,29
6581,3160,9
6582,3161,15
6583,3162,2
6584,3162,30
6585,3163,7
6586,3163,8
6587,3164,31
6588,3165,8
6589,3165,26
6590,3166,6
6591,3166,26
6592,3167,8
6593,3167,27
6594,3168,5
6595,3168,11
6596,3169,3
6597,3169,8
6598,3169,14
6599,3169,18
6600,3170,14
6601,3170,8
6602,3171,8
6603,3171,22
6604,3172,31
6605,3172,23
6606,3172,19
6607,3172,25
6608,3173,14
6609,3173,25
6610,3174,24
6611,3174,19
6612,3175,29
6613,3175,13
6614,3175,9
6615,3175,22
6616,3176,17
6617,3176,20
6618,3176,18
6619,3176,28
6620,3177,9
6621,3177,22
6622,3177,2
6623,3178,10
6624,3179,8
6625,3179,26
6626,3179,23
6627,3180,25
6628,3180,4
6629,3181,1
6630,3181,6
6631,3182,24
6632,3183,16
6633,3183,9
6634,3184,11
6635,3185,18
6636,3185,14
6637,3185,13
6638,3186,15
6639,3186,26
6640,3187,13
6641,3187,24
6642,3188,15
6643,3188,17
6644,3189,14
6645,3189,13
6646,3190,8
6647,3191,8
6648,3191,3
6649,3191,18
6650,3191,17
6651,3192,8
6652,3192,28
6653,3192,2
6654,3192,15
6655,3193,26
6656,3194,7
6657,3194,15
6658,3195,22
6659,3196,17
6660,3196,30
6661,3197,1
6662,3198,20
6663,3198,26
6664,3199,13
6665,3199,8
6666,3199,15
6667,3200,22
6668,3200,17
6669,3200,28
6670,3201,18
6671,3201,2
6672,3202,28
6673,3202,13
6674,3203,22
6675,3203,17
6676,3203,28
6677,3204,19
6678,3205,28
6679,3205,13
6680,3206,9
6681,3206,11
6682,3207,14
6683,3207,25
6684,3207,22
6685,3207,19
6686,3208,10
6687,3209,19
6688,3209,14
6689,3210,1
6690,3210,5
6691,3211,17
6692,3211,9
6693,3212,20
6694,3212,29
6695,3212,12
6696,3213,9
6697,3213,17
6698,3213,14
6699,3214,30
6700,3214,26
6701,3215,30
6702,3216,9
6703,3217,11
6704,3217,13
6705,3217,23
6706,3217,29
6707,3218,13
6708,3218,8
6709,3219,22
6710,3220,2
6711,3220,23
6712,3221,13
6713,3221,3
6714,3221,29
6715,3222,18
6716,3222,21
6717,3223,21
6718,3223,17
6719,3224,1
6720,3224,23
6721,3224,14
6722,3225,31
6723,3226,23
6724,3226,27
6725,3226,14
6726,3227,24
6727,3228,17
6728,3228,2
6729,3228,32
6730,3229,25
6731,3230,17
6732,3230,21
6733,3231,24
6734,3232,3
6735,3233,31
6736,3233,5
6737,3233,15
6738,3234,31
6739,3234,9
6740,3235,9
6741,3235,23
6742,3236,27
6743,3237,18
6744,3237,14
6745,3238,2
6746,3238,22
6747,3238,20
6748,3239,5
6749,3239,17
6750,3240,29
6751,3240,14
6752,3240,9
6753,3241,9
6754,3241,2
6755,3241,5
6756,3241,14
6757,3242,31
6758,3243,19
6759,3244,17
6760,3244,11
6761,3245,20
6762,3245,11
6763,3246,28
6764,3246,6
6765,3247,25
6766,3247,13
6767,3248,7
6768,3249,32
6769,3249,6
6770,3250,14
6771,3250,20
6772,3250,2
6773,3250,22
6774,3251,32
6775,3252,8
6776,3253,23
6777,3254,18
6778,3254,22
6779,3254,17
6780,3254,32
6781,3255,26
6782,3255,27
6783,3256,19
6784,3256,13
6785,3257,21
6786,3258,22
6787,3259,8
6788,3259,13
6789,3259,14
6790,3260,8
6791,3261,16
6792,3261,21
6793,3262,29
6794,3263,22
6795,3264,10
6796,3265,6
6797,3265,9
6798,3266,22
6799,3266,2
6800,3267,6
6801,3267,14
6802,3267,28
6803,3268,21
6804,3268,2
6805,3268,26
6806,3269,19
6807,3270,29
6808,3271,2
6809,3272,13
6810,3273,19
6811,3273,11
6812,3273,12
6813,3274,23
6814,3274,2
6815,3275,29
6816,3276,28
6817,3276,5
6818,3276,24
6819,3277,10
6820,3277,25
6821,3278,26
6822,3278,1
6823,3279,7
6824,3279,23
6825,3280,22
6826,3280,18
6827,3281,14
6828,3281,30
6829,3281,8
6830,3281,16
6831,3282,6
6832,3282,13
6833,3282,26
6834,3283,18
6835,3283,4
6836,3283,24
6837,3283,3
6838,3284,22
6839,3284,24
6840,3285,5
6841,3286,8
6842,3286,29
6843,3287,6
6844,3288,2
6845,3289,6
6846,3290,14
6847,3290,25
6848,3291,27
6849,3292,25
6850,3292,13
6851,3293,14
6852,3294,12
6853,3294,27
6854,3295,10
6855,3295,29
6856,3295,22
6857,3295,9
6858,3296,13
6859,3297,13
6860,3298,12
6861,3298,23
6862,3299,30
6863,3299,17
6864,3299,16
6865,3299,13
6866,3300,18
6867,3300,30
6868,3301,24
6869,3301,3
6870,3302,22
6871,3302,28
6872,3302,6
6873,3303,17
6874,3303,25
6875,3303,29
6876,3304,3
6877,3304,28
6878,3304,13
6879,3305,24
6880,3305,2
6881,3305,22
6882,3305,20
6883,3306,19
6884,3306,16
6885,3306,23
6886,3306,10
6887,3307,8
6888,3307,25
6889,3307,31
6890,3308,11
6891,3308,22
6892,3309,30
6893,3309,29
6894,3310,24
6895,3310,28
6896,3311,32
6897,3312,30
6898,3312,5
6899,3312,21
6900,3313,23
6901,3313,29
6902,3313,15
6903,3314,25
6904,3314,26
6905,3314,8
6906,3315,4
6907,3315,26
6908,3315,13
6909,3316,25
6910,3316,28
6911,3317,19
6912,3318,10
6913,3318,32
6914,3319,6
6915,3319,18
6916,3320,21
6917,3321,5
6918,3322,12
6919,3323,19
6920,3323,31
6921,3324,29
6922,3325,10
6923,3325,19
6924,3325,1
6925,3326,15
6926,3326,18
6927,3327,25
6928,3328,24
6929,3328,9
6930,3328,22
6931,3329,13
6932,3329,31
6933,3330,32
6934,3330,8
6935,3331,9
6936,3332,28
6937,3333,17
6938,3333,2
6939,3334,8
6940,3334,30
6941,3334,9
6942,3335,22
6943,3335,9
6944,3336,17
6945,3336,25
6946,3336,29
6947,3336,28
6948,3337,24
6949,3337,8
6950,3338,27
6951,3338,6
6952,3339,21
6953,3340,8
6954,3340,11
6955,3340,6
6956,3341,17
6957,3341,11
6958,3341,9
6959,3341,16
6960,3342,19
6961,3342,25
6962,3343,14
6963,3343,16
6964,3344,2
6965,3345,21
6966,3345,2
6967,3346,5
6968,3346,22
6969,3347,13
6970,3348,23
6971,3348,28
6972,3348,8
6973,3349,14
6974,3349,1
6975,3350,19
6976,3350,3
6977,3350,24
6978,3351,17
6979,3352,24
6980,3352,21
6981,3352,14
6982,3352,30
6983,3353,22
6984,3353,6
6985,3354,8
6986,3354,19
6987,3354,14
6988,3354,27
6989,3355,26
6990,3356,9
6991,3356,4
6992,3357,19
6993,3357,22
6994,3358,29
6995,3358,14
6996,3358,23
6997,3358,18
6998,3359,13
6999,3359,6
7000,3360,4
7001,3360,26
7002,3361,11
7003,3361,23
7004,3362,15
7005,3362,10
7006,3363,18
7007,3363,24
7008,3363,16
7009,3364,21
7010,3365,8
7011,3365,31
7012,3366,30
7013,3366,8
7014,3367,8
7015,3367,10
7016,3367,16
7017,3368,28
7018,3368,20
7019,3368,14
7020,3369,15
7021,3370,3
7022,3370,4
7023,3371,2
7024,3372,16
7025,3373,22
7026,3373,25
7027,3374,26
7028,3374,17
7029,3375,28
7030,3375,15
7031,3375,25
7032,3375,12
7033,3376,30
7034,3376,8
7035,3377,3
7036,3377,22
7037,3377,14
7038,3378,23
7039,3379,8
7040,3379,16
7041,3380,32
7042,3380,8
7043,3380,24
7044,3381,18
7045,3381,26
7046,3382,28
7047,3383,10
7048,3383,27
7049,3383,13
7050,3383,8
7051,3384,17
7052,3384,20
7053,3385,4
7054,3385,24
7055,3386,22
7056,3386,25
7057,3387,16
7058,3388,2
7059,3388,11
7060,3388,19
7061,3389,11
7062,3389,22
7063,3389,9
7064,3390,26
7065,3391,18
7066,3391,22
7067,3392,22
7068,3392,31
7069,3393,22
7070,3393,7
7071,3393,9
7072,3394,9
7073,3395,30
7074,3395,23
7075,3395,5
7076,3395,16
7077,3396,3
7078,3396,12
7079,3396,28
7080,3396,9
7081,3397,17
7082,3397,1
7083,3398,11
7084,3398,4
7085,3399,12
7086,3399,21
7087,3400,2
7088,3401,22
7089,3402,5
7090,3402,2
7091,3403,4
7092,3403,9
7093,3404,13
7094,3404,30
7095,3404,3
7096,3405,13
7097,3405,14
7098,3406,2
7099,3406,4
7100,3407,23
7101,3407,9
7102,3408,25
7103,3408,1
7104,3408,8
7105,3408,22
7106,3409,13
7107,3409,10
7108,3410,27
7109,3411,13
7110,3411,24
7111,3411,28
7112,3412,19
7113,3412,15
7114,3412,31
7115,3413,3
7116,3414,17
7117,3415,25
7118,3415,26
7119,3416,9
7120,3417,10
7121,3417,28
7122,3418,8
7123,3418,11
7124,3418,16
7125,3419,14
7126,3420,13
7127,3421,8
7128,3421,27
7129,3421,15
7130,3422,25
7131,3422,11
7132,3423,6
7133,3423,19
7134,3423,30
7135,3424,3
7136,3424,29
7137,3424,14
7138,3425,3
7139,3425,18
7140,3426,4
7141,3426,28
7142,3427,28
7143,3427,3
7144,3428,13
7145,3428,3
7146,3429,28
7147,3429,3
7148,3430,9
7149,3430,5
7150,3431,18
7151,3431,28
7152,3432,19
7153,3432,22
7154,3433,18
7155,3434,14
7156,3435,20
7157,3435,22
7158,3436,9
7159,3436,14
7160,3437,6
7161,3438,30
7162,3438,8
7163,3439,24
7164,3439,17
7165,3440,15
7166,3440,27
7167,3441,29
7168,3441,6
7169,3442,14
7170,3442,20
7171,3442,32
7172,3443,17
7173,3443,14
7174,3443,7
7175,3444,29
7176,3444,8
7177,3444,23
7178,3444,2
7179,3445,2
7180,3445,23
7181,3445,3
7182,3446,16
7183,3446,11
7184,3447,2
7185,3447,26
7186,3447,8
7187,3447,25
7188,3448,13
7189,3448,28
7190,3448,24
7191,3448,4
7192,3449,13
7193,3449,25
7194,3449,17
7195,3450,2
7196,3451,17
7197,3452,24
7198,3452,13
7199,3452,30
7200,3452,21
7201,3453,26
7202,3453,5
7203,3453,9
7204,3454,25
7205,3455,9
7206,3456,22
7207,3456,25
7208,3457,13
7209,3457,18
7210,3458,15
7211,3458,17
7212,3459,5
7213,3459,22
7214,3459,20
7215,3460,17
7216,3460,3
7217,3461,26
7218,3462,2
7219,3462,29
7220,3462,19
7221,3463,24
7222,3463,10
7223,3464,25
7224,3465,18
7225,3465,11
7226,3466,8
7227,3466,9
7228,3467,18
7229,3468,32
7230,3468,23
7231,3468,31
7232,3469,22
7233,3469,14
7234,3470,19
7235,3470,2
7236,3470,16
7237,3471,31
7238,3471,3
7239,3471,14
7240,3471,30
7241,3472,31
7242,3473,28
7243,3474,21
7244,3474,28
7245,3475,4
7246,3475,25
7247,3476,27
7248,3476,9
7249,3477,13
7250,3477,28
7251,3477,3
7252,3477,31
7253,3478,17
7254,3478,31
7255,3479,9
7256,3479,22
7257,3480,22
7258,3481,22
7259,3481,31
7260,3482,16
7261,3482,10
7262,3483,9
7263,3484,13
7264,3485,17
7265,3485,13
7266,3485,14
7267,3486,19
7268,3486,7
7269,3487,11
7270,3488,30
7271,3488,14
7272,3489,4
7273,3489,9
7274,3490,12
7275,3490,17
7276,3490,8
7277,3490,32
7278,3491,18
7279,3492,5
7280,3493,13
7281,3493,8
7282,3493,30
7283,3494,32
7284,3494,14
7285,3494,24
7286,3495,15
7287,3495,17
7288,3496,27
7289,3496,6
7290,3497,9
7291,3497,22
7292,3498,13
7293,3498,8
7294,3499,17
7295,3500,9
7296,3501,5
7297,3501,11
7298,3502,15
7299,3502,19
7300,3502,25
7301,3503,13
7302,3503,31
7303,3504,18
7304,3505,32
7305,3505,26
7306,3505,9
7307,3506,8
7308,3506,13
7309,3506,17
7310,3507,5
7311,3507,11
7312,3508,11
7313,3509,23
7314,3509,6
7315,3510,23
7316,3511,8
7317,3512,24
7318,3512,25
7319,3513,11
7320,3513,14
7321,3513,18
7322,3514,29
7323,3514,13
7324,3515,23
7325,3516,11
7326,3516,17
7327,3517,10
7328,3517,17
7329,3517,20
7330,3518,22
7331,3518,6
7332,3519,13
7333,3519,12
7334,3520,7
7335,3520,8
7336,3521,14
7337,3521,25
7338,3521,28
7339,3522,21
7340,3523,30
7341,3523,23
7342,3523,13
7343,3524,13
7344,3524,17
7345,3525,5
7346,3525,8
7347,3526,4
7348,3526,13
7349,3526,15
7350,3527,3
7351,3527,13
7352,3527,27
7353,3528,14
7354,3528,2
7355,3529,27
7356,3529,25
7357,3529,26
7358,3530,30
7359,3530,14
7360,3531,27
7361,3531,18
7362,3531,23
7363,3532,24
7364,3532,4
7365,3533,32
7366,3533,19
7367,3533,15
7368,3533,17
7369,3534,22
7370,3534,27
7371,3534,9
7372,3535,30
7373,3536,32
7374,3536,26
7375,3537,22
7376,3537,25
7377,3537,32
7378,3538,13
7379,3538,26
7380,3538,14
7381,3539,27
7382,3539,25
7383,3539,16
7384,3540,9
7385,3540,10
7386,3540,5
7387,3541,30
7388,3541,6
7389,3542,2
7390,3543,22
7391,3543,25
7392,3543,27
7393,3544,26
7394,3544,5
7395,3545,24
7396,3545,5
7397,3546,14
7398,3546,18
7399,3547,13
7400,3547,29
7401,3547,14
7402,3548,22
7403,3548,19
7404,3549,3
7405,3550,22
7406,3550,17
7407,3550,6
7408,3551,13
7409,3552,17
7410,3552,24
7411,3552,2
7412,3552,23
7413,3553,13
7414,3553,16
7415,3554,24
7416,3554,9
7417,3554,22
7418,3555,13
7419,3555,19
7420,3556,22
7421,3556,13
7422,3557,20
7423,3558,13
7424,3558,10
7425,3559,11
7426,3560,18
7427,3560,19
7428,3561,1
7429,3561,31
7430,3561,18
7431,3562,25
7432,3562,30
7433,3563,17
7434,3563,4
7435,3563,29
7436,3564,10
7437,3564,24
7438,3565,8
7439,3565,13
7440,3565,9
7441,3565,31
7442,3566,17
7443,3566,11
7444,3567,17
7445,3567,9
7446,3568,8
7447,3568,27
7448,3568,5
7449,3569,8
7450,3570,25
7451,3570,23
7452,3571,28
7453,3571,8
7454,3571,18
7455,3571,30
7456,3572,3
7457,3572,19
7458,3572,22
7459,3573,26
7460,3573,9
7461,3574,23
7462,3574,2
7463,3574,19
7464,3575,31
7465,3575,11
7466,3576,17
7467,3576,25
7468,3576,7
7469,3577,18
7470,3577,31
7471,3578,17
7472,3579,9
7473,3579,6
7474,3579,4
7475,3580,29
7476,3580,4
7477,3580,6
7478,3580,13
7479,3581,14
7480,3581,13
7481,3582,5
7482,3583,5
7483,3584,5
7484,3584,25
7485,3585,7
7486,3586,5
7487,3587,17
7488,3587,18
7489,3587,28
7490,3588,20
7491,3588,6
7492,3589,2
7493,3589,9
7494,3590,5
7495,3590,14
7496,3591,4
7497,3591,29
7498,3592,8
7499,3592,30
7500,3593,29
7501,3594,19
7502,3595,25
7503,3595,3
7504,3595,13
7505,3596,6
7506,3596,17
7507,3597,8
7508,3598,2
7509,3599,29
7510,3600,19
7511,3601,28
7512,3602,13
7513,3602,28
7514,3603,13
7515,3604,16
7516,3604,29
7517,3604,6
7518,3604,20
7519,3605,2
7520,3606,30
7521,3606,1
7522,3606,24
7523,3607,22
7524,3607,29
7525,3607,12
7526,3608,8
7527,3609,30
7528,3610,14
7529,3610,11
7530,3610,3
7531,3611,27
7532,3611,9
7533,3612,16
7534,3612,2
7535,3612,29
7536,3612,22
7537,3613,30
7538,3613,4
7539,3613,8
7540,3614,19
7541,3615,3
7542,3615,28
7543,3616,30
7544,3616,25
7545,3617,1
7546,3618,21
7547,3618,8
7548,3619,22
7549,3619,13
7550,3620,18
7551,3621,13
7552,3622,17
7553,3622,30
7554,3623,8
7555,3623,19
7556,3624,28
7557,3624,2
7558,3625,26
7559,3626,13
7560,3627,16
7561,3627,2
7562,3628,14
7563,3628,9
7564,3628,5
7565,3629,1
7566,3629,27
7567,3630,18
7568,3631,29
7569,3631,13
7570,3631,27
7571,3632,22
7572,3632,23
7573,3633,28
7574,3634,6
7575,3635,4
7576,3636,19
7577,3636,5
7578,3637,4
7579,3638,4
7580,3638,17
7581,3638,30
7582,3638,1
7583,3639,27
7584,3639,4
7585,3639,16
7586,3640,14
7587,3640,12
7588,3641,24
7589,3641,30
7590,3641,13
7591,3641,29
7592,3642,12
7593,3642,2
7594,3643,29
7595,3643,22
7596,3644,22
7597,3644,29
7598,3645,10
7599,3645,8
7600,3646,14
7601,3647,28
7602,3647,18
7603,3647,25
7604,3648,31
7605,3648,2
7606,3649,9
7607,3649,31
7608,3649,18
7609,3650,29
7610,3650,26
7611,3651,22
7612,3651,8
7613,3652,24
7614,3652,4
7615,3653,5
7616,3654,28
7617,3654,15
7618,3654,22
7619,3654,19
7620,3655,10
7621,3655,8
7622,3656,13
7623,3656,2
7624,3657,3
7625,3657,6
7626,3658,2
7627,3658,14
7628,3659,10
7629,3659,8
7630,3660,29
7631,3660,9
7632,3661,22
7633,3661,19
7634,3661,8
7635,3662,2
7636,3662,25
7637,3663,17
7638,3664,11
7639,3665,5
7640,3665,23
7641,3666,14
7642,3666,6
7643,3667,1
7644,3668,16
7645,3669,2
7646,3669,7
7647,3670,29
7648,3670,22
7649,3671,9
7650,3672,14
7651,3673,18
7652,3673,29
7653,3673,12
7654,3673,30
7655,3674,9
7656,3674,2
7657,3675,31
7658,3675,14
7659,3676,25
7660,3677,6
7661,3678,8
7662,3679,25
7663,3680,13
7664,3680,20
7665,3681,25
7666,3682,29
7667,3682,17
7668,3682,26
7669,3682,14
7670,3683,12
7671,3683,30
7672,3684,3
7673,3685,13
7674,3685,23
7675,3686,32
7676,3686,13
7677,3686,15
7678,3687,13
7679,3687,11
7680,3687,2
7681,3688,12
7682,3689,3
7683,3689,28
7684,3689,29
7685,3690,25
7686,3690,26
7687,3691,18
7688,3691,12
7689,3692,28
7690,3692,18
7691,3692,7
7692,3693,1
7693,3693,17
7694,3694,25
7695,3694,4
7696,3695,22
7697,3696,22
7698,3697,9
7699,3698,22
7700,3698,23
7701,3698,25
7702,3698,11
7703,3699,17
7704,3699,31
7705,3700,18
7706,3700,28
7707,3700,2
7708,3701,17
7709,3701,8
7710,3702,32
7711,3702,2
7712,3703,8
7713,3703,31
7714,3703,16
7715,3704,24
7716,3704,17
7717,3704,26
7718,3705,29
7719,3706,4
7720,3707,15
7721,3707,25
7722,3708,23
7723,3708,28
7724,3709,21
7725,3709,24
7726,3710,27
7727,3710,28
7728,3711,2
7729,3711,12
7730,3712,31
7731,3712,25
7732,3713,23
7733,3713,2
7734,3714,30
7735,3714,32
7736,3715,9
7737,3715,14
7738,3716,21
7739,3717,25
7740,3718,11
7741,3718,26
7742,3718,13
7743,3718,14
7744,3719,29
7745,3719,20
7746,3720,7
7747,3720,13
7748,3721,15
7749,3722,9
7750,3723,25
7751,3724,28
7752,3725,18
7753,3725,32
7754,3726,13
7755,3726,11
7756,3727,4
7757,3727,30
7758,3727,3
7759,3728,8
7760,3729,13
7761,3729,22
7762,3729,9
7763,3730,25
7764,3730,14
7765,3730,26
7766,3730,18
7767,3731,24
7768,3731,2
7769,3732,23
7770,3732,4
7771,3733,25
7772,3734,9
7773,3735,14
7774,3735,9
7775,3736,15
7776,3736,17
7777,3737,31
7778,3738,9
7779,3738,10
7780,3739,28
7781,3740,5
7782,3740,14
7783,3741,13
7784,3741,3
7785,3742,10
7786,3742,13
7787,3742,29
7788,3743,8
7789,3744,15
7790,3744,25
7791,3745,12
7792,3746,26
7793,3747,12
7794,3747,30
7795,3748,14
7796,3748,30
7797,3748,8
7798,3749,25
7799,3749,17
7800,3750,7
7801,3750,13
7802,3751,24
7803,3751,2
7804,3752,17
7805,3752,19
7806,3752,8
7807,3753,5
7808,3754,13
7809,3754,17
7810,3755,4
7811,3755,13
7812,3755,14
7813,3755,17
7814,3756,29
7815,3756,25
7816,3756,9
7817,3756,3
7818,3757,2
7819,3757,30
7820,3758,10
7821,3759,23
7822,3759,18
7823,3760,14
7824,3760,15
7825,3760,9
7826,3761,30
7827,3761,26
7828,3762,25
7829,3762,14
7830,3763,9
7831,3764,4
7832,3765,14
7833,3766,6
7834,3767,17
7835,3767,32
7836,3767,10
7837,3768,9
7838,3769,21
7839,3769,25
7840,3769,9
7841,3770,22
7842,3770,13
7843,3771,9
7844,3771,8
7845,3772,18
7846,3772,31
7847,3773,4
7848,3773,28
7849,3774,15
7850,3774,5
7851,3774,23
7852,3774,21
7853,3775,25
7854,3775,4
7855,3775,3
7856,3776,8
7857,3776,18
7858,3777,17
7859,3777,9
7860,3778,4
7861,3778,13
7862,3778,3
7863,3779,17
7864,3780,24
7865,3781,14
7866,3781,2
7867,3781,17
7868,3782,32
7869,3782,15
7870,3783,23
7871,3783,9
7872,3784,1
7873,3784,23
7874,3785,4
7875,3786,3
7876,3786,17
7877,3787,14
7878,3787,21
7879,3788,17
7880,3788,29
7881,3789,30
7882,3789,32
7883,3790,29
7884,3790,31
7885,3790,25
7886,3791,21
7887,3791,17
7888,3791,9
7889,3792,9
7890,3792,11
7891,3793,14
7892,3793,17
7893,3793,6
7894,3794,25
7895,3794,2
7896,3794,6
7897,3794,10
7898,3795,4
7899,3795,22
7900,3796,26
7901,3796,22
7902,3797,24
7903,3797,9
7904,3797,3
7905,3798,16
7906,3798,2
7907,3799,9
7908,3799,16
7909,3800,9
7910,3800,32
7911,3800,27
7912,3800,18
7913,3801,9
7914,3801,14
7915,3801,32
7916,3801,29
7917,3802,32
7918,3803,14
7919,3804,14
7920,3805,13
7921,3805,8
7922,3806,21
7923,3806,18
7924,3807,15
7925,3807,8
7926,3807,26
7927,3808,14
7928,3808,13
7929,3808,23
7930,3809,8
7931,3809,28
7932,3809,22
7933,3809,21
7934,3810,13
7935,3810,18
7936,3810,19
7937,3811,25
7938,3811,10
7939,3812,19
7940,3812,9
7941,3813,29
7942,3814,23
7943,3814,22
7944,3815,27
7945,3815,13
7946,3816,29
7947,3816,17
7948,3816,12
7949,3817,14
7950,3817,23
7951,3818,13
7952,3818,5
7953,3818,19
7954,3819,17
7955,3819,13
7956,3819,22
7957,3820,29
7958,3820,8
7959,3820,10
7960,3821,18
7961,3821,6
7962,3822,29
7963,3822,13
7964,3822,10
7965,3823,11
7966,3824,27
7967,3825,21
7968,3825,6
7969,3826,26
7970,3826,7
7971,3826,11
7972,3826,31
7973,3827,29
7974,3828,23
7975,3828,31
7976,3828,14
7977,3829,25
7978,3829,19
7979,3830,27
7980,3831,26
7981,3831,31
7982,3832,16
7983,3832,4
7984,3833,20
7985,3834,30
7986,3834,17
7987,3834,13
7988,3835,5
7989,3835,17
7990,3836,4
7991,3836,26
7992,3836,15
7993,3837,28
7994,3837,27
7995,3837,24
7996,3837,8
7997,3838,22
7998,3838,9
7999,3838,20
8000,3839,22
8001,3840,19
8002,3840,7
8003,3840,29
8004,3841,30
8005,3842,13
8006,3842,11
8007,3843,13
8008,3843,21
8009,3844,31
8010,3844,22
8011,3845,22
8012,3845,25
8013,3846,13
8014,3846,28
8015,3846,11
8016,3847,8
8017,3847,23
8018,3848,27
8019,3848,5
8020,3848,18
8021,3849,2
8022,3850,13
8023,3850,5
8024,3851,26
8025,3851,28
8026,3851,22
8027,3852,4
8028,3853,2
8029,3853,23
8030,3854,23
8031,3855,15
8032,3855,19
8033,3856,10
8034,3856,9
8035,3857,28
8036,3857,13
8037,3858,14
8038,3859,13
8039,3859,2
8040,3860,9
8041,3860,32
8042,3861,13
8043,3861,9
8044,3862,6
8045,3862,20
8046,3863,19
8047,3863,14
8048,3864,24
8049,3864,18
8050,3865,30
8051,3865,26
8052,3865,5
8053,3866,11
8054,3866,18
8055,3867,10
8056,3868,14
8057,3869,10
8058,3870,11
8059,3870,5
8060,3871,5
8061,3871,18
8062,3871,9
8063,3872,3
8064,3872,6
8065,3873,29
8066,3873,8
8067,3874,21
8068,3875,8
8069,3876,22
8070,3876,4
8071,3876,8
8072,3876,32
8073,3877,11
8074,3877,14
8075,3877,20
8076,3878,2
8077,3879,13
8078,3880,27
8079,3880,18
8080,3880,5
8081,3881,13
8082,3882,14
8083,3883,17
8084,3883,8
8085,3884,21
8086,3884,13
8087,3885,3
8088,3885,4
8089,3885,13
8090,3885,14
8091,3886,32
8092,3886,19
8093,3886,26
8094,3886,22
8095,3887,24
8096,3887,23
8097,3888,28
8098,3889,8
8099,3889,4
8100,3890,11
8101,3890,25
8102,3891,5
8103,3892,10
8104,3892,9
8105,3892,2
8106,3893,23
8107,3894,9
8108,3894,10
8109,3894,18
8110,3895,5
8111,3895,27
8112,3895,14
8113,3896,30
8114,3896,9
8115,3897,16
8116,3897,25
8117,3898,27
8118,3898,19
8119,3899,19
8120,3899,1
8121,3900,17
8122,3900,9
8123,3900,29
8124,3901,10
8125,3901,17
8126,3901,9
8127,3901,19
8128,3902,29
8129,3902,10
8130,3902,3
8131,3903,10
8132,3904,8
8133,3904,3
8134,3905,10
8135,3906,6
8136,3906,18
8137,3907,19
8138,3908,26
8139,3909,15
8140,3910,14
8141,3910,31
8142,3910,28
8143,3910,9
8144,3911,9
8145,3912,9
8146,3912,18
8147,3912,31
8148,3913,2
8149,3913,11
8150,3913,17
8151,3913,19
8152,3914,22
8153,3914,2
8154,3915,13
8155,3915,16
8156,3916,29
8157,3916,15
8158,3917,8
8159,3918,20
8160,3918,27
8161,3919,7
8162,3919,11
8163,3920,14
8164,3920,20
8165,3920,32
8166,3921,10
8167,3921,22
8168,3922,9
8169,3922,25
8170,3923,15
8171,3923,17
8172,3924,13
8173,3925,25
8174,3925,17
8175,3926,29
8176,3927,25
8177,3927,13
8178,3928,2
8179,3929,24
8180,3930,10
8181,3930,26
8182,3931,10
8183,3931,20
8184,3932,13
8185,3932,26
8186,3933,14
8187,3933,25
8188,3934,10
8189,3935,26
8190,3935,31
8191,3935,22
8192,3936,5
8193,3937,13
8194,3937,2
8195,3938,2
8196,3938,3
8197,3939,17
8198,3940,9
8199,3941,17
8200,3941,29
8201,3942,19
8202,3942,26
8203,3942,12
8204,3943,11
8205,3943,10
8206,3943,12
8207,3944,20
8208,3944,19
8209,3945,4
8210,3946,8
8211,3947,29
8212,3948,10
8213,3949,29
8214,3949,5
8215,3949,11
8216,3949,14
8217,3950,9
8218,3950,26
8219,3951,17
8220,3951,31
8221,3952,26
8222,3953,26
8223,3953,24
8224,3954,24
8225,3954,8
8226,3954,9
8227,3955,11
8228,3956,20
8229,3956,29
8230,3956,2
8231,3956,18
8232,3957,11
8233,3958,13
8234,3959,22
8235,3959,7
8236,3959,18
8237,3960,23
8238,3960,13
8239,3960,24
8240,3961,2
8241,3962,11
8242,3963,30
8243,3963,32
8244,3964,22
8245,3964,21
8246,3964,13
8247,3965,9
8248,3966,13
8249,3966,29
8250,3966,14
8251,3967,26
8252,3968,8
8253,3968,25
8254,3968,10
8255,3969,14
8256,3969,7
8257,3969,9
8258,3969,22
8259,3970,19
8260,3971,17
8261,3971,7
8262,3971,32
8263,3972,5
8264,3972,10
8265,3972,8
8266,3973,8
8267,3973,28
8268,3974,26
8269,3974,12
8270,3975,26
8271,3975,5
8272,3975,32
8273,3976,14
8274,3976,24
8275,3977,23
8276,3978,27
8277,3978,9
8278,3979,17
8279,3979,31
8280,3979,14
8281,3979,11
8282,3980,24
8283,3981,2
8284,3982,20
8285,3982,17
8286,3983,2
8287,3983,23
8288,3983,17
8289,3984,22
8290,3984,3
8291,3984,12
8292,3984,30
8293,3985,14
8294,3985,12
8295,3985,5
8296,3986,2
8297,3986,20
8298,3987,4
8299,3987,30
8300,3988,25
8301,3988,14
8302,3988,21
8303,3989,9
8304,3990,5
8305,3991,13
8306,3991,8
8307,3992,25
8308,3992,9
8309,3992,27
8310,3993,2
8311,3994,22
8312,3994,3
8313,3995,25
8314,3995,24
8315,3995,8
8316,3995,18
8317,3996,2
8318,3996,15
8319,3996,16
8320,3997,22
8321,3997,19
8322,3997,27
8323,3998,9
8324,3999,20
8325,3999,30
8326,3999,24
8327,4000,13
8328,4001,11
8329,4002,23
8330,4003,23
8331,4003,13
8332,4003,6
8333,4003,17
8334,4004,13
8335,4004,26
8336,4005,14
8337,4005,23
8338,4005,27
8339,4006,19
8340,4006,25
8341,4007,2
8342,4008,4
8343,4008,17
8344,4009,25
8345,4009,18
8346,4010,8
8347,4010,28
8348,4011,2
8349,4011,27
8350,4011,12
8351,4011,7
8352,4012,17
8353,4012,19
8354,4013,28
8355,4014,18
8356,4014,26
8357,4015,19
8358,4015,25
8359,4016,13
8360,4016,25
8361,4017,2
8362,4017,14
8363,4018,28
8364,4019,11
8365,4020,21
8366,4020,1
8367,4020,8
8368,4021,4
8369,4022,21
8370,4022,14
8371,4023,26
8372,4023,3
8373,4024,28
8374,4024,22
8375,4025,12
8376,4026,29
8377,4026,2
8378,4026,13
8379,4027,29
8380,4027,31
8381,4027,8
8382,4027,2
8383,4028,9
8384,4028,17
8385,4029,16
8386,4029,20
8387,4030,10
8388,4031,26
8389,4031,25
8390,4031,2
8391,4032,21
8392,4032,18
8393,4033,17
8394,4034,22
8395,4034,5
8396,4035,25
8397,4036,16
8398,4036,7
8399,4036,22
8400,4037,24
8401,4037,20
8402,4038,30
8403,4038,29
8404,4039,21
8405,4040,13
8406,4040,14
8407,4040,16
8408,4040,32
8409,4041,18
8410,4041,12
8411,4042,14
8412,4042,5
8413,4043,2
8414,4043,9
8415,4043,30
8416,4044,25
8417,4044,8
8418,4044,22
8419,4044,3
8420,4045,21
8421,4045,17
8422,4046,11
8423,4047,30
8424,4047,3
8425,4047,10
8426,4048,13
8427,4048,23
8428,4049,2
8429,4050,26
8430,4050,6
8431,4051,9
8432,4051,13
8433,4051,5
8434,4052,32
8435,4053,24
8436,4053,32
8437,4054,2
8438,4055,14
8439,4055,31
8440,4056,29
8441,4057,29
8442,4057,6
8443,4058,18
8444,4059,14
8445,4060,2
8446,4060,22
8447,4060,15
8448,4061,27
8449,4061,23
8450,4061,24
8451,4062,14
8452,4062,24
8453,4063,9
8454,4063,21
8455,4063,22
8456,4064,17
8457,4064,13
8458,4064,25
8459,4065,2
8460,4065,8
8461,4066,13
8462,4066,15
8463,4066,24
8464,4067,24
8465,4067,29
8466,4068,30
8467,4068,31
8468,4068,27
8469,4069,19
8470,4070,20
8471,4070,27
8472,4071,26
8473,4072,10
8474,4072,23
8475,4073,6
8476,4073,25
8477,4074,10
8478,4074,27
8479,4075,28
8480,4076,20
8481,4077,2
8482,4077,15
8483,4078,2
8484,4079,25
8485,4079,12
8486,4080,12
8487,4081,25
8488,4081,14
8489,4081,10
8490,4082,30
8491,4082,8
8492,4082,5
8493,4083,15
8494,4084,26
8495,4084,21
8496,4084,3
8497,4085,12
8498,4085,6
8499,4085,15
8500,4086,31
8501,4086,22
8502,4086,28
8503,4087,29
8504,4087,25
8505,4088,9
8506,4088,30
8507,4088,27
8508,4089,21
8509,4089,17
8510,4090,23
8511,4090,28
8512,4091,6
8513,4092,2
8514,4092,10
8515,4093,3
8516,4093,31
8517,4093,22
8518,4094,30
8519,4094,5
8520,4094,4
8521,4095,23
8522,4095,17
8523,4096,17
8524,4097,32
8525,4098,14
8526,4098,13
8527,4099,9
8528,4099,13
8529,4100,6
8530,4101,8
8531,4101,22
8532,4102,2
8533,4103,30
8534,4103,17
8535,4104,14
8536,4104,24
8537,4105,10
8538,4105,29
8539,4106,19
8540,4106,11
8541,4107,11
8542,4107,21
8543,4108,8
8544,4109,14
8545,4110,17
8546,4110,27
8547,4110,21
8548,4110,16
8549,4111,24
8550,4111,22
8551,4112,4
8552,4112,20
8553,4113,8
8554,4113,6
8555,4114,9
8556,4114,15
8557,4115,4
8558,4115,22
8559,4115,2
8560,4116,23
8561,4116,31
8562,4117,26
8563,4118,32
8564,4118,4
8565,4119,13
8566,4119,22
8567,4120,5
8568,4120,3
8569,4120,11
8570,4121,6
8571,4121,23
8572,4121,14
8573,4122,31
8574,4122,19
8575,4123,22
8576,4123,20
8577,4123,9
8578,4124,17
8579,4124,10
8580,4124,13
8581,4125,32
8582,4125,26
8583,4125,22
8584,4125,29
8585,4126,14
8586,4126,18
8587,4126,25
8588,4127,23
8589,4128,13
8590,4128,22
8591,4128,25
8592,4129,31
8593,4130,3
8594,4130,30
8595,4131,8
8596,4131,30
8597,4132,18
8598,4133,11
8599,4133,17
8600,4134,30
8601,4134,16
8602,4135,29
8603,4135,31
8604,4136,16
8605,4137,23
8606,4138,14
8607,4139,4
8608,4139,17
8609,4140,9
8610,4140,20
8611,4140,10
8612,4141,19
8613,4141,8
8614,4142,9
8615,4142,10
8616,4143,19
8617,4143,30
8618,4144,27
8619,4145,22
8620,4146,19
8621,4146,18
8622,4147,17
8623,4147,6
8624,4148,15
8625,4149,4
8626,4150,11
8627,4150,4
8628,4150,22
8629,4150,30
8630,4151,15
8631,4151,32
8632,4152,1
8633,4153,20
8634,4153,31
8635,4153,24
8636,4154,32
8637,4155,23
8638,4155,27
8639,4156,13
8640,4157,17
8641,4157,11
8642,4158,13
8643,4158,7
8644,4158,15
8645,4159,4
8646,4160,22
8647,4160,20
8648,4161,9
8649,4162,23
8650,4162,27
8651,4163,2
8652,4164,14
8653,4164,22
8654,4164,23
8655,4165,16
8656,4165,14
8657,4165,17
8658,4166,18
8659,4167,7
8660,4168,16
8661,4168,25
8662,4169,19
8663,4170,21
8664,4170,28
8665,4171,9
8666,4172,26
8667,4173,17
8668,4173,5
8669,4173,28
8670,4174,28
8671,4174,26
8672,4175,16
8673,4175,23
8674,4176,13
8675,4176,26
8676,4177,21
8677,4178,4
8678,4178,22
8679,4179,25
8680,4180,18
8681,4180,22
8682,4180,29
8683,4181,26
8684,4181,17
8685,4182,30
8686,4182,11
8687,4183,18
8688,4184,1
8689,4184,4
8690,4184,14
8691,4185,29
8692,4186,23
8693,4186,29
8694,4186,13
8695,4186,16
8696,4187,26
8697,4187,19
8698,4188,4
8699,4188,14
8700,4188,9
8701,4189,30
8702,4189,2
8703,4190,22
8704,4190,2
8705,4191,28
8706,4191,17
8707,4191,24
8708,4192,21
8709,4193,9
8710,4193,4
8711,4193,20
8712,4194,18
8713,4194,10
8714,4195,18
8715,4196,9
8716,4196,5
8717,4197,11
8718,4197,14
8719,4198,2
8720,4199,18
8721,4200,14
8722,4200,32
8723,4201,2
8724,4202,18
8725,4203,28
8726,4204,25
8727,4204,17
8728,4204,1
8729,4205,1
8730,4206,14
8731,4206,6
8732,4206,31
8733,4206,28
8734,4207,20
8735,4207,25
8736,4207,22
8737,4208,3
8738,4208,25
8739,4209,14
8740,4210,28
8741,4211,25
8742,4212,7
8743,4212,6
8744,4213,19
8745,4213,13
8746,4213,22
8747,4214,13
8748,4215,27
8749,4216,31
8750,4216,32
8751,4217,1
8752,4218,29
8753,4218,14
8754,4218,5
8755,4219,27
8756,4219,23
8757,4220,26
8758,4220,6
8759,4221,8
8760,4221,17
8761,4222,10
8762,4222,6
8763,4222,28
8764,4223,19
8765,4224,26
8766,4224,16
8767,4224,22
8768,4225,12
8769,4225,4
8770,4226,25
8771,4226,24
8772,4227,13
8773,4227,27
8774,4227,17
8775,4227,14
8776,4228,29
8777,4228,22
8778,4228,9
8779,4229,26
8780,4229,4
8781,4230,22
8782,4230,2
8783,4231,29
8784,4231,16
8785,4232,23
8786,4233,13
8787,4234,19
8788,4235,3
8789,4235,25
8790,4236,26
8791,4236,19
8792,4237,15
8793,4238,22
8794,4239,19
8795,4240,20
8796,4240,24
8797,4240,4
8798,4240,11
8799,4241,17
8800,4242,18
8801,4242,20
8802,4242,5
8803,4243,17
8804,4243,11
8805,4244,17
8806,4244,16
8807,4245,2
8808,4246,14
8809,4246,18
8810,4246,25
8811,4247,12
8812,4247,17
8813,4247,2
8814,4247,29
8815,4248,32
8816,4248,26
8817,4249,22
8818,4249,12
8819,4250,4
8820,4250,29
8821,4250,10
8822,4251,25
8823,4252,11
8824,4253,29
8825,4254,12
8826,4255,23
8827,4255,13
8828,4255,21
8829,4256,23
8830,4256,18
8831,4257,19
8832,4257,2
8833,4258,23
8834,4259,5
8835,4259,8
8836,4260,9
8837,4260,8
8838,4260,20
8839,4261,10
8840,4261,16
8841,4261,2
8842,4261,5
8843,4262,5
8844,4262,23
8845,4262,13
8846,4262,22
8847,4263,11
8848,4263,9
8849,4263,14
8850,4263,20
8851,4264,31
8852,4264,22
8853,4265,27
8854,4265,17
8855,4265,16
8856,4266,9
8857,4266,29
8858,4267,22
8859,4268,14
8860,4269,19
8861,4269,30
8862,4270,25
8863,4271,23
8864,4272,9
8865,4272,21
8866,4272,11
8867,4273,4
8868,4273,2
8869,4273,9
8870,4274,2
8871,4274,6
8872,4274,8
8873,4275,28
8874,4275,15
8875,4276,9
8876,4276,32
8877,4277,32
8878,4277,25
8879,4277,24
8880,4278,27
8881,4278,13
8882,4278,31
8883,4279,5
8884,4279,17
8885,4280,30
8886,4280,28
8887,4281,23
8888,4281,14
8889,4282,32
8890,4282,16
8891,4283,22
8892,4283,11
8893,4284,15
8894,4284,8
8895,4284,3
8896,4284,7
8897,4285,13
8898,4285,9
8899,4286,9
8900,4286,14
8901,4286,17
8902,4287,9
8903,4288,17
8904,4288,10
8905,4289,26
8906,4290,11
8907,4290,2
8908,4291,13
8909,4291,25
8910,4292,14
8911,4292,29
8912,4293,28
8913,4293,17
8914,4294,22
8915,4294,8
8916,4295,28
8917,4295,13
8918,4296,11
8919,4296,9
8920,4297,17
8921,4298,8
8922,4299,22
8923,4299,10
8924,4299,20
8925,4300,27
8926,4300,29
8927,4301,4
8928,4301,1
8929,4302,14
8930,4302,25
8931,4303,26
8932,4304,27
8933,4304,18
8934,4305,28
8935,4305,17
8936,4305,19
8937,4305,14
8938,4306,8
8939,4306,13
8940,4306,25
8941,4306,15
8942,4307,8
8943,4307,21
8944,4307,25
8945,4307,13
8946,4308,17
8947,4308,8
8948,4308,4
8949,4309,4
8950,4309,30
8951,4310,26
8952,4310,13
8953,4311,11
8954,4311,22
8955,4311,17
8956,4311,8
8957,4312,13
8958,4312,11
8959,4312,24
8960,4313,14
8961,4313,18
8962,4313,2
8963,4313,25
8964,4314,8
8965,4314,3
8966,4314,32
8967,4315,11
8968,4316,10
8969,4316,5
8970,4316,20
8971,4317,24
8972,4317,10
8973,4317,11
8974,4318,25
8975,4318,30
8976,4319,11
8977,4319,18
8978,4320,21
8979,4320,13
8980,4320,4
8981,4321,17
8982,4322,8
8983,4322,25
8984,4323,9
8985,4323,19
8986,4324,7
8987,4324,9
8988,4325,9
8989,4325,19
8990,4325,7
8991,4326,13
8992,4327,31
8993,4327,7
8994,4328,27
8995,4328,3
8996,4329,13
8997,4330,23
8998,4331,8
8999,4332,25
9000,4333,17
9001,4333,13
9002,4334,23
9003,4335,4
9004,4336,29
9005,4337,17
9006,4338,31
9007,4339,20
9008,4340,9
9009,4340,10
9010,4341,9
9011,4342,7
9012,4342,32
9013,4343,13
9014,4343,31
9015,4343,9
9016,4344,9
9017,4344,23
9018,4345,19
9019,4345,18
9020,4346,2
9021,4346,7
9022,4346,6
9023,4346,13
9024,4347,4
9025,4347,22
9026,4347,30
9027,4348,12
9028,4349,15
9029,4349,22
9030,4350,13
9031,4350,9
9032,4350,24
9033,4350,22
9034,4351,7
9035,4351,3
9036,4352,5
9037,4352,23
9038,4352,9
9039,4353,15
9040,4354,9
9041,4354,29
9042,4354,30
9043,4355,26
9044,4355,29
9045,4355,2
9046,4355,13
9047,4356,5
9048,4357,2
9049,4358,22
9050,4359,5
9051,4359,13
9052,4359,21
9053,4359,8
9054,4360,16
9055,4361,14
9056,4361,25
9057,4361,31
9058,4362,8
9059,4362,13
9060,4363,9
9061,4363,13
9062,4364,17
9063,4364,6
9064,4365,8
9065,4366,14
9066,4366,17
9067,4367,18
9068,4367,2
9069,4368,13
9070,4368,23
9071,4369,28
9072,4370,17
9073,4371,31
9074,4372,13
9075,4372,18
9076,4373,10
9077,4374,29
9078,4374,2
9079,4375,11
9080,4376,13
9081,4376,25
9082,4377,25
9083,4377,21
9084,4378,21
9085,4378,11
9086,4378,30
9087,4379,16
9088,4379,25
9089,4379,23
9090,4380,8
9091,4381,2
9092,4382,3
9093,4383,3
9094,4384,2
9095,4385,18
9096,4385,27
9097,4386,27
9098,4387,9
9099,4387,19
9100,4388,26
9101,4388,4
9102,4388,10
9103,4389,27
9104,4389,31
9105,4389,6
9106,4390,5
9107,4391,13
9108,4392,31
9109,4392,5
9110,4392,1
9111,4393,21
9112,4393,30
9113,4393,10
9114,4394,24
9115,4395,10
9116,4396,9
9117,4397,23
9118,4398,4
9119,4399,17
9120,4400,18
9121,4400,22
9122,4401,9
9123,4402,19
9124,4403,4
9125,4403,30
9126,4404,25
9127,4404,19
9128,4405,5
9129,4405,30
9130,4405,32
9131,4405,8
9132,4406,24
9133,4407,13
9134,4407,16
9135,4408,3
9136,4408,25
9137,4409,29
9138,4409,19
9139,4409,14
9140,4410,13
9141,4411,1
9142,4411,8
9143,4411,21
9144,4411,2
9145,4412,9
9146,4413,13
9147,4413,5
9148,4413,30
9149,4413,29
9150,4414,11
9151,4414,15
9152,4414,23
9153,4415,16
9154,4415,30
9155,4416,14
9156,4416,19
9157,4416,10
9158,4417,22
9159,4417,18
9160,4417,23
9161,4418,8
9162,4418,24
9163,4419,30
9164,4419,6
9165,4420,6
9166,4421,8
9167,4422,17
9168,4423,17
9169,4424,8
9170,4424,30
9171,4424,11
9172,4425,8
9173,4425,19
9174,4425,2
9175,4426,22
9176,4427,28
9177,4427,10
9178,4427,32
9179,4428,28
9180,4428,22
9181,4428,32
9182,4429,7
9183,4430,6
9184,4430,19
9185,4431,26
9186,4432,22
9187,4432,17
9188,4433,18
9189,4433,8
9190,4434,21
9191,4434,2
9192,4434,13
9193,4435,31
9194,4436,8
9195,4436,30
9196,4437,12
9197,4438,12
9198,4439,24
9199,4439,30
9200,4439,9
9201,4440,14
9202,4440,21
9203,4440,19
9204,4441,4
9205,4441,29
9206,4441,30
9207,4442,9
9208,4443,21
9209,4444,18
9210,4445,12
9211,4445,17
9212,4446,12
9213,4446,29
9214,4446,5
9215,4446,7
9216,4447,8
9217,4447,1
9218,4448,14
9219,4449,18
9220,4449,19
9221,4449,10
9222,4450,13
9223,4450,14
9224,4450,15
9225,4451,12
9226,4451,24
9227,4452,18
9228,4453,30
9229,4453,13
9230,4454,25
9231,4454,18
9232,4455,5
9233,4455,27
9234,4456,22
9235,4456,24
9236,4456,11
9237,4457,22
9238,4458,21
9239,4458,23
9240,4458,29
9241,4459,4
9242,4460,29
9243,4460,28
9244,4461,13
9245,4461,22
9246,4462,5
9247,4462,22
9248,4462,14
9249,4462,29
9250,4463,25
9251,4463,30
9252,4464,30
9253,4464,24
9254,4464,18
9255,4465,2
9256,4465,8
9257,4466,7
9258,4466,10
9259,4466,25
9260,4467,31
9261,4467,6
9262,4467,14
9263,4468,24
9264,4469,31
9265,4470,10
9266,4470,8
9267,4471,23
9268,4471,29
9269,4471,27
9270,4472,8
9271,4472,3
9272,4472,6
9273,4472,27
9274,4473,26
9275,4474,3
9276,4475,30
9277,4475,17
9278,4476,2
9279,4476,29
9280,4477,9
9281,4477,31
9282,4477,3
9283,4478,6
9284,4478,13
9285,4478,24
9286,4478,25
9287,4479,14
9288,4480,15
9289,4480,14
9290,4481,22
9291,4481,10
9292,4482,13
9293,4483,9
9294,4483,15
9295,4483,22
9296,4483,2
9297,4484,24
9298,4485,4
9299,4485,10
9300,4485,27
9301,4486,25
9302,4487,19
9303,4487,10
9304,4488,4
9305,4489,11
9306,4489,19
9307,4490,9
9308,4491,26
9309,4491,22
9310,4492,3
9311,4492,7
9312,4492,8
9313,4493,27
9314,4494,18
9315,4495,10
9316,4495,19
9317,4495,2
9318,4495,31
9319,4496,29
9320,4497,3
9321,4498,22
9322,4498,9
9323,4499,3
9324,4499,26
9325,4499,13
9326,4499,2
9327,4500,24
9328,4501,18
9329,4501,2
9330,4502,25
9331,4502,14
9332,4503,22
9333,4503,9
9334,4504,30
9335,4505,2
9336,4505,12
9337,4506,5
9338,4507,3
9339,4507,6
9340,4508,9
9341,4508,13
9342,4509,11
9343,4510,29
9344,4511,28
9345,4511,15
9346,4512,8
9347,4513,8
9348,4513,4
9349,4514,21
9350,4514,14
9351,4515,20
9352,4515,30
9353,4516,8
9354,4516,11
9355,4517,2
9356,4517,8
9357,4517,29
9358,4518,1
9359,4519,24
9360,4520,32
9361,4520,11
9362,4521,7
9363,4521,30
9364,4521,18
9365,4522,25
9366,4522,24
9367,4523,19
9368,4523,11
9369,4524,26
9370,4524,13
9371,4524,4
9372,4524,2
9373,4525,24
9374,4525,20
9375,4525,9
9376,4525,3
9377,4526,32
9378,4526,30
9379,4526,23
9380,4527,3
9381,4528,20
9382,4528,17
9383,4528,6
9384,4529,20
9385,4529,30
9386,4529,4
9387,4530,5
9388,4530,23
9389,4530,25
9390,4531,17
9391,4532,10
9392,4532,3
9393,4532,23
9394,4533,9
9395,4533,6
9396,4533,12
9397,4534,10
9398,4534,11
9399,4535,13
9400,4536,7
9401,4537,30
9402,4538,19
9403,4538,13
9404,4539,9
9405,4539,3
9406,4540,11
9407,4541,7
9408,4541,21
9409,4541,5
9410,4541,28
9411,4542,9
9412,4543,14
9413,4544,20
9414,4544,9
9415,4545,14
9416,4545,3
9417,4546,17
9418,4546,29
9419,4547,3
9420,4548,8
9421,4548,13
9422,4549,28
9423,4549,8
9424,4549,24
9425,4550,12
9426,4551,3
9427,4551,7
9428,4552,14
9429,4553,23
9430,4554,2
9431,4554,14
9432,4555,6
9433,4555,26
9434,4555,11
9435,4555,5
9436,4556,21
9437,4557,3
9438,4557,22
9439,4557,29
9440,4558,19
9441,4558,25
9442,4559,27
9443,4559,2
9444,4559,9
9445,4559,22
9446,4560,24
9447,4560,7
9448,4561,30
9449,4561,15
9450,4562,8
9451,4562,13
9452,4562,25
9453,4563,29
9454,4563,8
9455,4564,19
9456,4564,31
9457,4564,2
9458,4565,13
9459,4565,32
9460,4566,25
9461,4566,12
9462,4567,21
9463,4568,12
9464,4568,29
9465,4569,3
9466,4569,8
9467,4570,20
9468,4570,13
9469,4571,19
9470,4571,17
9471,4572,32
9472,4573,29
9473,4573,30
9474,4573,11
9475,4573,3
9476,4574,10
9477,4574,3
9478,4575,8
9479,4576,2
9480,4577,7
9481,4578,30
9482,4578,20
9483,4579,13
9484,4580,25
9485,4580,17
9486,4581,29
9487,4581,20
9488,4581,17
9489,4582,17
9490,4582,20
9491,4583,27
9492,4584,14
9493,4585,30
9494,4585,4
9495,4586,15
9496,4587,13
9497,4587,31
9498,4588,25
9499,4588,9
9500,4588,26
9501,4588,12
9502,4589,24
9503,4589,4
9504,4589,26
9505,4590,30
9506,4590,28
9507,4591,20
9508,4591,3
9509,4591,17
9510,4592,13
9511,4592,29
9512,4592,30
9513,4593,14
9514,4594,14
9515,4595,28
9516,4595,15
9517,4595,13
9518,4596,25
9519,4597,29
9520,4597,9
9521,4597,22
9522,4597,31
9523,4598,8
9524,4598,30
9525,4599,17
9526,4599,7
9527,4600,2
9528,4600,26
9529,4601,16
9530,4602,1
9531,4603,21
9532,4604,1
9533,4604,6
9534,4604,9
9535,4605,26
9536,4605,13
9537,4605,19
9538,4605,20
9539,4606,12
9540,4606,23
9541,4607,26
9542,4607,5
9543,4608,4
9544,4608,2
9545,4609,9
9546,4609,19
9547,4610,25
9548,4611,22
9549,4612,13
9550,4612,3
9551,4612,31
9552,4613,22
9553,4614,22
9554,4614,28
9555,4614,5
9556,4614,4
9557,4615,25
9558,4616,7
9559,4616,13
9560,4616,24
9561,4617,27
9562,4617,13
9563,4618,19
9564,4618,29
9565,4618,23
9566,4619,13
9567,4619,17
9568,4620,9
9569,4620,31
9570,4621,8
9571,4622,31
9572,4622,12
9573,4623,31
9574,4623,17
9575,4623,7
9576,4624,18
9577,4624,13
9578,4625,10
9579,4625,9
9580,4625,24
9581,4626,22
9582,4626,25
9583,4626,29
9584,4627,21
9585,4627,2
9586,4628,3
9587,4628,11
9588,4628,12
9589,4628,25
9590,4629,10
9591,4629,13
9592,4630,17
9593,4631,9
9594,4632,2
9595,4632,6
9596,4632,30
9597,4633,16
9598,4634,12
9599,4634,27
9600,4634,10
9601,4634,23
9602,4635,11
9603,4635,25
9604,4636,6
9605,4636,25
9606,4636,14
9607,4637,1
9608,4637,17
9609,4638,2
9610,4639,14
9611,4639,11
9612,4639,29
9613,4640,23
9614,4640,5
9615,4641,14
9616,4641,18
9617,4642,8
9618,4642,26
9619,4642,9
9620,4643,2
9621,4643,22
9622,4644,20
9623,4644,2
9624,4644,9
9625,4645,13
9626,4645,17
9627,4646,24
9628,4646,13
9629,4646,30
9630,4647,17
9631,4647,32
9632,4647,10
9633,4648,32
9634,4648,5
9635,4649,25
9636,4649,32
9637,4649,8
9638,4650,29
9639,4650,28
9640,4651,30
9641,4651,2
9642,4652,29
9643,4653,4
9644,4653,2
9645,4653,10
9646,4654,16
9647,4654,14
9648,4655,13
9649,4656,25
9650,4656,26
9651,4657,9
9652,4657,32
9653,4657,26
9654,4657,3
9655,4658,6
9656,4658,32
9657,4659,12
9658,4659,24
9659,4659,17
9660,4660,16
9661,4661,10
9662,4661,16
9663,4662,11
9664,4662,28
9665,4662,2
9666,4662,26
9667,4663,17
9668,4663,5
9669,4664,19
9670,4664,26
9671,4664,3
9672,4665,3
9673,4665,17
9674,4665,14
9675,4666,11
9676,4666,2
9677,4667,11
9678,4667,26
9679,4667,27
9680,4667,20
9681,4668,23
9682,4668,22
9683,4668,13
9684,4669,8
9685,4669,13
9686,4670,31
9687,4671,4
9688,4671,12
9689,4672,27
9690,4672,24
9691,4672,6
9692,4673,13
9693,4673,3
9694,4674,28
9695,4675,22
9696,4675,31
9697,4675,9
9698,4676,10
9699,4677,14
9700,4677,6
9701,4678,13
9702,4678,16
9703,4679,25
9704,4680,28
9705,4681,4
9706,4681,22
9707,4682,19
9708,4682,11
9709,4682,29
9710,4683,26
9711,4684,11
9712,4684,22
9713,4685,29
9714,4685,22
9715,4685,30
9716,4686,14
9717,4686,5
9718,4687,20
9719,4687,31
9720,4688,15
9721,4688,11
9722,4689,8
9723,4690,15
9724,4690,5
9725,4690,12
9726,4690,29
9727,4691,22
9728,4691,1
9729,4692,22
9730,4693,26
9731,4694,21
9732,4694,14
9733,4694,12
9734,4695,29
9735,4695,13
9736,4696,7
9737,4696,13
9738,4697,22
9739,4698,9
9740,4699,21
9741,4699,17
9742,4700,18
9743,4700,19
9744,4700,13
9745,4700,12
9746,4701,22
9747,4702,7
9748,4702,22
9749,4703,9
9750,4703,2
9751,4704,28
9752,4705,28
9753,4705,23
9754,4706,31
9755,4706,23
9756,4707,3
9757,4707,18
9758,4707,22
9759,4707,13
9760,4708,19
9761,4708,27
9762,4709,28
9763,4710,11
9764,4710,23
9765,4711,17
9766,4711,3
9767,4711,28
9768,4712,17
9769,4712,9
9770,4712,31
9771,4713,8
9772,4713,5
9773,4713,19
9774,4714,15
9775,4714,23
9776,4715,11
9777,4715,28
9778,4716,9
9779,4717,29
9780,4718,26
9781,4718,17
9782,4718,1
9783,4719,17
9784,4719,13
9785,4720,20
9786,4720,23
9787,4720,18
9788,4721,17
9789,4721,14
9790,4722,29
9791,4723,22
9792,4724,11
9793,4724,26
9794,4725,12
9795,4726,8
9796,4726,25
9797,4727,12
9798,4727,13
9799,4728,13
9800,4728,3
9801,4728,16
9802,4729,15
9803,4729,4
9804,4730,23
9805,4730,8
9806,4730,10
9807,4731,31
9808,4731,29
9809,4732,27
9810,4732,13
9811,4733,25
9812,4733,5
9813,4734,24
9814,4735,20
9815,4735,18
9816,4736,21
9817,4736,14
9818,4736,28
9819,4737,30
9820,4737,3
9821,4738,11
9822,4739,20
9823,4739,7
9824,4740,13
9825,4741,30
9826,4741,14
9827,4741,2
9828,4741,22
9829,4742,27
9830,4743,9
9831,4744,13
9832,4744,19
9833,4745,17
9834,4745,23
9835,4746,11
9836,4747,16
9837,4748,2
9838,4748,20
9839,4748,10
9840,4748,3
9841,4749,9
9842,4749,12
9843,4749,5
9844,4750,27
9845,4751,4
9846,4751,3
9847,4751,28
9848,4752,8
9849,4752,7
9850,4753,5
9851,4754,4
9852,4755,1
9853,4755,26
9854,4756,15
9855,4756,14
9856,4757,8
9857,4757,28
9858,4758,25
9859,4759,28
9860,4759,11
9861,4760,8
9862,4760,29
9863,4761,11
9864,4762,8
9865,4763,9
9866,4763,29
9867,4764,31
9868,4764,26
9869,4764,4
9870,4765,11
9871,4766,13
9872,4767,28
9873,4767,3
9874,4768,22
9875,4768,12
9876,4769,27
9877,4769,14
9878,4770,4
9879,4771,1
9880,4771,14
9881,4771,22
9882,4772,18
9883,4773,3
9884,4774,30
9885,4775,13
9886,4775,26
9887,4776,25
9888,4776,28
9889,4776,20
9890,4777,26
9891,4777,31
9892,4778,14
9893,4779,10
9894,4779,22
9895,4779,23
9896,4780,17
9897,4780,5
9898,4780,22
9899,4781,8
9900,4781,5
9901,4781,13
9902,4781,14
9903,4782,5
9904,4783,26
9905,4784,9
9906,4784,28
9907,4784,18
9908,4785,20
9909,4786,3
9910,4787,7
9911,4787,14
9912,4788,21
9913,4788,25
9914,4788,12
9915,4788,14
9916,4789,17
9917,4789,7
9918,4790,24
9919,4790,16
9920,4791,5
9921,4792,2
9922,4793,23
9923,4793,20
9924,4794,25
9925,4795,28
9926,4795,29
9927,4795,4
9928,4796,30
9929,4796,22
9930,4796,13
9931,4797,10
9932,4797,32
9933,4798,18
9934,4799,23
9935,4799,31
9936,4799,17
9937,4800,2
9938,4800,24
9939,4800,28
9940,4800,1
9941,4801,22
9942,4801,23
9943,4801,28
9944,4801,17
9945,4802,23
9946,4803,26
9947,4804,8
9948,4804,9
9949,4804,1
9950,4804,12
9951,4805,8
9952,4806,4
9953,4806,29
9954,4806,12
9955,4807,20
9956,4807,24
9957,4808,5
9958,4808,4
9959,4809,19
9960,4809,31
9961,4810,27
9962,4810,32
9963,4811,22
9964,4811,19
9965,4812,13
9966,4813,21
9967,4814,23
9968,4814,5
9969,4815,26
9970,4815,31
9971,4815,10
9972,4815,21
9973,4816,2
9974,4816,18
9975,4817,3
9976,4817,26
9977,4817,2
9978,4818,12
9979,4818,31
9980,4818,22
9981,4819,14
9982,4819,20
9983,4819,10
9984,4819,19
9985,4820,27
9986,4820,8
9987,4821,19
9988,4822,3
9989,4823,13
9990,4823,30
9991,4824,26
9992,4824,32
9993,4825,13
9994,4825,7
9995,4825,25
9996,4826,24
9997,4826,30
9998,4826,22
9999,4826,32
10000,4827,28
10001,4827,21
10002,4828,31
10003,4828,2
10004,4829,32
10005,4829,16
10006,4829,9
10007,4830,28
10008,4831,12
10009,4831,32
10010,4832,18
10011,4832,8
10012,4833,2
10013,4833,11
10014,4833,25
10015,4834,25
10016,4834,22
10017,4835,29
10018,4836,13
10019,4836,18
10020,4837,9
10021,4837,21
10022,4838,23
10023,4838,26
10024,4839,14
10025,4839,2
10026,4840,32
10027,4840,6
10028,4840,31
10029,4841,11
10030,4841,17
10031,4841,31
10032,4842,9
10033,4842,32
10034,4842,19
10035,4843,2
10036,4844,17
10037,4844,22
10038,4844,19
10039,4844,5
10040,4845,25
10041,4845,26
10042,4845,11
10043,4846,8
10044,4846,23
10045,4847,2
10046,4847,15
10047,4847,8
10048,4848,6
10049,4848,13
10050,4848,18
10051,4849,18
10052,4849,22
10053,4850,8
10054,4850,3
10055,4851,14
10056,4852,26
10057,4852,9
10058,4853,19
10059,4854,5
10060,4854,9
10061,4855,24
10062,4855,18
10063,4856,27
10064,4857,16
10065,4857,2
10066,4858,9
10067,4859,10
10068,4859,22
10069,4859,23
10070,4860,24
10071,4860,22
10072,4861,4
10073,4861,28
10074,4862,22
10075,4862,6
10076,4863,9
10077,4863,18
10078,4864,27
10079,4865,9
10080,4865,4
10081,4866,31
10082,4867,25
10083,4867,31
10084,4867,17
10085,4868,29
10086,4869,8
10087,4870,11
10088,4871,4
10089,4871,26
10090,4872,4
10091,4873,17
10092,4873,9
10093,4874,19
10094,4874,24
10095,4874,30
10096,4875,22
10097,4876,5
10098,4876,13
10099,4876,25
10100,4877,18
10101,4877,17
10102,4877,29
10103,4877,27
10104,4878,3
10105,4879,8
10106,4880,2
10107,4880,14
10108,4880,18
10109,4880,13
10110,4881,20
10111,4881,13
10112,4881,15
10113,4881,9
10114,4882,24
10115,4883,32
10116,4883,13
10117,4883,11
10118,4884,11
10119,4885,7
10120,4885,26
10121,4886,16
10122,4887,21
10123,4887,11
10124,4888,22
10125,4889,18
10126,4889,21
10127,4889,12
10128,4890,1
10129,4890,25
10130,4891,31
10131,4891,6
10132,4891,21
10133,4891,14
10134,4892,6
10135,4893,16
10136,4893,4
10137,4893,23
10138,4894,30
10139,4894,5
10140,4895,30
10141,4896,29
10142,4897,29
10143,4897,18
10144,4897,24
10145,4898,4
10146,4898,12
10147,4899,12
10148,4899,31
10149,4900,20
10150,4900,9
10151,4901,5
10152,4901,4
10153,4902,18
10154,4903,25
10155,4904,21
10156,4904,7
10157,4905,22
10158,4905,2
10159,4906,3
10160,4907,32
10161,4907,13
10162,4907,25
10163,4907,22
10164,4908,9
10165,4909,20
10166,4910,17
10167,4910,4
10168,4910,32
10169,4911,13
10170,4912,13
10171,4912,23
10172,4912,8
10173,4913,28
10174,4914,3
10175,4915,5
10176,4916,10
10177,4917,11
10178,4917,4
10179,4918,21
10180,4919,28
10181,4919,2
10182,4920,11
10183,4920,29
10184,4920,5
10185,4921,15
10186,4922,30
10187,4922,5
10188,4923,10
10189,4924,20
10190,4924,22
10191,4925,24
10192,4925,17
10193,4926,8
10194,4926,13
10195,4927,22
10196,4927,10
10197,4928,12
10198,4929,23
10199,4929,25
10200,4929,20
10201,4930,7
10202,4930,14
10203,4931,8
10204,4931,13
10205,4932,2
10206,4933,4
10207,4934,16
10208,4934,2
10209,4934,30
10210,4935,8
10211,4935,2
10212,4936,28
10213,4937,16
10214,4937,26
10215,4937,1
10216,4938,5
10217,4939,30
10218,4939,23
10219,4940,23
10220,4941,25
10221,4942,10
10222,4943,13
10223,4944,3
10224,4944,32
10225,4944,24
10226,4944,20
10227,4945,11
10228,4946,19
10229,4946,2
10230,4946,5
10231,4947,17
10232,4947,23
10233,4948,3
10234,4948,4
10235,4949,18
10236,4949,14
10237,4950,3
10238,4951,5
10239,4952,30
10240,4952,17
10241,4953,13
10242,4954,13
10243,4955,27
10244,4956,17
10245,4956,23
10246,4957,13
10247,4958,8
10248,4958,3
10249,4959,21
10250,4960,28
10251,4960,17
10252,4961,21
10253,4962,3
10254,4962,29
10255,4963,16
10256,4963,9
10257,4963,11
10258,4964,6
10259,4965,9
10260,4965,17
10261,4966,9
10262,4967,14
10263,4967,26
10264,4967,13
10265,4968,11
10266,4969,25
10267,4969,24
10268,4969,5
10269,4970,3
10270,4971,16
10271,4972,8
10272,4972,26
10273,4973,19
10274,4973,14
10275,4974,10
10276,4974,23
10277,4975,9
10278,4975,32
10279,4976,21
10280,4977,29
10281,4977,4
10282,4977,13
10283,4978,10
10284,4978,26
10285,4979,9
10286,4979,25
10287,4979,20
10288,4980,14
10289,4981,23
10290,4981,19
10291,4982,14
10292,4982,3
10293,4983,21
10294,4983,11
10295,4984,32
10296,4985,8
10297,4986,9
10298,4986,6
10299,4986,7
10300,4987,7
10301,4987,21
10302,4988,18
10303,4988,13
10304,4989,9
10305,4989,13
10306,4990,21
10307,4990,20
10308,4991,27
10309,4991,16
10310,4992,17
10311,4993,6
10312,4993,22
10313,4994,6
10314,4994,28
10315,4995,14
10316,4996,24
10317,4997,2
10318,4997,5
10319,4997,9
10320,4998,10
10321,4999,2
10322,4999,6
10323,5000,23
10324,5000,30
10325,5001,4
10326,5001,9
10327,5001,15
10328,5002,13
10329,5003,14
10330,5003,13
10331,5003,3
10332,5003,9
10333,5004,5
10334,5005,13
10335,5005,27
10336,5006,25
10337,5006,3
10338,5007,14
10339,5007,12
10340,5007,13
10341,5008,29
10342,5008,5
10343,5009,31
10344,5009,29
10345,5009,17
10346,5010,12
10347,5011,9
10348,5012,3
10349,5012,29
10350,5012,2
10351,5013,7
10352,5013,17
10353,5013,13
10354,5014,2
10355,5014,3
10356,5015,5
10357,5015,30
10358,5015,4
10359,5016,23
10360,5016,27
10361,5017,19
10362,5017,15
10363,5018,29
10364,5018,13
10365,5018,11
10366,5019,9
10367,5019,30
10368,5020,8
10369,5020,29
10370,5021,16
10371,5022,10
10372,5023,22
10373,5024,14
10374,5024,6
10375,5024,18
10376,5024,9
10377,5025,19
10378,5025,11
10379,5025,17
10380,5025,8
10381,5026,30
10382,5026,6
10383,5027,2
10384,5027,16
10385,5027,13
10386,5028,21
10387,5028,22
10388,5028,17
10389,5029,29
10390,5029,25
10391,5029,17
10392,5029,5
10393,5030,8
10394,5031,7
10395,5031,30
10396,5032,8
10397,5033,30
10398,5034,8
10399,5035,2
10400,5035,10
10401,5036,2
10402,5036,22
10403,5037,9
10404,5037,18
10405,5038,18
10406,5038,13
10407,5039,4
10408,5040,7
10409,5040,4
10410,5040,23
10411,5040,13
10412,5041,5
10413,5041,19
10414,5042,19
10415,5043,5
10416,5043,29
10417,5044,13
10418,5045,20
10419,5045,24
10420,5045,2
10421,5046,13
10422,5046,3
10423,5047,28
10424,5047,22
10425,5047,32
10426,5048,4
10427,5049,25
10428,5049,9
10429,5049,16
10430,5050,6
10431,5050,22
10432,5050,14
10433,5051,11
10434,5051,8
10435,5051,13
10436,5052,7
10437,5052,30
10438,5052,26
10439,5053,9
10440,5053,22
10441,5053,25
10442,5053,31
10443,5054,2
10444,5054,17
10445,5054,29
10446,5055,4
10447,5055,19
10448,5056,13
10449,5057,24
10450,5057,7
10451,5057,8
10452,5058,19
10453,5058,25
10454,5059,16
10455,5060,7
10456,5060,19
10457,5061,14
10458,5062,19
10459,5062,13
10460,5062,10
10461,5063,6
10462,5064,19
10463,5064,30
10464,5064,9
10465,5065,18
10466,5066,28
10467,5066,31
10468,5067,16
10469,5067,13
10470,5068,6
10471,5068,9
10472,5069,13
10473,5069,17
10474,5069,26
10475,5069,31
10476,5070,14
10477,5070,2
10478,5070,19
10479,5071,32
10480,5072,17
10481,5073,26
10482,5073,15
10483,5073,8
10484,5074,4
10485,5074,27
10486,5074,18
10487,5075,13
10488,5075,21
10489,5076,30
10490,5077,13
10491,5077,11
10492,5078,3
10493,5079,16
10494,5079,13
10495,5079,20
10496,5080,22
10497,5080,2
10498,5081,1
10499,5081,6
10500,5082,29
10501,5083,4
10502,5083,5
10503,5084,26
10504,5085,26
10505,5086,18
10506,5087,22
10507,5087,32
10508,5088,20
10509,5088,28
10510,5088,11
10511,5089,26
10512,5090,5
10513,5090,9
10514,5090,24
10515,5091,13
10516,5092,31
10517,5092,8
10518,5093,2
10519,5093,15
10520,5093,26
10521,5094,25
10522,5094,20
10523,5095,16
10524,5095,20
10525,5096,29
10526,5096,22
10527,5097,26
10528,5098,2
10529,5098,17
10530,5098,23
10531,5099,20
10532,5100,23
10533,5101,32
10534,5101,25
10535,5102,5
10536,5102,16
10537,5103,5
10538,5103,16
10539,5104,22
10540,5104,23
10541,5104,16
10542,5105,6
10543,5106,32
10544,5106,9
10545,5106,11
10546,5107,13
10547,5107,28
10548,5107,8
10549,5108,18
10550,5108,29
10551,5108,9
10552,5109,23
10553,5110,26
10554,5110,32
10555,5111,14
10556,5111,18
10557,5111,7
10558,5112,27
10559,5112,25
10560,5112,28
10561,5112,8
10562,5113,14
10563,5113,23
10564,5114,30
10565,5114,26
10566,5114,11
10567,5114,6
10568,5115,13
10569,5115,10
10570,5116,3
10571,5116,22
10572,5116,17
10573,5116,8
10574,5117,22
10575,5117,14
10576,5117,8
10577,5118,19
10578,5118,4
10579,5119,13
10580,5120,28
10581,5120,25
10582,5120,30
10583,5120,14
10584,5121,28
10585,5121,12
10586,5122,3
10587,5122,13
10588,5122,28
10589,5123,13
10590,5123,20
10591,5124,18
10592,5124,30
10593,5124,19
10594,5124,32
10595,5125,14
10596,5125,3
10597,5126,8
10598,5127,10
10599,5128,25
10600,5128,12
10601,5128,4
10602,5129,14
10603,5130,9
10604,5131,9
10605,5131,6
10606,5131,19
10607,5132,6
10608,5132,8
10609,5132,16
10610,5133,9
10611,5133,29
10612,5134,6
10613,5135,22
10614,5135,5
10615,5135,21
10616,5136,25
10617,5136,27
10618,5136,8
10619,5137,22
10620,5137,28
10621,5138,2
10622,5138,9
10623,5139,4
10624,5139,11
10625,5140,7
10626,5141,17
10627,5141,24
10628,5141,11
10629,5142,7
10630,5143,10
10631,5144,30
10632,5145,8
10633,5146,24
10634,5146,32
10635,5147,32
10636,5147,3
10637,5147,14
10638,5148,22
10639,5149,3
10640,5149,32
10641,5150,26
10642,5151,9
10643,5151,20
10644,5151,23
10645,5152,28
10646,5152,8
10647,5152,30
10648,5153,30
10649,5153,6
10650,5154,16
10651,5154,13
10652,5155,5
10653,5155,22
10654,5156,30
10655,5157,30
10656,5158,24
10657,5158,12
10658,5159,2
10659,5159,30
10660,5160,12
10661,5160,5
10662,5160,18
10663,5161,4
10664,5161,18
10665,5162,31
10666,5162,14
10667,5163,30
10668,5164,8
10669,5164,29
10670,5165,24
10671,5165,12
10672,5166,29
10673,5167,4
10674,5167,8
10675,5167,15
10676,5167,10
10677,5168,14
10678,5169,9
10679,5170,22
10680,5171,22
10681,5171,23
10682,5172,15
10683,5173,23
10684,5174,14
10685,5174,24
10686,5175,31
10687,5175,26
10688,5175,7
10689,5176,17
10690,5176,25
10691,5177,1
10692,5177,22
10693,5178,14
10694,5178,32
10695,5179,32
10696,5179,28
10697,5180,18
10698,5181,8
10699,5182,31
10700,5182,21
10701,5183,18
10702,5183,29
10703,5183,14
10704,5184,30
10705,5184,13
10706,5184,9
10707,5185,2
10708,5185,25
10709,5185,5
10710,5185,26
10711,5186,12
10712,5186,28
10713,5187,11
10714,5187,26
10715,5188,27
10716,5189,10
10717,5189,9
10718,5190,29
10719,5190,9
10720,5190,8
10721,5191,5
10722,5191,13
10723,5191,11
10724,5192,14
10725,5192,19
10726,5193,10
10727,5194,12
10728,5195,3
10729,5195,12
10730,5196,22
10731,5197,17
10732,5198,6
10733,5198,25
10734,5199,5
10735,5200,20
10736,5201,16
10737,5201,8
10738,5201,26
10739,5201,11
10740,5202,17
10741,5202,22
10742,5202,13
10743,5202,18
10744,5203,15
10745,5203,25
10746,5203,13
10747,5204,17
10748,5204,13
10749,5205,18
10750,5205,5
10751,5205,23
10752,5206,9
10753,5206,16
10754,5207,14
10755,5207,7
10756,5208,3
10757,5208,26
10758,5209,14
10759,5209,28
10760,5209,31
10761,5209,12
10762,5210,12
10763,5210,8
10764,5210,9
10765,5211,2
10766,5211,22
10767,5212,11
10768,5212,25
10769,5213,9
10770,5214,25
10771,5214,3
10772,5215,15
10773,5215,6
10774,5216,23
10775,5216,9
10776,5217,8
10777,5217,27
10778,5218,29
10779,5218,4
10780,5219,23
10781,5219,9
10782,5219,29
10783,5220,11
10784,5220,28
10785,5221,18
10786,5221,15
10787,5221,13
10788,5222,5
10789,5222,30
10790,5223,9
10791,5223,11
10792,5224,13
10793,5224,24
10794,5224,23
10795,5224,21
10796,5225,30
10797,5225,2
10798,5226,29
10799,5226,14
10800,5227,26
10801,5227,9
10802,5227,31
10803,5227,25
10804,5228,14
10805,5228,26
10806,5229,3
10807,5229,21
10808,5230,13
10809,5230,22
10810,5231,31
10811,5231,4
10812,5231,27
10813,5232,7
10814,5233,9
10815,5233,30
10816,5233,13
10817,5234,2
10818,5234,5
10819,5235,16
10820,5235,17
10821,5235,18
10822,5236,19
10823,5237,4
10824,5237,23
10825,5237,20
10826,5238,19
10827,5239,3
10828,5239,24
10829,5240,9
10830,5240,22
10831,5241,7
10832,5241,18
10833,5241,23
10834,5242,11
10835,5242,9
10836,5242,17
10837,5242,23
10838,5243,20
10839,5244,12
10840,5244,23
10841,5244,10
10842,5244,13
10843,5245,10
10844,5245,26
10845,5246,8
10846,5247,25
10847,5247,27
10848,5247,18
10849,5247,29
10850,5248,28
10851,5248,12
10852,5248,18
10853,5249,23
10854,5250,25
10855,5250,18
10856,5251,8
10857,5252,25
10858,5253,25
10859,5253,9
10860,5254,9
10861,5254,19
10862,5254,8
10863,5255,18
10864,5255,28
10865,5256,30
10866,5257,22
10867,5257,24
10868,5257,20
10869,5257,8
10870,5258,22
10871,5259,24
10872,5260,31
10873,5260,23
10874,5261,14
10875,5261,18
10876,5261,26
10877,5261,27
10878,5262,27
10879,5263,26
10880,5264,29
10881,5264,22
10882,5265,31
10883,5265,3
10884,5266,15
10885,5266,21
10886,5266,17
10887,5266,22
10888,5267,26
10889,5267,18
10890,5268,3
10891,5268,30
10892,5268,9
10893,5268,17
10894,5269,13
10895,5270,15
10896,5270,1
10897,5271,26
10898,5271,22
10899,5272,19
10900,5272,11
10901,5273,14
10902,5273,9
10903,5273,3
10904,5274,22
10905,5275,10
10906,5276,23
10907,5276,17
10908,5276,9
10909,5277,23
10910,5277,6
10911,5277,26
10912,5277,22
10913,5278,23
10914,5279,5
10915,5279,8
10916,5279,15
10917,5279,12
10918,5280,11
10919,5281,19
10920,5281,2
10921,5282,22
10922,5283,5
10923,5283,29
10924,5283,20
10925,5284,9
10926,5284,30
10927,5285,28
10928,5285,4
10929,5285,13
10930,5286,8
10931,5286,17
10932,5287,31
10933,5287,11
10934,5288,25
10935,5289,3
10936,5289,7
10937,5290,13
10938,5291,18
10939,5291,7
10940,5292,13
10941,5292,12
10942,5292,11
10943,5292,8
10944,5293,22
10945,5294,21
10946,5295,23
10947,5295,26
10948,5295,13
10949,5295,11
10950,5296,18
10951,5296,11
10952,5296,19
10953,5297,9
10954,5298,26
10955,5299,31
10956,5299,2
10957,5300,5
10958,5301,22
10959,5302,20
10960,5302,3
10961,5303,9
10962,5303,29
10963,5304,32
10964,5304,9
10965,5305,31
10966,5306,1
10967,5307,23
10968,5308,16
10969,5309,3
10970,5309,32
10971,5310,28
10972,5310,14
10973,5310,19
10974,5310,26
10975,5311,32
10976,5311,29
10977,5312,14
10978,5313,21
10979,5313,16
10980,5314,25
10981,5314,30
10982,5315,8
10983,5315,2
10984,5315,7
10985,5316,15
10986,5316,14
10987,5317,20
10988,5317,7
10989,5317,29
10990,5318,14
10991,5318,4
10992,5319,10
10993,5320,23
10994,5320,18
10995,5321,30
10996,5321,31
10997,5322,13
10998,5322,3
10999,5322,30
11000,5322,19
11001,5323,27
11002,5323,2
11003,5323,29
11004,5324,28
11005,5324,3
11006,5325,13
11007,5326,14
11008,5327,25
11009,5327,29
11010,5328,7
11011,5328,31
11012,5328,30
11013,5328,25
11014,5329,14
11015,5329,11
11016,5330,14
11017,5330,12
11018,5331,22
11019,5331,16
11020,5332,5
11021,5333,13
11022,5333,27
11023,5334,19
11024,5334,25
11025,5335,9
11026,5335,11
11027,5336,19
11028,5337,20
11029,5338,27
11030,5338,13
11031,5338,14
11032,5339,6
11033,5339,9
11034,5340,16
11035,5340,12
11036,5340,27
11037,5340,18
11038,5341,10
11039,5341,13
11040,5341,27
11041,5342,20
11042,5342,8
11043,5343,26
11044,5343,8
11045,5343,13
11046,5344,4
11047,5344,5
11048,5344,15
11049,5345,26
11050,5346,2
11051,5346,20
11052,5347,7
11053,5348,25
11054,5349,2
11055,5350,22
11056,5350,10
11057,5351,13
11058,5351,32
11059,5352,29
11060,5352,13
11061,5352,11
11062,5353,29
11063,5353,10
11064,5353,15
11065,5354,15
11066,5354,4
11067,5355,5
11068,5355,19
11069,5356,13
11070,5356,26
11071,5357,24
11072,5357,18
11073,5358,20
11074,5359,11
11075,5359,28
11076,5359,10
11077,5360,27
11078,5360,22
11079,5361,3
11080,5361,19
11081,5361,8
11082,5362,25
11083,5362,22
11084,5363,5
11085,5363,18
11086,5363,15
11087,5364,4
11088,5364,32
11089,5365,2
11090,5365,18
11091,5366,10
11092,5366,18
11093,5367,3
11094,5368,29
11095,5369,8
11096,5369,27
11097,5370,20
11098,5370,4
11099,5371,11
11100,5371,1
11101,5371,22
11102,5372,19
11103,5372,13
11104,5372,27
11105,5373,14
11106,5373,22
11107,5374,2
11108,5375,20
11109,5375,13
11110,5375,17
11111,5376,22
11112,5377,19
11113,5378,4
11114,5379,6
11115,5379,22
11116,5379,29
11117,5380,28
11118,5380,8
11119,5380,20
11120,5381,11
11121,5381,18
11122,5381,27
11123,5382,11
11124,5383,11
11125,5383,29
11126,5384,18
11127,5384,14
11128,5385,25
11129,5385,31
11130,5386,26
11131,5386,18
11132,5386,13
11133,5387,32
11134,5387,22
11135,5387,4
11136,5388,5
11137,5388,25
11138,5389,7
11139,5389,17
11140,5389,25
11141,5390,13
11142,5390,19
11143,5391,25
11144,5391,19
11145,5391,13
11146,5391,31
11147,5392,24
11148,5392,23
11149,5393,27
11150,5393,29
11151,5394,27
11152,5394,4
11153,5395,18
11154,5395,22
11155,5396,2
11156,5397,27
11157,5397,21
11158,5397,16
11159,5398,2
11160,5399,12
11161,5399,3
11162,5399,5
11163,5400,25
11164,5400,9
11165,5400,32
11166,5400,23
11167,5401,4
11168,5401,30
11169,5402,23
11170,5402,19
11171,5403,18
11172,5403,30
11173,5403,22
11174,5404,15
11175,5405,17
11176,5405,23
11177,5406,4
11178,5406,24
11179,5407,29
11180,5407,17
11181,5407,28
11182,5408,17
11183,5409,22
11184,5409,28
11185,5410,5
11186,5410,9
11187,5411,20
11188,5411,28
11189,5411,30
11190,5412,4
11191,5413,9
11192,5414,14
11193,5414,22
11194,5415,25
11195,5415,6
11196,5415,17
11197,5416,14
11198,5416,9
11199,5416,17
11200,5417,20
11201,5417,2
11202,5417,17
11203,5418,22
11204,5419,24
11205,5420,30
11206,5420,7
11207,5420,3
11208,5421,10
11209,5422,9
11210,5422,11
11211,5422,19
11212,5423,28
11213,5423,18
11214,5424,9
11215,5424,12
11216,5425,25
11217,5426,31
11218,5426,22
11219,5426,12
11220,5427,2
11221,5427,23
11222,5428,8
11223,5428,10
11224,5428,5
11225,5429,16
11226,5429,23
11227,5429,17
11228,5430,26
11229,5430,32
11230,5430,27
11231,5431,9
11232,5431,16
11233,5432,8
11234,5433,3
11235,5433,12
11236,5433,22
11237,5434,11
11238,5434,26
11239,5435,8
11240,5436,12
11241,5437,13
11242,5438,6
11243,5439,28
11244,5440,20
11245,5440,30
11246,5440,16
11247,5441,13
11248,5441,10
11249,5442,4
11250,5443,2
11251,5443,3
11252,5443,6
11253,5443,17
11254,5444,26
11255,5444,9
11256,5444,14
11257,5444,25
11258,5445,10
11259,5445,21
11260,5446,26
11261,5446,13
11262,5447,5
11263,5447,25
11264,5447,9
11265,5448,2
11266,5448,28
11267,5448,4
11268,5449,30
11269,5450,29
11270,5450,31
11271,5451,18
11272,5451,2
11273,5451,5
11274,5452,27
11275,5452,17
11276,5453,19
11277,5454,22
11278,5454,23
11279,5455,19
11280,5456,10
11281,5457,22
11282,5457,25
11283,5457,10
11284,5458,27
11285,5459,22
11286,5459,14
11287,5459,13
11288,5459,9
11289,5460,1
11290,5461,13
11291,5462,10
11292,5463,14
11293,5464,16
11294,5464,17
11295,5464,26
11296,5465,6
11297,5465,5
11298,5465,29
11299,5466,17
11300,5466,26
11301,5466,10
11302,5467,2
11303,5467,18
11304,5468,2
11305,5469,4
11306,5470,10
11307,5470,3
11308,5470,30
11309,5470,4
11310,5471,23
11311,5471,20
11312,5471,16
11313,5472,8
11314,5473,16
11315,5474,5
11316,5474,25
11317,5474,14
11318,5475,13
11319,5476,6
11320,5476,5
11321,5476,32
11322,5477,32
11323,5477,1
11324,5477,8
11325,5477,17
11326,5478,25
11327,5479,15
11328,5480,31
11329,5481,29
11330,5481,2
11331,5481,10
11332,5482,16
11333,5483,15
11334,5484,3
11335,5484,14
11336,5484,6
11337,5484,19
11338,5485,18
11339,5485,20
11340,5485,29
11341,5485,30
11342,5486,30
11343,5487,32
11344,5488,29
11345,5488,8
11346,5489,13
11347,5489,22
11348,5490,25
11349,5490,7
11350,5491,8
11351,5491,30
11352,5492,10
11353,5492,32
11354,5493,28
11355,5493,24
11356,5493,18
11357,5494,17
11358,5494,23
11359,5495,31
11360,5495,22
11361,5496,29
11362,5496,26
11363,5497,9
11364,5497,18
11365,5498,29
11366,5498,18
11367,5499,25
11368,5500,9
11369,5501,29
11370,5502,29
11371,5502,11
11372,5502,8
11373,5503,8
11374,5503,18
11375,5504,4
11376,5504,19
11377,5505,2
11378,5506,30
11379,5507,30
11380,5507,8
11381,5508,25
11382,5509,31
11383,5509,27
11384,5509,2
11385,5510,21
11386,5511,31
11387,5511,15
11388,5512,8
11389,5513,22
11390,5514,17
11391,5515,16
11392,5515,31
11393,5515,10
11394,5516,9
11395,5516,18
11396,5517,16
11397,5518,4
11398,5518,29
11399,5518,13
11400,5519,17
11401,5519,19
11402,5520,32
11403,5520,3
11404,5520,10
11405,5520,4
11406,5521,27
11407,5521,22
11408,5521,15
11409,5521,6
11410,5522,22
11411,5523,32
11412,5523,14
11413,5524,20
11414,5524,3
11415,5525,29
11416,5526,4
11417,5527,15
11418,5527,17
11419,5527,12
11420,5528,12
11421,5528,29
11422,5529,28
11423,5529,2
11424,5529,13
11425,5529,10
11426,5530,5
11427,5531,3
11428,5531,22
11429,5532,4
11430,5533,27
11431,5534,2
11432,5535,28
11433,5536,12
11434,5536,28
11435,5536,9
11436,5537,32
11437,5537,9
11438,5538,26
11439,5539,26
11440,5539,4
11441,5539,23
11442,5539,9
11443,5540,17
11444,5540,28
11445,5540,8
11446,5540,2
11447,5541,7
11448,5542,17
11449,5542,8
11450,5543,31
11451,5543,11
11452,5543,5
11453,5544,22
11454,5545,24
11455,5545,8
11456,5545,25
11457,5545,4
11458,5546,6
11459,5547,13
11460,5548,10
11461,5548,23
11462,5549,12
11463,5550,6
11464,5550,10
11465,5551,13
11466,5551,30
11467,5551,25
11468,5552,16
11469,5552,8
11470,5553,19
11471,5554,12
11472,5555,27
11473,5555,8
11474,5556,12
11475,5556,24
11476,5557,10
11477,5557,27
11478,5557,8
11479,5558,31
11480,5559,14
11481,5559,13
11482,5560,6
11483,5560,29
11484,5560,15
11485,5561,10
11486,5562,2
11487,5562,26
11488,5563,11
11489,5563,6
11490,5563,5
11491,5563,23
11492,5564,2
11493,5565,14
11494,5565,31
11495,5566,10
11496,5567,3
11497,5567,9
11498,5568,20
11499,5568,30
11500,5569,13
11501,5569,23
11502,5570,27
11503,5571,20
11504,5571,29
11505,5571,8
11506,5572,2
11507,5573,27
11508,5573,9
11509,5574,19
11510,5574,8
11511,5574,4
11512,5575,21
11513,5575,30
11514,5575,11
11515,5576,9
11516,5576,4
11517,5576,2
11518,5577,8
11519,5577,21
11520,5577,20
11521,5578,23
11522,5578,13
11523,5578,18
11524,5579,17
11525,5579,12
11526,5580,13
11527,5580,12
11528,5580,16
11529,5581,8
11530,5581,9
11531,5581,18
11532,5582,20
11533,5582,18
11534,5583,23
11535,5583,9
11536,5583,12
11537,5584,6
11538,5585,32
11539,5585,24
11540,5586,8
11541,5586,17
11542,5586,26
11543,5587,17
11544,5587,19
11545,5588,22
11546,5588,11
11547,5589,29
11548,5589,14
11549,5589,28
11550,5590,29
11551,5590,15
11552,5590,7
11553,5591,3
11554,5591,17
11555,5592,1
11556,5592,28
11557,5593,17
11558,5593,25
11559,5593,29
11560,5593,9
11561,5594,27
11562,5595,29
11563,5595,22
11564,5595,28
11565,5596,13
11566,5596,3
11567,5596,23
11568,5597,19
11569,5597,15
11570,5598,14
11571,5599,28
11572,5600,24
11573,5600,20
11574,5600,25
11575,5601,21
11576,5601,8
11577,5601,3
11578,5602,27
11579,5602,12
11580,5602,3
11581,5603,7
11582,5604,9
11583,5604,3
11584,5605,2
11585,5605,10
11586,5606,9
11587,5606,31
11588,5606,20
11589,5607,23
11590,5607,27
11591,5608,3
11592,5609,11
11593,5609,30
11594,5610,25
11595,5610,8
11596,5611,25
11597,5611,23
11598,5611,29
11599,5612,3
11600,5613,3
11601,5614,2
11602,5615,23
11603,5616,15
11604,5617,13
11605,5617,14
11606,5618,15
11607,5619,9
11608,5619,8
11609,5619,21
11610,5620,26
11611,5620,25
11612,5620,14
11613,5620,19
11614,5621,13
11615,5621,2
11616,5622,31
11617,5623,29
11618,5623,26
11619,5624,3
11620,5624,19
11621,5625,3
11622,5625,8
11623,5626,22
11624,5626,25
11625,5627,28
11626,5627,18
11627,5628,1
11628,5628,29
11629,5629,26
11630,5629,2
11631,5629,16
11632,5630,4
11633,5630,29
11634,5630,24
11635,5631,5
11636,5632,18
11637,5632,8
11638,5632,31
11639,5633,11
11640,5633,27
11641,5634,30
11642,5635,25
11643,5635,29
11644,5636,18
11645,5636,25
11646,5636,24
11647,5637,25
11648,5638,14
11649,5638,17
11650,5638,15
11651,5638,3
11652,5639,4
11653,5639,20
11654,5640,30
11655,5640,32
11656,5640,9
11657,5641,6
11658,5642,4
11659,5643,25
11660,5643,29
11661,5644,30
11662,5644,17
11663,5644,13
11664,5644,14
11665,5645,3
11666,5646,2
11667,5646,25
11668,5646,26
11669,5647,10
11670,5648,13
11671,5648,11
11672,5648,31
11673,5649,30
11674,5649,6
11675,5649,23
11676,5650,22
11677,5650,25
11678,5650,29
11679,5651,9
11680,5651,17
11681,5651,11
11682,5652,12
11683,5652,27
11684,5653,32
11685,5653,7
11686,5654,9
11687,5655,14
11688,5655,9
11689,5655,13
11690,5656,22
11691,5657,10
11692,5657,14
11693,5658,27
11694,5658,31
11695,5658,6
11696,5659,22
11697,5659,20
11698,5660,2
11699,5660,4
11700,5661,14
11701,5661,27
11702,5662,15
11703,5662,11
11704,5662,29
11705,5663,24
11706,5664,16
11707,5664,8
11708,5665,29
11709,5666,20
11710,5666,9
11711,5666,23
11712,5667,14
11713,5667,28
11714,5667,25
11715,5668,2
11716,5668,6
11717,5669,19
11718,5669,14
11719,5669,22
11720,5670,19
11721,5670,29
11722,5670,21
11723,5671,23
11724,5672,13
11725,5673,19
11726,5673,28
11727,5673,32
11728,5674,21
11729,5674,27
11730,5674,24
11731,5674,29
11732,5675,15
11733,5675,30
11734,5676,26
11735,5677,4
11736,5677,8
11737,5678,16
11738,5679,21
11739,5679,7
11740,5680,15
11741,5680,8
11742,5680,30
11743,5680,25
11744,5681,25
11745,5681,14
11746,5681,11
11747,5682,17
11748,5682,10
11749,5682,16
11750,5683,19
11751,5683,26
11752,5684,22
11753,5684,12
11754,5684,9
11755,5684,3
11756,5685,2
11757,5685,21
11758,5686,9
11759,5686,13
11760,5686,25
11761,5687,18
11762,5687,13
11763,5687,29
11764,5688,18
11765,5688,32
11766,5689,31
11767,5690,30
11768,5690,23
11769,5691,13
11770,5692,6
11771,5692,5
11772,5693,19
11773,5693,24
11774,5693,13
11775,5694,16
11776,5694,13
11777,5695,21
11778,5695,22
11779,5696,31
11780,5696,27
11781,5696,20
11782,5696,1
11783,5697,26
11784,5698,13
11785,5698,25
11786,5699,13
11787,5700,31
11788,5700,4
11789,5701,4
11790,5701,30
11791,5702,25
11792,5702,4
11793,5703,6
11794,5703,3
11795,5704,9
11796,5705,5
11797,5705,18
11798,5706,29
11799,5706,11
11800,5706,18
11801,5707,8
11802,5708,28
11803,5708,13
11804,5709,14
11805,5709,24
11806,5710,25
11807,5710,5
11808,5710,26
11809,5711,22
11810,5712,26
11811,5712,3
11812,5713,28
11813,5713,10
11814,5714,5
11815,5715,5
11816,5715,2
11817,5716,13
11818,5716,10
11819,5717,13
11820,5717,8
11821,5718,20
11822,5719,28
11823,5720,28
11824,5720,26
11825,5720,14
11826,5720,8
11827,5721,4
11828,5721,9
11829,5722,14
11830,5722,9
11831,5722,19
11832,5723,28
11833,5723,15
11834,5723,4
11835,5724,27
11836,5725,14
11837,5725,29
11838,5725,5
11839,5725,8
11840,5726,22
11841,5726,26
11842,5726,24
11843,5727,10
11844,5727,8
11845,5727,24
11846,5728,24
11847,5728,28
11848,5728,3
11849,5729,23
11850,5729,5
11851,5730,19
11852,5730,11
11853,5731,3
11854,5731,17
11855,5732,9
11856,5732,18
11857,5733,16
11858,5733,11
11859,5734,30
11860,5734,16
11861,5734,26
11862,5735,11
11863,5735,19
11864,5736,18
11865,5736,19
11866,5736,7
11867,5736,30
11868,5737,12
11869,5738,24
11870,5739,6
11871,5739,2
11872,5739,5
11873,5739,21
11874,5740,5
11875,5740,25
11876,5741,14
11877,5741,11
11878,5741,9
11879,5742,24
11880,5743,23
11881,5743,14
11882,5744,13
11883,5744,30
11884,5745,14
11885,5745,7
11886,5745,25
11887,5745,9
11888,5746,9
11889,5746,30
11890,5747,2
11891,5747,22
11892,5747,29
11893,5748,24
11894,5748,30
11895,5749,28
11896,5749,8
11897,5750,13
11898,5750,8
11899,5751,16
11900,5751,24
11901,5751,4
11902,5752,6
11903,5752,13
11904,5752,23
11905,5753,2
11906,5753,8
11907,5754,26
11908,5755,12
11909,5756,22
11910,5756,13
11911,5757,5
11912,5758,18
11913,5759,11
11914,5760,18
11915,5760,11
11916,5761,29
11917,5761,15
11918,5762,3
11919,5762,11
11920,5763,19
11921,5763,12
11922,5764,17
11923,5764,19
11924,5765,29
11925,5765,25
11926,5765,9
11927,5766,7
11928,5766,14
11929,5766,23
11930,5767,20
11931,5767,25
11932,5768,25
11933,5769,14
11934,5769,25
11935,5769,1
11936,5770,5
11937,5770,18
11938,5771,22
11939,5771,23
11940,5772,6
11941,5772,23
11942,5773,4
11943,5773,8
11944,5774,25
11945,5774,2
11946,5775,28
11947,5775,24
11948,5776,26
11949,5776,13
11950,5777,22
11951,5777,21
11952,5778,18
11953,5778,31
11954,5778,24
11955,5778,17
11956,5779,9
11957,5779,4
11958,5780,18
11959,5781,25
11960,5782,11
11961,5783,23
11962,5783,11
11963,5783,31
11964,5784,24
11965,5785,17
11966,5786,23
11967,5786,25
11968,5787,24
11969,5787,13
11970,5787,7
11971,5788,24
11972,5788,18
11973,5789,6
11974,5789,22
11975,5789,14
11976,5790,4
11977,5790,23
11978,5791,14
11979,5792,26
11980,5792,17
11981,5792,14
11982,5793,10
11983,5794,9
11984,5794,30
11985,5795,1
11986,5796,25
11987,5796,26
11988,5797,31
11989,5797,24
11990,5797,15
11991,5798,22
11992,5799,14
11993,5800,26
11994,5800,12
11995,5800,4
11996,5801,13
11997,5802,7
11998,5803,28
11999,5803,30
12000,5804,14
12001,5805,14
12002,5806,22
12003,5806,26
12004,5807,3
12005,5807,32
12006,5808,29
12007,5809,14
12008,5809,32
12009,5810,2
12010,5810,13
12011,5811,12
12012,5811,17
12013,5812,6
12014,5812,4
12015,5813,17
12016,5814,12
12017,5814,27
12018,5815,13
12019,5816,16
12020,5816,28
12021,5816,22
12022,5816,9
12023,5817,9
12024,5818,27
12025,5818,8
12026,5819,10
12027,5819,27
12028,5820,25
12029,5820,13
12030,5821,28
12031,5822,22
12032,5822,1
12033,5823,4
12034,5823,20
12035,5824,18
12036,5824,19
12037,5825,19
12038,5825,21
12039,5825,15
12040,5826,17
12041,5826,18
12042,5827,27
12043,5828,20
12044,5829,19
12045,5829,4
12046,5830,4
12047,5830,17
12048,5831,24
12049,5832,24
12050,5832,4
12051,5833,17
12052,5834,22
12053,5834,11
12054,5834,5
12055,5835,10
12056,5835,25
12057,5836,22
12058,5836,20
12059,5837,4
12060,5838,27
12061,5838,28
12062,5838,11
12063,5839,16
12064,5839,3
12065,5840,20
12066,5841,29
12067,5841,18
12068,5841,5
12069,5842,23
12070,5842,25
12071,5843,30
12072,5843,26
12073,5844,12
12074,5844,20
12075,5844,30
12076,5845,13
12077,5845,4
12078,5846,5
12079,5846,14
12080,5847,20
12081,5847,11
12082,5847,13
12083,5848,14
12084,5848,15
12085,5849,9
12086,5849,23
12087,5849,13
12088,5850,28
12089,5850,32
12090,5851,5
12091,5852,2
12092,5852,8
12093,5852,13
12094,5853,11
12095,5853,19
12096,5853,27
12097,5854,14
12098,5854,21
12099,5854,10
12100,5855,10
12101,5855,9
12102,5856,17
12103,5857,32
12104,5857,8
12105,5857,31
12106,5858,4
12107,5858,5
12108,5859,11
12109,5859,17
12110,5860,15
12111,5860,26
12112,5861,12
12113,5861,8
12114,5861,3
12115,5862,11
12116,5863,13
12117,5863,18
12118,5864,11
12119,5864,14
12120,5865,14
12121,5865,24
12122,5866,25
12123,5866,10
12124,5867,4
12125,5867,11
12126,5867,6
12127,5868,21
12128,5868,17
12129,5868,23
12130,5869,21
12131,5869,9
12132,5869,27
12133,5869,2
12134,5870,14
12135,5870,29
12136,5871,23
12137,5871,31
12138,5872,14
12139,5872,13
12140,5872,6
12141,5873,2
12142,5873,14
12143,5873,16
12144,5874,9
12145,5875,8
12146,5875,13
12147,5876,16
12148,5876,9
12149,5876,27
12150,5877,24
12151,5878,18
12152,5878,8
12153,5878,15
12154,5878,5
12155,5879,4
12156,5879,8
12157,5879,23
12158,5880,8
12159,5880,29
12160,5880,9
12161,5880,20
12162,5881,24
12163,5882,15
12164,5882,22
12165,5883,16
12166,5883,22
12167,5883,29
12168,5883,26
12169,5884,8
12170,5884,22
12171,5884,14
12172,5884,13
12173,5885,23
12174,5885,4
12175,5885,30
12176,5886,25
12177,5886,16
12178,5887,20
12179,5887,17
12180,5887,10
12181,5888,20
12182,5888,23
12183,5889,15
12184,5889,19
12185,5889,4
12186,5890,19
12187,5891,31
12188,5891,27
12189,5892,21
12190,5892,20
12191,5893,19
12192,5893,29
12193,5893,7
12194,5893,8
12195,5894,26
12196,5894,4
12197,5894,17
12198,5895,28
12199,5895,25
12200,5896,30
12201,5896,25
12202,5896,22
12203,5896,31
12204,5897,28
12205,5897,17
12206,5898,19
12207,5898,17
12208,5899,2
12209,5900,13
12210,5901,3
12211,5901,8
12212,5902,5
12213,5902,4
12214,5903,7
12215,5904,32
12216,5904,13
12217,5904,4
12218,5905,8
12219,5905,7
12220,5905,18
12221,5906,15
12222,5906,3
12223,5907,20
12224,5907,18
12225,5907,28
12226,5908,2
12227,5909,31
12228,5910,18
12229,5910,25
12230,5911,3
12231,5911,25
12232,5912,31
12233,5913,13
12234,5913,5
12235,5914,14
12236,5914,16
12237,5914,6
12238,5915,30
12239,5915,8
12240,5915,10
12241,5915,11
12242,5916,32
12243,5916,23
12244,5917,24
12245,5918,29
12246,5918,20
12247,5918,22
12248,5918,10
12249,5919,21
12250,5919,28
12251,5919,23
12252,5920,31
12253,5920,3
12254,5921,29
12255,5921,2
12256,5921,25
12257,5922,2
12258,5923,28
12259,5923,9
12260,5923,31
12261,5924,8
12262,5924,23
12263,5925,9
12264,5926,9
12265,5926,3
12266,5927,21
12267,5928,10
12268,5928,20
12269,5929,17
12270,5930,28
12271,5930,13
12272,5930,27
12273,5931,25
12274,5931,15
12275,5931,28
12276,5932,24
12277,5932,30
12278,5933,31
12279,5933,21
12280,5933,7
12281,5934,4
12282,5935,29
12283,5936,5
12284,5936,23
12285,5937,29
12286,5937,25
12287,5937,32
12288,5938,16
12289,5938,18
12290,5938,9
12291,5939,9
12292,5940,28
12293,5941,19
12294,5941,26
12295,5941,20
12296,5941,14
12297,5942,21
12298,5942,4
12299,5943,7
12300,5943,4
12301,5944,3
12302,5944,14
12303,5945,17
12304,5945,22
12305,5945,25
12306,5945,14
12307,5946,30
12308,5946,8
12309,5946,17
12310,5947,14
12311,5947,4
12312,5948,15
12313,5948,7
12314,5948,18
12315,5949,8
12316,5949,23
12317,5950,25
12318,5950,16
12319,5950,23
12320,5951,22
12321,5951,24
12322,5952,2
12323,5952,5
12324,5953,18
12325,5953,14
12326,5954,9
12327,5955,14
12328,5955,32
12329,5956,8
12330,5957,2
12331,5957,19
12332,5958,21
12333,5958,2
12334,5959,31
12335,5959,14
12336,5959,30
12337,5959,27
12338,5960,19
12339,5960,22
12340,5961,13
12341,5961,21
12342,5961,26
12343,5962,22
12344,5962,16
12345,5963,23
12346,5964,1
12347,5964,23
12348,5965,13
12349,5966,13
12350,5966,15
12351,5966,22
12352,5967,13
12353,5968,24
12354,5968,16
12355,5968,13
12356,5968,28
12357,5969,23
12358,5969,29
12359,5970,8
12360,5970,18
12361,5970,9
12362,5971,10
12363,5971,2
12364,5971,17
12365,5971,8
12366,5972,12
12367,5973,2
12368,5973,3
12369,5974,13
12370,5975,23
12371,5975,13
12372,5975,25
12373,5976,27
12374,5976,11
12375,5977,21
12376,5977,14
12377,5977,4
12378,5977,25
12379,5978,31
12380,5979,6
12381,5979,22
12382,5980,14
12383,5980,8
12384,5981,26
12385,5981,31
12386,5982,31
12387,5983,5
12388,5984,25
12389,5984,23
12390,5985,14
12391,5985,5
12392,5986,19
12393,5987,20
12394,5987,19
12395,5987,22
12396,5988,25
12397,5988,8
12398,5988,26
12399,5989,9
12400,5989,8
12401,5990,14
12402,5990,17
12403,5991,26
12404,5991,17
12405,5992,6
12406,5992,17
12407,5992,31
12408,5993,28
12409,5994,17
12410,5994,29
12411,5995,7
12412,5995,5
12413,5996,16
12414,5996,26
12415,5997,23
12416,5997,20
12417,5998,31
12418,5998,9
12419,5999,5
12420,5999,18
12421,6000,13
12422,6000,17
12423,6001,19
12424,6001,2
12425,6001,8
12426,6002,19
12427,6003,20
12428,6003,12
12429,6003,17
12430,6004,32
12431,6004,6
12432,6005,14
12433,6005,17
12434,6006,14
12435,6006,24
12436,6007,25
12437,6007,28
12438,6008,22
12439,6008,9
12440,6008,19
12441,6008,3
12442,6009,32
12443,6009,2
12444,6009,22
12445,6009,14
12446,6010,16
12447,6010,25
12448,6010,29
12449,6010,8
12450,6011,8
12451,6012,2
12452,6012,14
12453,6013,5
12454,6013,23
12455,6013,9
12456,6014,18
12457,6015,8
12458,6015,12
12459,6016,9
12460,6016,19
12461,6017,26
12462,6017,24
12463,6018,5
12464,6019,13
12465,6019,30
12466,6020,8
12467,6020,15
12468,6020,27
12469,6020,19
12470,6021,25
12471,6021,26
12472,6022,17
12473,6022,2
12474,6023,18
12475,6023,22
12476,6024,8
12477,6025,23
12478,6025,17
12479,6026,1
12480,6026,18
12481,6026,26
12482,6027,14
12483,6027,29
12484,6027,30
12485,6027,18
12486,6028,31
12487,6028,21
12488,6028,28
12489,6029,2
12490,6029,11
12491,6030,20
12492,6030,11
12493,6030,25
12494,6031,12
12495,6031,19
12496,6031,13
12497,6032,10
12498,6033,9
12499,6033,13
12500,6033,10
12501,6034,4
12502,6034,3
12503,6035,29
12504,6035,19
12505,6036,5
12506,6036,6
12507,6037,11
12508,6037,29
12509,6038,4
12510,6038,32
12511,6038,30
12512,6039,2
12513,6040,2
12514,6041,13
12515,6041,3
12516,6042,27
12517,6042,26
12518,6042,32
12519,6043,25
12520,6043,23
12521,6044,9
12522,6044,17
12523,6045,11
12524,6046,9
12525,6047,22
12526,6048,14
12527,6049,3
12528,6049,25
12529,6049,29
12530,6050,28
12531,6050,3
12532,6051,28
12533,6051,29
12534,6052,30
12535,6052,13
12536,6053,12
12537,6053,18
12538,6053,28
12539,6054,6
12540,6054,5
12541,6054,9
12542,6055,30
12543,6055,12
12544,6056,5
12545,6057,31
12546,6057,32
12547,6058,25
12548,6058,8
12549,6059,18
12550,6059,13
12551,6059,4
12552,6060,18
12553,6060,8
12554,6061,9
12555,6061,4
12556,6061,14
12557,6061,11
12558,6062,15
12559,6062,12
12560,6062,22
12561,6062,25
12562,6063,23
12563,6063,2
12564,6064,26
12565,6064,13
12566,6065,25
12567,6066,17
12568,6066,16
12569,6066,2
12570,6067,22
12571,6067,3
12572,6067,26
12573,6068,22
12574,6068,18
12575,6068,19
12576,6068,27
12577,6069,9
12578,6070,14
12579,6071,17
12580,6071,19
12581,6071,18
12582,6072,18
12583,6073,1
12584,6073,21
12585,6073,18
12586,6073,3
12587,6074,16
12588,6075,13
12589,6076,30
12590,6077,18
12591,6077,6
12592,6077,13
12593,6078,24
12594,6079,32
12595,6079,18
12596,6080,20
12597,6080,18
12598,6081,9
12599,6081,31
12600,6082,9
12601,6082,30
12602,6083,12
12603,6083,11
12604,6083,3
12605,6084,29
12606,6084,21
12607,6084,30
12608,6085,13
12609,6085,17
12610,6086,15
12611,6086,11
12612,6087,8
12613,6087,28
12614,6088,2
12615,6088,13
12616,6088,32
12617,6088,19
12618,6089,9
12619,6089,13
12620,6089,4
12621,6089,2
12622,6090,27
12623,6091,22
12624,6091,24
12625,6091,29
12626,6091,3
12627,6092,13
12628,6093,27
12629,6093,2
12630,6094,2
12631,6094,17
12632,6095,13
12633,6095,14
12634,6096,17
12635,6096,18
12636,6097,15
12637,6097,23
12638,6097,9
12639,6098,19
12640,6099,8
12641,6099,6
12642,6100,19
12643,6100,23
12644,6101,6
12645,6101,23
12646,6102,18
12647,6102,30
12648,6102,13
12649,6103,19
12650,6103,2
12651,6103,14
12652,6104,9
12653,6104,3
12654,6104,25
12655,6104,28
12656,6105,22
12657,6106,4
12658,6107,20
12659,6108,14
12660,6109,22
12661,6109,9
12662,6110,32
12663,6110,30
12664,6111,8
12665,6112,9
12666,6112,20
12667,6112,32
12668,6113,32
12669,6114,6
12670,6114,16
12671,6115,26
12672,6115,8
12673,6115,13
12674,6116,7
12675,6116,14
12676,6116,21
12677,6117,14
12678,6117,13
12679,6117,29
12680,6118,13
12681,6118,17
12682,6119,31
12683,6119,29
12684,6119,2
12685,6120,13
12686,6121,22
12687,6121,29
12688,6122,8
12689,6122,5
12690,6123,13
12691,6123,29
12692,6124,28
12693,6124,9
12694,6124,22
12695,6124,32
12696,6125,31
12697,6125,14
12698,6125,4
12699,6126,31
12700,6126,14
12701,6127,23
12702,6127,9
12703,6127,30
12704,6127,29
12705,6128,28
12706,6128,31
12707,6129,22
12708,6130,31
12709,6130,27
12710,6130,30
12711,6131,13
12712,6132,22
12713,6132,12
12714,6132,4
12715,6133,1
12716,6134,29
12717,6134,13
12718,6134,5
12719,6135,14
12720,6135,18
12721,6136,25
12722,6137,9
12723,6137,28
12724,6138,8
12725,6138,30
12726,6139,14
12727,6139,19
12728,6140,20
12729,6140,2
12730,6140,22
12731,6141,30
12732,6142,9
12733,6142,26
12734,6142,4
12735,6143,8
12736,6143,14
12737,6144,27
12738,6145,4
12739,6145,22
12740,6146,13
12741,6147,17
12742,6148,23
12743,6148,17
12744,6149,13
12745,6150,4
12746,6151,20
12747,6151,3
12748,6152,12
12749,6152,5
12750,6152,4
12751,6152,14
12752,6153,16
12753,6154,8
12754,6155,31
12755,6155,18
12756,6156,7
12757,6157,25
12758,6158,24
12759,6158,15
12760,6158,13
12761,6159,31
12762,6159,13
12763,6160,7
12764,6161,12
12765,6161,30
12766,6162,30
12767,6162,9
12768,6162,8
12769,6163,11
12770,6163,22
12771,6163,16
12772,6164,14
12773,6165,2
12774,6165,14
12775,6166,6
12776,6166,20
12777,6167,16
12778,6168,14
12779,6168,19
12780,6169,3
12781,6169,5
12782,6169,29
12783,6170,9
12784,6170,11
12785,6170,4
12786,6171,11
12787,6172,3
12788,6172,29
12789,6173,10
12790,6173,13
12791,6174,31
12792,6175,18
12793,6176,31
12794,6177,4
12795,6177,14
12796,6177,29
12797,6178,13
12798,6178,19
12799,6179,10
12800,6180,9
12801,6181,12
12802,6181,7
12803,6182,13
12804,6183,9
12805,6183,30
12806,6184,22
12807,6185,3
12808,6186,8
12809,6186,15
12810,6186,29
12811,6187,1
12812,6187,20
12813,6188,3
12814,6189,3
12815,6189,20
12816,6190,18
12817,6190,15
12818,6191,31
12819,6192,4
12820,6192,19
12821,6193,13
12822,6193,17
12823,6194,16
12824,6195,18
12825,6196,15
12826,6196,19
12827,6196,14
12828,6196,3
12829,6197,3
12830,6197,9
12831,6197,29
12832,6198,3
12833,6198,26
12834,6199,5
12835,6199,15
12836,6200,8
12837,6201,26
12838,6201,19
12839,6201,14
12840,6202,11
12841,6203,9
12842,6203,12
12843,6203,22
12844,6204,1
12845,6204,12
12846,6205,22
12847,6205,20
12848,6205,17
12849,6206,15
12850,6206,8
12851,6206,2
12852,6207,26
12853,6207,9
12854,6208,26
12855,6208,14
12856,6208,6
12857,6208,25
12858,6209,14
12859,6210,3
12860,6210,27
12861,6210,6
12862,6211,29
12863,6211,11
12864,6212,15
12865,6213,11
12866,6213,5
12867,6214,26
12868,6214,29
12869,6215,8
12870,6216,26
12871,6216,12
12872,6216,8
12873,6216,31
12874,6217,8
12875,6217,10
12876,6218,8
12877,6218,22
12878,6219,19
12879,6219,10
12880,6219,14
12881,6220,26
12882,6220,23
12883,6221,20
12884,6221,14
12885,6222,28
12886,6222,23
12887,6223,22
12888,6224,29
12889,6225,4
12890,6225,3
12891,6226,4
12892,6226,8
12893,6227,11
12894,6227,3
12895,6228,25
12896,6228,23
12897,6229,29
12898,6229,7
12899,6229,2
12900,6229,13
12901,6230,21
12902,6230,22
12903,6231,17
12904,6232,27
12905,6233,20
12906,6233,17
12907,6234,30
12908,6234,10
12909,6235,18
12910,6235,6
12911,6235,11
12912,6236,9
12913,6236,16
12914,6237,9
12915,6238,12
12916,6238,13
12917,6239,17
12918,6240,17
12919,6240,29
12920,6240,22
12921,6241,8
12922,6241,16
12923,6241,14
12924,6242,3
12925,6242,4
12926,6242,1
12927,6243,20
12928,6244,21
12929,6245,31
12930,6245,16
12931,6245,25
12932,6245,21
12933,6246,9
12934,6246,3
12935,6247,17
12936,6248,11
12937,6248,22
12938,6248,25
12939,6249,14
12940,6249,18
12941,6249,17
12942,6250,20
12943,6250,29
12944,6251,18
12945,6251,5
12946,6251,6
12947,6251,28
12948,6252,20
12949,6253,12
12950,6254,25
12951,6255,3
12952,6256,8
12953,6257,25
12954,6257,14
12955,6257,27
12956,6257,30
12957,6258,17
12958,6258,18
12959,6259,23
12960,6259,31
12961,6260,9
12962,6260,4
12963,6260,12
12964,6260,25
12965,6261,4
12966,6261,18
12967,6262,3
12968,6262,26
12969,6263,6
12970,6263,29
12971,6263,23
12972,6264,12
12973,6265,7
12974,6265,28
12975,6266,17
12976,6266,5
12977,6267,12
12978,6268,9
12979,6269,6
12980,6270,20
12981,6270,13
12982,6270,32
12983,6271,10
12984,6272,29
12985,6272,4
12986,6273,9
12987,6273,5
12988,6274,16
12989,6274,28
12990,6275,16
12991,6275,2
12992,6276,4
12993,6276,5
12994,6276,12
12995,6277,8
12996,6277,14
12997,6278,8
12998,6279,22
12999,6280,12
13000,6281,20
13001,6282,8
13002,6283,24
13003,6283,23
13004,6284,28
13005,6285,14
13006,6285,18
13007,6285,9
13008,6286,18
13009,6287,12
13010,6287,5
13011,6288,30
13012,6288,24
13013,6288,14
13014,6288,25
13015,6289,1
13016,6289,8
13017,6290,14
13018,6291,22
13019,6292,20
13020,6293,17
13021,6293,31
13022,6294,13
13023,6294,15
13024,6295,16
13025,6295,18
13026,6296,18
13027,6297,30
13028,6297,32
13029,6298,5
13030,6298,29
13031,6298,18
13032,6299,22
13033,6299,9
13034,6299,5
13035,6300,22
13036,6301,22
13037,6301,2
13038,6302,13
13039,6303,27
13040,6304,25
13041,6304,29
13042,6305,29
13043,6305,8
13044,6306,15
13045,6307,25
13046,6308,13
13047,6308,31
13048,6309,26
13049,6309,30
13050,6310,17
13051,6310,24
13052,6311,4
13053,6312,3
13054,6313,23
13055,6313,12
13056,6313,27
13057,6314,23
13058,6315,15
13059,6316,30
13060,6316,24
13061,6316,22
13062,6317,8
13063,6318,12
13064,6319,22
13065,6319,30
13066,6320,32
13067,6320,25
13068,6321,18
13069,6321,2
13070,6322,18
13071,6322,11
13072,6322,13
13073,6323,8
13074,6323,11
13075,6324,8
13076,6324,29
13077,6325,9
13078,6326,11
13079,6327,7
13080,6327,23
13081,6327,31
13082,6328,2
13083,6328,5
13084,6329,1
13085,6329,20
13086,6329,17
13087,6329,18
13088,6330,2
13089,6330,18
13090,6331,24
13091,6331,26
13092,6331,19
13093,6332,26
13094,6332,10
13095,6333,1
13096,6334,18
13097,6334,2
13098,6334,4
13099,6335,9
13100,6336,23
13101,6336,31
13102,6337,29
13103,6337,25
13104,6338,29
13105,6339,13
13106,6340,11
13107,6340,9
13108,6341,18
13109,6342,10
13110,6342,8
13111,6342,30
13112,6343,27
13113,6343,5
13114,6344,30
13115,6345,23
13116,6345,9
13117,6346,9
13118,6346,18
13119,6347,24
13120,6347,27
13121,6347,17
13122,6348,20
13123,6348,14
13124,6349,32
13125,6349,17
13126,6349,7
13127,6350,18
13128,6351,11
13129,6352,13
13130,6352,5
13131,6352,9
13132,6352,6
13133,6353,2
13134,6353,26
13135,6353,1
13136,6354,25
13137,6355,23
13138,6355,19
13139,6356,12
13140,6356,29
13141,6357,22
13142,6357,20
13143,6357,3
13144,6358,8
13145,6358,5
13146,6359,22
13147,6360,8
13148,6360,16
13149,6361,17
13150,6361,3
13151,6362,9
13152,6362,25
13153,6362,29
13154,6363,7
13155,6363,13
13156,6364,16
13157,6364,2
13158,6365,9
13159,6366,1
13160,6367,8
13161,6367,30
13162,6367,18
13163,6367,26
13164,6368,25
13165,6369,3
13166,6369,30
13167,6369,9
13168,6370,19
13169,6370,17
13170,6371,32
13171,6371,24
13172,6372,6
13173,6372,13
13174,6373,4
13175,6373,10
13176,6374,19
13177,6375,2
13178,6375,8
13179,6375,31
13180,6376,23
13181,6376,5
13182,6376,3
13183,6376,26
13184,6377,8
13185,6377,26
13186,6378,16
13187,6378,8
13188,6379,28
13189,6379,23
13190,6380,24
13191,6380,10
13192,6381,17
13193,6382,8
13194,6382,28
13195,6383,27
13196,6383,17
13197,6384,8
13198,6384,23
13199,6385,20
13200,6385,8
13201,6386,27
13202,6387,14
13203,6387,11
13204,6388,21
13205,6389,5
13206,6389,19
13207,6390,22
13208,6391,30
13209,6392,5
13210,6393,30
13211,6393,24
13212,6393,3
13213,6393,10
13214,6394,9
13215,6395,8
13216,6395,28
13217,6396,11
13218,6396,4
13219,6397,16
13220,6398,8
13221,6399,5
13222,6400,2
13223,6401,13
13224,6401,19
13225,6402,26
13226,6402,13
13227,6403,15
13228,6404,3
13229,6405,13
13230,6405,30
13231,6405,22
13232,6406,16
13233,6407,30
13234,6407,15
13235,6408,15
13236,6408,10
13237,6408,28
13238,6409,19
13239,6410,8
13240,6410,29
13241,6411,9
13242,6412,16
13243,6413,24
13244,6413,30
13245,6413,18
13246,6414,4
13247,6415,7
13248,6415,30
13249,6416,16
13250,6416,19
13251,6417,10
13252,6417,19
13253,6418,28
13254,6418,12
13255,6419,15
13256,6419,14
13257,6420,13
13258,6421,8
13259,6422,30
13260,6423,6
13261,6423,2
13262,6423,14
13263,6423,28
13264,6424,31
13265,6424,14
13266,6424,11
13267,6425,11
13268,6425,4
13269,6426,29
13270,6427,22
13271,6427,13
13272,6428,28
13273,6429,11
13274,6430,17
13275,6430,2
13276,6430,18
13277,6430,11
13278,6431,14
13279,6431,2
13280,6431,3
13281,6432,25
13282,6432,10
13283,6432,24
13284,6433,27
13285,6433,24
13286,6434,3
13287,6434,8
13288,6434,5
13289,6435,27
13290,6436,29
13291,6436,28
13292,6437,31
13293,6437,21
13294,6438,23
13295,6438,26
13296,6439,20
13297,6440,2
13298,6440,6
13299,6440,8
13300,6440,25
13301,6441,24
13302,6442,8
13303,6443,22
13304,6443,3
13305,6444,31
13306,6444,20
13307,6445,19
13308,6445,25
13309,6445,15
13310,6445,26
13311,6446,22
13312,6446,19
13313,6447,32
13314,6447,13
13315,6448,17
13316,6448,6
13317,6449,21
13318,6449,23
13319,6450,19
13320,6451,28
13321,6451,27
13322,6452,4
13323,6452,9
13324,6453,17
13325,6454,9
13326,6454,2
13327,6455,26
13328,6455,13
13329,6456,22
13330,6457,18
13331,6457,10
13332,6457,20
13333,6458,23
13334,6458,5
13335,6459,19
13336,6460,8
13337,6461,17
13338,6461,9
13339,6461,21
13340,6462,32
13341,6462,29
13342,6463,18
13343,6463,25
13344,6464,31
13345,6465,13
13346,6465,29
13347,6466,11
13348,6467,14
13349,6468,18
13350,6468,12
13351,6468,28
13352,6468,10
13353,6469,7
13354,6469,4
13355,6469,27
13356,6470,18
13357,6471,1
13358,6471,23
13359,6472,30
13360,6473,30
13361,6474,13
13362,6474,22
13363,6474,19
13364,6475,31
13365,6475,26
13366,6475,9
13367,6475,3
13368,6476,25
13369,6476,31
13370,6476,5
13371,6477,22
13372,6477,9
13373,6478,16
13374,6479,24
13375,6479,16
13376,6479,22
13377,6479,3
13378,6480,13
13379,6481,13
13380,6482,19
13381,6482,5
13382,6482,11
13383,6483,28
13384,6483,17
13385,6484,4
13386,6484,14
13387,6485,17
13388,6485,32
13389,6486,10
13390,6487,23
13391,6487,13
13392,6487,16
13393,6488,4
13394,6488,8
13395,6488,22
13396,6489,25
13397,6489,4
13398,6490,7
13399,6491,4
13400,6491,12
13401,6492,30
13402,6492,22
13403,6492,12
13404,6493,4
13405,6494,4
13406,6494,5
13407,6495,4
13408,6495,13
13409,6495,5
13410,6495,25
13411,6496,29
13412,6496,21
13413,6497,13
13414,6497,6
13415,6498,4
13416,6498,9
13417,6499,5
13418,6500,9
13419,6501,26
13420,6501,13
13421,6502,13
13422,6502,5
13423,6502,4
13424,6503,7
13425,6503,17
13426,6504,18
13427,6504,28
13428,6505,22
13429,6505,15
13430,6506,3
13431,6507,27
13432,6507,17
13433,6508,22
13434,6508,14
13435,6509,31
13436,6510,26
13437,6511,9
13438,6511,1
13439,6512,2
13440,6512,32
13441,6513,4
13442,6514,4
13443,6515,17
13444,6516,29
13445,6516,4
13446,6517,24
13447,6517,2
13448,6517,25
13449,6518,18
13450,6518,17
13451,6519,6
13452,6519,11
13453,6520,10
13454,6520,30
13455,6521,25
13456,6521,30
13457,6521,19
13458,6522,23
13459,6522,19
13460,6523,13
13461,6524,4
13462,6525,22
13463,6525,8
13464,6526,2
13465,6527,28
13466,6527,3
13467,6527,1
13468,6528,4
13469,6528,22
13470,6528,13
13471,6529,28
13472,6529,11
13473,6529,22
13474,6530,5
13475,6530,21
13476,6531,19
13477,6532,17
13478,6532,25
13479,6533,29
13480,6533,17
13481,6533,18
13482,6534,8
13483,6534,10
13484,6535,3
13485,6535,13
13486,6535,5
13487,6536,16
13488,6536,15
13489,6536,4
13490,6536,8
13491,6537,28
13492,6537,22
13493,6538,2
13494,6538,31
13495,6539,1
13496,6540,9
13497,6540,22
13498,6541,4
13499,6542,6
13500,6542,8
13501,6542,29
13502,6543,14
13503,6544,13
13504,6544,32
13505,6545,13
13506,6545,26
13507,6546,23
13508,6547,25
13509,6547,18
13510,6547,27
13511,6548,9
13512,6548,23
13513,6549,3
13514,6549,26
13515,6549,15
13516,6550,30
13517,6550,23
13518,6550,4
13519,6551,6
13520,6551,14
13521,6551,13
13522,6552,28
13523,6552,23
13524,6553,14
13525,6554,14
13526,6554,4
13527,6555,25
13528,6555,4
13529,6556,5
13530,6557,16
13531,6558,22
13532,6559,11
13533,6560,18
13534,6560,25
13535,6561,16
13536,6561,19
13537,6562,30
13538,6563,13
13539,6563,28
13540,6564,15
13541,6565,2
13542,6566,27
13543,6566,28
13544,6566,8
13545,6567,19
13546,6567,20
13547,6567,21
13548,6568,27
13549,6568,14
13550,6569,22
13551,6570,24
13552,6570,8
13553,6571,9
13554,6572,6
13555,6573,28
13556,6573,27
13557,6574,8
13558,6574,26
13559,6575,22
13560,6576,9
13561,6577,18
13562,6577,26
13563,6577,2
13564,6578,9
13565,6579,28
13566,6579,12
13567,6579,11
13568,6579,24
13569,6580,18
13570,6580,27
13571,6580,4
13572,6581,28
13573,6581,14
13574,6582,6
13575,6582,12
13576,6582,18
13577,6583,24
13578,6584,2
13579,6584,11
13580,6584,3
13581,6585,15
13582,6585,19
13583,6586,13
13584,6587,28
13585,6587,25
13586,6588,29
13587,6588,17
13588,6588,8
13589,6589,28
13590,6589,17
13591,6590,13
13592,6591,13
13593,6591,8
13594,6591,30
13595,6592,15
13596,6592,3
13597,6593,14
13598,6593,8
13599,6593,13
13600,6593,30
13601,6594,10
13602,6594,22
13603,6595,13
13604,6596,28
13605,6597,20
13606,6597,15
13607,6597,17
13608,6598,22
13609,6598,9
13610,6599,27
13611,6600,24
13612,6600,15
13613,6600,13
13614,6601,26
13615,6601,15
13616,6601,30
13617,6602,14
13618,6603,27
13619,6604,18
13620,6604,30
13621,6605,28
13622,6605,31
13623,6605,17
13624,6606,13
13625,6606,17
13626,6606,19
13627,6607,2
13628,6607,8
13629,6608,29
13630,6608,8
13631,6609,14
13632,6609,9
13633,6610,10
13634,6610,7
13635,6610,4
13636,6611,20
13637,6612,17
13638,6612,11
13639,6613,29
13640,6613,7
13641,6614,30
13642,6615,10
13643,6615,7
13644,6616,14
13645,6616,24
13646,6617,27
13647,6617,30
13648,6617,8
13649,6618,6
13650,6618,29
13651,6619,16
13652,6620,9
13653,6620,11
13654,6621,13
13655,6622,26
13656,6622,9
13657,6623,27
13658,6623,31
13659,6623,30
13660,6624,29
13661,6625,31
13662,6625,13
13663,6626,16
13664,6626,26
13665,6627,3
13666,6627,29
13667,6628,1
13668,6628,20
13669,6629,23
13670,6629,20
13671,6630,21
13672,6630,25
13673,6630,26
13674,6630,27
13675,6631,29
13676,6631,13
13677,6631,14
13678,6632,19
13679,6632,13
13680,6633,2
13681,6634,12
13682,6634,24
13683,6634,6
13684,6635,13
13685,6635,3
13686,6636,24
13687,6636,19
13688,6636,5
13689,6636,2
13690,6637,29
13691,6637,19
13692,6638,13
13693,6638,2
13694,6638,3
13695,6639,9
13696,6640,27
13697,6641,9
13698,6641,30
13699,6642,14
13700,6642,6
13701,6643,6
13702,6643,28
13703,6644,2
13704,6644,5
13705,6644,11
13706,6645,26
13707,6645,18
13708,6646,2
13709,6646,8
13710,6647,24
13711,6648,23
13712,6649,30
13713,6650,1
13714,6650,27
13715,6651,24
13716,6652,19
13717,6652,27
13718,6653,22
13719,6654,15
13720,6654,13
13721,6654,16
13722,6655,9
13723,6655,13
13724,6656,11
13725,6656,27
13726,6656,9
13727,6657,10
13728,6657,14
13729,6657,31
13730,6658,31
13731,6658,24
13732,6659,14
13733,6659,15
13734,6659,21
13735,6660,25
13736,6661,22
13737,6661,14
13738,6662,26
13739,6662,13
13740,6663,19
13741,6663,9
13742,6663,14
13743,6664,13
13744,6665,27
13745,6665,20
13746,6666,13
13747,6667,22
13748,6668,29
13749,6668,11
13750,6669,15
13751,6670,9
13752,6670,32
13753,6671,10
13754,6672,22
13755,6672,14
13756,6672,13
13757,6673,14
13758,6674,30
13759,6674,32
13760,6674,8
13761,6675,14
13762,6675,25
13763,6676,26
13764,6676,16
13765,6676,28
13766,6676,30
13767,6677,28
13768,6677,22
13769,6677,17
13770,6678,22
13771,6678,25
13772,6679,7
13773,6679,2
13774,6679,22
13775,6680,26
13776,6681,17
13777,6681,10
13778,6682,26
13779,6683,9
13780,6683,13
13781,6684,23
13782,6685,25
13783,6685,12
13784,6685,4
13785,6686,29
13786,6687,9
13787,6687,17
13788,6688,16
13789,6688,27
13790,6689,17
13791,6689,27
13792,6690,17
13793,6690,11
13794,6691,21
13795,6692,13
13796,6692,3
13797,6693,16
13798,6693,26
13799,6693,24
13800,6694,20
13801,6694,15
13802,6695,29
13803,6696,13
13804,6696,28
13805,6697,11
13806,6698,9
13807,6698,13
13808,6698,29
13809,6699,22
13810,6699,30
13811,6700,23
13812,6700,18
13813,6701,31
13814,6701,8
13815,6701,11
13816,6701,13
13817,6702,1
13818,6703,6
13819,6703,28
13820,6703,23
13821,6704,22
13822,6705,3
13823,6705,4
13824,6706,17
13825,6707,25
13826,6708,14
13827,6708,22
13828,6709,11
13829,6709,14
13830,6709,16
13831,6710,21
13832,6711,7
13833,6712,3
13834,6712,5
13835,6712,22
13836,6713,18
13837,6713,26
13838,6713,9
13839,6713,13
13840,6714,32
13841,6714,20
13842,6714,9
13843,6715,21
13844,6715,17
13845,6716,17
13846,6716,24
13847,6717,18
13848,6718,29
13849,6718,17
13850,6718,25
13851,6719,15
13852,6719,29
13853,6720,3
13854,6721,29
13855,6722,20
13856,6722,9
13857,6723,31
13858,6723,24
13859,6724,13
13860,6724,30
13861,6725,10
13862,6726,31
13863,6726,26
13864,6727,27
13865,6728,23
13866,6729,29
13867,6729,30
13868,6730,16
13869,6730,32
13870,6731,10
13871,6732,31
13872,6732,4
13873,6732,24
13874,6732,22
13875,6733,22
13876,6733,2
13877,6733,30
13878,6734,19
13879,6734,22
13880,6735,19
13881,6735,4
13882,6736,7
13883,6737,12
13884,6737,4
13885,6737,5
13886,6738,12
13887,6738,8
13888,6739,2
13889,6739,10
13890,6740,13
13891,6741,32
13892,6741,16
13893,6742,17
13894,6743,16
13895,6743,13
13896,6743,20
13897,6743,24
13898,6744,6
13899,6745,2
13900,6745,9
13901,6745,25
13902,6746,24
13903,6746,9
13904,6747,30
13905,6747,28
13906,6748,9
13907,6748,21
13908,6749,3
13909,6750,8
13910,6750,9
13911,6751,26
13912,6751,9
13913,6751,23
13914,6752,15
13915,6752,3
13916,6752,12
13917,6753,20
13918,6754,9
13919,6754,12
13920,6754,31
13921,6755,6
13922,6755,9
13923,6756,5
13924,6757,4
13925,6757,12
13926,6758,30
13927,6758,16
13928,6758,17
13929,6758,24
13930,6759,8
13931,6760,5
13932,6760,4
13933,6761,25
13934,6761,15
13935,6761,22
13936,6761,14
13937,6762,16
13938,6763,22
13939,6763,31
13940,6764,22
13941,6764,27
13942,6765,29
13943,6765,26
13944,6766,26
13945,6766,15
13946,6767,31
13947,6767,3
13948,6768,4
13949,6769,23
13950,6769,13
13951,6769,17
13952,6770,5
13953,6770,2
13954,6771,13
13955,6772,19
13956,6773,29
13957,6773,18
13958,6773,9
13959,6774,10
13960,6774,17
13961,6775,26
13962,6775,2
13963,6776,18
13964,6776,12
13965,6776,23
13966,6777,8
13967,6778,26
13968,6779,27
13969,6779,16
13970,6780,6
13971,6781,4
13972,6781,1
13973,6782,25
13974,6783,30
13975,6783,17
13976,6783,27
13977,6784,9
13978,6785,30
13979,6785,29
13980,6785,23
13981,6785,11
13982,6786,2
13983,6786,22
13984,6786,26
13985,6786,18
13986,6787,24
13987,6787,22
13988,6788,26
13989,6789,26
13990,6789,8
13991,6790,23
13992,6790,12
13993,6791,19
13994,6792,7
13995,6792,29
13996,6792,28
13997,6793,32
13998,6793,15
13999,6793,22
14000,6794,2
14001,6794,28
14002,6794,7
14003,6794,32
14004,6795,5
14005,6795,6
14006,6796,9
14007,6796,23
14008,6797,25
14009,6797,17
14010,6798,10
14011,6798,13
14012,6799,5
14013,6799,27
14014,6799,28
14015,6800,28
14016,6801,26
14017,6802,29
14018,6802,20
14019,6802,4
14020,6803,16
14021,6804,25
14022,6804,14
14023,6805,13
14024,6806,24
14025,6806,13
14026,6807,25
14027,6807,8
14028,6807,30
14029,6808,14
14030,6809,32
14031,6810,22
14032,6811,12
14033,6811,13
14034,6811,31
14035,6812,24
14036,6813,30
14037,6813,23
14038,6814,27
14039,6814,9
14040,6815,31
14041,6816,26
14042,6816,25
14043,6817,11
14044,6817,29
14045,6818,13
14046,6818,15
14047,6819,30
14048,6819,24
14049,6819,9
14050,6820,30
14051,6820,9
14052,6821,10
14053,6821,2
14054,6821,30
14055,6822,27
14056,6822,4
14057,6822,25
14058,6823,9
14059,6823,14
14060,6823,24
14061,6824,15
14062,6825,7
14063,6825,31
14064,6826,27
14065,6827,22
14066,6827,8
14067,6827,14
14068,6828,6
14069,6828,24
14070,6828,28
14071,6829,9
14072,6830,5
14073,6830,9
14074,6831,13
14075,6831,15
14076,6832,32
14077,6832,14
14078,6832,2
14079,6832,22
14080,6833,29
14081,6834,27
14082,6834,5
14083,6835,6
14084,6835,24
14085,6835,16
14086,6836,20
14087,6836,8
14088,6837,22
14089,6837,4
14090,6838,13
14091,6839,22
14092,6839,31
14093,6840,4
14094,6840,11
14095,6840,23
14096,6841,22
14097,6841,2
14098,6842,15
14099,6843,12
14100,6843,11
14101,6844,8
14102,6844,17
14103,6844,25
14104,6844,24
14105,6845,30
14106,6845,16
14107,6846,17
14108,6846,9
14109,6847,30
14110,6847,11
14111,6848,8
14112,6849,9
14113,6849,13
14114,6850,22
14115,6850,28
14116,6850,18
14117,6850,11
14118,6851,6
14119,6851,13
14120,6852,11
14121,6853,15
14122,6854,31
14123,6854,14
14124,6854,9
14125,6855,22
14126,6855,3
14127,6855,14
14128,6856,2
14129,6857,23
14130,6858,4
14131,6858,15
14132,6859,20
14133,6860,28
14134,6860,6
14135,6861,15
14136,6861,14
14137,6862,24
14138,6862,19
14139,6862,20
14140,6863,23
14141,6864,17
14142,6864,20
14143,6865,20
14144,6865,13
14145,6866,27
14146,6866,4
14147,6867,18
14148,6867,5
14149,6868,2
14150,6869,16
14151,6869,10
14152,6870,26
14153,6870,2
14154,6871,8
14155,6872,5
14156,6872,9
14157,6873,30
14158,6873,16
14159,6873,19
14160,6874,4
14161,6874,22
14162,6874,5
14163,6874,15
14164,6875,18
14165,6875,8
14166,6876,22
14167,6876,26
14168,6876,31
14169,6876,30
14170,6877,7
14171,6877,2
14172,6878,25
14173,6878,29
14174,6878,18
14175,6879,25
14176,6880,9
14177,6880,2
14178,6881,12
14179,6881,3
14180,6881,23
14181,6882,15
14182,6882,13
14183,6883,9
14184,6883,24
14185,6883,20
14186,6883,23
14187,6884,17
14188,6884,12
14189,6884,9
14190,6885,29
14191,6885,9
14192,6885,4
14193,6885,19
14194,6886,8
14195,6886,23
14196,6886,6
14197,6887,30
14198,6887,29
14199,6888,8
14200,6888,2
14201,6889,22
14202,6889,26
14203,6890,31
14204,6891,18
14205,6892,15
14206,6892,29
14207,6893,22
14208,6893,5
14209,6894,2
14210,6895,29
14211,6896,14
14212,6896,16
14213,6896,11
14214,6897,9
14215,6897,15
14216,6897,20
14217,6898,21
14218,6898,1
14219,6899,2
14220,6899,26
14221,6900,3
14222,6901,21
14223,6901,23
14224,6901,9
14225,6902,2
14226,6902,29
14227,6903,24
14228,6904,27
14229,6904,25
14230,6904,18
14231,6905,22
14232,6906,24
14233,6906,3
14234,6907,25
14235,6908,9
14236,6908,14
14237,6909,13
14238,6910,29
14239,6910,28
14240,6911,18
14241,6911,29
14242,6912,22
14243,6912,18
14244,6913,8
14245,6913,13
14246,6913,11
14247,6914,11
14248,6914,28
14249,6914,30
14250,6915,19
14251,6915,10
14252,6916,32
14253,6916,5
14254,6917,22
14255,6918,28
14256,6918,25
14257,6918,8
14258,6919,5
14259,6919,24
14260,6920,5
14261,6920,15
14262,6921,25
14263,6921,13
14264,6922,5
14265,6922,13
14266,6922,22
14267,6923,13
14268,6923,27
14269,6924,28
14270,6924,24
14271,6924,31
14272,6925,22
14273,6925,16
14274,6926,23
14275,6926,13
14276,6927,29
14277,6927,10
14278,6928,14
14279,6928,27
14280,6929,22
14281,6929,11
14282,6930,15
14283,6930,14
14284,6930,8
14285,6930,22
14286,6931,17
14287,6931,2
14288,6931,15
14289,6932,26
14290,6933,8
14291,6933,24
14292,6934,9
14293,6934,29
14294,6934,18
14295,6935,25
14296,6936,30
14297,6936,23
14298,6937,18
14299,6937,13
14300,6938,3
14301,6938,9
14302,6939,29
14303,6939,13
14304,6939,27
14305,6940,24
14306,6941,4
14307,6941,15
14308,6942,8
14309,6942,3
14310,6943,17
14311,6943,14
14312,6944,6
14313,6944,20
14314,6945,2
14315,6945,6
14316,6946,22
14317,6946,6
14318,6947,25
14319,6947,28
14320,6948,20
14321,6948,8
14322,6949,17
14323,6949,16
14324,6950,14
14325,6950,24
14326,6951,27
14327,6951,22
14328,6951,25
14329,6952,5
14330,6953,22
14331,6953,12
14332,6954,25
14333,6955,4
14334,6956,11
14335,6956,27
14336,6956,1
14337,6957,29
14338,6957,17
14339,6958,5
14340,6958,23
14341,6959,6
14342,6959,19
14343,6959,20
14344,6960,13
14345,6960,9
14346,6960,14
14347,6961,31
14348,6961,28
14349,6962,14
14350,6963,23
14351,6964,13
14352,6964,14
14353,6965,17
14354,6966,18
14355,6966,16
14356,6967,23
14357,6968,4
14358,6969,13
14359,6969,14
14360,6969,3
14361,6970,3
14362,6970,15
14363,6971,25
14364,6972,18
14365,6972,19
14366,6972,23
14367,6973,26
14368,6974,28
14369,6974,18
14370,6974,22
14371,6974,2
14372,6975,9
14373,6976,19
14374,6976,13
14375,6976,11
14376,6976,8
14377,6977,4
14378,6977,30
14379,6978,9
14380,6979,31
14381,6980,9
14382,6980,4
14383,6980,13
14384,6981,13
14385,6981,11
14386,6981,26
14387,6981,8
14388,6982,8
14389,6983,13
14390,6983,3
14391,6983,25
14392,6984,4
14393,6984,22
14394,6984,13
14395,6985,8
14396,6986,17
14397,6987,17
14398,6987,11
14399,6987,3
14400,6988,9
14401,6988,11
14402,6988,29
14403,6989,3
14404,6989,18
14405,6990,9
14406,6991,13
14407,6992,14
14408,6992,26
14409,6993,15
14410,6993,17
14411,6993,4
14412,6994,9
14413,6994,11
14414,6994,12
14415,6995,28
14416,6996,14
14417,6996,25
14418,6997,26
14419,6998,29
14420,6999,22
14421,6999,8
14422,7000,25
14423,7000,27
14424,7001,30
14425,7002,8
14426,7002,6
14427,7003,21
14428,7003,13
14429,7003,4
14430,7004,6
14431,7004,14
14432,7004,3
14433,7004,10
14434,7005,4
14435,7005,7
14436,7006,32
14437,7006,25
14438,7006,31
14439,7007,17
14440,7008,23
14441,7008,24
14442,7008,18
14443,7009,6
14444,7009,2
14445,7010,19
14446,7011,28
14447,7011,9
14448,7011,22
14449,7011,30
14450,7012,26
14451,7013,19
14452,7014,28
14453,7015,16
14454,7015,25
14455,7016,23
14456,7017,7
14457,7017,10
14458,7017,18
14459,7017,4
14460,7018,24
14461,7018,25
14462,7019,2
14463,7020,9
14464,7021,17
14465,7021,29
14466,7022,20
14467,7022,9
14468,7022,5
14469,7022,16
14470,7023,14
14471,7024,23
14472,7025,16
14473,7025,26
14474,7026,5
14475,7027,28
14476,7027,9
14477,7027,30
14478,7027,23
14479,7028,9
14480,7028,8
14481,7029,29
14482,7030,14
14483,7031,18
14484,7031,15
14485,7031,5
14486,7032,12
14487,7032,26
14488,7033,9
14489,7034,29
14490,7034,2
14491,7034,9
14492,7035,16
14493,7035,25
14494,7036,6
14495,7036,22
14496,7037,3
14497,7037,22
14498,7038,13
14499,7039,29
14500,7040,13
14501,7040,19
14502,7041,17
14503,7042,10
14504,7042,28
14505,7042,31
14506,7043,21
14507,7043,14
14508,7043,9
14509,7044,6
14510,7044,29
14511,7044,31
14512,7044,9
14513,7045,8
14514,7045,32
14515,7045,18
14516,7046,17
14517,7047,12
14518,7048,12
14519,7049,17
14520,7050,26
14521,7050,9
14522,7051,1
14523,7051,9
14524,7052,4
14525,7053,8
14526,7053,9
14527,7054,14
14528,7055,24
14529,7056,11
14530,7056,25
14531,7057,18
14532,7058,9
14533,7058,27
14534,7059,25
14535,7059,9
14536,7060,18
14537,7060,19
14538,7061,1
14539,7061,18
14540,7062,14
14541,7062,11
14542,7063,16
14543,7063,23
14544,7063,25
14545,7064,22
14546,7064,2
14547,7064,14
14548,7065,25
14549,7066,23
14550,7067,8
14551,7067,10
14552,7067,22
14553,7067,14
14554,7068,9
14555,7068,28
14556,7068,18
14557,7068,15
14558,7069,9
14559,7070,14
14560,7070,12
14561,7070,30
14562,7070,28
14563,7071,22
14564,7071,1
14565,7072,18
14566,7072,24
14567,7072,28
14568,7073,2
14569,7073,7
14570,7074,21
14571,7074,28
14572,7074,19
14573,7075,8
14574,7075,32
14575,7076,5
14576,7076,7
14577,7077,21
14578,7078,9
14579,7078,5
14580,7078,21
14581,7079,16
14582,7079,4
14583,7080,6
14584,7081,19
14585,7081,31
14586,7082,11
14587,7083,26
14588,7084,7
14589,7084,19
14590,7084,30
14591,7084,5
14592,7085,15
14593,7085,31
14594,7086,17
14595,7087,20
14596,7087,26
14597,7088,30
14598,7088,7
14599,7089,9
14600,7089,27
14601,7089,10
14602,7090,28
14603,7090,15
14604,7091,2
14605,7091,15
14606,7092,16
14607,7092,25
14608,7093,13
14609,7094,10
14610,7094,2
14611,7095,32
14612,7095,26
14613,7096,18
14614,7096,30
14615,7097,11
14616,7098,4
14617,7098,8
14618,7098,21
14619,7098,17
14620,7099,31
14621,7099,2
14622,7099,18
14623,7099,20
14624,7100,22
14625,7100,18
14626,7101,4
14627,7101,14
14628,7101,13
14629,7101,19
14630,7102,13
14631,7103,16
14632,7103,15
14633,7104,20
14634,7104,26
14635,7105,25
14636,7105,6
14637,7105,19
14638,7106,9
14639,7106,22
14640,7107,9
14641,7108,18
14642,7109,14
14643,7109,29
14644,7110,16
14645,7110,11
14646,7111,32
14647,7111,28
14648,7111,26
14649,7111,24
14650,7112,25
14651,7112,12
14652,7113,29
14653,7113,25
14654,7114,16
14655,7114,25
14656,7115,22
14657,7116,15
14658,7117,26
14659,7118,23
14660,7118,29
14661,7118,9
14662,7119,13
14663,7120,12
14664,7121,20
14665,7122,8
14666,7122,2
14667,7123,20
14668,7123,13
14669,7124,23
14670,7124,17
14671,7125,14
14672,7125,26
14673,7125,4
14674,7125,22
14675,7126,8
14676,7127,13
14677,7127,3
14678,7128,28
14679,7128,32
14680,7129,29
14681,7130,16
14682,7130,26
14683,7131,19
14684,7131,29
14685,7132,23
14686,7132,13
14687,7133,11
14688,7133,15
14689,7134,22
14690,7135,18
14691,7135,9
14692,7136,25
14693,7137,2
14694,7137,25
14695,7137,1
14696,7137,4
14697,7138,29
14698,7138,26
14699,7139,13
14700,7140,7
14701,7140,27
14702,7141,13
14703,7142,31
14704,7142,18
14705,7142,24
14706,7143,17
14707,7144,16
14708,7144,21
14709,7145,22
14710,7145,11
14711,7146,32
14712,7146,19
14713,7147,28
14714,7147,13
14715,7148,25
14716,7148,29
14717,7149,9
14718,7149,19
14719,7150,8
14720,7150,31
14721,7150,10
14722,7150,9
14723,7151,19
14724,7151,3
14725,7152,14
14726,7152,11
14727,7152,20
14728,7152,4
14729,7153,8
14730,7153,30
14731,7154,8
14732,7154,13
14733,7154,19
14734,7154,25
14735,7155,13
14736,7155,2
14737,7156,23
14738,7156,14
14739,7156,1
14740,7157,18
14741,7157,2
14742,7158,9
14743,7158,17
14744,7158,3
14745,7158,14
14746,7159,4
14747,7160,13
14748,7160,2
14749,7161,11
14750,7161,6
14751,7161,27
14752,7162,11
14753,7162,23
14754,7163,9
14755,7164,23
14756,7164,8
14757,7165,17
14758,7166,24
14759,7166,13
14760,7166,23
14761,7167,18
14762,7168,29
14763,7169,4
14764,7169,6
14765,7169,32
14766,7169,17
14767,7170,5
14768,7170,15
14769,7171,20
14770,7171,18
14771,7171,13
14772,7171,32
14773,7172,9
14774,7172,3
14775,7173,2
14776,7173,26
14777,7174,20
14778,7175,15
14779,7175,14
14780,7176,23
14781,7177,29
14782,7177,18
14783,7178,24
14784,7179,22
14785,7179,6
14786,7179,14
14787,7180,28
14788,7180,27
14789,7181,14
14790,7181,16
14791,7182,5
14792,7183,14
14793,7183,23
14794,7184,3
14795,7184,28
14796,7184,30
14797,7184,26
14798,7185,14
14799,7185,13
14800,7186,8
14801,7186,9
14802,7187,18
14803,7187,26
14804,7187,14
14805,7188,26
14806,7188,4
14807,7189,9
14808,7189,28
14809,7190,31
14810,7190,3
14811,7191,23
14812,7191,2
14813,7191,28
14814,7192,11
14815,7192,30
14816,7192,10
14817,7192,28
14818,7193,22
14819,7193,30
14820,7194,4
14821,7195,18
14822,7195,26
14823,7196,25
14824,7196,26
14825,7197,19
14826,7198,29
14827,7198,2
14828,7199,13
14829,7199,12
14830,7200,9
14831,7201,2
14832,7202,4
14833,7202,31
14834,7202,11
14835,7203,16
14836,7203,13
14837,7204,25
14838,7204,3
14839,7204,32
14840,7204,9
14841,7205,26
14842,7205,14
14843,7205,9
14844,7206,2
14845,7207,14
14846,7207,17
14847,7207,28
14848,7208,32
14849,7208,14
14850,7209,14
14851,7209,7
14852,7209,28
14853,7210,9
14854,7210,7
14855,7211,4
14856,7211,32
14857,7212,7
14858,7212,14
14859,7212,11
14860,7212,3
14861,7213,5
14862,7213,31
14863,7213,4
14864,7214,25
14865,7214,30
14866,7215,29
14867,7215,28
14868,7215,4
14869,7216,31
14870,7216,18
14871,7216,8
14872,7216,21
14873,7217,21
14874,7217,29
14875,7217,3
14876,7218,29
14877,7218,8
14878,7219,32
14879,7220,15
14880,7220,11
14881,7220,25
14882,7221,30
14883,7222,26
14884,7222,8
14885,7222,5
14886,7222,3
14887,7223,23
14888,7223,8
14889,7224,7
14890,7224,27
14891,7224,24
14892,7225,12
14893,7225,22
14894,7225,25
14895,7226,30
14896,7227,9
14897,7227,10
14898,7227,6
14899,7228,26
14900,7228,28
14901,7229,9
14902,7229,30
14903,7230,3
14904,7230,13
14905,7231,8
14906,7231,2
14907,7232,6
14908,7232,14
14909,7232,31
14910,7232,23
14911,7233,15
14912,7233,4
14913,7234,32
14914,7235,26
14915,7235,28
14916,7235,11
14917,7236,31
14918,7236,26
14919,7237,5
14920,7238,13
14921,7238,7
14922,7238,18
14923,7239,29
14924,7240,2
14925,7241,15
14926,7241,23
14927,7242,10
14928,7242,32
14929,7243,20
14930,7243,28
14931,7243,29
14932,7244,30
14933,7244,25
14934,7244,13
14935,7245,13
14936,7245,27
14937,7246,5
14938,7247,8
14939,7248,22
14940,7248,15
14941,7248,9
14942,7248,20
14943,7249,12
14944,7249,28
14945,7249,20
14946,7250,8
14947,7250,1
14948,7250,30
14949,7251,5
14950,7251,31
14951,7251,14
14952,7251,13
14953,7252,8
14954,7253,24
14955,7253,27
14956,7253,23
14957,7254,26
14958,7254,20
14959,7254,14
14960,7254,24
14961,7255,3
14962,7255,11
14963,7255,31
14964,7255,20
14965,7256,27
14966,7257,30
14967,7257,18
14968,7257,24
14969,7257,14
14970,7258,20
14971,7258,5
14972,7259,23
14973,7259,25
14974,7260,4
14975,7260,29
14976,7260,27
14977,7261,9
14978,7261,2
14979,7262,2
14980,7262,22
14981,7262,9
14982,7263,26
14983,7264,30
14984,7265,12
14985,7265,13
14986,7266,26
14987,7266,23
14988,7267,8
14989,7268,12
14990,7268,15
14991,7268,20
14992,7269,25
14993,7270,9
14994,7270,18
14995,7270,8
14996,7271,6
14997,7271,25
14998,7272,9
14999,7273,28
15000,7273,2
15001,7274,13
15002,7274,26
15003,7274,23
15004,7275,15
15005,7275,13
15006,7276,18
15007,7276,31
15008,7277,18
15009,7277,4
15010,7277,14
15011,7277,25
15012,7278,22
15013,7279,22
15014,7280,9
15015,7281,31
15016,7281,28
15017,7281,30
15018,7282,24
15019,7282,9
15020,7283,18
15021,7283,30
15022,7284,8
15023,7285,22
15024,7285,21
15025,7285,26
15026,7286,25
15027,7287,10
15028,7288,22
15029,7288,25
15030,7289,24
15031,7289,10
15032,7289,11
15033,7290,7
15034,7290,20
15035,7291,20
15036,7291,19
15037,7292,13
15038,7293,3
15039,7294,18
15040,7295,29
15041,7296,13
15042,7297,13
15043,7298,5
15044,7298,24
15045,7298,12
15046,7298,9
15047,7299,30
15048,7299,29
15049,7300,25
15050,7300,27
15051,7300,14
15052,7301,2
15053,7301,13
15054,7301,15
15055,7302,22
15056,7302,3
15057,7303,22
15058,7303,18
15059,7304,20
15060,7305,9
15061,7305,18
15062,7305,6
15063,7306,12
15064,7306,30
15065,7306,8
15066,7307,19
15067,7308,25
15068,7308,19
15069,7308,8
15070,7309,17
15071,7309,22
15072,7309,26
15073,7310,28
15074,7310,23
15075,7310,2
15076,7311,16
15077,7312,30
15078,7312,12
15079,7313,13
15080,7313,5
15081,7314,4
15082,7315,15
15083,7315,16
15084,7316,31
15085,7316,13
15086,7317,30
15087,7318,13
15088,7318,6
15089,7318,15
15090,7319,11
15091,7319,26
15092,7320,10
15093,7320,28
15094,7320,13
15095,7320,26
15096,7321,23
15097,7321,28
15098,7322,14
15099,7322,8
15100,7323,10
15101,7324,8
15102,7324,18
15103,7325,10
15104,7325,26
15105,7326,22
15106,7327,29
15107,7328,26
15108,7328,21
15109,7328,16
15110,7328,18
15111,7329,5
15112,7330,12
15113,7331,3
15114,7331,18
15115,7332,9
15116,7332,32
15117,7333,22
15118,7333,8
15119,7333,23
15120,7334,30
15121,7335,3
15122,7335,16
15123,7336,25
15124,7336,14
15125,7337,29
15126,7337,22
15127,7337,28
15128,7338,18
15129,7339,13
15130,7340,22
15131,7341,1
15132,7342,22
15133,7342,16
15134,7342,11
15135,7342,27
15136,7343,13
15137,7344,12
15138,7344,2
15139,7344,5
15140,7345,13
15141,7346,3
15142,7346,6
15143,7346,8
15144,7346,22
15145,7347,24
15146,7348,19
15147,7348,15
15148,7349,21
15149,7349,29
15150,7350,2
15151,7351,9
15152,7351,7
15153,7352,20
15154,7353,26
15155,7354,25
15156,7354,16
15157,7354,2
15158,7354,28
15159,7355,31
15160,7355,6
15161,7356,31
15162,7356,24
15163,7357,25
15164,7357,29
15165,7358,28
15166,7358,12
15167,7358,1
15168,7359,30
15169,7359,10
15170,7360,12
15171,7360,17
15172,7361,13
15173,7362,6
15174,7362,18
15175,7363,18
15176,7364,30
15177,7365,24
15178,7366,31
15179,7366,24
15180,7367,28
15181,7367,17
15182,7368,13
15183,7369,30
15184,7369,29
15185,7370,17
15186,7370,10
15187,7370,11
15188,7371,11
15189,7372,24
15190,7372,14
15191,7373,28
15192,7373,25
15193,7373,14
15194,7374,22
15195,7374,2
15196,7374,21
15197,7374,16
15198,7375,5
15199,7376,28
15200,7377,26
15201,7377,28
15202,7378,22
15203,7379,25
15204,7380,14
15205,7380,20
15206,7380,8
15207,7381,15
15208,7381,18
15209,7381,27
15210,7381,2
15211,7382,13
15212,7383,12
15213,7384,24
15214,7384,28
15215,7385,26
15216,7386,14
15217,7386,10
15218,7387,4
15219,7388,31
15220,7388,9
15221,7389,28
15222,7389,29
15223,7390,16
15224,7390,18
15225,7391,25
15226,7391,11
15227,7392,20
15228,7392,27
15229,7392,5
15230,7393,14
15231,7393,25
15232,7394,3
15233,7395,10
15234,7395,2
15235,7396,27
15236,7396,22
15237,7397,25
15238,7398,30
15239,7398,11
15240,7399,19
15241,7399,10
15242,7399,29
15243,7400,26
15244,7400,8
15245,7401,16
15246,7401,5
15247,7401,28
15248,7401,32
15249,7402,27
15250,7402,9
15251,7403,9
15252,7403,14
15253,7404,24
15254,7404,25
15255,7404,14
15256,7404,12
15257,7405,22
15258,7405,4
15259,7406,13
15260,7407,23
15261,7407,4
15262,7408,17
15263,7408,19
15264,7409,28
15265,7409,11
15266,7410,5
15267,7410,17
15268,7410,10
15269,7410,18
15270,7411,21
15271,7411,9
15272,7412,7
15273,7412,4
15274,7412,5
15275,7413,6
15276,7414,30
15277,7414,17
15278,7414,23
15279,7414,25
15280,7415,25
15281,7415,9
15282,7416,4
15283,7417,26
15284,7418,26
15285,7418,15
15286,7419,4
15287,7419,11
15288,7419,15
15289,7420,32
15290,7420,28
15291,7421,5
15292,7422,3
15293,7422,24
15294,7422,7
15295,7423,23
15296,7423,6
15297,7424,15
15298,7424,2
15299,7424,31
15300,7425,2
15301,7425,7
15302,7425,17
15303,7426,14
15304,7426,24
15305,7426,13
15306,7427,11
15307,7428,11
15308,7429,30
15309,7429,13
15310,7430,20
15311,7430,26
15312,7430,22
15313,7431,14
15314,7431,20
15315,7432,1
15316,7432,25
15317,7432,7
15318,7432,14
15319,7433,24
15320,7434,5
15321,7435,22
15322,7435,31
15323,7435,17
15324,7435,13
15325,7436,8
15326,7436,31
15327,7437,9
15328,7437,14
15329,7438,29
15330,7438,18
15331,7439,22
15332,7440,23
15333,7440,11
15334,7440,19
15335,7441,5
15336,7442,1
15337,7442,30
15338,7443,8
15339,7443,23
15340,7444,18
15341,7444,29
15342,7445,20
15343,7445,10
15344,7445,22
15345,7446,31
15346,7447,9
15347,7447,14
15348,7448,9
15349,7449,19
15350,7449,13
15351,7450,27
15352,7450,14
15353,7451,25
15354,7451,28
15355,7451,9
15356,7452,2
15357,7452,22
15358,7453,21
15359,7454,17
15360,7454,14
15361,7455,25
15362,7455,5
15363,7456,11
15364,7457,1
15365,7457,6
15366,7458,7
15367,7459,18
15368,7460,2
15369,7460,26
15370,7461,17
15371,7461,8
15372,7462,7
15373,7462,29
15374,7462,8
15375,7462,16
15376,7463,9
15377,7464,29
15378,7465,27
15379,7465,17
15380,7465,18
15381,7466,22
15382,7466,9
15383,7466,17
15384,7467,30
15385,7468,22
15386,7469,30
15387,7470,16
15388,7471,14
15389,7471,28
15390,7471,13
15391,7472,18
15392,7472,4
15393,7473,4
15394,7473,17
15395,7474,30
15396,7475,9
15397,7475,8
15398,7475,30
15399,7475,23
15400,7476,22
15401,7476,7
15402,7476,25
15403,7477,12
15404,7477,10
15405,7478,6
15406,7478,2
15407,7479,9
15408,7480,20
15409,7480,22
15410,7481,16
15411,7481,9
15412,7482,29
15413,7483,20
15414,7483,28
15415,7484,8
15416,7485,28
15417,7486,3
15418,7486,8
15419,7487,27
15420,7487,6
15421,7487,3
15422,7488,32
15423,7488,3
15424,7488,22
15425,7488,27
15426,7489,9
15427,7489,21
15428,7489,14
15429,7490,14
15430,7491,16
15431,7491,13
15432,7492,19
15433,7492,14
15434,7493,4
15435,7493,24
15436,7494,15
15437,7494,9
15438,7495,16
15439,7495,31
15440,7496,17
15441,7497,24
15442,7497,29
15443,7497,10
15444,7497,22
15445,7498,19
15446,7498,10
15447,7499,13
15448,7499,4
15449,7499,20
15450,7500,24
15451,7500,17
15452,7501,22
15453,7502,19
15454,7503,9
15455,7503,2
15456,7504,20
15457,7504,6
15458,7505,5
15459,7506,14
15460,7506,28
15461,7507,29
15462,7507,14
15463,7507,3
15464,7508,24
15465,7508,27
15466,7509,4
15467,7510,11
15468,7510,23
15469,7511,28
15470,7511,15
15471,7512,2
15472,7512,14
15473,7513,28
15474,7513,9
15475,7513,19
15476,7514,17
15477,7514,32
15478,7515,16
15479,7515,5
15480,7515,13
15481,7516,17
15482,7516,27
15483,7517,3
15484,7517,2
15485,7517,6
15486,7518,24
15487,7519,8
15488,7519,22
15489,7519,1
15490,7520,18
15491,7520,8
15492,7520,5
15493,7520,17
15494,7521,5
15495,7521,11
15496,7522,32
15497,7522,8
15498,7523,3
15499,7523,27
15500,7524,28
15501,7524,2
15502,7525,9
15503,7525,4
15504,7525,29
15505,7526,8
15506,7526,6
15507,7527,13
15508,7527,23
15509,7527,25
15510,7528,29
15511,7529,31
15512,7529,24
15513,7530,20
15514,7531,13
15515,7531,27
15516,7532,8
15517,7532,23
15518,7533,5
15519,7533,27
15520,7534,20
15521,7534,5
15522,7535,28
15523,7535,23
15524,7536,17
15525,7536,8
15526,7537,20
15527,7537,14
15528,7538,30
15529,7539,18
15530,7539,29
15531,7540,17
15532,7540,27
15533,7540,18
15534,7541,25
15535,7541,18
15536,7541,15
15537,7542,20
15538,7542,17
15539,7543,28
15540,7543,9
15541,7544,19
15542,7544,5
15543,7544,12
15544,7545,12
15545,7546,14
15546,7546,31
15547,7547,29
15548,7547,9
15549,7548,32
15550,7548,24
15551,7548,17
15552,7549,17
15553,7550,8
15554,7551,21
15555,7552,31
15556,7552,26
15557,7553,29
15558,7553,13
15559,7554,12
15560,7555,16
15561,7555,31
15562,7555,29
15563,7556,3
15564,7557,9
15565,7558,24
15566,7559,28
15567,7559,17
15568,7560,14
15569,7560,13
15570,7561,5
15571,7561,14
15572,7562,18
15573,7563,13
15574,7563,12
15575,7563,23
15576,7564,13
15577,7564,24
15578,7565,14
15579,7565,29
15580,7566,20
15581,7566,25
15582,7566,9
15583,7567,17
15584,7567,14
15585,7568,17
15586,7568,4
15587,7569,25
15588,7569,13
15589,7570,5
15590,7571,16
15591,7572,13
15592,7572,2
15593,7572,9
15594,7573,1
15595,7573,29
15596,7573,18
15597,7574,25
15598,7575,15
15599,7576,17
15600,7576,31
15601,7576,5
15602,7577,27
15603,7577,6
15604,7577,13
15605,7578,9
15606,7578,19
15607,7579,24
15608,7579,8
15609,7580,11
15610,7581,4
15611,7581,8
15612,7581,20
15613,7582,15
15614,7583,22
15615,7583,28
15616,7583,9
15617,7584,24
15618,7584,10
15619,7585,15
15620,7586,17
15621,7587,19
15622,7587,7
15623,7588,14
15624,7589,22
15625,7589,30
15626,7590,11
15627,7591,13
15628,7592,18
15629,7592,9
15630,7593,22
15631,7593,13
15632,7593,8
15633,7594,31
15634,7594,28
15635,7595,13
15636,7596,5
15637,7596,31
15638,7596,19
15639,7597,30
15640,7597,29
15641,7597,18
15642,7598,25
15643,7598,18
15644,7599,7
15645,7599,32
15646,7600,4
15647,7601,13
15648,7602,29
15649,7602,23
15650,7603,13
15651,7603,15
15652,7604,31
15653,7605,7
15654,7605,11
15655,7606,4
15656,7606,8
15657,7606,11
15658,7607,31
15659,7608,10
15660,7608,9
15661,7609,26
15662,7609,8
15663,7610,9
15664,7610,23
15665,7610,4
15666,7610,7
15667,7611,5
15668,7611,2
15669,7611,9
15670,7612,31
15671,7613,16
15672,7613,22
15673,7614,15
15674,7615,22
15675,7615,14
15676,7616,15
15677,7616,8
15678,7617,7
15679,7618,3
15680,7618,19
15681,7618,28
15682,7619,4
15683,7619,16
15684,7620,22
15685,7620,30
15686,7620,9
15687,7621,24
15688,7622,19
15689,7623,18
15690,7623,28
15691,7624,18
15692,7624,26
15693,7624,3
15694,7624,6
15695,7625,31
15696,7625,32
15697,7626,12
15698,7626,25
15699,7626,11
15700,7627,9
15701,7627,13
15702,7627,10
15703,7628,21
15704,7628,29
15705,7629,23
15706,7629,3
15707,7629,28
15708,7630,15
15709,7631,18
15710,7631,23
15711,7631,31
15712,7632,6
15713,7632,28
15714,7633,15
15715,7633,24
15716,7633,23
15717,7634,29
15718,7635,9
15719,7635,23
15720,7636,6
15721,7637,31
15722,7637,7
15723,7637,9
15724,7638,25
15725,7639,30
15726,7639,20
15727,7639,9
15728,7640,18
15729,7641,11
15730,7641,25
15731,7642,14
15732,7642,9
15733,7643,22
15734,7643,17
15735,7644,31
15736,7644,11
15737,7645,8
15738,7646,14
15739,7647,16
15740,7647,30
15741,7648,23
15742,7649,31
15743,7649,14
15744,7649,15
15745,7650,20
15746,7651,16
15747,7651,9
15748,7651,2
15749,7652,10
15750,7652,22
15751,7653,9
15752,7653,22
15753,7654,4
15754,7655,13
15755,7655,11
15756,7655,22
15757,7656,18
15758,7656,3
15759,7657,18
15760,7657,26
15761,7658,27
15762,7658,23
15763,7659,5
15764,7660,9
15765,7660,12
15766,7660,3
15767,7661,25
15768,7661,28
15769,7662,21
15770,7662,8
15771,7662,20
15772,7662,30
15773,7663,12
15774,7663,9
15775,7663,31
15776,7664,22
15777,7664,25
15778,7665,11
15779,7666,16
15780,7666,19
15781,7667,6
15782,7668,3
15783,7668,31
15784,7668,17
15785,7668,26
15786,7669,8
15787,7669,21
15788,7670,9
15789,7670,22
15790,7670,31
15791,7671,7
15792,7672,17
15793,7672,23
15794,7673,13
15795,7673,11
15796,7674,8
15797,7674,15
15798,7674,19
15799,7675,17
15800,7676,23
15801,7677,2
15802,7677,13
15803,7678,18
15804,7679,29
15805,7679,18
15806,7679,10
15807,7680,25
15808,7680,4
15809,7681,32
15810,7681,25
15811,7682,15
15812,7683,30
15813,7683,15
15814,7683,13
15815,7684,21
15816,7684,12
15817,7685,23
15818,7685,22
15819,7686,25
15820,7686,28
15821,7687,30
15822,7688,6
15823,7689,13
15824,7689,4
15825,7690,24
15826,7690,11
15827,7690,13
15828,7690,15
15829,7691,4
15830,7692,26
15831,7692,32
15832,7693,13
15833,7694,18
15834,7694,4
15835,7694,3
15836,7695,14
15837,7695,26
15838,7696,2
15839,7697,13
15840,7697,26
15841,7698,25
15842,7698,9
15843,7699,13
15844,7699,22
15845,7700,18
15846,7700,8
15847,7701,16
15848,7702,26
15849,7702,8
15850,7703,24
15851,7703,8
15852,7704,9
15853,7705,27
15854,7706,30
15855,7706,22
15856,7707,30
15857,7707,20
15858,7708,30
15859,7708,26
15860,7708,14
15861,7709,9
15862,7709,20
15863,7710,25
15864,7710,2
15865,7710,6
15866,7711,4
15867,7711,2
15868,7712,7
15869,7713,13
15870,7713,4
15871,7714,17
15872,7715,9
15873,7715,23
15874,7716,18
15875,7716,3
15876,7716,31
15877,7716,5
15878,7717,16
15879,7717,13
15880,7718,28
15881,7719,10
15882,7719,25
15883,7720,25
15884,7720,6
15885,7721,18
15886,7721,13
15887,7721,8
15888,7722,11
15889,7723,29
15890,7723,31
15891,7724,19
15892,7725,24
15893,7725,29
15894,7725,13
15895,7726,19
15896,7727,8
15897,7727,2
15898,7727,26
15899,7728,24
15900,7729,2
15901,7729,14
15902,7729,25
15903,7730,11
15904,7730,2
15905,7730,8
15906,7730,32
15907,7731,9
15908,7731,5
15909,7731,24
15910,7731,2
15911,7732,28
15912,7732,8
15913,7733,31
15914,7733,8
15915,7733,28
15916,7734,19
15917,7735,4
15918,7735,16
15919,7736,2
15920,7737,21
15921,7737,14
15922,7737,4
15923,7738,9
15924,7739,13
15925,7739,22
15926,7740,29
15927,7740,8
15928,7741,22
15929,7741,28
15930,7741,30
15931,7742,17
15932,7743,26
15933,7744,20
15934,7745,32
15935,7745,8
15936,7745,13
15937,7746,22
15938,7746,32
15939,7746,3
15940,7747,26
15941,7748,22
15942,7749,12
15943,7749,11
15944,7749,29
15945,7750,13
15946,7750,30
15947,7751,18
15948,7752,18
15949,7752,16
15950,7753,31
15951,7753,28
15952,7754,13
15953,7754,22
15954,7754,18
15955,7754,9
15956,7755,30
15957,7756,2
15958,7757,17
15959,7757,22
15960,7757,1
15961,7758,9
15962,7758,24
15963,7759,27
15964,7759,30
15965,7760,30
15966,7761,28
15967,7762,13
15968,7763,15
15969,7763,5
15970,7764,3
15971,7765,14
15972,7766,12
15973,7767,23
15974,7767,30
15975,7767,17
15976,7767,26
15977,7768,20
15978,7769,21
15979,7769,26
15980,7769,10
15981,7769,4
15982,7770,12
15983,7771,16
15984,7771,19
15985,7771,5
15986,7772,28
15987,7773,24
15988,7773,27
15989,7774,2
15990,7774,13
15991,7775,21
15992,7775,5
15993,7776,25
15994,7777,32
15995,7777,25
15996,7777,8
15997,7777,18
15998,7778,22
15999,7778,11
16000,7778,15
16001,7779,5
16002,7779,10
16003,7780,2
16004,7780,17
16005,7781,22
16006,7781,14
16007,7782,28
16008,7783,13
16009,7783,8
16010,7783,6
16011,7784,11
16012,7784,18
16013,7784,6
16014,7785,25
16015,7785,6
16016,7785,5
16017,7786,28
16018,7787,17
16019,7788,29
16020,7788,22
16021,7789,30
16022,7790,3
16023,7790,29
16024,7790,13
16025,7791,13
16026,7791,25
16027,7792,17
16028,7793,31
16029,7793,24
16030,7793,29
16031,7794,11
16032,7795,8
16033,7796,27
16034,7796,26
16035,7797,30
16036,7798,9
16037,7799,13
16038,7800,17
16039,7801,19
16040,7801,26
16041,7802,18
16042,7803,2
16043,7803,24
16044,7804,28
16045,7804,13
16046,7804,10
16047,7804,17
16048,7805,17
16049,7805,10
16050,7806,8
16051,7807,13
16052,7807,12
16053,7808,23
16054,7808,27
16055,7809,11
16056,7809,5
16057,7809,7
16058,7810,2
16059,7810,19
16060,7811,13
16061,7812,26
16062,7812,11
16063,7812,9
16064,7813,25
16065,7813,7
16066,7813,14
16067,7814,31
16068,7815,8
16069,7815,25
16070,7816,19
16071,7816,14
16072,7816,22
16073,7816,7
16074,7817,29
16075,7818,11
16076,7819,14
16077,7819,8
16078,7819,7
16079,7820,19
16080,7821,23
16081,7821,8
16082,7822,9
16083,7823,16
16084,7824,8
16085,7824,24
16086,7825,10
16087,7826,15
16088,7826,14
16089,7827,25
16090,7828,11
16091,7828,17
16092,7828,14
16093,7829,32
16094,7829,10
16095,7829,26
16096,7830,28
16097,7830,29
16098,7830,19
16099,7831,22
16100,7832,18
16101,7832,8
16102,7832,2
16103,7833,16
16104,7834,11
16105,7834,17
16106,7835,9
16107,7836,23
16108,7836,21
16109,7837,18
16110,7838,8
16111,7838,17
16112,7838,13
16113,7839,15
16114,7839,2
16115,7840,4
16116,7840,23
16117,7841,12
16118,7841,26
16119,7841,2
16120,7841,30
16121,7842,20
16122,7842,5
16123,7842,17
16124,7843,19
16125,7843,13
16126,7843,4
16127,7844,17
16128,7844,2
16129,7845,24
16130,7845,14
16131,7846,14
16132,7847,4
16133,7848,13
16134,7849,5
16135,7850,7
16136,7850,28
16137,7850,8
16138,7851,13
16139,7851,28
16140,7852,4
16141,7853,32
16142,7853,14
16143,7854,9
16144,7855,6
16145,7855,13
16146,7856,5
16147,7856,30
16148,7857,26
16149,7858,14
16150,7859,1
16151,7859,5
16152,7860,16
16153,7861,30
16154,7862,25
16155,7862,5
16156,7863,13
16157,7863,27
16158,7863,5
16159,7863,7
16160,7864,26
16161,7864,8
16162,7864,10
16163,7865,25
16164,7865,21
16165,7866,23
16166,7866,30
16167,7867,31
16168,7868,5
16169,7869,24
16170,7869,21
16171,7869,9
16172,7869,32
16173,7870,26
16174,7871,17
16175,7871,13
16176,7871,29
16177,7872,2
16178,7872,3
16179,7873,17
16180,7873,27
16181,7874,22
16182,7874,10
16183,7875,20
16184,7876,4
16185,7877,6
16186,7877,10
16187,7877,14
16188,7877,31
16189,7878,16
16190,7878,9
16191,7879,12
16192,7880,2
16193,7880,12
16194,7880,23
16195,7881,28
16196,7881,9
16197,7882,4
16198,7882,18
16199,7882,22
16200,7883,20
16201,7883,9
16202,7884,22
16203,7884,8
16204,7885,11
16205,7886,9
16206,7886,20
16207,7886,18
16208,7886,1
16209,7887,5
16210,7887,2
16211,7888,25
16212,7888,27
16213,7888,24
16214,7889,32
16215,7889,9
16216,7890,3
16217,7890,5
16218,7891,16
16219,7891,13
16220,7892,4
16221,7893,14
16222,7893,16
16223,7893,11
16224,7894,8
16225,7894,24
16226,7895,9
16227,7895,29
16228,7896,26
16229,7897,14
16230,7898,5
16231,7899,1
16232,7899,25
16233,7899,18
16234,7900,8
16235,7901,8
16236,7902,4
16237,7902,22
16238,7902,17
16239,7903,14
16240,7904,12
16241,7904,9
16242,7904,26
16243,7905,9
16244,7905,8
16245,7906,28
16246,7907,11
16247,7908,17
16248,7908,31
16249,7909,22
16250,7909,24
16251,7909,29
16252,7910,29
16253,7911,28
16254,7911,8
16255,7911,2
16256,7912,7
16257,7912,30
16258,7912,9
16259,7912,13
16260,7913,8
16261,7913,17
16262,7914,4
16263,7914,30
16264,7915,12
16265,7915,28
16266,7916,24
16267,7916,5
16268,7916,8
16269,7917,22
16270,7918,6
16271,7918,23
16272,7919,24
16273,7920,6
16274,7921,10
16275,7921,31
16276,7922,8
16277,7922,22
16278,7922,18
16279,7922,21
16280,7923,13
16281,7923,25
16282,7924,27
16283,7925,5
16284,7925,11
16285,7925,24
16286,7926,8
16287,7927,18
16288,7927,21
16289,7928,28
16290,7929,24
16291,7929,29
16292,7930,19
16293,7930,15
16294,7931,11
16295,7931,23
16296,7932,23
16297,7932,29
16298,7932,10
16299,7933,11
16300,7933,23
16301,7934,16
16302,7934,8
16303,7935,19
16304,7935,28
16305,7935,6
16306,7936,17
16307,7937,22
16308,7937,4
16309,7938,13
16310,7938,9
16311,7938,10
16312,7938,25
16313,7939,19
16314,7939,4
16315,7939,9
16316,7940,17
16317,7941,25
16318,7942,25
16319,7942,22
16320,7943,18
16321,7944,22
16322,7945,28
16323,7945,30
16324,7946,21
16325,7946,32
16326,7947,4
16327,7947,7
16328,7948,15
16329,7948,21
16330,7948,22
16331,7948,9
16332,7949,2
16333,7949,12
16334,7950,4
16335,7951,9
16336,7951,13
16337,7952,18
16338,7953,22
16339,7954,27
16340,7954,4
16341,7955,6
16342,7955,23
16343,7956,27
16344,7956,19
16345,7956,32
16346,7957,2
16347,7957,18
16348,7958,31
16349,7958,26
16350,7959,14
16351,7959,7
16352,7960,18
16353,7960,8
16354,7961,10
16355,7961,4
16356,7961,13
16357,7962,27
16358,7962,19
16359,7962,24
16360,7963,19
16361,7964,6
16362,7964,20
16363,7965,21
16364,7965,8
16365,7965,15
16366,7966,12
16367,7967,6
16368,7967,2
16369,7968,4
16370,7968,24
16371,7968,23
16372,7968,22
16373,7969,14
16374,7969,9
16375,7970,25
16376,7970,14
16377,7970,32
16378,7971,29
16379,7971,8
16380,7971,1
16381,7972,4
16382,7973,20
16383,7974,5
16384,7975,5
16385,7975,24
16386,7976,30
16387,7976,4
16388,7977,15
16389,7977,3
16390,7977,5
16391,7978,18
16392,7979,9
16393,7979,26
16394,7980,9
16395,7980,18
16396,7981,28
16397,7981,19
16398,7982,29
16399,7983,20
16400,7983,22
16401,7984,5
16402,7985,7
16403,7985,4
16404,7986,29
16405,7987,10
16406,7987,4
16407,7988,6
16408,7989,27
16409,7990,21
16410,7990,29
16411,7991,2
16412,7991,5
16413,7992,12
16414,7992,22
16415,7992,8
16416,7993,18
16417,7994,2
16418,7995,19
16419,7995,7
16420,7996,27
16421,7996,5
16422,7997,6
16423,7997,20
16424,7997,9
16425,7998,18
16426,7998,26
16427,7999,29
16428,7999,13
16429,8000,4
16430,8000,11
16431,8000,17
16432,8001,14
16433,8002,3
16434,8002,30
16435,8003,24
16436,8003,13
16437,8003,22
16438,8004,31
16439,8004,11
16440,8005,27
16441,8005,13
16442,8006,22
16443,8007,27
16444,8008,16
16445,8008,26
16446,8009,16
16447,8009,30
16448,8010,17
16449,8010,26
16450,8011,25
16451,8012,30
16452,8012,3
16453,8013,6
16454,8014,13
16455,8015,29
16456,8015,8
16457,8016,23
16458,8016,6
16459,8017,11
16460,8018,23
16461,8018,25
16462,8019,4
16463,8019,27
16464,8020,26
16465,8020,17
16466,8020,3
16467,8020,11
16468,8021,27
16469,8022,20
16470,8023,24
16471,8024,17
16472,8024,31
16473,8024,24
16474,8024,3
16475,8025,13
16476,8025,9
16477,8026,9
16478,8027,17
16479,8027,29
16480,8027,12
16481,8028,5
16482,8028,26
16483,8028,17
16484,8029,25
16485,8029,14
16486,8030,17
16487,8030,11
16488,8030,24
16489,8031,14
16490,8031,11
16491,8032,8
16492,8033,13
16493,8034,20
16494,8035,5
16495,8035,24
16496,8036,17
16497,8037,24
16498,8037,32
16499,8037,20
16500,8037,23
16501,8038,25
16502,8038,10
16503,8038,5
16504,8039,30
16505,8039,8
16506,8039,13
16507,8040,1
16508,8040,8
16509,8040,4
16510,8041,14
16511,8042,18
16512,8042,14
16513,8043,25
16514,8043,22
16515,8043,2
16516,8043,27
16517,8044,11
16518,8045,22
16519,8045,24
16520,8046,8
16521,8047,22
16522,8047,5
16523,8047,29
16524,8048,22
16525,8049,7
16526,8050,29
16527,8050,31
16528,8050,8
16529,8051,16
16530,8052,31
16531,8052,18
16532,8052,8
16533,8053,21
16534,8054,30
16535,8054,24
16536,8055,2
16537,8055,25
16538,8056,8
16539,8057,27
16540,8057,18
16541,8057,30
16542,8058,16
16543,8059,24
16544,8059,19
16545,8060,19
16546,8061,22
16547,8061,5
16548,8062,2
16549,8063,14
16550,8064,11
16551,8064,15
16552,8064,9
16553,8065,18
16554,8066,30
16555,8067,19
16556,8067,4
16557,8067,31
16558,8068,19
16559,8068,17
16560,8068,8
16561,8068,32
16562,8069,24
16563,8069,20
16564,8070,6
16565,8070,14
16566,8071,9
16567,8072,2
16568,8073,30
16569,8073,18
16570,8074,29
16571,8074,24
16572,8075,8
16573,8075,23
16574,8075,3
16575,8076,3
16576,8076,16
16577,8076,13
16578,8077,29
16579,8078,29
16580,8078,23
16581,8079,17
16582,8079,21
16583,8080,23
16584,8081,10
16585,8081,29
16586,8082,29
16587,8082,18
16588,8082,6
16589,8083,24
16590,8084,17
16591,8084,23
16592,8085,23
16593,8085,17
16594,8085,18
16595,8086,6
16596,8086,3
16597,8087,32
16598,8087,18
16599,8087,25
16600,8088,29
16601,8088,15
16602,8089,24
16603,8090,29
16604,8091,29
16605,8091,16
16606,8091,32
16607,8092,9
16608,8092,2
16609,8093,25
16610,8093,9
16611,8094,30
16612,8095,25
16613,8096,6
16614,8097,10
16615,8098,25
16616,8099,16
16617,8100,9
16618,8100,24
16619,8101,8
16620,8102,22
16621,8103,3
16622,8104,14
16623,8105,28
16624,8106,21
16625,8107,14
16626,8107,18
16627,8107,26
16628,8108,9
16629,8108,11
16630,8108,4
16631,8108,22
16632,8109,32
16633,8109,10
16634,8109,12
16635,8110,22
16636,8110,8
16637,8111,13
16638,8112,27
16639,8113,29
16640,8114,15
16641,8114,25
16642,8114,27
16643,8115,20
16644,8115,4
16645,8115,15
16646,8115,14
16647,8116,23
16648,8116,18
16649,8117,23
16650,8117,2
16651,8118,19
16652,8119,23
16653,8119,20
16654,8120,4
16655,8121,11
16656,8121,2
16657,8121,24
16658,8122,29
16659,8123,8
16660,8123,13
16661,8124,15
16662,8125,27
16663,8125,11
16664,8126,29
16665,8127,27
16666,8127,17
16667,8127,32
16668,8128,29
16669,8128,30
16670,8129,9
16671,8129,18
16672,8129,13
16673,8130,10
16674,8131,24
16675,8131,22
16676,8132,24
16677,8133,9
16678,8134,25
16679,8134,15
16680,8134,27
16681,8135,26
16682,8135,18
16683,8136,5
16684,8136,8
16685,8137,24
16686,8138,10
16687,8138,9
16688,8138,22
16689,8139,22
16690,8139,28
16691,8140,3
16692,8140,8
16693,8141,2
16694,8141,5
16695,8141,26
16696,8142,5
16697,8142,11
16698,8143,2
16699,8143,7
16700,8143,11
16701,8144,26
16702,8145,15
16703,8145,3
16704,8145,17
16705,8146,26
16706,8146,8
16707,8146,17
16708,8147,2
16709,8147,4
16710,8148,8
16711,8149,8
16712,8149,23
16713,8149,19
16714,8150,24
16715,8151,18
16716,8151,27
16717,8151,26
16718,8152,14
16719,8152,10
16720,8153,10
16721,8153,9
16722,8154,3
16723,8154,26
16724,8154,8
16725,8154,28
16726,8155,27
16727,8155,23
16728,8156,4
16729,8156,5
16730,8157,32
16731,8157,9
16732,8158,28
16733,8159,6
16734,8160,17
16735,8160,2
16736,8160,24
16737,8160,26
16738,8161,3
16739,8162,27
16740,8162,9
16741,8163,30
16742,8164,3
16743,8165,27
16744,8165,28
16745,8165,23
16746,8166,28
16747,8166,12
16748,8167,18
16749,8167,28
16750,8168,6
16751,8169,21
16752,8170,8
16753,8171,25
16754,8171,30
16755,8171,22
16756,8172,23
16757,8172,14
16758,8173,8
16759,8174,9
16760,8174,11
16761,8174,18
16762,8175,28
16763,8175,19
16764,8176,5
16765,8177,5
16766,8178,24
16767,8179,17
16768,8179,8
16769,8180,14
16770,8181,3
16771,8181,22
16772,8182,3
16773,8182,24
16774,8183,26
16775,8183,8
16776,8184,30
16777,8185,11
16778,8185,19
16779,8185,18
16780,8186,4
16781,8187,22
16782,8187,9
16783,8188,15
16784,8188,30
16785,8189,16
16786,8190,26
16787,8190,30
16788,8191,4
16789,8191,8
16790,8192,9
16791,8192,2
16792,8193,22
16793,8193,2
16794,8193,11
16795,8194,27
16796,8195,17
16797,8196,21
16798,8196,8
16799,8197,30
16800,8197,9
16801,8198,17
16802,8198,16
16803,8198,31
16804,8199,23
16805,8199,28
16806,8199,29
16807,8200,20
16808,8200,30
16809,8201,27
16810,8202,11
16811,8202,4
16812,8202,10
16813,8203,17
16814,8204,3
16815,8204,23
16816,8205,23
16817,8205,28
16818,8205,16
16819,8205,22
16820,8206,16
16821,8206,20
16822,8206,27
16823,8207,8
16824,8207,22
16825,8207,26
16826,8208,13
16827,8209,31
16828,8210,22
16829,8210,1
16830,8211,12
16831,8212,24
16832,8212,9
16833,8212,10
16834,8213,9
16835,8214,29
16836,8215,17
16837,8215,5
16838,8216,15
16839,8216,10
16840,8217,16
16841,8218,4
16842,8218,9
16843,8218,30
16844,8218,5
16845,8219,31
16846,8220,4
16847,8221,1
16848,8221,19
16849,8222,21
16850,8223,12
16851,8224,15
16852,8224,25
16853,8224,7
16854,8224,27
16855,8225,9
16856,8225,10
16857,8225,24
16858,8226,11
16859,8226,10
16860,8226,9
16861,8226,24
16862,8227,31
16863,8227,29
16864,8227,2
16865,8227,17
16866,8228,18
16867,8228,17
16868,8229,13
16869,8230,14
16870,8231,29
16871,8232,17
16872,8232,25
16873,8233,25
16874,8233,26
16875,8234,5
16876,8234,13
16877,8234,12
16878,8234,10
16879,8235,14
16880,8235,17
16881,8236,25
16882,8236,20
16883,8237,26
16884,8237,14
16885,8237,3
16886,8237,31
16887,8238,17
16888,8239,24
16889,8239,15
16890,8239,11
16891,8240,28
16892,8241,31
16893,8242,6
16894,8243,18
16895,8243,20
16896,8244,18
16897,8245,9
16898,8246,5
16899,8246,17
16900,8247,23
16901,8247,24
16902,8248,24
16903,8248,25
16904,8248,9
16905,8249,17
16906,8249,7
16907,8250,21
16908,8251,29
16909,8251,2
16910,8251,18
16911,8252,16
16912,8252,4
16913,8253,29
16914,8253,25
16915,8253,30
16916,8254,8
16917,8255,10
16918,8255,2
16919,8255,6
16920,8256,10
16921,8257,9
16922,8257,12
16923,8258,26
16924,8258,9
16925,8259,28
16926,8260,12
16927,8260,26
16928,8261,8
16929,8261,20
16930,8262,9
16931,8263,21
16932,8263,15
16933,8263,14
16934,8264,18
16935,8265,29
16936,8265,18
16937,8265,5
16938,8266,30
16939,8266,28
16940,8267,14
16941,8267,13
16942,8268,13
16943,8268,4
16944,8269,19
16945,8270,27
16946,8270,7
16947,8271,9
16948,8271,22
16949,8271,13
16950,8272,19
16951,8272,24
16952,8272,6
16953,8273,16
16954,8273,28
16955,8274,15
16956,8274,22
16957,8274,9
16958,8274,10
16959,8275,13
16960,8275,30
16961,8275,16
16962,8276,10
16963,8277,16
16964,8278,3
16965,8278,32
16966,8279,26
16967,8279,9
16968,8280,29
16969,8280,30
16970,8280,13
16971,8281,3
16972,8282,13
16973,8283,32
16974,8283,10
16975,8284,10
16976,8285,13
16977,8286,30
16978,8287,2
16979,8288,2
16980,8289,17
16981,8289,14
16982,8289,9
16983,8289,1
16984,8290,27
16985,8291,9
16986,8291,30
16987,8292,22
16988,8292,9
16989,8293,19
16990,8293,8
16991,8294,28
16992,8294,6
16993,8295,11
16994,8296,26
16995,8297,13
16996,8298,30
16997,8298,17
16998,8298,26
16999,8299,30
17000,8299,24
17001,8299,3
17002,8300,3
17003,8301,13
17004,8302,25
17005,8303,24
17006,8304,25
17007,8304,14
17008,8305,9
17009,8305,3
17010,8306,15
17011,8307,25
17012,8308,29
17013,8308,31
17014,8309,25
17015,8309,19
17016,8310,19
17017,8310,23
17018,8310,5
17019,8310,13
17020,8311,9
17021,8311,18
17022,8311,22
17023,8312,13
17024,8313,32
17025,8314,30
17026,8314,7
17027,8315,21
17028,8315,26
17029,8315,18
17030,8316,15
17031,8316,16
17032,8316,8
17033,8317,28
17034,8317,8
17035,8318,4
17036,8319,18
17037,8319,24
17038,8319,5
17039,8320,28
17040,8320,17
17041,8321,11
17042,8321,22
17043,8322,12
17044,8322,22
17045,8322,26
17046,8322,20
17047,8323,10
17048,8324,17
17049,8324,26
17050,8324,1
17051,8325,14
17052,8325,22
17053,8326,22
17054,8326,28
17055,8327,9
17056,8328,25
17057,8328,30
17058,8329,13
17059,8330,24
17060,8331,30
17061,8331,18
17062,8331,28
17063,8332,17
17064,8332,28
17065,8333,26
17066,8334,24
17067,8334,14
17068,8335,20
17069,8335,13
17070,8336,5
17071,8336,9
17072,8336,2
17073,8337,14
17074,8337,13
17075,8337,9
17076,8338,9
17077,8338,23
17078,8339,9
17079,8339,16
17080,8339,3
17081,8340,6
17082,8340,18
17083,8341,26
17084,8342,15
17085,8342,2
17086,8342,16
17087,8343,29
17088,8343,22
17089,8343,24
17090,8344,13
17091,8344,29
17092,8345,13
17093,8346,14
17094,8347,7
17095,8348,5
17096,8348,30
17097,8349,7
17098,8350,22
17099,8350,10
17100,8350,13
17101,8350,4
17102,8351,11
17103,8351,15
17104,8352,18
17105,8352,13
17106,8352,32
17107,8353,12
17108,8353,16
17109,8353,3
17110,8354,18
17111,8354,17
17112,8354,8
17113,8355,31
17114,8356,9
17115,8356,20
17116,8356,23
17117,8357,13
17118,8358,14
17119,8358,25
17120,8359,13
17121,8359,14
17122,8360,6
17123,8360,8
17124,8360,11
17125,8361,9
17126,8361,3
17127,8362,29
17128,8362,14
17129,8363,30
17130,8363,10
17131,8363,6
17132,8364,5
17133,8364,9
17134,8364,28
17135,8365,26
17136,8365,19
17137,8366,23
17138,8366,26
17139,8367,4
17140,8367,19
17141,8367,30
17142,8367,23
17143,8368,2
17144,8368,9
17145,8369,24
17146,8369,2
17147,8369,30
17148,8370,18
17149,8370,15
17150,8370,13
17151,8370,22
17152,8371,6
17153,8372,29
17154,8373,14
17155,8373,25
17156,8374,6
17157,8375,11
17158,8376,19
17159,8377,32
17160,8378,22
17161,8378,13
17162,8378,21
17163,8378,4
17164,8379,29
17165,8379,7
17166,8379,9
17167,8380,26
17168,8380,18
17169,8380,4
17170,8381,18
17171,8381,13
17172,8381,9
17173,8382,23
17174,8383,25
17175,8384,23
17176,8384,18
17177,8385,27
17178,8385,30
17179,8386,19
17180,8387,13
17181,8387,17
17182,8387,20
17183,8388,22
17184,8388,16
17185,8389,24
17186,8390,23
17187,8390,4
17188,8391,13
17189,8391,10
17190,8391,26
17191,8392,30
17192,8393,10
17193,8393,2
17194,8394,26
17195,8394,2
17196,8395,24
17197,8395,18
17198,8396,5
17199,8396,25
17200,8397,3
17201,8397,10
17202,8398,4
17203,8399,22
17204,8400,17
17205,8401,28
17206,8401,13
17207,8402,17
17208,8403,2
17209,8403,19
17210,8404,26
17211,8405,16
17212,8405,25
17213,8405,11
17214,8406,17
17215,8406,16
17216,8406,3
17217,8406,23
17218,8407,20
17219,8407,8
17220,8408,31
17221,8408,32
17222,8408,18
17223,8409,3
17224,8409,18
17225,8410,24
17226,8410,25
17227,8410,8
17228,8410,30
17229,8411,2
17230,8412,9
17231,8412,30
17232,8412,8
17233,8412,22
17234,8413,23
17235,8413,24
17236,8413,21
17237,8413,20
17238,8414,10
17239,8414,25
17240,8415,25
17241,8415,30
17242,8415,26
17243,8416,2
17244,8416,31
17245,8416,28
17246,8416,18
17247,8417,18
17248,8417,7
17249,8418,8
17250,8418,18
17251,8418,17
17252,8419,10
17253,8419,6
17254,8420,29
17255,8421,10
17256,8421,15
17257,8422,16
17258,8422,7
17259,8422,11
17260,8423,9
17261,8423,11
17262,8423,14
17263,8424,8
17264,8424,4
17265,8425,6
17266,8426,14
17267,8426,30
17268,8426,9
17269,8427,23
17270,8427,13
17271,8428,9
17272,8429,21
17273,8430,2
17274,8431,29
17275,8431,17
17276,8431,9
17277,8432,6
17278,8432,8
17279,8432,3
17280,8433,29
17281,8433,26
17282,8434,8
17283,8435,13
17284,8435,23
17285,8435,1
17286,8436,22
17287,8436,4
17288,8436,25
17289,8437,3
17290,8437,32
17291,8438,24
17292,8438,5
17293,8438,20
17294,8438,8
17295,8439,6
17296,8439,25
17297,8440,15
17298,8441,11
17299,8442,8
17300,8442,32
17301,8442,13
17302,8443,6
17303,8444,2
17304,8445,14
17305,8446,11
17306,8446,5
17307,8446,13
17308,8447,14
17309,8448,6
17310,8448,24
17311,8449,13
17312,8449,20
17313,8450,13
17314,8451,21
17315,8451,6
17316,8451,17
17317,8452,24
17318,8453,30
17319,8454,25
17320,8454,13
17321,8455,4
17322,8455,17
17323,8455,3
17324,8455,32
17325,8456,27
17326,8456,12
17327,8457,25
17328,8457,28
17329,8458,23
17330,8459,11
17331,8459,4
17332,8460,11
17333,8460,26
17334,8460,15
17335,8461,11
17336,8461,14
17337,8462,9
17338,8463,30
17339,8464,6
17340,8465,27
17341,8465,3
17342,8466,27
17343,8467,22
17344,8467,20
17345,8468,20
17346,8469,27
17347,8469,10
17348,8470,26
17349,8470,11
17350,8471,17
17351,8472,17
17352,8472,26
17353,8473,20
17354,8473,23
17355,8473,2
17356,8473,18
17357,8474,18
17358,8475,17
17359,8475,19
17360,8476,20
17361,8476,27
17362,8477,10
17363,8477,9
17364,8477,1
17365,8478,25
17366,8479,30
17367,8479,18
17368,8480,11
17369,8480,12
17370,8481,4
17371,8481,18
17372,8482,2
17373,8482,29
17374,8483,16
17375,8483,3
17376,8484,17
17377,8484,4
17378,8484,9
17379,8484,6
17380,8485,8
17381,8485,30
17382,8486,15
17383,8486,3
17384,8486,5
17385,8487,5
17386,8487,9
17387,8488,23
17388,8488,5
17389,8489,14
17390,8489,20
17391,8489,25
17392,8490,8
17393,8491,23
17394,8492,18
17395,8492,25
17396,8493,25
17397,8493,22
17398,8493,10
17399,8494,7
17400,8495,5
17401,8496,26
17402,8497,27
17403,8498,11
17404,8498,22
17405,8499,24
17406,8499,2
17407,8499,22
17408,8499,25
17409,8500,2
17410,8500,23
17411,8501,17
17412,8501,28
17413,8502,9
17414,8502,15
17415,8503,27
17416,8503,16
17417,8504,20
17418,8505,30
17419,8505,23
17420,8506,25
17421,8506,2
17422,8507,16
17423,8508,2
17424,8509,30
17425,8509,25
17426,8510,10
17427,8511,6
17428,8512,12
17429,8512,14
17430,8513,21
17431,8513,28
17432,8513,29
17433,8514,8
17434,8514,3
17435,8514,11
17436,8515,4
17437,8515,19
17438,8515,9
17439,8516,6
17440,8517,17
17441,8517,14
17442,8517,12
17443,8518,29
17444,8519,26
17445,8519,25
17446,8519,8
17447,8519,9
17448,8520,6
17449,8520,18
17450,8520,17
17451,8521,17
17452,8522,4
17453,8522,19
17454,8523,19
17455,8523,22
17456,8524,32
17457,8524,2
17458,8525,13
17459,8525,30
17460,8525,15
17461,8526,25
17462,8526,23
17463,8526,15
17464,8526,26
17465,8527,5
17466,8527,26
17467,8527,15
17468,8528,4
17469,8528,31
17470,8528,25
17471,8529,11
17472,8530,26
17473,8531,9
17474,8531,25
17475,8531,20
17476,8532,27
17477,8532,14
17478,8533,10
17479,8533,23
17480,8534,26
17481,8534,8
17482,8535,16
17483,8536,28
17484,8537,6
17485,8537,4
17486,8538,10
17487,8539,13
17488,8540,22
17489,8540,21
17490,8541,12
17491,8541,19
17492,8542,29
17493,8542,9
17494,8542,13
17495,8542,30
17496,8543,13
17497,8543,17
17498,8544,29
17499,8545,4
17500,8545,9
17501,8545,8
17502,8546,22
17503,8546,3
17504,8546,25
17505,8547,2
17506,8547,11
17507,8548,4
17508,8548,14
17509,8549,2
17510,8549,24
17511,8550,6
17512,8551,6
17513,8552,11
17514,8552,6
17515,8553,13
17516,8554,10
17517,8555,23
17518,8556,10
17519,8556,29
17520,8557,31
17521,8557,2
17522,8557,29
17523,8558,8
17524,8558,27
17525,8558,20
17526,8559,17
17527,8559,15
17528,8560,13
17529,8560,23
17530,8561,16
17531,8561,24
17532,8561,29
17533,8562,25
17534,8563,9
17535,8564,11
17536,8564,23
17537,8565,17
17538,8566,13
17539,8566,29
17540,8567,5
17541,8567,24
17542,8567,6
17543,8568,6
17544,8568,27
17545,8568,19
17546,8568,28
17547,8569,14
17548,8569,18
17549,8570,22
17550,8570,27
17551,8570,17
17552,8571,23
17553,8571,2
17554,8572,5
17555,8572,27
17556,8572,12
17557,8573,23
17558,8573,10
17559,8573,2
17560,8573,14
17561,8574,8
17562,8574,11
17563,8574,17
17564,8575,31
17565,8575,17
17566,8576,27
17567,8577,3
17568,8578,12
17569,8578,13
17570,8578,8
17571,8578,28
17572,8579,25
17573,8579,24
17574,8580,3
17575,8580,8
17576,8580,11
17577,8581,25
17578,8582,24
17579,8582,16
17580,8583,10
17581,8583,25
17582,8583,1
17583,8584,19
17584,8584,32
17585,8585,29
17586,8585,6
17587,8585,9
17588,8585,13
17589,8586,2
17590,8586,13
17591,8587,18
17592,8588,15
17593,8589,30
17594,8589,22
17595,8590,11
17596,8590,28
17597,8590,13
17598,8590,30
17599,8591,31
17600,8592,18
17601,8593,23
17602,8593,12
17603,8594,13
17604,8594,10
17605,8595,12
17606,8595,2
17607,8595,9
17608,8596,4
17609,8596,25
17610,8597,13
17611,8598,13
17612,8599,18
17613,8600,8
17614,8600,21
17615,8601,4
17616,8601,32
17617,8602,9
17618,8602,6
17619,8603,16
17620,8603,7
17621,8604,17
17622,8605,31
17623,8605,26
17624,8606,17
17625,8607,23
17626,8607,17
17627,8608,9
17628,8608,17
17629,8608,13
17630,8609,14
17631,8609,22
17632,8610,4
17633,8610,23
17634,8611,30
17635,8612,32
17636,8612,22
17637,8612,18
17638,8612,8
17639,8613,4
17640,8613,25
17641,8614,18
17642,8614,8
17643,8615,25
17644,8615,27
17645,8616,19
17646,8616,10
17647,8617,9
17648,8617,21
17649,8618,30
17650,8618,18
17651,8619,26
17652,8619,14
17653,8620,3
17654,8620,25
17655,8620,30
17656,8620,13
17657,8621,29
17658,8622,13
17659,8622,22
17660,8623,17
17661,8623,27
17662,8624,25
17663,8624,24
17664,8625,30
17665,8626,30
17666,8627,4
17667,8627,28
17668,8628,15
17669,8628,2
17670,8628,10
17671,8629,2
17672,8629,14
17673,8630,23
17674,8630,5
17675,8631,16
17676,8631,2
17677,8631,26
17678,8631,29
17679,8632,25
17680,8632,19
17681,8633,13
17682,8633,25
17683,8634,15
17684,8635,22
17685,8635,11
17686,8635,19
17687,8636,17
17688,8636,8
17689,8637,18
17690,8637,26
17691,8638,22
17692,8638,2
17693,8638,13
17694,8639,4
17695,8639,10
17696,8640,18
17697,8640,32
17698,8641,26
17699,8641,23
17700,8641,8
17701,8642,12
17702,8642,14
17703,8643,32
17704,8643,21
17705,8643,17
17706,8643,12
17707,8644,8
17708,8644,2
17709,8645,20
17710,8645,28
17711,8645,25
17712,8646,19
17713,8646,4
17714,8647,25
17715,8647,10
17716,8647,19
17717,8648,25
17718,8649,13
17719,8649,15
17720,8650,13
17721,8650,29
17722,8651,28
17723,8652,25
17724,8653,30
17725,8654,8
17726,8654,2
17727,8655,32
17728,8655,18
17729,8656,14
17730,8656,20
17731,8657,4
17732,8657,16
17733,8658,8
17734,8658,26
17735,8659,3
17736,8659,5
17737,8660,29
17738,8660,26
17739,8661,14
17740,8661,13
17741,8661,31
17742,8662,6
17743,8662,25
17744,8662,17
17745,8663,31
17746,8663,8
17747,8663,26
17748,8664,30
17749,8665,8
17750,8665,18
17751,8665,26
17752,8665,7
17753,8666,19
17754,8667,25
17755,8667,29
17756,8667,2
17757,8667,15
17758,8668,14
17759,8669,13
17760,8670,4
17761,8670,10
17762,8671,26
17763,8671,2
17764,8671,6
17765,8672,17
17766,8672,30
17767,8672,25
17768,8673,9
17769,8673,12
17770,8673,4
17771,8674,9
17772,8674,2
17773,8674,22
17774,8675,1
17775,8675,21
17776,8676,12
17777,8676,6
17778,8677,8
17779,8677,2
17780,8678,15
17781,8678,22
17782,8679,17
17783,8679,26
17784,8679,20
17785,8680,28
17786,8681,31
17787,8681,2
17788,8681,13
17789,8682,23
17790,8682,20
17791,8682,15
17792,8683,21
17793,8683,10
17794,8684,3
17795,8685,30
17796,8685,8
17797,8686,5
17798,8687,32
17799,8687,30
17800,8687,15
17801,8688,3
17802,8688,16
17803,8688,10
17804,8688,23
17805,8689,32
17806,8689,21
17807,8690,22
17808,8691,22
17809,8691,5
17810,8691,16
17811,8692,5
17812,8692,30
17813,8693,6
17814,8693,2
17815,8694,12
17816,8694,8
17817,8695,26
17818,8695,19
17819,8695,17
17820,8696,22
17821,8696,23
17822,8696,13
17823,8697,18
17824,8697,22
17825,8698,14
17826,8698,13
17827,8698,6
17828,8699,6
17829,8699,31
17830,8699,27
17831,8700,28
17832,8700,22
17833,8701,9
17834,8702,23
17835,8703,18
17836,8704,9
17837,8704,18
17838,8705,8
17839,8705,10
17840,8706,23
17841,8706,13
17842,8707,32
17843,8707,18
17844,8707,9
17845,8708,2
17846,8708,24
17847,8709,28
17848,8709,30
17849,8710,10
17850,8710,5
17851,8711,26
17852,8711,13
17853,8711,27
17854,8711,4
17855,8712,13
17856,8712,4
17857,8712,7
17858,8712,31
17859,8713,7
17860,8713,13
17861,8714,22
17862,8715,16
17863,8715,13
17864,8715,2
17865,8716,26
17866,8717,27
17867,8717,16
17868,8718,18
17869,8719,22
17870,8720,28
17871,8720,11
17872,8721,5
17873,8722,17
17874,8723,22
17875,8724,9
17876,8724,20
17877,8725,22
17878,8726,8
17879,8726,28
17880,8727,9
17881,8728,2
17882,8728,31
17883,8728,13
17884,8729,12
17885,8730,4
17886,8730,25
17887,8731,13
17888,8731,28
17889,8732,8
17890,8732,9
17891,8733,13
17892,8734,2
17893,8734,9
17894,8735,11
17895,8735,3
17896,8735,30
17897,8736,26
17898,8736,19
17899,8737,23
17900,8737,6
17901,8738,7
17902,8739,9
17903,8739,28
17904,8739,2
17905,8740,14
17906,8740,29
17907,8740,4
17908,8741,20
17909,8741,23
17910,8742,28
17911,8743,13
17912,8743,22
17913,8744,13
17914,8744,18
17915,8744,24
17916,8745,12
17917,8745,28
17918,8746,5
17919,8746,8
17920,8747,26
17921,8747,23
17922,8747,7
17923,8748,24
17924,8748,25
17925,8749,7
17926,8750,2
17927,8750,13
17928,8751,14
17929,8751,17
17930,8752,8
17931,8752,17
17932,8752,11
17933,8753,6
17934,8753,9
17935,8753,29
17936,8754,23
17937,8754,12
17938,8754,3
17939,8755,13
17940,8756,18
17941,8756,11
17942,8756,2
17943,8757,25
17944,8757,15
17945,8757,22
17946,8758,19
17947,8758,23
17948,8759,24
17949,8759,30
17950,8759,20
17951,8760,26
17952,8760,3
17953,8760,29
17954,8761,24
17955,8761,5
17956,8761,4
17957,8762,15
17958,8762,7
17959,8762,14
17960,8762,3
17961,8763,13
17962,8763,22
17963,8764,16
17964,8765,24
17965,8766,25
17966,8767,4
17967,8767,17
17968,8768,8
17969,8769,25
17970,8770,18
17971,8770,10
17972,8770,8
17973,8770,5
17974,8771,17
17975,8771,27
17976,8772,3
17977,8773,27
17978,8773,32
17979,8774,23
17980,8774,17
17981,8775,3
17982,8776,4
17983,8776,19
17984,8776,5
17985,8777,15
17986,8777,7
17987,8778,15
17988,8778,8
17989,8779,24
17990,8779,10
17991,8779,28
17992,8779,17
17993,8780,17
17994,8780,2
17995,8781,2
17996,8781,30
17997,8782,24
17998,8782,20
17999,8782,10
18000,8783,28
18001,8783,24
18002,8783,19
18003,8784,25
18004,8784,6
18005,8785,31
18006,8786,32
18007,8786,8
18008,8787,27
18009,8787,30
18010,8788,28
18011,8789,22
18012,8789,9
18013,8790,11
18014,8790,23
18015,8791,13
18016,8791,10
18017,8791,7
18018,8792,9
18019,8793,13
18020,8794,17
18021,8794,13
18022,8795,3
18023,8795,17
18024,8796,21
18025,8796,4
18026,8797,1
18027,8798,14
18028,8798,17
18029,8799,12
18030,8800,25
18031,8800,28
18032,8800,19
18033,8801,26
18034,8802,18
18035,8802,14
18036,8803,26
18037,8804,28
18038,8805,11
18039,8805,30
18040,8805,25
18041,8805,18
18042,8806,25
18043,8806,17
18044,8806,13
18045,8807,15
18046,8808,27
18047,8809,27
18048,8810,5
18049,8810,14
18050,8811,19
18051,8812,25
18052,8812,9
18053,8813,14
18054,8813,25
18055,8813,8
18056,8814,26
18057,8814,28
18058,8815,12
18059,8815,22
18060,8815,13
18061,8816,23
18062,8816,2
18063,8817,9
18064,8818,5
18065,8819,10
18066,8819,18
18067,8820,24
18068,8821,30
18069,8821,3
18070,8822,20
18071,8822,5
18072,8822,22
18073,8823,31
18074,8823,28
18075,8823,10
18076,8824,6
18077,8824,28
18078,8824,27
18079,8824,30
18080,8825,8
18081,8826,29
18082,8826,22
18083,8827,32
18084,8828,22
18085,8828,2
18086,8828,17
18087,8828,12
18088,8829,22
18089,8829,18
18090,8830,9
18091,8831,22
18092,8832,23
18093,8832,32
18094,8832,29
18095,8832,31
18096,8833,8
18097,8834,23
18098,8835,19
18099,8835,29
18100,8836,9
18101,8837,18
18102,8838,5
18103,8838,20
18104,8839,25
18105,8839,22
18106,8840,26
18107,8840,15
18108,8841,3
18109,8842,18
18110,8843,5
18111,8843,17
18112,8844,5
18113,8844,27
18114,8845,23
18115,8845,14
18116,8846,13
18117,8846,8
18118,8846,19
18119,8846,32
18120,8847,2
18121,8847,8
18122,8848,14
18123,8849,10
18124,8849,13
18125,8850,27
18126,8851,13
18127,8852,19
18128,8852,10
18129,8852,12
18130,8852,6
18131,8853,19
18132,8854,20
18133,8855,3
18134,8855,22
18135,8856,16
18136,8856,5
18137,8856,8
18138,8857,8
18139,8857,2
18140,8858,23
18141,8859,31
18142,8859,20
18143,8859,12
18144,8860,6
18145,8860,8
18146,8860,14
18147,8861,24
18148,8862,26
18149,8863,4
18150,8864,30
18151,8864,25
18152,8865,32
18153,8865,14
18154,8865,9
18155,8866,13
18156,8867,17
18157,8867,25
18158,8868,29
18159,8868,17
18160,8869,10
18161,8869,16
18162,8870,12
18163,8870,9
18164,8871,25
18165,8872,15
18166,8872,10
18167,8873,8
18168,8873,32
18169,8874,13
18170,8874,30
18171,8875,30
18172,8876,26
18173,8876,29
18174,8877,26
18175,8878,11
18176,8879,24
18177,8879,4
18178,8879,20
18179,8880,32
18180,8880,4
18181,8881,7
18182,8881,17
18183,8881,3
18184,8882,23
18185,8883,6
18186,8884,2
18187,8885,17
18188,8885,9
18189,8885,32
18190,8885,20
18191,8886,3
18192,8886,11
18193,8887,31
18194,8888,19
18195,8889,24
18196,8889,23
18197,8890,30
18198,8890,17
18199,8891,8
18200,8891,25
18201,8891,13
18202,8892,9
18203,8892,17
18204,8892,20
18205,8893,27
18206,8894,27
18207,8894,8
18208,8894,2
18209,8895,1
18210,8896,13
18211,8897,9
18212,8897,32
18213,8897,7
18214,8898,21
18215,8899,5
18216,8900,17
18217,8901,4
18218,8901,10
18219,8902,4
18220,8902,5
18221,8902,12
18222,8903,22
18223,8904,17
18224,8904,24
18225,8905,10
18226,8906,26
18227,8906,22
18228,8907,16
18229,8907,20
18230,8908,9
18231,8908,22
18232,8908,8
18233,8909,23
18234,8909,4
18235,8909,9
18236,8909,31
18237,8910,12
18238,8910,9
18239,8910,24
18240,8911,22
18241,8912,10
18242,8912,25
18243,8912,13
18244,8913,20
18245,8914,29
18246,8914,25
18247,8915,30
18248,8916,21
18249,8916,13
18250,8916,19
18251,8917,4
18252,8918,25
18253,8919,26
18254,8919,10
18255,8920,30
18256,8921,26
18257,8921,11
18258,8921,1
18259,8921,9
18260,8922,9
18261,8923,29
18262,8923,24
18263,8924,31
18264,8924,13
18265,8924,14
18266,8925,3
18267,8925,9
18268,8925,2
18269,8926,25
18270,8926,11
18271,8926,7
18272,8926,2
18273,8927,20
18274,8928,16
18275,8928,6
18276,8929,9
18277,8929,2
18278,8929,6
18279,8930,5
18280,8931,19
18281,8932,7
18282,8933,30
18283,8934,28
18284,8935,19
18285,8936,15
18286,8936,24
18287,8937,10
18288,8937,22
18289,8938,14
18290,8939,23
18291,8940,11
18292,8940,4
18293,8941,24
18294,8942,15
18295,8942,18
18296,8943,27
18297,8943,13
18298,8944,28
18299,8944,13
18300,8944,30
18301,8945,11
18302,8945,9
18303,8946,21
18304,8946,20
18305,8947,11
18306,8947,4
18307,8948,14
18308,8949,9
18309,8950,29
18310,8950,9
18311,8951,17
18312,8951,18
18313,8951,13
18314,8951,2
18315,8952,22
18316,8952,30
18317,8952,10
18318,8953,13
18319,8953,26
18320,8953,22
18321,8954,22
18322,8954,18
18323,8955,16
18324,8956,18
18325,8956,2
18326,8957,12
18327,8957,2
18328,8958,28
18329,8958,8
18330,8959,10
18331,8959,9
18332,8960,11
18333,8961,21
18334,8961,31
18335,8961,19
18336,8962,15
18337,8962,27
18338,8963,15
18339,8963,24
18340,8963,29
18341,8963,19
18342,8964,28
18343,8964,18
18344,8965,3
18345,8965,4
18346,8965,17
18347,8965,9
18348,8966,8
18349,8966,13
18350,8966,9
18351,8966,16
18352,8967,29
18353,8968,29
18354,8969,9
18355,8969,8
18356,8970,13
18357,8970,8
18358,8971,28
18359,8972,9
18360,8973,18
18361,8974,20
18362,8975,20
18363,8975,13
18364,8975,8
18365,8976,18
18366,8976,2
18367,8977,28
18368,8977,29
18369,8978,19
18370,8979,28
18371,8979,13
18372,8980,14
18373,8980,8
18374,8981,2
18375,8981,13
18376,8981,21
18377,8982,32
18378,8983,8
18379,8983,19
18380,8983,20
18381,8984,3
18382,8984,6
18383,8985,5
18384,8986,32
18385,8986,8
18386,8987,8
18387,8987,24
18388,8988,18
18389,8988,29
18390,8988,30
18391,8988,24
18392,8989,18
18393,8989,25
18394,8989,17
18395,8990,23
18396,8990,18
18397,8990,30
18398,8991,23
18399,8991,14
18400,8991,13
18401,8992,10
18402,8992,8
18403,8993,4
18404,8994,19
18405,8994,8
18406,8995,3
18407,8995,7
18408,8995,5
18409,8996,24
18410,8997,29
18411,8998,10
18412,8999,9
18413,8999,13
18414,8999,20
18415,8999,19
18416,9000,22
18417,9001,10
18418,9001,19
18419,9002,28
18420,9002,7
18421,9002,13
18422,9003,4
18423,9003,29
18424,9004,22
18425,9004,13
18426,9004,10
18427,9005,28
18428,9005,2
18429,9006,8
18430,9007,4
18431,9008,5
18432,9008,22
18433,9008,31
18434,9009,3
18435,9009,4
18436,9009,9
18437,9010,22
18438,9010,13
18439,9011,4
18440,9012,26
18441,9012,30
18442,9013,22
18443,9013,13
18444,9014,10
18445,9014,13
18446,9014,14
18447,9015,8
18448,9016,25
18449,9016,1
18450,9017,25
18451,9018,2
18452,9019,20
18453,9020,28
18454,9021,20
18455,9021,8
18456,9021,11
18457,9022,9
18458,9022,30
18459,9023,13
18460,9024,6
18461,9025,8
18462,9025,14
18463,9026,30
18464,9026,1
18465,9026,25
18466,9027,32
18467,9027,13
18468,9028,29
18469,9028,16
18470,9029,8
18471,9029,11
18472,9029,18
18473,9029,3
18474,9030,25
18475,9031,2
18476,9031,9
18477,9032,25
18478,9033,14
18479,9033,13
18480,9033,2
18481,9034,32
18482,9034,5
18483,9034,22
18484,9034,13
18485,9035,18
18486,9035,10
18487,9035,4
18488,9036,17
18489,9037,7
18490,9037,16
18491,9038,32
18492,9038,16
18493,9038,25
18494,9039,6
18495,9039,31
18496,9039,20
18497,9039,3
18498,9040,10
18499,9040,28
18500,9040,18
18501,9041,30
18502,9041,4
18503,9042,4
18504,9042,3
18505,9043,31
18506,9043,25
18507,9044,17
18508,9044,24
18509,9045,21
18510,9045,20
18511,9046,9
18512,9046,17
18513,9047,14
18514,9047,19
18515,9047,4
18516,9048,29
18517,9048,12
18518,9049,9
18519,9049,25
18520,9050,2
18521,9051,15
18522,9051,8
18523,9051,29
18524,9051,6
18525,9052,7
18526,9053,13
18527,9053,6
18528,9054,20
18529,9055,9
18530,9055,10
18531,9056,26
18532,9056,28
18533,9057,10
18534,9057,9
18535,9058,12
18536,9058,5
18537,9059,2
18538,9060,13
18539,9060,27
18540,9060,23
18541,9060,31
18542,9061,4
18543,9061,28
18544,9062,30
18545,9062,17
18546,9063,14
18547,9064,18
18548,9064,13
18549,9064,2
18550,9064,22
18551,9065,9
18552,9065,13
18553,9065,3
18554,9066,11
18555,9066,6
18556,9067,9
18557,9067,22
18558,9068,14
18559,9069,15
18560,9070,4
18561,9070,26
18562,9071,32
18563,9071,22
18564,9071,27
18565,9072,3
18566,9073,3
18567,9073,4
18568,9074,7
18569,9075,12
18570,9076,23
18571,9076,22
18572,9076,32
18573,9076,25
18574,9077,5
18575,9077,30
18576,9077,25
18577,9078,21
18578,9079,13
18579,9080,9
18580,9080,17
18581,9081,14
18582,9081,4
18583,9082,24
18584,9082,3
18585,9082,13
18586,9083,29
18587,9083,12
18588,9083,21
18589,9083,30
18590,9084,6
18591,9084,18
18592,9084,9
18593,9085,8
18594,9086,5
18595,9087,10
18596,9087,16
18597,9087,27
18598,9088,7
18599,9088,22
18600,9088,19
18601,9089,23
18602,9089,10
18603,9089,8
18604,9089,4
18605,9090,26
18606,9090,4
18607,9091,10
18608,9092,18
18609,9092,2
18610,9092,11
18611,9093,2
18612,9093,11
18613,9093,8
18614,9094,26
18615,9094,22
18616,9094,19
18617,9095,2
18618,9095,32
18619,9095,15
18620,9096,23
18621,9097,28
18622,9097,20
18623,9098,25
18624,9098,14
18625,9099,23
18626,9099,8
18627,9099,4
18628,9100,2
18629,9100,27
18630,9100,30
18631,9101,24
18632,9101,11
18633,9102,23
18634,9102,30
18635,9102,5
18636,9102,27
18637,9103,28
18638,9104,2
18639,9104,18
18640,9105,14
18641,9105,26
18642,9105,18
18643,9106,24
18644,9106,18
18645,9107,31
18646,9108,27
18647,9108,6
18648,9108,17
18649,9108,15
18650,9109,3
18651,9110,11
18652,9110,29
18653,9110,30
18654,9111,13
18655,9112,17
18656,9113,12
18657,9113,4
18658,9114,4
18659,9114,13
18660,9115,27
18661,9115,32
18662,9115,17
18663,9116,17
18664,9117,25
18665,9118,9
18666,9119,28
18667,9119,14
18668,9120,30
18669,9121,10
18670,9121,5
18671,9122,25
18672,9123,24
18673,9124,22
18674,9124,18
18675,9124,20
18676,9124,25
18677,9125,20
18678,9125,15
18679,9126,26
18680,9126,21
18681,9126,20
18682,9126,12
18683,9127,4
18684,9128,10
18685,9128,3
18686,9129,24
18687,9130,30
18688,9130,7
18689,9130,17
18690,9131,30
18691,9131,20
18692,9132,2
18693,9132,17
18694,9132,29
18695,9132,24
18696,9133,26
18697,9133,9
18698,9134,28
18699,9135,14
18700,9135,29
18701,9135,31
18702,9136,25
18703,9137,32
18704,9137,12
18705,9138,7
18706,9138,28
18707,9139,18
18708,9139,13
18709,9139,7
18710,9140,14
18711,9140,5
18712,9141,14
18713,9141,15
18714,9141,31
18715,9141,28
18716,9142,13
18717,9142,18
18718,9143,2
18719,9144,22
18720,9144,15
18721,9145,32
18722,9146,29
18723,9146,30
18724,9146,25
18725,9147,1
18726,9147,13
18727,9148,18
18728,9148,17
18729,9148,28
18730,9149,3
18731,9149,30
18732,9149,22
18733,9149,16
18734,9150,5
18735,9150,23
18736,9151,29
18737,9151,30
18738,9151,14
18739,9152,31
18740,9152,14
18741,9152,20
18742,9152,25
18743,9153,9
18744,9154,6
18745,9154,24
18746,9154,30
18747,9155,7
18748,9155,8
18749,9156,29
18750,9156,26
18751,9157,18
18752,9158,15
18753,9158,28
18754,9158,11
18755,9159,24
18756,9160,32
18757,9160,10
18758,9161,30
18759,9162,18
18760,9163,4
18761,9163,29
18762,9163,32
18763,9164,28
18764,9164,26
18765,9165,8
18766,9166,26
18767,9166,22
18768,9166,9
18769,9167,25
18770,9167,17
18771,9168,28
18772,9169,30
18773,9169,3
18774,9169,25
18775,9170,29
18776,9171,26
18777,9172,21
18778,9172,28
18779,9172,30
18780,9173,11
18781,9173,2
18782,9173,28
18783,9174,30
18784,9174,21
18785,9175,19
18786,9175,26
18787,9176,13
18788,9176,18
18789,9177,16
18790,9177,17
18791,9178,25
18792,9178,14
18793,9179,18
18794,9179,6
18795,9180,25
18796,9181,32
18797,9181,6
18798,9182,10
18799,9182,9
18800,9183,30
18801,9183,32
18802,9184,25
18803,9184,10
18804,9184,13
18805,9185,18
18806,9185,29
18807,9185,10
18808,9186,32
18809,9187,4
18810,9187,6
18811,9188,4
18812,9188,14
18813,9189,4
18814,9190,9
18815,9190,27
18816,9190,5
18817,9191,4
18818,9191,13
18819,9192,7
18820,9192,4
18821,9193,26
18822,9193,20
18823,9194,6
18824,9194,24
18825,9194,4
18826,9194,18
18827,9195,24
18828,9195,6
18829,9196,3
18830,9196,11
18831,9197,29
18832,9197,5
18833,9197,9
18834,9198,12
18835,9199,10
18836,9199,22
18837,9199,26
18838,9199,28
18839,9200,10
18840,9200,30
18841,9200,26
18842,9201,23
18843,9201,16
18844,9201,25
18845,9202,25
18846,9202,29
18847,9202,5
18848,9203,8
18849,9203,17
18850,9204,16
18851,9204,14
18852,9205,9
18853,9206,8
18854,9207,10
18855,9208,3
18856,9208,20
18857,9209,22
18858,9209,8
18859,9210,28
18860,9210,3
18861,9211,4
18862,9212,15
18863,9213,3
18864,9213,9
18865,9214,13
18866,9214,11
18867,9215,19
18868,9216,8
18869,9216,26
18870,9217,10
18871,9217,15
18872,9217,27
18873,9218,9
18874,9219,3
18875,9220,10
18876,9220,22
18877,9221,27
18878,9222,14
18879,9222,26
18880,9223,23
18881,9224,25
18882,9225,16
18883,9226,18
18884,9226,26
18885,9226,9
18886,9227,25
18887,9227,29
18888,9228,13
18889,9228,11
18890,9228,29
18891,9229,15
18892,9230,2
18893,9230,4
18894,9230,24
18895,9231,8
18896,9232,30
18897,9232,12
18898,9233,23
18899,9233,20
18900,9234,11
18901,9234,13
18902,9235,9
18903,9235,22
18904,9236,13
18905,9236,14
18906,9237,18
18907,9238,10
18908,9239,13
18909,9239,19
18910,9240,24
18911,9240,9
18912,9240,2
18913,9240,6
18914,9241,6
18915,9241,14
18916,9241,23
18917,9242,8
18918,9242,5
18919,9242,22
18920,9243,10
18921,9243,21
18922,9243,5
18923,9244,2
18924,9244,10
18925,9245,11
18926,9245,20
18927,9246,11
18928,9246,16
18929,9246,25
18930,9247,8
18931,9247,13
18932,9247,25
18933,9248,19
18934,9249,29
18935,9250,12
18936,9250,20
18937,9251,2
18938,9251,11
18939,9252,8
18940,9252,9
18941,9252,2
18942,9252,3
18943,9253,31
18944,9253,19
18945,9254,30
18946,9255,11
18947,9256,13
18948,9256,8
18949,9256,14
18950,9256,9
18951,9257,23
18952,9258,7
18953,9258,24
18954,9258,22
18955,9259,22
18956,9260,11
18957,9260,30
18958,9261,4
18959,9261,25
18960,9261,23
18961,9262,18
18962,9263,24
18963,9263,18
18964,9263,7
18965,9264,19
18966,9265,14
18967,9265,11
18968,9266,8
18969,9266,26
18970,9266,5
18971,9266,4
18972,9267,25
18973,9267,8
18974,9268,22
18975,9268,6
18976,9269,17
18977,9269,13
18978,9270,9
18979,9270,26
18980,9270,23
18981,9271,18
18982,9272,22
18983,9272,11
18984,9273,18
18985,9273,28
18986,9273,4
18987,9274,10
18988,9274,32
18989,9274,18
18990,9274,30
18991,9275,5
18992,9275,9
18993,9276,5
18994,9277,27
18995,9278,12
18996,9278,28
18997,9278,13
18998,9279,19
18999,9279,30
19000,9280,8
19001,9281,5
19002,9282,26
19003,9282,3
19004,9282,23
19005,9283,11
19006,9283,9
19007,9283,22
19008,9284,13
19009,9284,26
19010,9285,8
19011,9286,13
19012,9286,7
19013,9287,19
19014,9287,30
19015,9288,25
19016,9289,27
19017,9290,24
19018,9291,2
19019,9291,23
19020,9292,19
19021,9292,10
19022,9293,13
19023,9293,20
19024,9293,14
19025,9293,3
19026,9294,17
19027,9294,29
19028,9295,8
19029,9295,9
19030,9295,31
19031,9296,14
19032,9297,3
19033,9297,14
19034,9298,2
19035,9299,22
19036,9300,17
19037,9300,11
19038,9301,17
19039,9301,9
19040,9302,24
19041,9302,29
19042,9303,13
19043,9303,5
19044,9303,29
19045,9304,25
19046,9304,16
19047,9305,11
19048,9306,8
19049,9306,23
19050,9307,15
19051,9307,5
19052,9308,22
19053,9309,13
19054,9309,26
19055,9310,13
19056,9310,8
19057,9311,8
19058,9311,19
19059,9311,13
19060,9311,7
19061,9312,9
19062,9312,18
19063,9313,11
19064,9313,2
19065,9314,7
19066,9314,10
19067,9315,13
19068,9315,26
19069,9315,24
19070,9316,8
19071,9316,9
19072,9316,29
19073,9317,17
19074,9317,24
19075,9317,6
19076,9317,26
19077,9318,5
19078,9318,12
19079,9318,14
19080,9319,25
19081,9319,13
19082,9319,10
19083,9320,22
19084,9321,15
19085,9322,13
19086,9322,17
19087,9322,8
19088,9322,11
19089,9323,30
19090,9323,20
19091,9324,6
19092,9324,28
19093,9325,5
19094,9326,25
19095,9326,13
19096,9326,17
19097,9327,19
19098,9328,8
19099,9328,26
19100,9329,20
19101,9329,2
19102,9329,23
19103,9329,28
19104,9330,23
19105,9331,4
19106,9332,10
19107,9333,24
19108,9333,22
19109,9333,15
19110,9333,12
19111,9334,13
19112,9335,23
19113,9335,2
19114,9335,8
19115,9336,21
19116,9337,13
19117,9337,29
19118,9337,19
19119,9338,26
19120,9338,28
19121,9339,5
19122,9339,20
19123,9339,19
19124,9339,13
19125,9340,29
19126,9340,17
19127,9341,5
19128,9341,16
19129,9341,18
19130,9341,24
19131,9342,30
19132,9342,5
19133,9343,9
19134,9343,26
19135,9343,8
19136,9344,22
19137,9345,18
19138,9345,5
19139,9346,10
19140,9346,11
19141,9347,5
19142,9347,9
19143,9347,25
19144,9348,7
19145,9349,22
19146,9350,4
19147,9350,22
19148,9350,12
19149,9351,5
19150,9351,22
19151,9351,9
19152,9352,24
19153,9353,31
19154,9353,21
19155,9353,17
19156,9353,2
19157,9354,20
19158,9354,4
19159,9355,17
19160,9356,18
19161,9356,5
19162,9356,4
19163,9356,26
19164,9357,29
19165,9357,24
19166,9357,21
19167,9357,11
19168,9358,13
19169,9358,14
19170,9359,9
19171,9359,12
19172,9359,27
19173,9360,25
19174,9361,14
19175,9362,8
19176,9362,14
19177,9362,5
19178,9363,13
19179,9364,4
19180,9364,30
19181,9365,30
19182,9366,32
19183,9366,17
19184,9366,25
19185,9366,31
19186,9367,20
19187,9367,14
19188,9367,32
19189,9367,22
19190,9368,25
19191,9369,22
19192,9369,14
19193,9369,7
19194,9369,9
19195,9370,2
19196,9371,18
19197,9371,7
19198,9372,13
19199,9372,3
19200,9372,30
19201,9373,20
19202,9373,26
19203,9373,31
19204,9373,25
19205,9374,27
19206,9374,19
19207,9375,15
19208,9375,2
19209,9376,19
19210,9376,18
19211,9377,26
19212,9377,29
19213,9378,5
19214,9378,27
19215,9378,11
19216,9379,16
19217,9379,29
19218,9379,30
19219,9380,28
19220,9380,18
19221,9380,8
19222,9381,22
19223,9382,9
19224,9382,22
19225,9383,22
19226,9383,14
19227,9384,14
19228,9384,8
19229,9385,3
19230,9386,31
19231,9387,31
19232,9387,12
19233,9387,26
19234,9388,8
19235,9388,19
19236,9388,13
19237,9389,13
19238,9389,3
19239,9390,14
19240,9390,27
19241,9391,26
19242,9391,24
19243,9392,10
19244,9393,9
19245,9393,2
19246,9394,9
19247,9394,28
19248,9395,23
19249,9395,5
19250,9396,14
19251,9396,5
19252,9397,30
19253,9397,9
19254,9398,11
19255,9398,31
19256,9398,3
19257,9398,20
19258,9399,18
19259,9399,8
19260,9400,21
19261,9400,13
19262,9401,6
19263,9402,14
19264,9403,28
19265,9404,25
19266,9405,30
19267,9405,18
19268,9405,26
19269,9406,27
19270,9406,13
19271,9407,19
19272,9407,9
19273,9408,18
19274,9408,9
19275,9408,2
19276,9409,2
19277,9409,15
19278,9409,14
19279,9409,30
19280,9410,3
19281,9410,31
19282,9410,15
19283,9410,32
19284,9411,22
19285,9411,9
19286,9412,14
19287,9413,27
19288,9414,11
19289,9414,27
19290,9415,2
19291,9416,14
19292,9417,24
19293,9417,3
19294,9417,13
19295,9418,9
19296,9419,17
19297,9420,9
19298,9420,12
19299,9421,25
19300,9422,11
19301,9422,22
19302,9423,12
19303,9423,5
19304,9423,29
19305,9424,8
19306,9424,11
19307,9424,25
19308,9424,27
19309,9425,14
19310,9425,22
19311,9426,25
19312,9426,29
19313,9426,28
19314,9426,16
19315,9427,13
19316,9427,26
19317,9427,2
19318,9427,28
19319,9428,13
19320,9428,2
19321,9428,3
19322,9429,28
19323,9429,23
19324,9430,12
19325,9431,9
19326,9432,9
19327,9432,26
19328,9433,22
19329,9433,23
19330,9433,2
19331,9434,9
19332,9434,29
19333,9435,29
19334,9435,26
19335,9435,11
19336,9435,4
19337,9436,6
19338,9437,4
19339,9438,12
19340,9438,6
19341,9438,22
19342,9438,4
19343,9439,9
19344,9440,18
19345,9441,5
19346,9441,24
19347,9441,18
19348,9441,28
19349,9442,17
19350,9442,8
19351,9443,7
19352,9443,9
19353,9443,8
19354,9443,31
19355,9444,20
19356,9444,25
19357,9445,13
19358,9445,23
19359,9446,29
19360,9446,20
19361,9447,13
19362,9447,20
19363,9448,3
19364,9449,8
19365,9449,4
19366,9450,18
19367,9450,19
19368,9451,4
19369,9451,31
19370,9452,24
19371,9453,26
19372,9453,31
19373,9453,25
19374,9454,20
19375,9454,1
19376,9455,18
19377,9455,11
19378,9456,16
19379,9456,9
19380,9456,22
19381,9457,26
19382,9458,9
19383,9458,15
19384,9458,28
19385,9459,32
19386,9460,13
19387,9460,11
19388,9461,22
19389,9462,14
19390,9463,32
19391,9463,17
19392,9463,14
19393,9464,32
19394,9464,2
19395,9464,3
19396,9465,18
19397,9465,19
19398,9465,4
19399,9465,22
19400,9466,17
19401,9467,2
19402,9468,17
19403,9468,21
19404,9469,25
19405,9470,28
19406,9471,32
19407,9472,12
19408,9472,15
19409,9473,26
19410,9474,18
19411,9474,25
19412,9475,28
19413,9476,9
19414,9477,22
19415,9477,5
19416,9477,12
19417,9478,21
19418,9478,5
19419,9478,13
19420,9479,10
19421,9479,14
19422,9480,28
19423,9480,27
19424,9481,32
19425,9482,17
19426,9482,31
19427,9483,14
19428,9483,24
19429,9484,9
19430,9485,6
19431,9485,7
19432,9485,13
19433,9486,14
19434,9486,18
19435,9486,23
19436,9486,8
19437,9487,9
19438,9487,10
19439,9488,23
19440,9489,5
19441,9489,14
19442,9490,23
19443,9490,3
19444,9490,22
19445,9490,19
19446,9491,14
19447,9492,9
19448,9492,4
19449,9493,26
19450,9493,11
19451,9494,32
19452,9494,11
19453,9494,29
19454,9495,11
19455,9496,5
19456,9496,32
19457,9497,20
19458,9497,18
19459,9498,2
19460,9499,26
19461,9500,15
19462,9500,8
19463,9500,14
19464,9501,27
19465,9501,30
19466,9502,4
19467,9502,17
19468,9503,4
19469,9503,30
19470,9504,14
19471,9504,28
19472,9504,25
19473,9505,22
19474,9506,29
19475,9506,17
19476,9507,22
19477,9507,32
19478,9508,5
19479,9509,14
19480,9510,19
19481,9510,32
19482,9511,9
19483,9511,27
19484,9512,19
19485,9512,13
19486,9512,29
19487,9513,25
19488,9513,7
19489,9513,21
19490,9513,8
19491,9514,16
19492,9514,5
19493,9514,18
19494,9515,5
19495,9515,6
19496,9516,27
19497,9516,31
19498,9517,14
19499,9517,19
19500,9517,22
19501,9518,20
19502,9518,22
19503,9519,9
19504,9519,17
19505,9520,22
19506,9520,9
19507,9520,13
19508,9521,22
19509,9521,10
19510,9522,20
19511,9522,30
19512,9523,17
19513,9523,18
19514,9524,31
19515,9524,19
19516,9524,28
19517,9524,32
19518,9525,3
19519,9526,24
19520,9526,8
19521,9526,2
19522,9527,5
19523,9528,11
19524,9528,8
19525,9529,17
19526,9529,12
19527,9529,9
19528,9530,11
19529,9531,2
19530,9532,22
19531,9532,25
19532,9533,4
19533,9533,30
19534,9533,23
19535,9534,24
19536,9534,25
19537,9534,10
19538,9535,3
19539,9536,8
19540,9537,9
19541,9537,27
19542,9538,26
19543,9538,5
19544,9539,2
19545,9539,26
19546,9539,22
19547,9540,28
19548,9541,2
19549,9541,27
19550,9541,25
19551,9542,30
19552,9542,24
19553,9543,22
19554,9543,4
19555,9543,16
19556,9544,17
19557,9544,2
19558,9545,9
19559,9545,30
19560,9545,15
19561,9546,31
19562,9547,23
19563,9547,28
19564,9548,13
19565,9549,25
19566,9549,29
19567,9550,8
19568,9550,20
19569,9550,29
19570,9550,17
19571,9551,14
19572,9551,3
19573,9551,24
19574,9551,23
19575,9552,13
19576,9553,25
19577,9553,18
19578,9554,22
19579,9554,12
19580,9554,14
19581,9555,27
19582,9555,7
19583,9556,14
19584,9557,30
19585,9557,11
19586,9557,13
19587,9558,17
19588,9558,15
19589,9559,14
19590,9559,9
19591,9560,24
19592,9560,15
19593,9561,32
19594,9561,25
19595,9561,9
19596,9562,11
19597,9562,9
19598,9563,8
19599,9564,18
19600,9564,23
19601,9565,8
19602,9565,18
19603,9565,4
19604,9566,2
19605,9567,31
19606,9567,28
19607,9568,31
19608,9568,21
19609,9568,13
19610,9569,11
19611,9570,21
19612,9570,19
19613,9570,22
19614,9570,1
19615,9571,30
19616,9572,13
19617,9572,29
19618,9573,30
19619,9574,2
19620,9574,3
19621,9575,22
19622,9575,30
19623,9576,12
19624,9577,3
19625,9577,13
19626,9578,8
19627,9578,6
19628,9579,14
19629,9579,8
19630,9580,13
19631,9580,5
19632,9581,22
19633,9581,18
19634,9582,18
19635,9582,28
19636,9583,26
19637,9583,10
19638,9583,23
19639,9583,13
19640,9584,12
19641,9585,25
19642,9586,23
19643,9586,28
19644,9587,29
19645,9587,31
19646,9587,22
19647,9587,5
19648,9588,26
19649,9589,6
19650,9590,25
19651,9590,20
19652,9591,14
19653,9592,22
19654,9593,9
19655,9594,30
19656,9595,14
19657,9595,25
19658,9596,30
19659,9596,8
19660,9597,15
19661,9597,14
19662,9597,24
19663,9598,20
19664,9598,10
19665,9599,18
19666,9600,13
19667,9600,2
19668,9600,5
19669,9601,19
19670,9601,9
19671,9601,1
19672,9602,9
19673,9602,10
19674,9603,31
19675,9604,30
19676,9604,17
19677,9604,29
19678,9604,9
19679,9605,6
19680,9605,29
19681,9606,11
19682,9606,31
19683,9606,20
19684,9607,5
19685,9608,32
19686,9608,29
19687,9609,29
19688,9610,24
19689,9610,6
19690,9610,28
19691,9611,14
19692,9611,4
19693,9612,8
19694,9613,2
19695,9613,14
19696,9614,20
19697,9614,8
19698,9614,3
19699,9615,23
19700,9615,16
19701,9616,23
19702,9616,28
19703,9616,14
19704,9617,17
19705,9617,24
19706,9618,8
19707,9619,24
19708,9619,7
19709,9619,30
19710,9620,5
19711,9621,19
19712,9622,18
19713,9622,22
19714,9622,2
19715,9622,15
19716,9623,29
19717,9623,8
19718,9624,26
19719,9624,8
19720,9625,19
19721,9625,20
19722,9626,26
19723,9626,2
19724,9627,29
19725,9627,6
19726,9627,18
19727,9628,22
19728,9628,17
19729,9629,5
19730,9630,25
19731,9631,21
19732,9631,32
19733,9631,17
19734,9631,7
19735,9632,28
19736,9632,13
19737,9633,1
19738,9633,31
19739,9633,17
19740,9634,16
19741,9634,30
19742,9634,19
19743,9635,14
19744,9635,18
19745,9636,7
19746,9636,10
19747,9637,6
19748,9638,12
19749,9639,23
19750,9639,21
19751,9640,17
19752,9640,2
19753,9641,25
19754,9641,8
19755,9642,6
19756,9643,16
19757,9644,32
19758,9644,26
19759,9645,30
19760,9645,21
19761,9645,18
19762,9646,15
19763,9647,18
19764,9647,27
19765,9648,13
19766,9649,19
19767,9649,4
19768,9650,13
19769,9650,25
19770,9651,23
19771,9651,4
19772,9652,9
19773,9653,27
19774,9654,31
19775,9654,11
19776,9654,14
19777,9655,28
19778,9655,8
19779,9656,29
19780,9656,8
19781,9656,9
19782,9657,3
19783,9657,22
19784,9658,15
19785,9659,28
19786,9659,13
19787,9659,26
19788,9659,30
19789,9660,22
19790,9661,17
19791,9661,9
19792,9662,17
19793,9662,19
19794,9663,12
19795,9663,5
19796,9663,16
19797,9663,13
19798,9664,28
19799,9665,6
19800,9665,8
19801,9665,21
19802,9665,29
19803,9666,14
19804,9666,13
19805,9666,12
19806,9666,11
19807,9667,7
19808,9667,25
19809,9668,31
19810,9668,2
19811,9668,22
19812,9669,14
19813,9670,9
19814,9670,17
19815,9670,32
19816,9671,23
19817,9671,22
19818,9672,3
19819,9672,4
19820,9672,10
19821,9673,11
19822,9673,13
19823,9674,14
19824,9674,8
19825,9674,23
19826,9675,2
19827,9676,22
19828,9676,30
19829,9677,22
19830,9677,2
19831,9677,14
19832,9677,31
19833,9678,25
19834,9678,15
19835,9679,14
19836,9680,8
19837,9680,10
19838,9680,1
19839,9680,23
19840,9681,11
19841,9682,23
19842,9683,8
19843,9684,25
19844,9684,28
19845,9684,32
19846,9684,24
19847,9685,15
19848,9685,5
19849,9685,22
19850,9685,23
19851,9686,14
19852,9686,8
19853,9687,17
19854,9687,9
19855,9688,25
19856,9689,5
19857,9689,22
19858,9690,24
19859,9691,31
19860,9691,6
19861,9691,8
19862,9692,29
19863,9693,23
19864,9694,27
19865,9694,20
19866,9694,11
19867,9695,22
19868,9695,10
19869,9696,2
19870,9697,5
19871,9697,24
19872,9697,4
19873,9698,13
19874,9698,17
19875,9699,13
19876,9699,24
19877,9700,25
19878,9701,10
19879,9701,14
19880,9702,23
19881,9702,4
19882,9702,29
19883,9703,22
19884,9703,5
19885,9703,4
19886,9704,29
19887,9704,24
19888,9705,8
19889,9706,9
19890,9707,17
19891,9708,15
19892,9708,23
19893,9708,9
19894,9709,9
19895,9709,14
19896,9710,26
19897,9711,13
19898,9711,17
19899,9711,8
19900,9712,15
19901,9712,9
19902,9712,11
19903,9713,27
19904,9714,14
19905,9714,30
19906,9714,24
19907,9715,8
19908,9715,28
19909,9716,19
19910,9716,2
19911,9717,9
19912,9718,17
19913,9718,22
19914,9719,11
19915,9719,9
19916,9719,26
19917,9720,8
19918,9721,22
19919,9722,22
19920,9722,30
19921,9723,4
19922,9724,11
19923,9724,31
19924,9724,17
19925,9725,8
19926,9725,9
19927,9726,13
19928,9727,29
19929,9727,2
19930,9727,9
19931,9728,14
19932,9728,11
19933,9728,12
19934,9729,32
19935,9730,27
19936,9731,3
19937,9732,30
19938,9733,18
19939,9733,19
19940,9734,11
19941,9734,13
19942,9735,22
19943,9736,14
19944,9736,22
19945,9737,14
19946,9737,8
19947,9738,24
19948,9738,16
19949,9739,30
19950,9739,13
19951,9740,28
19952,9740,23
19953,9740,29
19954,9741,19
19955,9741,23
19956,9742,24
19957,9742,30
19958,9743,20
19959,9743,26
19960,9743,16
19961,9743,29
19962,9744,32
19963,9744,30
19964,9745,17
19965,9745,28
19966,9746,25
19967,9747,5
19968,9747,1
19969,9748,4
19970,9748,11
19971,9748,22
19972,9749,23
19973,9749,9
19974,9749,13
19975,9750,9
19976,9751,23
19977,9751,8
19978,9752,7
19979,9752,30
19980,9752,29
19981,9753,13
19982,9753,22
19983,9754,17
19984,9755,16
19985,9755,18
19986,9756,2
19987,9756,27
19988,9756,13
19989,9757,15
19990,9757,7
19991,9758,17
19992,9759,6
19993,9759,10
19994,9760,22
19995,9760,28
19996,9760,4
19997,9760,10
19998,9761,23
19999,9762,17
20000,9763,25
20001,9763,9
20002,9764,28
20003,9764,7
20004,9764,9
20005,9765,18
20006,9766,2
20007,9767,18
20008,9767,19
20009,9767,14
20010,9768,17
20011,9768,29
20012,9769,15
20013,9770,4
20014,9770,30
20015,9770,2
20016,9771,26
20017,9772,18
20018,9773,11
20019,9773,1
20020,9773,29
20021,9773,6
20022,9774,2
20023,9774,7
20024,9775,22
20025,9775,9
20026,9775,27
20027,9775,28
20028,9776,28
20029,9776,2
20030,9777,11
20031,9777,20
20032,9778,32
20033,9778,6
20034,9779,18
20035,9779,27
20036,9779,11
20037,9780,20
20038,9781,25
20039,9782,1
20040,9782,22
20041,9782,24
20042,9783,5
20043,9784,9
20044,9784,25
20045,9784,19
20046,9785,20
20047,9786,1
20048,9786,13
20049,9786,22
20050,9787,9
20051,9787,18
20052,9788,1
20053,9788,24
20054,9789,31
20055,9789,13
20056,9790,29
20057,9791,7
20058,9791,10
20059,9792,23
20060,9793,24
20061,9794,3
20062,9794,5
20063,9795,28
20064,9796,31
20065,9797,8
20066,9797,18
20067,9797,22
20068,9798,17
20069,9798,30
20070,9798,27
20071,9798,29
20072,9799,8
20073,9800,2
20074,9801,23
20075,9802,26
20076,9802,4
20077,9802,27
20078,9803,25
20079,9804,27
20080,9804,12
20081,9805,31
20082,9805,1
20083,9806,16
20084,9806,10
20085,9807,7
20086,9807,28
20087,9808,17
20088,9808,26
20089,9808,30
20090,9808,28
20091,9809,27
20092,9809,23
20093,9810,10
20094,9810,23
20095,9811,18
20096,9811,30
20097,9812,28
20098,9812,16
20099,9812,9
20100,9813,19
20101,9813,22
20102,9814,24
20103,9814,4
20104,9814,9
20105,9815,24
20106,9815,26
20107,9815,23
20108,9815,32
20109,9816,10
20110,9817,1
20111,9817,30
20112,9817,10
20113,9817,31
20114,9818,17
20115,9818,26
20116,9818,13
20117,9819,13
20118,9819,6
20119,9820,20
20120,9821,7
20121,9822,14
20122,9822,13
20123,9823,22
20124,9823,31
20125,9824,5
20126,9824,32
20127,9825,5
20128,9825,24
20129,9825,21
20130,9826,13
20131,9826,24
20132,9827,4
20133,9827,25
20134,9828,27
20135,9828,29
20136,9829,26
20137,9830,20
20138,9830,26
20139,9830,23
20140,9830,4
20141,9831,31
20142,9832,11
20143,9832,8
20144,9833,6
20145,9833,25
20146,9834,26
20147,9834,14
20148,9835,13
20149,9836,18
20150,9836,15
20151,9837,14
20152,9837,5
20153,9838,30
20154,9839,22
20155,9840,26
20156,9840,5
20157,9840,23
20158,9841,9
20159,9842,24
20160,9843,13
20161,9843,31
20162,9844,11
20163,9844,3
20164,9845,14
20165,9845,22
20166,9846,26
20167,9847,5
20168,9848,13
20169,9848,10
20170,9848,26
20171,9849,18
20172,9849,23
20173,9850,15
20174,9851,22
20175,9852,20
20176,9852,15
20177,9853,16
20178,9854,7
20179,9854,18
20180,9855,26
20181,9856,30
20182,9857,8
20183,9857,10
20184,9858,20
20185,9859,19
20186,9860,22
20187,9860,8
20188,9861,23
20189,9862,30
20190,9862,17
20191,9862,22
20192,9862,2
20193,9863,9
20194,9863,20
20195,9864,8
20196,9865,12
20197,9866,14
20198,9866,24
20199,9866,26
20200,9867,26
20201,9868,23
20202,9868,25
20203,9869,9
20204,9869,28
20205,9869,24
20206,9869,32
20207,9870,10
20208,9870,28
20209,9871,18
20210,9871,29
20211,9871,5
20212,9871,22
20213,9872,9
20214,9872,13
20215,9873,4
20216,9873,25
20217,9873,8
20218,9873,27
20219,9874,29
20220,9874,18
20221,9874,10
20222,9875,10
20223,9875,9
20224,9875,5
20225,9876,9
20226,9876,20
20227,9876,18
20228,9877,29
20229,9877,32
20230,9878,14
20231,9879,29
20232,9879,19
20233,9879,24
20234,9880,9
20235,9881,26
20236,9881,12
20237,9881,18
20238,9882,10
20239,9882,14
20240,9882,22
20241,9883,10
20242,9883,28
20243,9884,18
20244,9885,22
20245,9886,32
20246,9887,23
20247,9887,18
20248,9887,6
20249,9887,4
20250,9888,28
20251,9889,24
20252,9889,10
20253,9890,32
20254,9891,14
20255,9891,29
20256,9891,13
20257,9892,8
20258,9892,20
20259,9893,1
20260,9893,30
20261,9893,10
20262,9894,8
20263,9894,11
20264,9895,2
20265,9895,12
20266,9895,26
20267,9896,22
20268,9897,27
20269,9897,25
20270,9898,18
20271,9898,27
20272,9898,9
20273,9899,24
20274,9899,14
20275,9900,20
20276,9901,22
20277,9901,8
20278,9901,20
20279,9902,13
20280,9902,15
20281,9902,14
20282,9903,22
20283,9903,5
20284,9903,26
20285,9904,26
20286,9904,13
20287,9905,11
20288,9905,15
20289,9906,13
20290,9906,9
20291,9907,17
20292,9907,5
20293,9908,3
20294,9909,13
20295,9909,18
20296,9910,20
20297,9910,31
20298,9911,19
20299,9912,6
20300,9912,11
20301,9913,19
20302,9914,29
20303,9915,13
20304,9916,8
20305,9916,16
20306,9916,25
20307,9917,20
20308,9917,3
20309,9918,8
20310,9918,9
20311,9918,24
20312,9919,3
20313,9920,17
20314,9920,14
20315,9921,22
20316,9921,13
20317,9922,32
20318,9923,11
20319,9924,23
20320,9924,31
20321,9925,24
20322,9925,22
20323,9926,11
20324,9926,23
20325,9927,29
20326,9927,3
20327,9928,4
20328,9928,27
20329,9929,18
20330,9929,28
20331,9930,31
20332,9930,22
20333,9931,14
20334,9931,13
20335,9932,27
20336,9932,8
20337,9933,28
20338,9933,22
20339,9934,5
20340,9934,25
20341,9934,13
20342,9935,4
20343,9936,20
20344,9936,4
20345,9937,13
20346,9938,31
20347,9938,14
20348,9938,9
20349,9938,19
20350,9939,22
20351,9939,27
20352,9940,29
20353,9940,16
20354,9940,6
20355,9941,8
20356,9941,13
20357,9941,14
20358,9942,9
20359,9943,13
20360,9943,23
20361,9944,31
20362,9944,20
20363,9944,14
20364,9945,6
20365,9946,30
20366,9946,22
20367,9947,26
20368,9947,9
20369,9947,29
20370,9947,23
20371,9948,12
20372,9948,14
20373,9948,9
20374,9949,32
20375,9950,9
20376,9950,23
20377,9951,4
20378,9952,21
20379,9952,2
20380,9952,19
20381,9953,29
20382,9953,15
20383,9953,26
20384,9953,31
20385,9954,17
20386,9955,16
20387,9955,2
20388,9955,20
20389,9956,12
20390,9956,25
20391,9956,31
20392,9957,8
20393,9958,31
20394,9959,17
20395,9959,11
20396,9960,8
20397,9960,22
20398,9961,18
20399,9962,11
20400,9962,20
20401,9963,13
20402,9963,24
20403,9963,4
20404,9963,2
20405,9964,30
20406,9965,19
20407,9965,28
20408,9965,17
20409,9966,23
20410,9967,30
20411,9967,3
20412,9967,10
20413,9968,30
20414,9969,13
20415,9970,22
20416,9970,8
20417,9971,8
20418,9972,12
20419,9973,14
20420,9973,20
20421,9974,27
20422,9974,2
20423,9974,25
20424,9975,17
20425,9975,29
20426,9975,11
20427,9976,29
20428,9976,32
20429,9977,17
20430,9977,23
20431,9978,23
20432,9978,9
20433,9979,3
20434,9979,10
20435,9979,19
20436,9980,3
20437,9980,8
20438,9981,25
20439,9981,14
20440,9982,12
20441,9982,10
20442,9983,9
20443,9983,25
20444,9984,24
20445,9984,25
20446,9985,28
20447,9986,26
20448,9986,22
20449,9987,19
20450,9987,5
20451,9987,3
20452,9988,12
20453,9989,21
20454,9989,7
20455,9990,24
20456,9991,8
20457,9992,5
20458,9992,29
20459,9993,27
20460,9993,20
20461,9994,28
20462,9994,31
20463,9995,24
20464,9996,28
20465,9997,13
20466,9997,20
20467,9998,11
20468,9998,2
20469,9998,24
20470,9999,25
20471,9999,11
20472,9999,2
20473,10000,9
20474,10000,5
20475,10000,27
20476,10001,7
20477,10002,13
20478,10002,5
20479,10002,9
20480,10003,9
20481,10003,31
20482,10003,4
20483,10004,2
20484,10004,32
20485,10004,16
20486,10005,26
20487,10005,8
20488,10006,1
20489,10006,17
20490,10007,14
20491,10007,5
20492,10008,17
20493,10008,2
20494,10009,13
20495,10009,11
20496,10009,22
20497,10009,28
20498,10010,5
20499,10011,15
20500,10011,21
20501,10011,23
20502,10012,2
20503,10012,31
20504,10013,2
20505,10013,18
20506,10014,9
20507,10014,21
20508,10015,26
20509,10015,25
20510,10016,30
20511,10017,29
20512,10017,13
20513,10017,22
20514,10017,30
20515,10018,22
20516,10018,27
20517,10019,13
20518,10020,31
20519,10020,2
20520,10021,4
20521,10021,9
20522,10022,3
20523,10023,8
20524,10024,6
20525,10024,17
20526,10025,32
20527,10025,2
20528,10026,19
20529,10027,12
20530,10028,24
20531,10029,2
20532,10029,6
20533,10029,23
20534,10029,12
20535,10030,2
20536,10030,5
20537,10031,18
20538,10031,26
20539,10031,29
20540,10032,22
20541,10032,17
20542,10033,8
20543,10033,6
20544,10034,28
20545,10034,25
20546,10034,21
20547,10035,12
20548,10035,14
20549,10036,26
20550,10037,9
20551,10037,13
20552,10038,15
20553,10038,30
20554,10038,13
20555,10038,5
20556,10039,32
20557,10040,8
20558,10040,2
20559,10040,29
20560,10041,26
20561,10041,10
20562,10041,14
20563,10041,31
20564,10042,22
20565,10043,17
20566,10044,22
20567,10045,9
20568,10046,11
20569,10046,12
20570,10046,6
20571,10047,21
20572,10048,15
20573,10048,9
20574,10049,19
20575,10050,18
20576,10051,10
20577,10051,25
20578,10052,19
20579,10052,24
20580,10053,9
20581,10053,28
20582,10054,27
20583,10054,26
20584,10055,2
20585,10055,23
20586,10055,13
20587,10056,18
20588,10057,24
20589,10057,18
20590,10058,13
20591,10058,25
20592,10059,25
20593,10059,31
20594,10059,28
20595,10059,23
20596,10060,2
20597,10061,19
20598,10061,13
20599,10062,10
20600,10062,26
20601,10062,17
20602,10062,20
20603,10063,10
20604,10063,8
20605,10063,24
20606,10064,17
20607,10064,32
20608,10064,29
20609,10065,30
20610,10065,13
20611,10066,25
20612,10067,30
20613,10067,22
20614,10068,2
20615,10068,25
20616,10069,31
20617,10069,22
20618,10069,26
20619,10070,12
20620,10070,22
20621,10071,9
20622,10071,25
20623,10071,19
20624,10072,8
20625,10072,9
20626,10073,18
20627,10074,9
20628,10074,18
20629,10075,17
20630,10076,25
20631,10077,17
20632,10078,25
20633,10078,13
20634,10079,9
20635,10079,13
20636,10080,9
20637,10080,4
20638,10081,16
20639,10081,9
20640,10082,29
20641,10082,22
20642,10083,31
20643,10083,25
20644,10083,23
20645,10084,13
20646,10085,5
20647,10086,27
20648,10086,14
20649,10086,30
20650,10086,2
20651,10087,12
20652,10087,24
20653,10087,22
20654,10087,30
20655,10088,13
20656,10088,27
20657,10089,18
20658,10089,14
20659,10090,8
20660,10090,27
20661,10091,29
20662,10092,4
20663,10092,22
20664,10092,6
20665,10093,14
20666,10093,12
20667,10094,20
20668,10095,28
20669,10095,10
20670,10095,9
20671,10095,23
20672,10096,12
20673,10096,19
20674,10097,8
20675,10097,6
20676,10098,30
20677,10098,25
20678,10098,29
20679,10099,19
20680,10099,3
20681,10099,5
20682,10100,4
20683,10101,14
20684,10101,31
20685,10102,22
20686,10103,9
20687,10103,23
20688,10104,30
20689,10105,8
20690,10105,9
20691,10105,23
20692,10106,30
20693,10106,31
20694,10106,24
20695,10107,4
20696,10107,5
20697,10107,18
20698,10108,20
20699,10108,24
20700,10108,32
20701,10108,30
20702,10109,3
20703,10109,9
20704,10110,14
20705,10110,15
20706,10110,5
20707,10110,8
20708,10111,20
20709,10111,8
20710,10112,25
20711,10113,24
20712,10114,24
20713,10114,28
20714,10115,17
20715,10116,18
20716,10117,10
20717,10117,25
20718,10118,9
20719,10118,27
20720,10118,14
20721,10119,2
20722,10119,17
20723,10119,29
20724,10120,18
20725,10120,24
20726,10121,15
20727,10121,21
20728,10121,8
20729,10122,3
20730,10122,30
20731,10123,25
20732,10123,18
20733,10124,1
20734,10125,13
20735,10125,9
20736,10126,17
20737,10126,13
20738,10127,12
20739,10127,14
20740,10128,17
20741,10129,17
20742,10129,11
20743,10130,21
20744,10130,25
20745,10131,22
20746,10131,26
20747,10131,32
20748,10132,8
20749,10132,29
20750,10132,16
20751,10133,13
20752,10134,3
20753,10134,4
20754,10135,11
20755,10135,18
20756,10136,25
20757,10136,6
20758,10136,17
20759,10136,5
20760,10137,12
20761,10137,19
20762,10138,5
20763,10138,11
20764,10139,17
20765,10139,26
20766,10139,9
20767,10140,24
20768,10140,18
20769,10141,26
20770,10141,2
20771,10142,6
20772,10142,29
20773,10142,14
20774,10142,2
20775,10143,13
20776,10143,32
20777,10144,24
20778,10144,6
20779,10145,20
20780,10145,25
20781,10145,28
20782,10145,12
20783,10146,10
20784,10147,26
20785,10147,27
20786,10148,23
20787,10148,29
20788,10148,14
20789,10148,30
20790,10149,29
20791,10150,30
20792,10150,14
20793,10150,16
20794,10151,14
20795,10151,2
20796,10151,26
20797,10152,29
20798,10152,30
20799,10153,23
20800,10153,13
20801,10154,12
20802,10154,29
20803,10154,28
20804,10155,5
20805,10155,12
20806,10155,23
20807,10155,18
20808,10156,14
20809,10156,31
20810,10157,25
20811,10157,27
20812,10158,30
20813,10158,12
20814,10159,21
20815,10159,20
20816,10159,22
20817,10159,23
20818,10160,26
20819,10160,4
20820,10161,26
20821,10161,29
20822,10162,4
20823,10162,18
20824,10163,17
20825,10163,29
20826,10163,5
20827,10164,15
20828,10164,9
20829,10165,15
20830,10165,18
20831,10166,12
20832,10166,13
20833,10167,7
20834,10167,4
20835,10167,30
20836,10168,9
20837,10168,16
20838,10168,25
20839,10169,25
20840,10169,2
20841,10169,22
20842,10170,17
20843,10170,26
20844,10170,2
20845,10171,29
20846,10172,29
20847,10172,30
20848,10172,32
20849,10172,28
20850,10173,10
20851,10173,27
20852,10173,19
20853,10173,3
20854,10174,15
20855,10174,10
20856,10174,8
20857,10175,17
20858,10175,14
20859,10175,22
20860,10176,9
20861,10177,29
20862,10177,15
20863,10177,32
20864,10178,13
20865,10178,2
20866,10179,29
20867,10179,6
20868,10179,20
20869,10180,19
20870,10180,29
20871,10181,3
20872,10181,4
20873,10182,10
20874,10182,28
20875,10182,9
20876,10182,17
20877,10183,9
20878,10183,6
20879,10184,13
20880,10184,5
20881,10185,4
20882,10185,2
20883,10186,13
20884,10187,11
20885,10187,13
20886,10188,24
20887,10189,8
20888,10189,14
20889,10189,16
20890,10189,29
20891,10190,17
20892,10191,23
20893,10191,29
20894,10192,22
20895,10193,19
20896,10193,16
20897,10193,5
20898,10194,18
20899,10195,6
20900,10195,25
20901,10195,18
20902,10196,25
20903,10197,23
20904,10197,27
20905,10198,4
20906,10198,8
20907,10199,3
20908,10199,30
20909,10200,10
20910,10201,11
20911,10201,10
20912,10202,10
20913,10203,8
20914,10204,20
20915,10204,26
20916,10204,2
20917,10204,27
20918,10205,10
20919,10205,20
20920,10205,5
20921,10206,2
20922,10206,15
20923,10207,26
20924,10208,18
20925,10208,16
20926,10209,8
20927,10209,13
20928,10210,9
20929,10211,11
20930,10211,32
20931,10211,12
20932,10212,5
20933,10212,28
20934,10213,8
20935,10214,29
20936,10215,22
20937,10215,28
20938,10215,8
20939,10216,11
20940,10217,15
20941,10217,30
20942,10218,6
20943,10219,11
20944,10219,3
20945,10219,22
20946,10219,21
20947,10220,19
20948,10221,2
20949,10221,18
20950,10221,25
20951,10221,32
20952,10222,17
20953,10222,9
20954,10222,11
20955,10223,5
20956,10223,16
20957,10223,2
20958,10223,30
20959,10224,17
20960,10224,25
20961,10225,2
20962,10225,14
20963,10226,3
20964,10227,16
20965,10227,18
20966,10227,13
20967,10228,14
20968,10228,8
20969,10228,16
20970,10229,9
20971,10229,3
20972,10230,29
20973,10230,20
20974,10231,4
20975,10231,29
20976,10232,10
20977,10233,10
20978,10233,2
20979,10234,24
20980,10235,25
20981,10235,11
20982,10236,2
20983,10237,9
20984,10237,11
20985,10237,21
20986,10238,15
20987,10238,2
20988,10238,13
20989,10239,3
20990,10239,25
20991,10240,26
20992,10241,20
20993,10241,13
20994,10241,14
20995,10241,18
20996,10242,16
20997,10243,1
20998,10243,20
20999,10243,17
21000,10244,14
21001,10244,22
21002,10245,22
21003,10246,24
21004,10247,30
21005,10248,14
21006,10248,8
21007,10248,9
21008,10249,17
21009,10250,27
21010,10251,31
21011,10251,2
21012,10251,14
21013,10252,27
21014,10252,18
21015,10252,13
21016,10253,25
21017,10253,22
21018,10253,23
21019,10254,24
21020,10254,16
21021,10254,4
21022,10254,22
21023,10255,15
21024,10255,8
21025,10256,8
21026,10256,22
21027,10256,12
21028,10257,27
21029,10257,26
21030,10257,13
21031,10257,22
21032,10258,28
21033,10258,9
21034,10259,8
21035,10259,1
21036,10259,24
21037,10260,30
21038,10260,6
21039,10261,13
21040,10261,2
21041,10262,16
21042,10262,20
21043,10263,14
21044,10263,4
21045,10264,23
21046,10265,28
21047,10266,23
21048,10266,7
21049,10266,13
21050,10267,17
21051,10267,1
21052,10267,14
21053,10268,28
21054,10268,24
21055,10268,27
21056,10269,3
21057,10269,4
21058,10270,7
21059,10270,14
21060,10270,21
21061,10271,23
21062,10271,14
21063,10272,31
21064,10273,12
21065,10273,17
21066,10274,31
21067,10274,17
21068,10275,2
21069,10276,6
21070,10276,11
21071,10277,2
21072,10277,21
21073,10278,4
21074,10278,8
21075,10279,29
21076,10279,15
21077,10279,17
21078,10279,30
21079,10280,22
21080,10280,30
21081,10280,3
21082,10280,5
21083,10281,9
21084,10282,25
21085,10283,26
21086,10283,12
21087,10284,26
21088,10285,2
21089,10286,9
21090,10286,7
21091,10286,28
21092,10287,23
21093,10287,2
21094,10287,29
21095,10288,19
21096,10289,5
21097,10289,17
21098,10290,5
21099,10290,31
21100,10291,28
21101,10292,11
21102,10292,22
21103,10292,10
21104,10292,6
21105,10293,28
21106,10294,3
21107,10295,29
21108,10295,14
21109,10295,25
21110,10295,11
21111,10296,7
21112,10296,15
21113,10296,2
21114,10296,18
21115,10297,9
21116,10297,1
21117,10298,4
21118,10298,19
21119,10299,29
21120,10300,19
21121,10300,2
21122,10300,13
21123,10300,10
21124,10301,23
21125,10302,32
21126,10302,25
21127,10303,13
21128,10303,2
21129,10304,8
21130,10304,31
21131,10305,9
21132,10305,30
21133,10306,6
21134,10307,8
21135,10307,14
21136,10308,30
21137,10309,31
21138,10309,24
21139,10310,25
21140,10310,22
21141,10311,22
21142,10311,11
21143,10311,26
21144,10312,18
21145,10312,3
21146,10312,16
21147,10313,24
21148,10314,21
21149,10315,9
21150,10315,2
21151,10315,20
21152,10316,30
21153,10316,17
21154,10317,18
21155,10318,15
21156,10319,27
21157,10320,14
21158,10320,29
21159,10321,32
21160,10321,15
21161,10321,3
21162,10321,26
21163,10322,30
21164,10322,10
21165,10323,2
21166,10323,8
21167,10324,12
21168,10324,18
21169,10324,17
21170,10325,3
21171,10325,20
21172,10325,31
21173,10326,2
21174,10326,15
21175,10327,27
21176,10327,13
21177,10327,5
21178,10328,19
21179,10328,3
21180,10328,17
21181,10329,23
21182,10330,3
21183,10330,14
21184,10331,4
21185,10331,10
21186,10331,25
21187,10332,13
21188,10333,13
21189,10333,7
21190,10334,19
21191,10334,12
21192,10335,4
21193,10335,26
21194,10336,30
21195,10336,8
21196,10337,28
21197,10337,21
21198,10337,30
21199,10337,11
21200,10338,7
21201,10338,24
21202,10339,6
21203,10339,15
21204,10339,32
21205,10340,8
21206,10340,17
21207,10341,26
21208,10341,13
21209,10342,13
21210,10342,3
21211,10342,8
21212,10342,5
21213,10343,32
21214,10343,25
21215,10343,20
21216,10344,3
21217,10344,30
21218,10345,19
21219,10345,15
21220,10346,21
21221,10346,18
21222,10347,18
21223,10348,14
21224,10348,15
21225,10348,26
21226,10348,18
21227,10349,25
21228,10350,1
21229,10350,13
21230,10351,11
21231,10352,25
21232,10352,13
21233,10353,13
21234,10353,11
21235,10354,1
21236,10354,17
21237,10354,2
21238,10354,26
21239,10355,13
21240,10356,6
21241,10356,17
21242,10357,19
21243,10357,8
21244,10357,21
21245,10358,14
21246,10359,28
21247,10360,7
21248,10360,9
21249,10361,31
21250,10362,4
21251,10362,14
21252,10362,5
21253,10363,18
21254,10363,14
21255,10363,9
21256,10364,29
21257,10365,8
21258,10365,3
21259,10365,22
21260,10366,5
21261,10367,32
21262,10367,10
21263,10367,2
21264,10368,24
21265,10368,11
21266,10369,4
21267,10370,31
21268,10370,25
21269,10370,24
21270,10371,27
21271,10371,5
21272,10371,12
21273,10372,3
21274,10372,26
21275,10373,31
21276,10374,2
21277,10374,16
21278,10374,18
21279,10375,17
21280,10376,6
21281,10376,3
21282,10377,5
21283,10378,29
21284,10378,26
21285,10378,13
21286,10379,2
21287,10379,22
21288,10380,15
21289,10380,13
21290,10381,11
21291,10381,15
21292,10381,24
21293,10382,29
21294,10382,25
21295,10383,13
21296,10383,26
21297,10384,19
21298,10384,9
21299,10385,25
21300,10385,14
21301,10386,23
21302,10386,9
21303,10387,22
21304,10387,5
21305,10387,12
21306,10388,28
21307,10389,18
21308,10389,26
21309,10389,17
21310,10389,4
21311,10390,27
21312,10391,20
21313,10392,8
21314,10392,25
21315,10393,4
21316,10393,32
21317,10394,31
21318,10394,4
21319,10395,29
21320,10395,26
21321,10396,31
21322,10396,14
21323,10396,22
21324,10397,5
21325,10397,12
21326,10398,29
21327,10398,12
21328,10399,8
21329,10400,22
21330,10401,6
21331,10401,27
21332,10401,14
21333,10401,30
21334,10402,30
21335,10402,9
21336,10402,22
21337,10403,9
21338,10403,8
21339,10404,11
21340,10404,31
21341,10405,19
21342,10405,4
21343,10406,14
21344,10406,16
21345,10407,13
21346,10407,22
21347,10407,11
21348,10408,27
21349,10408,26
21350,10409,17
21351,10409,25
21352,10410,3
21353,10411,24
21354,10411,18
21355,10412,11
21356,10412,10
21357,10413,4
21358,10413,5
21359,10414,19
21360,10414,7
21361,10415,22
21362,10415,5
21363,10416,14
21364,10416,4
21365,10417,22
21366,10417,11
21367,10418,15
21368,10418,22
21369,10419,8
21370,10420,20
21371,10421,5
21372,10421,13
21373,10421,4
21374,10422,16
21375,10422,18
21376,10423,13
21377,10424,28
21378,10425,2
21379,10426,13
21380,10426,27
21381,10427,12
21382,10427,14
21383,10427,17
21384,10428,8
21385,10429,30
21386,10429,4
21387,10429,3
21388,10430,9
21389,10430,30
21390,10430,8
21391,10431,13
21392,10432,6
21393,10432,4
21394,10432,19
21395,10433,14
21396,10433,21
21397,10433,10
21398,10434,15
21399,10434,28
21400,10435,22
21401,10435,5
21402,10435,9
21403,10436,3
21404,10436,31
21405,10436,4
21406,10436,19
21407,10437,29
21408,10437,26
21409,10438,29
21410,10438,7
21411,10438,26
21412,10439,14
21413,10440,7
21414,10440,25
21415,10441,30
21416,10441,25
21417,10442,8
21418,10442,13
21419,10443,23
21420,10443,8
21421,10443,13
21422,10444,19
21423,10444,26
21424,10444,10
21425,10445,18
21426,10446,15
21427,10446,10
21428,10447,31
21429,10448,5
21430,10448,30
21431,10449,30
21432,10449,13
21433,10449,18
21434,10450,15
21435,10450,32
21436,10451,2
21437,10451,3
21438,10452,29
21439,10452,4
21440,10452,16
21441,10453,13
21442,10453,19
21443,10454,27
21444,10454,9
21445,10454,8
21446,10454,30
21447,10455,13
21448,10456,7
21449,10456,16
21450,10456,29
21451,10456,11
21452,10457,22
21453,10457,13
21454,10458,31
21455,10458,23
21456,10459,15
21457,10459,5
21458,10459,3
21459,10459,14
21460,10460,4
21461,10460,18
21462,10460,17
21463,10460,13
21464,10461,9
21465,10462,15
21466,10462,14
21467,10463,31
21468,10463,8
21469,10464,18
21470,10464,17
21471,10465,12
21472,10465,18
21473,10465,13
21474,10466,30
21475,10466,19
21476,10467,23
21477,10467,17
21478,10468,26
21479,10469,29
21480,10469,5
21481,10470,17
21482,10470,27
21483,10470,23
21484,10471,2
21485,10472,14
21486,10473,25
21487,10474,17
21488,10474,2
21489,10475,9
21490,10475,27
21491,10476,14
21492,10476,3
21493,10476,13
21494,10476,18
21495,10477,3
21496,10478,2
21497,10479,10
21498,10480,11
21499,10480,32
21500,10481,4
21501,10482,7
21502,10482,11
21503,10483,1
21504,10483,14
21505,10484,10
21506,10484,22
21507,10485,18
21508,10485,10
21509,10486,15
21510,10487,3
21511,10487,25
21512,10488,8
21513,10488,28
21514,10489,30
21515,10489,22
21516,10490,19
21517,10491,29
21518,10491,26
21519,10492,5
21520,10492,29
21521,10493,31
21522,10493,9
21523,10494,2
21524,10494,25
21525,10495,24
21526,10496,17
21527,10496,24
21528,10497,6
21529,10498,16
21530,10499,24
21531,10500,11
21532,10500,15
21533,10500,5
21534,10501,29
21535,10502,15
21536,10503,6
21537,10503,14
21538,10503,30
21539,10504,28
21540,10505,8
21541,10505,24
21542,10506,13
21543,10507,30
21544,10507,22
21545,10507,7
21546,10508,14
21547,10509,16
21548,10509,29
21549,10510,12
21550,10510,8
21551,10510,22
21552,10511,14
21553,10512,26
21554,10513,28
21555,10513,4
21556,10514,24
21557,10514,23
21558,10514,18
21559,10515,5
21560,10515,24
21561,10515,28
21562,10516,27
21563,10517,31
21564,10517,12
21565,10518,13
21566,10518,5
21567,10519,8
21568,10519,2
21569,10520,19
21570,10520,25
21571,10521,2
21572,10522,7
21573,10522,9
21574,10522,14
21575,10523,27
21576,10523,9
21577,10524,9
21578,10524,24
21579,10525,9
21580,10525,10
21581,10526,19
21582,10526,21
21583,10526,29
21584,10527,14
21585,10527,8
21586,10528,8
21587,10528,26
21588,10528,17
21589,10529,22
21590,10530,22
21591,10530,21
21592,10531,28
21593,10531,16
21594,10531,12
21595,10532,19
21596,10533,3
21597,10533,28
21598,10533,31
21599,10533,11
21600,10534,28
21601,10535,12
21602,10535,13
21603,10536,13
21604,10536,29
21605,10536,27
21606,10537,15
21607,10538,15
21608,10538,13
21609,10538,21
21610,10539,8
21611,10539,9
21612,10540,9
21613,10540,13
21614,10540,25
21615,10540,22
21616,10541,2
21617,10541,8
21618,10542,10
21619,10542,25
21620,10542,3
21621,10543,24
21622,10543,4
21623,10543,29
21624,10544,26
21625,10544,5
21626,10545,21
21627,10545,5
21628,10545,2
21629,10545,31
21630,10546,31
21631,10546,17
21632,10547,5
21633,10548,31
21634,10549,13
21635,10549,31
21636,10550,23
21637,10550,21
21638,10550,14
21639,10550,1
21640,10551,20
21641,10551,31
21642,10552,18
21643,10552,17
21644,10552,26
21645,10553,24
21646,10553,17
21647,10553,14
21648,10553,30
21649,10554,4
21650,10554,7
21651,10555,11
21652,10555,25
21653,10556,31
21654,10557,30
21655,10558,22
21656,10558,17
21657,10559,2
21658,10560,6
21659,10560,14
21660,10561,20
21661,10562,10
21662,10562,16
21663,10563,28
21664,10563,22
21665,10564,30
21666,10565,24
21667,10565,25
21668,10565,27
21669,10566,25
21670,10566,8
21671,10566,9
21672,10567,13
21673,10567,27
21674,10568,26
21675,10568,22
21676,10569,11
21677,10569,22
21678,10570,3
21679,10571,24
21680,10572,23
21681,10573,9
21682,10573,13
21683,10574,28
21684,10574,8
21685,10575,13
21686,10575,30
21687,10576,6
21688,10576,19
21689,10577,2
21690,10578,1
21691,10579,14
21692,10580,26
21693,10580,17
21694,10580,28
21695,10581,30
21696,10581,8
21697,10582,8
21698,10582,32
21699,10583,9
21700,10583,28
21701,10584,31
21702,10584,8
21703,10584,17
21704,10585,19
21705,10585,4
21706,10586,23
21707,10587,28
21708,10587,9
21709,10588,27
21710,10588,6
21711,10589,5
21712,10589,2
21713,10589,4
21714,10590,20
21715,10590,16
21716,10591,27
21717,10591,20
21718,10591,30
21719,10592,7
21720,10592,5
21721,10592,24
21722,10593,2
21723,10593,31
21724,10594,1
21725,10594,13
21726,10594,2
21727,10595,16
21728,10595,17
21729,10595,18
21730,10596,10
21731,10596,22
21732,10597,2
21733,10598,28
21734,10598,14
21735,10599,27
21736,10599,14
21737,10600,4
21738,10600,2
21739,10600,19
21740,10601,8
21741,10601,19
21742,10602,29
21743,10602,20
21744,10602,5
21745,10603,13
21746,10603,24
21747,10603,9
21748,10603,15
21749,10604,28
21750,10605,7
21751,10605,22
21752,10605,2
21753,10606,26
21754,10606,8
21755,10606,31
21756,10607,31
21757,10607,2
21758,10608,29
21759,10608,26
21760,10609,17
21761,10609,4
21762,10609,30
21763,10609,25
21764,10610,31
21765,10610,24
21766,10610,28
21767,10610,8
21768,10611,26
21769,10611,3
21770,10612,23
21771,10613,24
21772,10613,26
21773,10614,24
21774,10614,30
21775,10615,6
21776,10616,22
21777,10616,15
21778,10616,18
21779,10617,13
21780,10617,19
21781,10618,2
21782,10618,26
21783,10619,20
21784,10619,18
21785,10619,1
21786,10620,26
21787,10620,18
21788,10621,32
21789,10622,31
21790,10623,28
21791,10624,17
21792,10624,5
21793,10624,9
21794,10624,28
21795,10625,8
21796,10625,10
21797,10626,5
21798,10626,10
21799,10626,2
21800,10627,9
21801,10628,8
21802,10628,1
21803,10628,13
21804,10629,11
21805,10629,14
21806,10630,24
21807,10630,13
21808,10631,6
21809,10631,32
21810,10632,9
21811,10632,7
21812,10633,11
21813,10634,17
21814,10634,18
21815,10634,8
21816,10635,2
21817,10635,23
21818,10635,14
21819,10635,13
21820,10636,30
21821,10636,2
21822,10637,26
21823,10637,13
21824,10637,28
21825,10637,18
21826,10638,18
21827,10639,20
21828,10640,28
21829,10640,22
21830,10641,23
21831,10641,5
21832,10641,9
21833,10641,31
21834,10642,13
21835,10642,21
21836,10642,18
21837,10643,19
21838,10643,13
21839,10643,10
21840,10644,6
21841,10644,14
21842,10645,29
21843,10645,31
21844,10646,30
21845,10647,30
21846,10647,23
21847,10648,31
21848,10648,9
21849,10649,8
21850,10649,23
21851,10649,26
21852,10650,9
21853,10650,10
21854,10651,18
21855,10651,7
21856,10652,8
21857,10653,17
21858,10653,13
21859,10654,6
21860,10654,24
21861,10654,22
21862,10654,3
21863,10655,22
21864,10655,7
21865,10656,30
21866,10656,14
21867,10656,13
21868,10657,11
21869,10657,3
21870,10657,16
21871,10658,27
21872,10658,15
21873,10659,16
21874,10659,18
21875,10660,2
21876,10661,6
21877,10661,24
21878,10661,8
21879,10662,8
21880,10663,16
21881,10663,18
21882,10663,2
21883,10664,29
21884,10665,28
21885,10665,7
21886,10665,16
21887,10666,28
21888,10666,20
21889,10667,2
21890,10667,26
21891,10668,16
21892,10668,18
21893,10668,3
21894,10669,19
21895,10670,9
21896,10670,17
21897,10671,14
21898,10671,24
21899,10672,31
21900,10673,20
21901,10674,2
21902,10674,28
21903,10675,14
21904,10675,3
21905,10675,12
21906,10676,13
21907,10677,9
21908,10677,15
21909,10677,8
21910,10678,6
21911,10679,25
21912,10679,5
21913,10680,18
21914,10681,26
21915,10681,17
21916,10682,25
21917,10682,1
21918,10682,17
21919,10683,12
21920,10684,19
21921,10684,26
21922,10685,13
21923,10685,22
21924,10686,22
21925,10686,8
21926,10687,27
21927,10687,30
21928,10688,22
21929,10688,14
21930,10688,31
21931,10688,6
21932,10689,31
21933,10690,21
21934,10691,16
21935,10692,15
21936,10692,29
21937,10693,17
21938,10693,9
21939,10694,19
21940,10694,14
21941,10695,23
21942,10696,29
21943,10697,2
21944,10697,11
21945,10698,9
21946,10698,3
21947,10699,18
21948,10699,8
21949,10700,20
21950,10701,22
21951,10701,13
21952,10702,2
21953,10702,25
21954,10703,23
21955,10703,28
21956,10704,7
21957,10704,30
21958,10705,11
21959,10705,29
21960,10706,4
21961,10706,29
21962,10706,23
21963,10707,31
21964,10707,2
21965,10707,21
21966,10707,20
21967,10708,2
21968,10708,13
21969,10709,19
21970,10710,25
21971,10711,4
21972,10711,13
21973,10711,8
21974,10712,29
21975,10713,13
21976,10714,25
21977,10715,2
21978,10716,8
21979,10716,24
21980,10717,9
21981,10717,26
21982,10718,4
21983,10718,10
21984,10718,31
21985,10719,4
21986,10719,11
21987,10720,17
21988,10721,11
21989,10721,30
21990,10722,13
21991,10723,24
21992,10723,20
21993,10724,19
21994,10724,18
21995,10725,23
21996,10725,20
21997,10726,14
21998,10726,22
21999,10727,31
22000,10727,4
22001,10727,12
22002,10727,28
22003,10728,6
22004,10728,20
22005,10729,30
22006,10729,9
22007,10729,18
22008,10730,14
22009,10730,11
22010,10730,3
22011,10731,12
22012,10731,13
22013,10732,31
22014,10732,26
22015,10733,22
22016,10733,8
22017,10733,5
22018,10734,14
22019,10735,23
22020,10735,10
22021,10735,21
22022,10736,11
22023,10737,22
22024,10737,4
22025,10738,3
22026,10738,11
22027,10739,11
22028,10739,32
22029,10740,5
22030,10740,13
22031,10741,26
22032,10741,5
22033,10742,2
22034,10742,13
22035,10742,4
22036,10743,28
22037,10743,7
22038,10743,6
22039,10744,31
22040,10744,10
22041,10745,19
22042,10746,29
22043,10746,8
22044,10747,3
22045,10747,9
22046,10747,25
22047,10747,2
22048,10748,24
22049,10749,11
22050,10750,2
22051,10751,5
22052,10751,25
22053,10752,5
22054,10752,4
22055,10753,31
22056,10754,31
22057,10754,12
22058,10755,24
22059,10755,10
22060,10756,8
22061,10756,13
22062,10757,30
22063,10757,13
22064,10758,23
22065,10758,4
22066,10758,8
22067,10759,19
22068,10759,14
22069,10760,3
22070,10760,17
22071,10761,30
22072,10762,19
22073,10763,30
22074,10764,6
22075,10765,5
22076,10765,3
22077,10766,27
22078,10766,4
22079,10766,13
22080,10766,32
22081,10767,29
22082,10767,23
22083,10768,28
22084,10768,1
22085,10769,24
22086,10769,22
22087,10769,25
22088,10770,30
22089,10770,32
22090,10771,28
22091,10772,2
22092,10772,22
22093,10772,11
22094,10772,9
22095,10773,25
22096,10773,9
22097,10774,29
22098,10774,9
22099,10774,27
22100,10775,5
22101,10776,25
22102,10776,8
22103,10777,17
22104,10778,1
22105,10779,29
22106,10780,32
22107,10781,27
22108,10781,7
22109,10782,28
22110,10783,3
22111,10783,24
22112,10784,28
22113,10784,3
22114,10785,21
22115,10785,19
22116,10785,20
22117,10786,24
22118,10787,9
22119,10788,13
22120,10789,30
22121,10789,4
22122,10789,13
22123,10790,30
22124,10790,15
22125,10790,31
22126,10791,4
22127,10791,18
22128,10791,28
22129,10791,20
22130,10792,2
22131,10792,16
22132,10793,30
22133,10794,32
22134,10794,14
22135,10795,12
22136,10795,3
22137,10795,11
22138,10795,13
22139,10796,9
22140,10796,29
22141,10797,26
22142,10798,29
22143,10798,4
22144,10799,5
22145,10800,11
22146,10800,22
22147,10801,30
22148,10801,9
22149,10801,8
22150,10802,20
22151,10803,4
22152,10803,3
22153,10804,17
22154,10804,28
22155,10805,29
22156,10805,22
22157,10805,5
22158,10806,7
22159,10806,30
22160,10807,2
22161,10808,30
22162,10809,6
22163,10809,19
22164,10810,28
22165,10810,20
22166,10811,4
22167,10811,26
22168,10812,5
22169,10812,13
22170,10812,2
22171,10813,27
22172,10814,6
22173,10814,30
22174,10814,26
22175,10815,18
22176,10816,13
22177,10817,15
22178,10817,5
22179,10817,11
22180,10818,15
22181,10818,18
22182,10818,8
22183,10818,3
22184,10819,14
22185,10820,15
22186,10820,31
22187,10821,29
22188,10821,22
22189,10821,21
22190,10821,23
22191,10822,22
22192,10822,6
22193,10823,12
22194,10823,19
22195,10824,13
22196,10824,8
22197,10824,20
22198,10825,6
22199,10826,13
22200,10827,2
22201,10827,19
22202,10828,4
22203,10828,20
22204,10828,19
22205,10828,7
22206,10829,9
22207,10829,30
22208,10829,14
22209,10830,4
22210,10831,28
22211,10832,2
22212,10832,15
22213,10832,22
22214,10832,3
22215,10833,6
22216,10833,30
22217,10834,12
22218,10835,9
22219,10835,15
22220,10836,29
22221,10836,13
22222,10837,10
22223,10837,9
22224,10838,28
22225,10838,18
22226,10838,5
22227,10839,7
22228,10839,8
22229,10840,22
22230,10840,2
22231,10840,28
22232,10841,8
22233,10842,22
22234,10842,27
22235,10842,15
22236,10843,2
22237,10843,3
22238,10844,31
22239,10844,2
22240,10845,14
22241,10845,28
22242,10845,17
22243,10846,14
22244,10847,3
22245,10848,23
22246,10848,13
22247,10849,27
22248,10849,31
22249,10849,14
22250,10849,29
22251,10850,29
22252,10851,32
22253,10851,28
22254,10851,30
22255,10851,19
22256,10852,27
22257,10852,8
22258,10853,30
22259,10853,9
22260,10854,3
22261,10854,32
22262,10855,20
22263,10855,22
22264,10856,25
22265,10856,26
22266,10857,9
22267,10858,29
22268,10859,18
22269,10859,13
22270,10859,30
22271,10860,28
22272,10860,30
22273,10861,14
22274,10861,6
22275,10861,9
22276,10862,7
22277,10862,17
22278,10862,27
22279,10863,26
22280,10863,9
22281,10864,2
22282,10865,19
22283,10865,30
22284,10866,6
22285,10867,18
22286,10867,8
22287,10867,14
22288,10867,31
22289,10868,32
22290,10868,4
22291,10868,6
22292,10868,29
22293,10869,10
22294,10870,5
22295,10870,22
22296,10871,28
22297,10872,5
22298,10872,26
22299,10873,9
22300,10873,21
22301,10873,4
22302,10874,17
22303,10875,18
22304,10876,4
22305,10876,19
22306,10876,14
22307,10877,23
22308,10877,2
22309,10877,26
22310,10878,20
22311,10878,3
22312,10878,13
22313,10879,8
22314,10879,10
22315,10879,14
22316,10880,14
22317,10880,13
22318,10881,15
22319,10881,24
22320,10882,19
22321,10882,29
22322,10883,15
22323,10883,5
22324,10884,29
22325,10884,27
22326,10884,7
22327,10885,23
22328,10885,30
22329,10886,25
22330,10886,23
22331,10887,24
22332,10888,30
22333,10888,13
22334,10889,16
22335,10890,13
22336,10891,13
22337,10891,22
22338,10892,27
22339,10892,14
22340,10893,4
22341,10894,10
22342,10895,11
22343,10895,13
22344,10896,13
22345,10897,10
22346,10897,32
22347,10897,5
22348,10897,6
22349,10898,28
22350,10898,13
22351,10899,8
22352,10899,16
22353,10900,9
22354,10901,6
22355,10901,23
22356,10902,31
22357,10902,1
22358,10902,17
22359,10903,22
22360,10904,31
22361,10904,2
22362,10905,26
22363,10906,28
22364,10906,2
22365,10907,17
22366,10907,20
22367,10907,19
22368,10908,30
22369,10909,29
22370,10909,17
22371,10909,9
22372,10909,4
22373,10910,32
22374,10910,16
22375,10910,23
22376,10910,3
22377,10911,6
22378,10911,11
22379,10911,2
22380,10912,31
22381,10913,27
22382,10913,26
22383,10914,10
22384,10915,27
22385,10915,25
22386,10916,8
22387,10916,7
22388,10916,17
22389,10917,27
22390,10918,19
22391,10918,26
22392,10918,18
22393,10919,4
22394,10919,2
22395,10920,14
22396,10921,24
22397,10922,13
22398,10922,29
22399,10923,19
22400,10923,31
22401,10924,19
22402,10924,17
22403,10924,13
22404,10925,16
22405,10925,25
22406,10926,26
22407,10927,22
22408,10928,16
22409,10928,3
22410,10929,6
22411,10930,4
22412,10930,26
22413,10930,14
22414,10930,22
22415,10931,4
22416,10931,12
22417,10931,25
22418,10931,26
22419,10932,31
22420,10932,19
22421,10932,13
22422,10933,8
22423,10934,15
22424,10934,27
22425,10934,31
22426,10935,18
22427,10935,9
22428,10936,17
22429,10936,24
22430,10937,16
22431,10937,9
22432,10937,11
22433,10938,30
22434,10938,22
22435,10939,13
22436,10940,13
22437,10941,28
22438,10941,15
22439,10941,4
22440,10942,22
22441,10943,16
22442,10943,29
22443,10943,22
22444,10944,28
22445,10944,19
22446,10945,25
22447,10945,29
22448,10945,30
22449,10946,4
22450,10946,24
22451,10947,19
22452,10947,9
22453,10948,18
22454,10948,19
22455,10949,22
22456,10949,8
22457,10949,16
22458,10950,9
22459,10950,5
22460,10950,3
22461,10950,29
22462,10951,26
22463,10952,1
22464,10953,23
22465,10953,17
22466,10953,6
22467,10954,13
22468,10954,29
22469,10955,18
22470,10956,8
22471,10956,16
22472,10957,20
22473,10957,8
22474,10957,26
22475,10958,27
22476,10958,11
22477,10959,14
22478,10959,13
22479,10959,8
22480,10960,30
22481,10961,12
22482,10961,5
22483,10961,22
22484,10962,9
22485,10962,2
22486,10963,3
22487,10963,24
22488,10963,5
22489,10964,13
22490,10964,9
22491,10964,17
22492,10965,11
22493,10965,14
22494,10965,21
22495,10966,32
22496,10966,5
22497,10967,2
22498,10968,29
22499,10968,2
22500,10969,23
22501,10970,20
22502,10970,11
22503,10971,24
22504,10972,1
22505,10972,19
22506,10972,3
22507,10973,17
22508,10974,3
22509,10974,28
22510,10975,28
22511,10975,27
22512,10976,1
22513,10976,8
22514,10977,8
22515,10977,25
22516,10978,31
22517,10978,15
22518,10979,32
22519,10980,10
22520,10980,6
22521,10980,8
22522,10981,31
22523,10981,15
22524,10982,13
22525,10983,8
22526,10983,28
22527,10983,13
22528,10984,8
22529,10984,14
22530,10985,24
22531,10985,9
22532,10986,16
22533,10986,23
22534,10987,8
22535,10987,2
22536,10987,21
22537,10988,24
22538,10989,2
22539,10990,10
22540,10990,13
22541,10991,20
22542,10991,22
22543,10992,2
22544,10993,23
22545,10993,27
22546,10994,28
22547,10994,31
22548,10995,32
22549,10995,2
22550,10996,31
22551,10996,9
22552,10997,20
22553,10997,28
22554,10998,4
22555,10998,18
22556,10999,13
22557,11000,9
22558,11001,28
22559,11001,25
22560,11001,13
22561,11002,11
22562,11003,3
22563,11003,30
22564,11004,3
22565,11004,7
22566,11005,14
22567,11006,11
22568,11006,23
22569,11006,16
22570,11006,19
22571,11007,13
22572,11008,28
22573,11008,29
22574,11009,4
22575,11009,15
22576,11009,17
22577,11010,27
22578,11010,17
22579,11011,17
22580,11011,23
22581,11011,13
22582,11012,22
22583,11012,18
22584,11012,4
22585,11012,13
22586,11013,31
22587,11014,5
22588,11014,3
22589,11014,19
22590,11015,13
22591,11015,15
22592,11016,4
22593,11017,23
22594,11017,15
22595,11017,16
22596,11017,22
22597,11018,30
22598,11019,17
22599,11019,18
22600,11019,22
22601,11020,19
22602,11021,17
22603,11022,13
22604,11022,23
22605,11023,26
22606,11023,9
22607,11024,11
22608,11024,15
22609,11024,10
22610,11025,19
22611,11025,30
22612,11026,24
22613,11026,30
22614,11027,11
22615,11028,26
22616,11028,9
22617,11029,20
22618,11029,23
22619,11030,6
22620,11031,13
22621,11031,7
22622,11032,14
22623,11032,29
22624,11033,25
22625,11033,29
22626,11034,28
22627,11035,23
22628,11035,17
22629,11036,10
22630,11036,3
22631,11037,5
22632,11038,4
22633,11039,25
22634,11040,28
22635,11040,11
22636,11041,6
22637,11042,23
22638,11042,22
22639,11042,4
22640,11042,9
22641,11043,11
22642,11043,12
22643,11043,28
22644,11044,13
22645,11044,24
22646,11045,17
22647,11045,26
22648,11046,2
22649,11046,22
22650,11046,30
22651,11047,6
22652,11047,2
22653,11048,4
22654,11048,24
22655,11048,16
22656,11049,10
22657,11049,24
22658,11050,4
22659,11051,6
22660,11052,4
22661,11052,5
22662,11052,8
22663,11053,18
22664,11053,13
22665,11054,14
22666,11055,19
22667,11056,29
22668,11056,12
22669,11057,18
22670,11057,28
22671,11057,32
22672,11057,20
22673,11058,11
22674,11058,26
22675,11059,13
22676,11060,25
22677,11060,2
22678,11060,3
22679,11061,17
22680,11061,10
22681,11062,8
22682,11062,25
22683,11062,6
22684,11063,23
22685,11063,29
22686,11064,4
22687,11065,27
22688,11066,7
22689,11066,22
22690,11066,18
22691,11066,11
22692,11067,24
22693,11067,14
22694,11067,8
22695,11068,25
22696,11069,25
22697,11070,9
22698,11071,18
22699,11071,6
22700,11072,32
22701,11072,20
22702,11072,30
22703,11073,25
22704,11073,2
22705,11073,23
22706,11073,16
22707,11074,11
22708,11074,30
22709,11074,13
22710,11075,11
22711,11075,5
22712,11075,22
22713,11076,10
22714,11076,13
22715,11077,27
22716,11077,23
22717,11077,3
22718,11078,11
22719,11079,13
22720,11079,27
22721,11080,22
22722,11080,1
22723,11080,11
22724,11081,18
22725,11081,27
22726,11082,19
22727,11082,25
22728,11083,13
22729,11084,26
22730,11084,13
22731,11084,28
22732,11085,26
22733,11085,24
22734,11086,4
22735,11086,9
22736,11087,9
22737,11087,17
22738,11088,9
22739,11088,1
22740,11088,30
22741,11089,16
22742,11090,22
22743,11090,24
22744,11091,18
22745,11091,28
22746,11092,14
22747,11092,10
22748,11092,3
22749,11093,32
22750,11094,3
22751,11094,15
22752,11095,18
22753,11096,16
22754,11096,7
22755,11096,25
22756,11097,12
22757,11098,2
22758,11098,8
22759,11099,10
22760,11100,14
22761,11100,28
22762,11101,3
22763,11101,22
22764,11102,26
22765,11102,31
22766,11102,2
22767,11102,28
22768,11103,8
22769,11104,26
22770,11104,27
22771,11104,31
22772,11104,9
22773,11105,16
22774,11105,3
22775,11106,29
22776,11107,8
22777,11107,20
22778,11107,29
22779,11107,30
22780,11108,23
22781,11108,13
22782,11109,22
22783,11109,30
22784,11110,22
22785,11111,26
22786,11111,5
22787,11111,14
22788,11111,25
22789,11112,12
22790,11112,3
22791,11113,10
22792,11113,23
22793,11113,27
22794,11113,2
22795,11114,24
22796,11115,14
22797,11115,4
22798,11116,13
22799,11116,28
22800,11117,5
22801,11118,31
22802,11118,27
22803,11119,9
22804,11119,3
22805,11119,26
22806,11119,6
22807,11120,9
22808,11120,25
22809,11121,15
22810,11122,23
22811,11122,14
22812,11123,4
22813,11123,16
22814,11124,6
22815,11125,12
22816,11126,23
22817,11127,29
22818,11127,6
22819,11127,14
22820,11128,9
22821,11128,1
22822,11129,2
22823,11129,8
22824,11130,13
22825,11130,4
22826,11131,26
22827,11132,18
22828,11132,14
22829,11133,30
22830,11133,14
22831,11134,10
22832,11134,5
22833,11135,26
22834,11136,13
22835,11136,14
22836,11136,11
22837,11137,23
22838,11137,2
22839,11138,32
22840,11138,5
22841,11139,17
22842,11139,13
22843,11140,30
22844,11140,4
22845,11141,20
22846,11142,9
22847,11143,17
22848,11143,4
22849,11143,11
22850,11144,9
22851,11145,9
22852,11145,12
22853,11146,8
22854,11146,13
22855,11147,28
22856,11147,16
22857,11148,8
22858,11148,20
22859,11148,15
22860,11148,9
22861,11149,10
22862,11149,17
22863,11150,26
22864,11151,17
22865,11151,8
22866,11151,5
22867,11152,10
22868,11152,8
22869,11153,6
22870,11154,5
22871,11154,20
22872,11155,3
22873,11155,9
22874,11156,22
22875,11157,24
22876,11157,18
22877,11158,24
22878,11158,17
22879,11158,14
22880,11158,3
22881,11159,30
22882,11160,17
22883,11160,9
22884,11161,29
22885,11161,15
22886,11161,25
22887,11162,2
22888,11163,9
22889,11164,21
22890,11164,31
22891,11164,22
22892,11164,5
22893,11165,14
22894,11165,19
22895,11165,8
22896,11166,6
22897,11167,25
22898,11167,21
22899,11168,2
22900,11168,31
22901,11169,29
22902,11169,10
22903,11170,9
22904,11170,20
22905,11171,23
22906,11171,8
22907,11172,8
22908,11172,15
22909,11172,21
22910,11173,6
22911,11173,13
22912,11173,14
22913,11174,18
22914,11174,9
22915,11175,10
22916,11175,29
22917,11176,13
22918,11176,11
22919,11177,30
22920,11178,12
22921,11178,16
22922,11178,32
22923,11179,24
22924,11179,27
22925,11180,25
22926,11180,3
22927,11181,15
22928,11181,22
22929,11181,9
22930,11181,24
22931,11182,25
22932,11182,31
22933,11183,23
22934,11183,25
22935,11184,5
22936,11184,28
22937,11184,27
22938,11185,3
22939,11186,8
22940,11186,24
22941,11187,29
22942,11187,4
22943,11187,27
22944,11187,14
22945,11188,29
22946,11188,25
22947,11188,22
22948,11189,5
22949,11189,30
22950,11190,18
22951,11190,8
22952,11190,22
22953,11191,6
22954,11191,21
22955,11192,21
22956,11192,9
22957,11193,5
22958,11193,11
22959,11193,26
22960,11193,22
22961,11194,32
22962,11195,10
22963,11195,28
22964,11195,18
22965,11196,17
22966,11196,3
22967,11197,9
22968,11198,9
22969,11199,30
22970,11200,3
22971,11200,17
22972,11201,13
22973,11201,17
22974,11202,11
22975,11202,8
22976,11203,32
22977,11204,28
22978,11205,9
22979,11206,8
22980,11206,9
22981,11207,12
22982,11207,18
22983,11208,30
22984,11208,23
22985,11209,29
22986,11209,5
22987,11209,13
22988,11209,17
22989,11210,3
22990,11210,29
22991,11211,15
22992,11212,8
22993,11213,22
22994,11213,28
22995,11214,6
22996,11214,19
22997,11214,13
22998,11215,5
22999,11216,22
23000,11216,14
23001,11217,29
23002,11217,5
23003,11218,16
23004,11218,3
23005,11218,25
23006,11219,18
23007,11220,13
23008,11221,17
23009,11221,5
23010,11221,15
23011,11221,22
23012,11222,19
23013,11222,8
23014,11223,17
23015,11224,15
23016,11224,26
23017,11225,8
23018,11225,3
23019,11225,12
23020,11225,17
23021,11226,32
23022,11226,13
23023,11226,14
23024,11226,2
23025,11227,15
23026,11228,8
23027,11228,18
23028,11229,15
23029,11229,5
23030,11230,8
23031,11230,14
23032,11230,5
23033,11231,30
23034,11231,18
23035,11231,22
23036,11231,24
23037,11232,4
23038,11232,8
23039,11232,11
23040,11233,31
23041,11233,8
23042,11234,31
23043,11234,20
23044,11235,2
23045,11235,17
23046,11236,14
23047,11236,13
23048,11237,22
23049,11237,13
23050,11238,9
23051,11238,28
23052,11239,14
23053,11239,21
23054,11239,12
23055,11240,9
23056,11240,16
23057,11240,8
23058,11241,23
23059,11241,17
23060,11242,29
23061,11242,17
23062,11242,23
23063,11243,25
23064,11244,14
23065,11245,10
23066,11245,17
23067,11246,15
23068,11246,12
23069,11246,26
23070,11247,26
23071,11247,27
23072,11247,9
23073,11247,31
23074,11248,25
23075,11248,30
23076,11249,29
23077,11249,2
23078,11250,28
23079,11251,18
23080,11252,30
23081,11252,31
23082,11252,15
23083,11253,22
23084,11253,15
23085,11254,3
23086,11254,8
23087,11255,5
23088,11255,25
23089,11255,27
23090,11256,29
23091,11256,25
23092,11257,8
23093,11258,5
23094,11258,26
23095,11258,17
23096,11259,15
23097,11259,9
23098,11259,31
23099,11260,10
23100,11260,22
23101,11261,9
23102,11261,13
23103,11262,22
23104,11262,5
23105,11262,32
23106,11263,11
23107,11263,14
23108,11263,28
23109,11264,10
23110,11264,31
23111,11265,3
23112,11265,26
23113,11265,17
23114,11265,22
23115,11266,20
23116,11266,22
23117,11267,31
23118,11268,5
23119,11269,6
23120,11269,13
23121,11269,32
23122,11270,14
23123,11270,13
23124,11270,26
23125,11271,24
23126,11271,17
23127,11271,13
23128,11272,3
23129,11272,29
23130,11273,18
23131,11273,25
23132,11273,7
23133,11274,19
23134,11274,20
23135,11275,11
23136,11275,28
23137,11276,29
23138,11276,18
23139,11276,5
23140,11277,23
23141,11278,10
23142,11278,4
23143,11279,5
23144,11279,30
23145,11279,26
23146,11279,13
23147,11280,9
23148,11281,27
23149,11282,4
23150,11282,16
23151,11283,2
23152,11283,14
23153,11284,22
23154,11284,21
23155,11284,28
23156,11284,24
23157,11285,9
23158,11285,24
23159,11286,31
23160,11286,8
23161,11286,16
23162,11286,11
23163,11287,19
23164,11288,8
23165,11288,20
23166,11289,2
23167,11290,15
23168,11290,28
23169,11291,18
23170,11292,5
23171,11292,22
23172,11293,26
23173,11293,1
23174,11294,3
23175,11294,17
23176,11294,24
23177,11294,20
23178,11295,21
23179,11296,6
23180,11296,19
23181,11296,25
23182,11297,6
23183,11297,29
23184,11298,16
23185,11298,28
23186,11299,5
23187,11299,23
23188,11300,25
23189,11301,14
23190,11302,8
23191,11303,20
23192,11303,8
23193,11304,13
23194,11304,9
23195,11304,22
23196,11305,10
23197,11305,2
23198,11305,7
23199,11305,4
23200,11306,3
23201,11307,2
23202,11307,10
23203,11308,27
23204,11309,29
23205,11310,4
23206,11310,26
23207,11311,19
23208,11311,9
23209,11311,8
23210,11311,30
23211,11312,22
23212,11313,8
23213,11313,22
23214,11313,24
23215,11314,17
23216,11314,30
23217,11315,4
23218,11316,6
23219,11317,22
23220,11317,12
23221,11318,15
23222,11318,6
23223,11318,22
23224,11319,13
23225,11319,28
23226,11319,3
23227,11320,10
23228,11321,2
23229,11322,5
23230,11322,9
23231,11323,2
23232,11324,31
23233,11324,11
23234,11324,30
23235,11324,8
23236,11325,18
23237,11326,23
23238,11326,25
23239,11326,9
23240,11327,4
23241,11328,26
23242,11328,11
23243,11329,1
23244,11329,6
23245,11329,24
23246,11330,19
23247,11330,17
23248,11331,30
23249,11332,7
23250,11332,24
23251,11333,13
23252,11334,27
23253,11334,19
23254,11335,13
23255,11335,28
23256,11336,12
23257,11336,25
23258,11336,16
23259,11336,5
23260,11337,11
23261,11337,17
23262,11337,4
23263,11338,13
23264,11339,30
23265,11339,32
23266,11339,9
23267,11339,18
23268,11340,1
23269,11341,15
23270,11341,8
23271,11341,25
23272,11342,28
23273,11342,17
23274,11343,25
23275,11344,3
23276,11344,23
23277,11344,7
23278,11345,22
23279,11345,13
23280,11345,3
23281,11346,21
23282,11346,14
23283,11347,23
23284,11348,18
23285,11349,15
23286,11349,30
23287,11349,28
23288,11349,19
23289,11350,2
23290,11350,10
23291,11351,4
23292,11351,26
23293,11351,23
23294,11352,23
23295,11352,10
23296,11352,9
23297,11352,13
23298,11353,2
23299,11353,12
23300,11354,29
23301,11355,14
23302,11356,13
23303,11356,17
23304,11357,9
23305,11357,6
23306,11358,25
23307,11358,19
23308,11358,9
23309,11359,30
23310,11359,4
23311,11359,29
23312,11360,14
23313,11360,19
23314,11361,31
23315,11362,13
23316,11362,9
23317,11363,6
23318,11364,26
23319,11365,9
23320,11365,4
23321,11366,6
23322,11366,14
23323,11366,8
23324,11366,4
23325,11367,17
23326,11368,14
23327,11368,24
23328,11369,8
23329,11369,25
23330,11370,22
23331,11371,30
23332,11371,32
23333,11372,32
23334,11372,19
23335,11373,25
23336,11373,28
23337,11373,9
23338,11374,4
23339,11375,14
23340,11375,7
23341,11376,30
23342,11376,25
23343,11377,21
23344,11377,17
23345,11378,9
23346,11379,9
23347,11379,18
23348,11379,29
23349,11380,18
23350,11380,20
23351,11380,23
23352,11381,20
23353,11382,30
23354,11382,17
23355,11382,23
23356,11383,18
23357,11383,19
23358,11384,32
23359,11385,24
23360,11385,30
23361,11385,29
23362,11386,22
23363,11387,20
23364,11387,29
23365,11388,13
23366,11388,14
23367,11388,22
23368,11389,2
23369,11389,28
23370,11390,9
23371,11390,25
23372,11391,23
23373,11391,19
23374,11391,18
23375,11392,8
23376,11392,29
23377,11393,9
23378,11393,18
23379,11393,2
23380,11394,16
23381,11394,14
23382,11395,28
23383,11396,30
23384,11396,31
23385,11397,29
23386,11397,13
23387,11397,20
23388,11398,4
23389,11398,23
23390,11398,26
23391,11399,13
23392,11400,31
23393,11401,26
23394,11401,29
23395,11402,9
23396,11402,29
23397,11403,2
23398,11403,18
23399,11404,30
23400,11404,15
23401,11404,13
23402,11404,14
23403,11405,9
23404,11405,6
23405,11406,5
23406,11406,22
23407,11407,23
23408,11407,14
23409,11408,14
23410,11408,29
23411,11409,4
23412,11409,27
23413,11410,2
23414,11410,12
23415,11410,27
23416,11411,12
23417,11411,9
23418,11412,9
23419,11412,15
23420,11412,23
23421,11413,29
23422,11414,14
23423,11415,14
23424,11415,2
23425,11415,22
23426,11416,23
23427,11416,8
23428,11417,26
23429,11417,10
23430,11418,10
23431,11419,32
23432,11419,9
23433,11420,19
23434,11421,15
23435,11422,8
23436,11423,3
23437,11423,26
23438,11424,14
23439,11425,26
23440,11425,18
23441,11425,19
23442,11426,30
23443,11426,12
23444,11426,9
23445,11427,11
23446,11428,23
23447,11428,3
23448,11428,27
23449,11429,26
23450,11430,9
23451,11430,3
23452,11430,13
23453,11431,15
23454,11431,1
23455,11431,28
23456,11432,28
23457,11432,18
23458,11432,26
23459,11433,15
23460,11433,5
23461,11434,11
23462,11434,18
23463,11435,31
23464,11435,8
23465,11436,9
23466,11437,31
23467,11437,24
23468,11438,24
23469,11438,23
23470,11439,28
23471,11440,18
23472,11440,9
23473,11440,8
23474,11441,17
23475,11441,8
23476,11442,11
23477,11442,17
23478,11443,29
23479,11443,6
23480,11444,26
23481,11444,30
23482,11445,12
23483,11445,24
23484,11446,30
23485,11447,11
23486,11447,20
23487,11448,12
23488,11449,13
23489,11449,5
23490,11450,8
23491,11450,2
23492,11450,9
23493,11451,2
23494,11452,15
23495,11452,10
23496,11452,5
23497,11453,2
23498,11453,9
23499,11453,22
23500,11453,29
23501,11454,19
23502,11454,20
23503,11455,9
23504,11455,14
23505,11455,8
23506,11455,22
23507,11456,19
23508,11456,28
23509,11457,30
23510,11457,25
23511,11458,5
23512,11458,27
23513,11458,8
23514,11459,28
23515,11459,29
23516,11460,19
23517,11460,4
23518,11461,18
23519,11461,2
23520,11462,18
23521,11462,27
23522,11463,4
23523,11463,17
23524,11464,16
23525,11464,3
23526,11464,8
23527,11465,26
23528,11465,7
23529,11466,16
23530,11466,10
23531,11467,2
23532,11467,6
23533,11467,5
23534,11468,17
23535,11468,14
23536,11468,21
23537,11469,18
23538,11469,14
23539,11469,2
23540,11470,20
23541,11470,11
23542,11471,19
23543,11471,32
23544,11472,25
23545,11472,4
23546,11473,12
23547,11473,17
23548,11474,9
23549,11474,23
23550,11475,13
23551,11476,31
23552,11476,3
23553,11476,2
23554,11476,30
23555,11477,28
23556,11478,8
23557,11479,10
23558,11479,8
23559,11480,26
23560,11480,30
23561,11480,2
23562,11481,25
23563,11481,15
23564,11482,29
23565,11482,27
23566,11483,13
23567,11484,8
23568,11485,27
23569,11485,31
23570,11486,14
23571,11487,22
23572,11487,11
23573,11488,8
23574,11489,11
23575,11489,18
23576,11490,14
23577,11490,18
23578,11491,23
23579,11492,4
23580,11493,5
23581,11494,28
23582,11495,24
23583,11495,29
23584,11495,8
23585,11496,17
23586,11496,14
23587,11496,30
23588,11497,13
23589,11497,3
23590,11498,18
23591,11498,8
23592,11498,17
23593,11499,17
23594,11499,2
23595,11499,13
23596,11500,31
23597,11501,11
23598,11502,17
23599,11502,13
23600,11502,7
23601,11502,24
23602,11503,28
23603,11503,22
23604,11503,20
23605,11504,25
23606,11504,4
23607,11505,10
23608,11505,3
23609,11505,14
23610,11505,18
23611,11506,10
23612,11506,4
23613,11507,6
23614,11507,23
23615,11508,4
23616,11508,22
23617,11509,12
23618,11509,30
23619,11510,25
23620,11510,9
23621,11511,30
23622,11512,14
23623,11513,25
23624,11513,22
23625,11513,8
23626,11514,5
23627,11515,10
23628,11516,9
23629,11517,2
23630,11517,6
23631,11517,30
23632,11517,32
23633,11518,11
23634,11518,32
23635,11519,15
23636,11520,2
23637,11521,5
23638,11521,3
23639,11522,11
23640,11523,18
23641,11523,26
23642,11523,14
23643,11524,28
23644,11525,13
23645,11526,22
23646,11527,4
23647,11527,5
23648,11528,28
23649,11529,18
23650,11530,12
23651,11530,17
23652,11531,16
23653,11531,21
23654,11532,29
23655,11532,25
23656,11532,5
23657,11533,19
23658,11533,14
23659,11534,20
23660,11534,9
23661,11535,18
23662,11536,16
23663,11536,5
23664,11537,2
23665,11537,14
23666,11538,15
23667,11539,14
23668,11539,12
23669,11540,3
23670,11541,20
23671,11541,23
23672,11542,5
23673,11542,14
23674,11543,2
23675,11543,32
23676,11544,18
23677,11544,5
23678,11544,2
23679,11545,2
23680,11546,22
23681,11546,5
23682,11546,19
23683,11547,22
23684,11547,14
23685,11547,12
23686,11548,10
23687,11548,30
23688,11549,18
23689,11549,11
23690,11550,26
23691,11551,29
23692,11552,2
23693,11552,28
23694,11553,2
23695,11553,22
23696,11554,19
23697,11554,13
23698,11555,10
23699,11555,6
23700,11555,26
23701,11556,9
23702,11556,18
23703,11557,7
23704,11558,13
23705,11558,25
23706,11559,8
23707,11560,23
23708,11560,14
23709,11561,20
23710,11561,5
23711,11562,4
23712,11563,15
23713,11563,29
23714,11563,23
23715,11564,19
23716,11564,12
23717,11564,11
23718,11565,11
23719,11565,25
23720,11566,13
23721,11566,14
23722,11567,30
23723,11567,3
23724,11568,26
23725,11568,32
23726,11568,15
23727,11569,28
23728,11569,9
23729,11569,18
23730,11570,22
23731,11570,1
23732,11571,31
23733,11571,30
23734,11571,5
23735,11572,22
23736,11573,22
23737,11574,26
23738,11575,17
23739,11575,31
23740,11576,15
23741,11576,3
23742,11577,22
23743,11578,3
23744,11578,12
23745,11579,27
23746,11580,25
23747,11581,4
23748,11581,2
23749,11582,25
23750,11582,29
23751,11582,23
23752,11583,21
23753,11583,11
23754,11584,9
23755,11584,13
23756,11584,22
23757,11585,8
23758,11585,13
23759,11586,5
23760,11587,23
23761,11587,28
23762,11588,6
23763,11588,7
23764,11589,30
23765,11589,26
23766,11589,9
23767,11590,13
23768,11590,4
23769,11591,10
23770,11591,27
23771,11591,24
23772,11591,18
23773,11592,30
23774,11593,19
23775,11593,4
23776,11594,17
23777,11594,18
23778,11594,29
